Question_ID,Year,Shift,Subject,Topic,Subtopic,Micro_Concept,Question_Archetype,Question_Form,Difficulty,Language_Difficulty,Recognition_Difficulty,Trap,Standard_Method,Fast_Method,Option_Method,Estimated_Time,Prerequisite_Concept,Example
REA-0001,2023,14 July | Shift 1,General Intelligence and Reasoning,Figure-Based (Image),Figure task,visual reasoning,Figure task (needs PDF),Figure-based,Easy,Low,Easy,—,Refer original PDF figure,Same,As applicable,60–90s,—,[image/figure-based content -- see original PDF]
REA-0002,2023,14 July | Shift 1,General Intelligence and Reasoning,Dictionary & Word Formation,Dictionary order,letter-by-letter compare,Dictionary order,Reasoning MCQ,Easy,Low,Easy,Whole-word guess,Compare 1st differing letter,First-difference only,Sort pairwise,25–40s,Lexicographic compare,Select the option that represents the correct order of the given words as they would appear in an English dictionary. 1. Warriors 2. Warehouse 3. Warcraft 4. Warranty 5. Wardrobe 6. Wardenship
REA-0003,2023,14 July | Shift 1,General Intelligence and Reasoning,Syllogism & Conclusions,Three-statement syllogism,Venn chains,Three-statement syllogism,Statement battery,Medium,Medium,Easy,Middle-term leap,Draw overlapping circles; test each conclusion,Universal-first diagram,Kill false conclusions,45–75s,Venn method,"Three statements are given, followed by four conclusions numbered I, II, III and IV. Assuming the statements to be true, even if they seem to be at variance with commonly known facts, decide which of the conclusions logically follow(s) from the statements. Statements: Some desks are trays. Some trays are plates. Some plates are desks. Conclusions: I. All desks are plates. II. All plates are desks. III. Some plates are trays. IV. All trays are desks."
REA-0004,2023,14 July | Shift 1,General Intelligence and Reasoning,Analogy,Word analogy,relation type,Word analogy (semantic),Symbolic MCQ,Easy,Medium,Easy,Association vagueness,Name relation (function/part/cause); apply,Relation naming,Eliminate unrelated,20–35s,Relation vocabulary,Select the option that is related to the third word in the same way as the second word is related to the first word. (The words must be considered as meaningful English words and must not be related to each other based on the number of letters/number of consonants/vowels in the word.) Skin : Touch :: Nose : ?
REA-0005,2023,14 July | Shift 1,General Intelligence and Reasoning,Blood Relations,Chained relation,multi-hop traversal,Chained relation (3+ links),Reasoning MCQ,Easy,Low,Easy,Skipping a hop,Collapse inside-out; track gender,Innermost-first,Check gender at each hop,45–70s,Hop collapsing,Ganesh was taking a walk with his mother’s brother’s father’s granddaughter. Who was he walking with?
REA-0006,2023,14 July | Shift 1,General Intelligence and Reasoning,Figure-Based (Image),Figure task,visual reasoning,Figure task (needs PDF),Figure-based,Easy,Low,Easy,—,Refer original PDF figure,Same,As applicable,60–90s,—,[image/figure-based content -- see original PDF]
REA-0007,2023,14 July | Shift 1,General Intelligence and Reasoning,Number / Alphabet Series,Alternating alphabet pattern,two interleaved rules,Alternating alphabet pattern,Symbolic MCQ,Easy,Low,Easy,Single rule,Split odd/even terms,Parity check,Check parity fit,35–55s,Interleaving,"Which of the following letter-clusters will replace the question mark (?) in the given series? UV, OY, IB, EE, ?"
REA-0008,2023,14 July | Shift 1,General Intelligence and Reasoning,Mathematical Operators,Odd operation-pair out,common operation,Odd operation-pair out,Symbolic MCQ,Easy,Low,Easy,Single-pair rule,Extract op from two pairs; test rest,Difference/ratio scan,Test candidate odd,35–60s,Operation scan,The second number in the given number-pairs is obtained by performing certain mathematical operation(s) on the first number. The same operation(s) is/are followed in all the number-pairs except one. Find that odd number-pair.
REA-0009,2023,14 July | Shift 1,General Intelligence and Reasoning,Figure-Based (Image),Figure task,visual reasoning,Figure task (needs PDF),Figure-based,Easy,Low,Easy,—,Refer original PDF figure,Same,As applicable,60–90s,—,[image/figure-based content -- see original PDF]
REA-0010,2023,14 July | Shift 1,General Intelligence and Reasoning,Dice & Cubes,Standard dice opposite-face,adjacent-never-opposite,Standard dice opposite-face,Reasoning MCQ,Easy,Low,Easy,Opposite adjacency,Common-face rotation / adjacency elimination,Adjacency kills opposite,Check adjacency claims,30–50s,Dice nets,Three different positions of the same dice are shown. Find the number on the face opposite the face showing ‘1’.
REA-0011,2023,14 July | Shift 1,General Intelligence and Reasoning,Analogy,Number analogy,operation across pair,Number analogy (a:b :: c:?),Symbolic MCQ,Easy,Medium,Easy,Digit-splitting,Find op mapping first pair; apply,Test squares/cubes first,Test options in mapping,35–60s,Whole-number ops,"Select the set in which the numbers are related in the same way as are the numbers of the following sets. (55, 11, 25) (64,16, 16) (NOTE : Operations should be performed on the whole numbers, without breaking down the numbers into its constituent digits. E.g. 13 – Operations on 13 such as adding /subtracting /multiplying etc. to 13 can be performed. Breaking down 13 into 1 and 3 and then performing mathematical operations on 1 and 3 is NOT allowed)"
REA-0012,2023,14 July | Shift 1,General Intelligence and Reasoning,Analogy,Letter/term analogy,positional mapping,Letter/term analogy (positional),Symbolic MCQ,Easy,Medium,Easy,Reading as words,Map shifts pair 1; apply to pair 2,Shift-map once,Check first-letter options,35–60s,A1Z26 shifts,Select the option that is related to the sixth letter-cluster in the same way as the first letter-cluster is related to the second letter-cluster and the third letter-cluster is related to the fourth letter-cluster. HMD : KOE : : BNQ : EPR :: ? : FLV
REA-0013,2023,14 July | Shift 1,General Intelligence and Reasoning,Figure-Based (Image),Figure task,visual reasoning,Figure task (needs PDF),Figure-based,Easy,Low,Easy,—,Refer original PDF figure,Same,As applicable,60–90s,—,[image/figure-based content -- see original PDF]
REA-0014,2023,14 July | Shift 1,General Intelligence and Reasoning,Blood Relations,Direct relation,single-hop map,Direct relation (1–2 links),Reasoning MCQ,Easy,Low,Easy,Gender flip,Direct map; check gender,Same,Verify gender,25–40s,Relation map,"Select the Venn diagram that best illustrates the relationship between the following classes. Ticket, Aeroplane, Rail"
REA-0015,2023,14 July | Shift 1,General Intelligence and Reasoning,Classification / Odd-One-Out,Letter-cluster classification,positional property,Letter-cluster classification,Symbolic MCQ,Easy,Low,Easy,Reading as words,Convert to numbers; find property break,Vowel/consonant + shift scan,Kill three alike,30–50s,A1Z26 + parity,"Four letter-clusters have been given, out of which three are alike in some manner and one is different. Select the odd letter-cluster."
REA-0016,2023,14 July | Shift 1,General Intelligence and Reasoning,Analogy,Number analogy,operation across pair,Number analogy (a:b :: c:?),Symbolic MCQ,Easy,Low,Easy,Digit-splitting,Find op mapping first pair; apply,Test squares/cubes first,Test options in mapping,35–60s,Whole-number ops,Select the option that is related to the fifth number in the same way as the second number is related to the first number and the fourth number is related to the third number. 5 : 45::3 : 3::6 : ?
REA-0017,2023,14 July | Shift 1,General Intelligence and Reasoning,Number / Alphabet Series,Mixed-operation series,combined rules,Mixed-operation series,Symbolic MCQ,Easy,Low,Easy,Single-rule force,Try halves/alternation/split,Option back-fit,Test options in sequence,45–75s,Multi-rule toolkit,"Which of the following numbers will replace the question mark (?) in the given series? 8, 15, 26, ? , 56, 75"
REA-0018,2023,14 July | Shift 1,General Intelligence and Reasoning,Analogy,Number analogy,operation across pair,Number analogy (a:b :: c:?),Symbolic MCQ,Easy,Low,Easy,Digit-splitting,Find op mapping first pair; apply,Test squares/cubes first,Test options in mapping,35–60s,Whole-number ops,Select the option that is related to the third term in the same way as the second term is related to the first term and the sixth term is related to the fifth term. 7183 : 3850 :: 6957 : ? :: 8972 : 5639
REA-0019,2023,14 July | Shift 1,General Intelligence and Reasoning,Figure-Based (Image),Figure task,visual reasoning,Figure task (needs PDF),Figure-based,Easy,Low,Easy,—,Refer original PDF figure,Same,As applicable,60–90s,—,[image/figure-based content -- see original PDF]
REA-0020,2023,14 July | Shift 1,General Intelligence and Reasoning,Analogy,Number analogy,operation across pair,Number analogy (a:b :: c:?),Symbolic MCQ,Easy,Low,Easy,Digit-splitting,Find op mapping first pair; apply,Test squares/cubes first,Test options in mapping,35–60s,Whole-number ops,Select the option that is related to the fifth number in the same way as the second number is related to the first number and the fourth number is related to the third number. 625 : 5 :: 2560 : 8 :: 5000 : ?
REA-0021,2023,14 July | Shift 1,General Intelligence and Reasoning,Coding-Decoding,Alphanumeric / position-sum coding,letters ↔ numbers,Alphanumeric / position-sum coding,Symbolic MCQ,Easy,Low,Easy,A=0 indexing,Sum positions / reverse-sum; test,Position sums first,Verify sums match,30–50s,A1Z26 sums,"In a certain code language, ‘ASK’ is written as ‘62’ and ‘BYE’ is written as ‘64’. How will ‘CRY’ be written in that language?"
REA-0022,2023,14 July | Shift 1,General Intelligence and Reasoning,Mathematical Operators,Fill-*-with-operators,operator placement,Fill-*-with-operators,Symbolic MCQ,Easy,Low,Easy,Left-to-right only,Try option sequences; BODMAS,Magnitude estimate first,Eliminate by size,40–65s,Operator trial,Select the correct combination of mathematical signs that can sequentially replace the * signs and balance the given equation. 256 * 4 * 9 * 3 * 14 = 51
REA-0023,2023,14 July | Shift 1,General Intelligence and Reasoning,Number / Alphabet Series,Alphabet-position series,A1Z26 logic,Alphabet-position series,Symbolic MCQ,Easy,Low,Easy,Reading letters,Convert; find numeric rule,Same,Test numeric fit,30–55s,A1Z26 map,"Select the option that represents the letters that, when placed from left to right in the following blanks, will complete the letter-series. C L _ V E C _ _ W E C L O _ _ C _ O _ E"
REA-0024,2023,14 July | Shift 1,General Intelligence and Reasoning,Coding-Decoding,Letter transform,per-position mapping,Letter transform (mixed shifts),Symbolic MCQ,Easy,Low,Easy,Assuming uniform shift,Map every position 1:1; apply,Ends-first check,Verify full mapping,40–65s,Position mapping,"In a certain code language, ‘TABLE’ is coded as ELEAT and ‘SWING’ is coded as GNLWS. How will ‘FRAME’ be coded in the same language?"
REA-0025,2023,14 July | Shift 1,General Intelligence and Reasoning,Mathematical Operators,Sign-swap to balance,swap two operators,Sign-swap to balance,Symbolic MCQ,Easy,Low,Easy,No-bracket evaluation,Try option swaps; evaluate (BODMAS),Estimate-then-verify,Kill non-balancing fast,35–60s,BODMAS,Which two signs should be interchanged to make the given equation correct? 588 ÷ 28 × 32 + 72 – 160 = 760
REA-0026,2023,14 July | Shift 2,General Intelligence and Reasoning,Number / Alphabet Series,Letter-blank fill series,slot completion,Letter-blank fill series (A_BB…),Symbolic MCQ,Easy,Low,Easy,Left-to-right guess,Find repeating block; fill,Block-length test,Test block options,30–50s,Repeating blocks,"Select the option that represents the letters that, when sequentially placed from left to right in the blanks below, will complete the letter series. MN _ _ SM _ PO _ _ N _ OSM _ P _ S"
REA-0027,2023,14 July | Shift 2,General Intelligence and Reasoning,Figure-Based (Image),Figure task,visual reasoning,Figure task (needs PDF),Figure-based,Easy,Low,Easy,—,Refer original PDF figure,Same,As applicable,60–90s,—,[image/figure-based content -- see original PDF]
REA-0028,2023,14 July | Shift 2,General Intelligence and Reasoning,Figure-Based (Image),Figure task,visual reasoning,Figure task (needs PDF),Figure-based,Easy,Low,Easy,—,Refer original PDF figure,Same,As applicable,60–90s,—,[image/figure-based content -- see original PDF]
REA-0029,2023,14 July | Shift 2,General Intelligence and Reasoning,Number / Alphabet Series,Mixed-operation series,combined rules,Mixed-operation series,Symbolic MCQ,Easy,Low,Easy,Single-rule force,Try halves/alternation/split,Option back-fit,Test options in sequence,45–75s,Multi-rule toolkit,"Which number should replace the question mark (?) in the following number series? 39, 42, 48, 57, 69, ?, 102"
REA-0030,2023,14 July | Shift 2,General Intelligence and Reasoning,Analogy,Number analogy,operation across pair,Number analogy (a:b :: c:?),Symbolic MCQ,Easy,Medium,Easy,Digit-splitting,Find op mapping first pair; apply,Test squares/cubes first,Test options in mapping,35–60s,Whole-number ops,"Select the set in which the numbers are related in the same way as are the numbers of the following sets. (NOTE : Operations should be performed on the whole numbers, without breaking down the numbers into its constituent digits. E.g. 13 – Operations on 13 such as adding / subtracting / multiplying etc. to 13 can be performed. Breaking down 13 into 1 and 3 and then performing mathematical operations on 1 and 3 is NOT allowed) (8, 44, 3) (12, 60, 3)"
REA-0031,2023,14 July | Shift 2,General Intelligence and Reasoning,Number / Alphabet Series,Mixed-operation series,combined rules,Mixed-operation series,Symbolic MCQ,Easy,Low,Easy,Single-rule force,Try halves/alternation/split,Option back-fit,Test options in sequence,45–75s,Multi-rule toolkit,"Which of the following numbers will replace the question mark (?) in the given series? 33, 80, 108, ?, 183, 230, 258"
REA-0032,2023,14 July | Shift 2,General Intelligence and Reasoning,Figure-Based (Image),Figure task,visual reasoning,Figure task (needs PDF),Figure-based,Easy,Low,Easy,—,Refer original PDF figure,Same,As applicable,60–90s,—,[image/figure-based content -- see original PDF]
REA-0033,2023,14 July | Shift 2,General Intelligence and Reasoning,Mathematical Operators,Fill-*-with-operators,operator placement,Fill-*-with-operators,Symbolic MCQ,Easy,Low,Easy,Left-to-right only,Try option sequences; BODMAS,Magnitude estimate first,Eliminate by size,40–65s,Operator trial,Select the correct combination of mathematical signs to sequentially replace the * signs and to balance the given equation. 150 * 3 * 10 * 2 * 7 * 46
REA-0034,2023,14 July | Shift 2,General Intelligence and Reasoning,Analogy,Number analogy,operation across pair,Number analogy (a:b :: c:?),Symbolic MCQ,Easy,Medium,Easy,Digit-splitting,Find op mapping first pair; apply,Test squares/cubes first,Test options in mapping,35–60s,Whole-number ops,"Select the set in which the number are related in the same way as the numbers of the given sets. (NOTE : Operations should be performed on the whole numbers, without breaking down the numbers into its constituent digits. E.g. 13 – Operations on 13 such as adding /subtracting /multiplying etc. to 13 can be performed. Breaking down 13 into 1 and 3 and then performing mathematical operations on 1 and 3 is not allowed.) (31, 47, 35) (51, 67, 55)"
REA-0035,2023,14 July | Shift 2,General Intelligence and Reasoning,Figure-Based (Image),Figure task,visual reasoning,Figure task (needs PDF),Figure-based,Easy,Low,Easy,—,Refer original PDF figure,Same,As applicable,60–90s,—,[image/figure-based content -- see original PDF]
REA-0036,2023,14 July | Shift 2,General Intelligence and Reasoning,Analogy,Word analogy,relation type,Word analogy (semantic),Symbolic MCQ,Easy,Medium,Easy,Association vagueness,Name relation (function/part/cause); apply,Relation naming,Eliminate unrelated,20–35s,Relation vocabulary,Select the option that is related to the third word in the same way as the second word is related to the first word. (The words must be considered as meaningful English words and must not be related to each other based on the number of letters/number of consonants/vowels in the word) Orthopaedic : Bone :: Cardiologist : ?
REA-0037,2023,14 July | Shift 2,General Intelligence and Reasoning,Number / Alphabet Series,Alphabet-position series,A1Z26 logic,Alphabet-position series,Symbolic MCQ,Easy,Low,Easy,Reading letters,Convert; find numeric rule,Same,Test numeric fit,30–55s,A1Z26 map,"Select the option that represents the letters that, when placed from left to right in the following blanks, will complete the letter-series. _ V J R W B _ _ R W B V L _ _ B V _ _ W"
REA-0038,2023,14 July | Shift 2,General Intelligence and Reasoning,Syllogism & Conclusions,Three-statement syllogism,Venn chains,Three-statement syllogism,Statement battery,Medium,Medium,Easy,Middle-term leap,Draw overlapping circles; test each conclusion,Universal-first diagram,Kill false conclusions,45–75s,Venn method,"Three statements are given, followed by four conclusions numbered I, II, III and IV. Assuming the statements to be true, even if they seem to be at variance with commonly known facts, decide which of the conclusions logically follow(s) from the statements. Statements: Some coolers are mixers. Some mixers are scissors. Some scissors are knives. Conclusions: I. Some knives are mixers. II. Some scissors are coolers. III. Some knives are coolers. IV. No knife is a mixer."
REA-0039,2023,14 July | Shift 2,General Intelligence and Reasoning,Analogy,Letter/term analogy,positional mapping,Letter/term analogy (positional),Symbolic MCQ,Easy,Medium,Easy,Reading as words,Map shifts pair 1; apply to pair 2,Shift-map once,Check first-letter options,35–60s,A1Z26 shifts,Select the option that is related to the fifth letter-cluster in the same way as the second letter-cluster is related to the first letter-cluster and the fourth letter-cluster is related to the third letter-cluster. NHT : PEX : : KDF : MAJ :: UMR : ?
REA-0040,2023,14 July | Shift 2,General Intelligence and Reasoning,Calendar & Clock,Calendar / day-date,odd-day counting,Calendar / day-date,Reasoning MCQ,Easy,Low,Easy,Year-length slip,Odd days mod 7 from reference,Century/year/month odd-day table,Eliminate by parity,40–65s,Odd-day method,Which of the following is a leap year?
REA-0041,2023,14 July | Shift 2,General Intelligence and Reasoning,Blood Relations,Chained relation,multi-hop traversal,Chained relation (3+ links),Reasoning MCQ,Easy,Low,Easy,Skipping a hop,Collapse inside-out; track gender,Innermost-first,Check gender at each hop,45–70s,Hop collapsing,"Pointing to Suresha, I said, “She is the daughter of the brother of the son of my wife.” How am I related to Suresha?"
REA-0042,2023,14 July | Shift 2,General Intelligence and Reasoning,Figure-Based (Image),Figure task,visual reasoning,Figure task (needs PDF),Figure-based,Easy,Low,Easy,—,Refer original PDF figure,Same,As applicable,60–90s,—,[image/figure-based content -- see original PDF]
REA-0043,2023,14 July | Shift 2,General Intelligence and Reasoning,Analogy,Letter/term analogy,positional mapping,Letter/term analogy (positional),Symbolic MCQ,Easy,Low,Easy,Reading as words,Map shifts pair 1; apply to pair 2,Shift-map once,Check first-letter options,35–60s,A1Z26 shifts,Select the option that is related to the fifth letter-cluster in the same way as the second letter-cluster is related to the first letter-cluster and the fourth letter-cluster is related to the third letter-cluster. WOODLAND : ZIRXOUQX :: PERIODIC : SYUCRXLW :: MAGAZINE : ?
REA-0044,2023,14 July | Shift 2,General Intelligence and Reasoning,Analogy,Set/triad analogy,common rule across triple,Set/triad analogy,Symbolic MCQ,Easy,Low,Easy,Pairwise only,Extract rule from two given sets,Test divide/square forms,Test option sets,40–65s,Rule extraction,Three of the following four triads are alike in a certain way as they are formed by performing same mathematical operations among themselves and thus form a group. Which triad does NOT belong to that group?
REA-0045,2023,14 July | Shift 2,General Intelligence and Reasoning,Mathematical Operators,Sign-swap to balance,swap two operators,Sign-swap to balance,Symbolic MCQ,Easy,Low,Easy,No-bracket evaluation,Try option swaps; evaluate (BODMAS),Estimate-then-verify,Kill non-balancing fast,35–60s,BODMAS,Which two signs should be interchanged to make the given equation correct? 294 + 14 × 4 ÷ 16 - 67 = 33
REA-0046,2023,14 July | Shift 2,General Intelligence and Reasoning,Classification / Odd-One-Out,Group-of-four odd-out,arithmetic property,Group-of-four odd-out (content in options),Symbolic MCQ,Easy,Low,Easy,Single-option focus,Test divisibility/parity/squares per option,Parity/divisibility first,Kill three alike,30–50s,Number properties,Three of the following four letter-clusters are alike in a certain way and one is different. Pick the odd one out.
REA-0047,2023,14 July | Shift 2,General Intelligence and Reasoning,Analogy,Number analogy,operation across pair,Number analogy (a:b :: c:?),Symbolic MCQ,Easy,Medium,Easy,Digit-splitting,Find op mapping first pair; apply,Test squares/cubes first,Test options in mapping,35–60s,Whole-number ops,"Select the set in which the numbers are related in the same way as are the numbers of the given sets. (NOTE : Operations should be performed on the whole numbers, without breaking down the numbers into its constituent digits. E.g. 13 – Operations on 13 such as adding /Subtracting /multiplying etc. to 13 can be performed. Breaking down 13 into 1 and 3 and then performing mathematical operations on 1 and 3 is NOT allowed) (14, 378, 9) (18, 432, 8)"
REA-0048,2023,14 July | Shift 2,General Intelligence and Reasoning,Figure-Based (Image),Figure task,visual reasoning,Figure task (needs PDF),Figure-based,Easy,Low,Easy,—,Refer original PDF figure,Same,As applicable,60–90s,—,[image/figure-based content -- see original PDF]
REA-0049,2023,14 July | Shift 2,General Intelligence and Reasoning,Syllogism & Conclusions,Three-statement syllogism,Venn chains,Three-statement syllogism,Statement battery,Medium,Medium,Easy,Middle-term leap,Draw overlapping circles; test each conclusion,Universal-first diagram,Kill false conclusions,45–75s,Venn method,"Three statements are given followed by three conclusions numbered I, II and III. Assuming the statements to be true, even if they seem to be at variance with commonly known facts, decide which of the conclusions logically follow(s) from the statements. Statements: All rice are grains. All pulses are grains. All grains are edibles. Conclusions: I. All rice are edibles. II. All pulses are edible. III. Some edibles are grains."
REA-0050,2023,14 July | Shift 2,General Intelligence and Reasoning,Dictionary & Word Formation,Dictionary order,letter-by-letter compare,Dictionary order,Reasoning MCQ,Easy,Low,Easy,Whole-word guess,Compare 1st differing letter,First-difference only,Sort pairwise,25–40s,Lexicographic compare,Select the option that represents the correct order of the given words as they would appear in an English dictionary. 1. Strident 2. Student 3. Shirking 4. Stuffy 5. Spider 6. Spawn
REA-0051,2023,25 July | Shift 1,General Intelligence and Reasoning,Figure-Based (Image),Figure task,visual reasoning,Figure task (needs PDF),Figure-based,Easy,Low,Easy,—,Refer original PDF figure,Same,As applicable,60–90s,—,[image/figure-based content -- see original PDF]
REA-0052,2023,25 July | Shift 1,General Intelligence and Reasoning,Mathematical Operators,Sign-swap to balance,swap two operators,Sign-swap to balance,Symbolic MCQ,Easy,Low,Easy,No-bracket evaluation,Try option swaps; evaluate (BODMAS),Estimate-then-verify,Kill non-balancing fast,35–60s,BODMAS,Which two signs and two numbers should be interchanged to make the following equation correct? 784 ÷ 6 × 9 − 30 + 14 = 528
REA-0053,2023,25 July | Shift 1,General Intelligence and Reasoning,Figure-Based (Image),Figure task,visual reasoning,Figure task (needs PDF),Figure-based,Easy,Low,Easy,—,Refer original PDF figure,Same,As applicable,60–90s,—,[image/figure-based content -- see original PDF]
REA-0054,2023,25 July | Shift 1,General Intelligence and Reasoning,Blood Relations,Direct relation,single-hop map,Direct relation (1–2 links),Reasoning MCQ,Easy,Low,Easy,Gender flip,Direct map; check gender,Same,Verify gender,25–40s,Relation map,"Select the Venn diagram that best illustrates the relationship between the following classes. Graduates, Educated, Unemployed"
REA-0055,2023,25 July | Shift 1,General Intelligence and Reasoning,Dictionary & Word Formation,Dictionary order,letter-by-letter compare,Dictionary order,Reasoning MCQ,Easy,Low,Easy,Whole-word guess,Compare 1st differing letter,First-difference only,Sort pairwise,25–40s,Lexicographic compare,Select the option that represents the correct order of the given words as they would appear in an English dictionary. 1. Monorail 2. Monument 3. Monopoly 4. Monster 5. Monitor 6. Monsoon
REA-0056,2023,25 July | Shift 1,General Intelligence and Reasoning,Analogy,Letter/term analogy,positional mapping,Letter/term analogy (positional),Symbolic MCQ,Easy,Medium,Easy,Reading as words,Map shifts pair 1; apply to pair 2,Shift-map once,Check first-letter options,35–60s,A1Z26 shifts,Select the option that is related to the fifth letter-cluster in the same way as the second letter-cluster is related to the first letter-cluster and the fourth letter-cluster is related to the third letter cluster. DISMAY : SIDYAM :: DRIVER : IRDREV :: SAFARI : ?
REA-0057,2023,25 July | Shift 1,General Intelligence and Reasoning,Blood Relations,Chained relation,multi-hop traversal,Chained relation (3+ links),Reasoning MCQ,Easy,Low,Easy,Skipping a hop,Collapse inside-out; track gender,Innermost-first,Check gender at each hop,45–70s,Hop collapsing,"Looking at the family picture, Rajan said, “She is my wife’s son’s father’s mother’s husband’s daughter.’ How is the girl in the photo related to Rajan?"
REA-0058,2023,25 July | Shift 1,General Intelligence and Reasoning,Figure-Based (Image),Figure task,visual reasoning,Figure task (needs PDF),Figure-based,Easy,Low,Easy,—,Refer original PDF figure,Same,As applicable,60–90s,—,[image/figure-based content -- see original PDF]
REA-0059,2023,25 July | Shift 1,General Intelligence and Reasoning,Syllogism & Conclusions,Three-statement syllogism,Venn chains,Three-statement syllogism,Statement battery,Medium,Medium,Easy,Middle-term leap,Draw overlapping circles; test each conclusion,Universal-first diagram,Kill false conclusions,45–75s,Venn method,"Three Statements are given followed by Three conclusions numbered I, II and III. Assuming the statements to be true, even if they seem to be at variance with commonly known facts, decide which of the conclusions logically follow(s) from the statements. Statements: All pens are newspapers. Some newspapers are novels. No novel is a book. Conclusions: I. Some books are pens. II. Some novels are pens. III. No book is a pen."
REA-0060,2023,25 July | Shift 1,General Intelligence and Reasoning,Analogy,Number analogy,operation across pair,Number analogy (a:b :: c:?),Symbolic MCQ,Easy,Medium,Easy,Digit-splitting,Find op mapping first pair; apply,Test squares/cubes first,Test options in mapping,35–60s,Whole-number ops,"Select the set in which the numbers are related in the same way as are the numbers of the given sets. (NOTE : Operations should be performed on the whole numbers, without breaking down the numbers into its constituent digits. E.g. 13 – Operations on 13 such as adding /Subtracting /multiplying etc. to 13 can be performed. Breaking down 13 into 1 and 3 and then performing mathematical operations on 1 and 3 is NOT allowed) (9, 20, 31) (38, 49, 60)"
REA-0061,2023,25 July | Shift 1,General Intelligence and Reasoning,Analogy,Number analogy,operation across pair,Number analogy (a:b :: c:?),Symbolic MCQ,Easy,Low,Easy,Digit-splitting,Find op mapping first pair; apply,Test squares/cubes first,Test options in mapping,35–60s,Whole-number ops,"Select the set in which the numbers are related in the same way as are the numbers of the following set. (NOTE: Operations should be performed on the whole numbers, without breaking down the numbers into its constituent digits.) (7, 150, 23) (11, 75, 4)"
REA-0062,2023,25 July | Shift 1,General Intelligence and Reasoning,Coding-Decoding,Alphanumeric / position-sum coding,letters ↔ numbers,Alphanumeric / position-sum coding,Symbolic MCQ,Easy,Low,Easy,A=0 indexing,Sum positions / reverse-sum; test,Position sums first,Verify sums match,30–50s,A1Z26 sums,"In a certain code language, 'RAT' is coded as ‘39’ and 'MICE' is coded as ‘30’. How will 'ZEBRA' be coded in that language?"
REA-0063,2023,25 July | Shift 1,General Intelligence and Reasoning,Classification / Odd-One-Out,Group-of-four odd-out,arithmetic property,Group-of-four odd-out (content in options),Symbolic MCQ,Easy,Low,Easy,Single-option focus,Test divisibility/parity/squares per option,Parity/divisibility first,Kill three alike,30–50s,Number properties,Three of the following four letter-clusters are alike in a certain way and one is different. Pick the odd one out.
REA-0064,2023,25 July | Shift 1,General Intelligence and Reasoning,Number / Alphabet Series,Alternating alphabet pattern,two interleaved rules,Alternating alphabet pattern,Symbolic MCQ,Easy,Low,Easy,Single rule,Split odd/even terms,Parity check,Check parity fit,35–55s,Interleaving,"Which letter-cluster will replace the question mark (?) to complete the given series? BZVR, DXWQ, ?, HTYO, JRZN"
REA-0065,2023,25 July | Shift 1,General Intelligence and Reasoning,Number / Alphabet Series,Alphabet-position series,A1Z26 logic,Alphabet-position series,Symbolic MCQ,Easy,Low,Easy,Reading letters,Convert; find numeric rule,Same,Test numeric fit,30–55s,A1Z26 map,"Select the option that represents the letters that, when placed from left to right in the blanks below, will complete the letter series. Z Y R _ Z _ R R Z Y _ R _ Y R _"
REA-0066,2023,25 July | Shift 1,General Intelligence and Reasoning,Figure-Based (Image),Figure task,visual reasoning,Figure task (needs PDF),Figure-based,Easy,Low,Easy,—,Refer original PDF figure,Same,As applicable,60–90s,—,[image/figure-based content -- see original PDF]
REA-0067,2023,25 July | Shift 1,General Intelligence and Reasoning,Mathematical Operators,Odd operation-pair out,common operation,Odd operation-pair out,Symbolic MCQ,Easy,Low,Easy,Single-pair rule,Extract op from two pairs; test rest,Difference/ratio scan,Test candidate odd,35–60s,Operation scan,The second number in the given number-pairs is obtained by performing certain mathematical operation(s) on the first number. The same operation(s) is/are followed in all the number-pairs except one. Find that odd number-pair.
REA-0068,2023,25 July | Shift 1,General Intelligence and Reasoning,Mathematical Operators,Grid/matrix number pattern,row-wise rule,Grid/matrix number pattern (?),Symbolic MCQ,Easy,Medium,Easy,Column-only view,"Test row ops (+,-,x,squares) on two rows",Row-sum scan first,Verify on second row,45–75s,Row-rule scan,"Study the given pattern carefully and select the number that can replace the question mark (?) in it. First row: 16, 15, 35 Second row: 12, 18, 33 Third row: 8, 17, ? (NOTE: Operations should be performed on the whole numbers, without breaking down the number into its constituent digits. For example, 13 – Operations on 13 such as adding/subtracting/multiplying etc. to 13 can be performed. Breaking down 13 into 1 and 3 and then performing mathematical operations on 1 and 3 is not allowed.)"
REA-0069,2023,25 July | Shift 1,General Intelligence and Reasoning,Figure-Based (Image),Figure task,visual reasoning,Figure task (needs PDF),Figure-based,Easy,Low,Easy,—,Refer original PDF figure,Same,As applicable,60–90s,—,[image/figure-based content -- see original PDF]
REA-0070,2023,25 July | Shift 1,General Intelligence and Reasoning,Analogy,Number analogy,operation across pair,Number analogy (a:b :: c:?),Symbolic MCQ,Easy,Low,Easy,Digit-splitting,Find op mapping first pair; apply,Test squares/cubes first,Test options in mapping,35–60s,Whole-number ops,Select the option that is related to the fifth number in the same way as the second number is related to the first number and the fourth number is related to the third number. 1029 : 7 :: 2187 : 9 :: 24 : ?
REA-0071,2023,25 July | Shift 1,General Intelligence and Reasoning,Dictionary & Word Formation,Dictionary order,letter-by-letter compare,Dictionary order,Reasoning MCQ,Easy,Medium,Easy,Whole-word guess,Compare 1st differing letter,First-difference only,Sort pairwise,25–40s,Lexicographic compare,"Each vowel in the word “FOREFOOT” is changed to the following letter in the English alphabetical series and each consonant is changed to the previous letter in the English alphabetical series. In the newly formed word, how many alphabets are there in the English alphabetical series between the alphabet which is 2nd from the left and 1st from the right?"
REA-0072,2023,25 July | Shift 1,General Intelligence and Reasoning,Number / Alphabet Series,Mixed-operation series,combined rules,Mixed-operation series,Symbolic MCQ,Easy,Low,Easy,Single-rule force,Try halves/alternation/split,Option back-fit,Test options in sequence,45–75s,Multi-rule toolkit,"Which of the following numbers will replace the question mark (?) in the given series? 27, 38, ?, 68, 87, 110"
REA-0073,2023,25 July | Shift 1,General Intelligence and Reasoning,Coding-Decoding,Alphanumeric / position-sum coding,letters ↔ numbers,Alphanumeric / position-sum coding,Symbolic MCQ,Easy,Low,Easy,A=0 indexing,Sum positions / reverse-sum; test,Position sums first,Verify sums match,30–50s,A1Z26 sums,"In a certain code language, ‘CAKE’ is written as ‘6874’, ‘EASY’ is written as ‘4882’. How will ‘MAKE’ be written in that language?"
REA-0074,2023,25 July | Shift 1,General Intelligence and Reasoning,Figure-Based (Image),Figure task,visual reasoning,Figure task (needs PDF),Figure-based,Easy,Low,Easy,—,Refer original PDF figure,Same,As applicable,60–90s,—,[image/figure-based content -- see original PDF]
REA-0075,2023,25 July | Shift 1,General Intelligence and Reasoning,Mathematical Operators,Sign-swap to balance,swap two operators,Sign-swap to balance,Symbolic MCQ,Easy,Low,Easy,No-bracket evaluation,Try option swaps; evaluate (BODMAS),Estimate-then-verify,Kill non-balancing fast,35–60s,BODMAS,Which two signs should be interchanged to make the given equation correct? 3 × 12 − 6 ÷ 2 + 12 = 16
REA-0076,2023,25 July | Shift 2,General Intelligence and Reasoning,Analogy,Number analogy,operation across pair,Number analogy (a:b :: c:?),Symbolic MCQ,Easy,Low,Easy,Digit-splitting,Find op mapping first pair; apply,Test squares/cubes first,Test options in mapping,35–60s,Whole-number ops,Select the option that is related to the fourth term in the same way as the first term is related to the second term and the fifth term is related to the sixth term. 169 : 14 :: ? : 16 :: 289 : 18
REA-0077,2023,25 July | Shift 2,General Intelligence and Reasoning,Figure-Based (Image),Figure task,visual reasoning,Figure task (needs PDF),Figure-based,Easy,Low,Easy,—,Refer original PDF figure,Same,As applicable,60–90s,—,[image/figure-based content -- see original PDF]
REA-0078,2023,25 July | Shift 2,General Intelligence and Reasoning,Mirror / Water Images,Mirror image,left-right flip,Mirror image (lateral inversion),Reasoning MCQ,Easy,Low,Easy,Water-flip confusion,Flip L-R; keep top-bottom,L-R flip only,Eliminate non-flipped,20–35s,Lateral inversion,Select the correct mirror image of the given figure when the mirror is placed at AB.
REA-0079,2023,25 July | Shift 2,General Intelligence and Reasoning,Blood Relations,Direct relation,single-hop map,Direct relation (1–2 links),Reasoning MCQ,Easy,Low,Easy,Gender flip,Direct map; check gender,Same,Verify gender,25–40s,Relation map,"एकमिहलाकीओरइंिगतकरतेŠएसुमन (एकमिहला) नेकहा ""वहमेरेससुरकीपȉीकेपुũ कीदादी है।"" वहमिहलासुमनसेिकसŮकारसंबंिधतहै?"
REA-0080,2023,25 July | Shift 2,General Intelligence and Reasoning,Analogy,Letter/term analogy,positional mapping,Letter/term analogy (positional),Symbolic MCQ,Easy,Low,Easy,Reading as words,Map shifts pair 1; apply to pair 2,Shift-map once,Check first-letter options,35–60s,A1Z26 shifts,Select the option that is related to the fifth letter-cluster in the same way as the second letter-cluster is related to the first letter-cluster and the fourth letter-cluster is related to the third letter-cluster. MAP: NZK ::HOZ:SLA :: WQK:?
REA-0081,2023,25 July | Shift 2,General Intelligence and Reasoning,Dictionary & Word Formation,Dictionary order,letter-by-letter compare,Dictionary order,Reasoning MCQ,Easy,Low,Easy,Whole-word guess,Compare 1st differing letter,First-difference only,Sort pairwise,25–40s,Lexicographic compare,Select the option that represents the correct order of the given words as they would appear in an English dictionary. 1. Cartoon 2. Carrier 3. Carrying 4. Carousel 5. Carnival 6. Carriage
REA-0082,2023,25 July | Shift 2,General Intelligence and Reasoning,Mathematical Operators,Grid/matrix number pattern,row-wise rule,Grid/matrix number pattern (?),Symbolic MCQ,Easy,Medium,Easy,Column-only view,"Test row ops (+,-,x,squares) on two rows",Row-sum scan first,Verify on second row,45–75s,Row-rule scan,"Study the given pattern carefully and select the number that can replace the question mark (?) in it. (6, 1, 18) (5, 4, 60) (6, 2, ?) (NOTE: Operations should be performed on the whole numbers, without breaking down the numbers into its constituent digits. E.g. 13 – Operations on 13 such as adding/subtracting/multiplying etc. to 13 can be performed. Breaking down 13 into 1 and 3 and then performing mathematical operations on 1 and 3 is not allowed)"
REA-0083,2023,25 July | Shift 2,General Intelligence and Reasoning,Mathematical Operators,Fill-*-with-operators,operator placement,Fill-*-with-operators,Symbolic MCQ,Easy,Low,Easy,Left-to-right only,Try option sequences; BODMAS,Magnitude estimate first,Eliminate by size,40–65s,Operator trial,Select the correct combination of mathematical signs to sequentially replace the * signs and to balance the given equation. 18 * 3 * 12 * 9 * 3 * 111
REA-0084,2023,25 July | Shift 2,General Intelligence and Reasoning,Figure-Based (Image),Figure task,visual reasoning,Figure task (needs PDF),Figure-based,Easy,Low,Easy,—,Refer original PDF figure,Same,As applicable,60–90s,—,[image/figure-based content -- see original PDF]
REA-0085,2023,25 July | Shift 2,General Intelligence and Reasoning,Mathematical Operators,Odd operation-pair out,common operation,Odd operation-pair out,Symbolic MCQ,Easy,Low,Easy,Single-pair rule,Extract op from two pairs; test rest,Difference/ratio scan,Test candidate odd,35–60s,Operation scan,The second number in the given number-pairs is obtained by performing certain mathematical operation(s) on the first number. The same operation(s) is/are followed in all the number-pairs except one. Find that odd number-pair.
REA-0086,2023,25 July | Shift 2,General Intelligence and Reasoning,Syllogism & Conclusions,Three-statement syllogism,Venn chains,Three-statement syllogism,Statement battery,Medium,Medium,Easy,Middle-term leap,Draw overlapping circles; test each conclusion,Universal-first diagram,Kill false conclusions,45–75s,Venn method,"Three statements are given followed by three conclusions numbered I, II and III. Assuming the statements to be true, even if they seem to be at variance with commonly known facts, decide which of the conclusions logically follow(s) from the statements. Statements: Some teachers are scientists. All scientists are doctors. All doctors are engineers. Conclusions: I. Some doctors are teachers. II. Some engineers are teachers. III. Some doctors are scientists."
REA-0087,2023,25 July | Shift 2,General Intelligence and Reasoning,Number / Alphabet Series,Alternating alphabet pattern,two interleaved rules,Alternating alphabet pattern,Symbolic MCQ,Easy,Low,Easy,Single rule,Split odd/even terms,Parity check,Check parity fit,35–55s,Interleaving,"Which of the following letter-clusters will replace the question mark (?) in the given series to make it logically complete? ADZ, GJF, MPL, SVR, ?"
REA-0088,2023,25 July | Shift 2,General Intelligence and Reasoning,Coding-Decoding,Alphanumeric / position-sum coding,letters ↔ numbers,Alphanumeric / position-sum coding,Symbolic MCQ,Easy,Low,Easy,A=0 indexing,Sum positions / reverse-sum; test,Position sums first,Verify sums match,30–50s,A1Z26 sums,"In a certain code language, if ‘RPD’ is written as ‘43’ and ‘FCL’ is written as ‘60’, how will ‘QTS’ be written in the same code language?"
REA-0089,2023,25 July | Shift 2,General Intelligence and Reasoning,Blood Relations,Coded relation,decode then traverse,Coded relation (symbol map),Reasoning MCQ,Easy,Low,Easy,Gender assumption,Substitute meanings; walk the tree,Draw tree top-down,Check gender markers,45–75s,Tree drawing,"Looking at the family picture, Smriti said, “She is my father’s father-in-law’s wife’s son’s only sister.’ How is the person in the photo related to Smriti’s father?"
REA-0090,2023,25 July | Shift 2,General Intelligence and Reasoning,Syllogism & Conclusions,Three-statement syllogism,Venn chains,Three-statement syllogism,Statement battery,Medium,Medium,Easy,Middle-term leap,Draw overlapping circles; test each conclusion,Universal-first diagram,Kill false conclusions,45–75s,Venn method,"Three statements are given followed by three conclusions numbered I, II and III. Assuming the statements to be true, even if they seem to be at variance with commonly known facts, decide which of the conclusions logically follow(s) from the statements. Statements: Some colours are rainbows. Some paints are rainbows. All rainbows are drawings. Conclusions: I. Some drawings are colours. II. All paints are drawings. III. Some drawings are rainbows."
REA-0091,2023,25 July | Shift 2,General Intelligence and Reasoning,Analogy,Number analogy,operation across pair,Number analogy (a:b :: c:?),Symbolic MCQ,Easy,Medium,Easy,Digit-splitting,Find op mapping first pair; apply,Test squares/cubes first,Test options in mapping,35–60s,Whole-number ops,"Select the set in which the numbers are related in the same way as are the numbers of the following sets. (NOTE: Operations should be performed on the whole numbers, without breaking down the numbers into its constituent digits. E.g. 13 – Operations on 13 such as adding/Subtracting/multiplying etc. to 13 can be performed. Breaking down 13 into 1 and 3 and then performing mathematical operations on 1 and 3 is not allowed) (2, 7, 27) (6, 15, 63)"
REA-0092,2023,25 July | Shift 2,General Intelligence and Reasoning,Mirror / Water Images,Mirror image,left-right flip,Mirror image (lateral inversion),Reasoning MCQ,Easy,Low,Easy,Water-flip confusion,Flip L-R; keep top-bottom,L-R flip only,Eliminate non-flipped,20–35s,Lateral inversion,Select the correct mirror image of the given figure when the mirror is placed at AB.
REA-0093,2023,25 July | Shift 2,General Intelligence and Reasoning,Number / Alphabet Series,Alphabet-position series,A1Z26 logic,Alphabet-position series,Symbolic MCQ,Easy,Low,Easy,Reading letters,Convert; find numeric rule,Same,Test numeric fit,30–55s,A1Z26 map,"Select the option that represents the letters that, when placed from left to right in the blanks below, will complete the letter series. C _ R C _ R _ A R _ A _ C A _"
REA-0094,2023,25 July | Shift 2,General Intelligence and Reasoning,Number / Alphabet Series,Mixed-operation series,combined rules,Mixed-operation series,Symbolic MCQ,Easy,Low,Easy,Single-rule force,Try halves/alternation/split,Option back-fit,Test options in sequence,45–75s,Multi-rule toolkit,"Which of the following numbers will replace the question mark (?) in the given series? 3, 8, 15, 26, 39, ?"
REA-0095,2023,25 July | Shift 2,General Intelligence and Reasoning,Embedded / Completion / Counting,General figure task,visual analysis,General figure task,Reasoning MCQ,Easy,Low,Hard,Figure blindness,Refer figure; apply task rule,Task rule,As applicable,40–70s,Visual method,Select the figure that will come in place of the question mark (?) in the following figure series.
REA-0096,2023,25 July | Shift 2,General Intelligence and Reasoning,Analogy,Number analogy,operation across pair,Number analogy (a:b :: c:?),Symbolic MCQ,Easy,Low,Easy,Digit-splitting,Find op mapping first pair; apply,Test squares/cubes first,Test options in mapping,35–60s,Whole-number ops,Select the option that is related to the fifth number in the same way as the second number is related to the first number and the fourth number is related to the third number. 98 : 7 :: 162 : 9 :: 242 : ?
REA-0097,2023,25 July | Shift 2,General Intelligence and Reasoning,Figure-Based (Image),Figure task,visual reasoning,Figure task (needs PDF),Figure-based,Easy,Low,Easy,—,Refer original PDF figure,Same,As applicable,60–90s,—,[image/figure-based content -- see original PDF]
REA-0098,2023,25 July | Shift 2,General Intelligence and Reasoning,Number / Alphabet Series,Letter-blank fill series,slot completion,Letter-blank fill series (A_BB…),Symbolic MCQ,Easy,Low,Easy,Left-to-right guess,Find repeating block; fill,Block-length test,Test block options,30–50s,Repeating blocks,"Select the option that represents the letters that, when sequentially placed from left to right in the blanks below, will complete the letter series. _ _ MSDRTM _ _ R _ _ SD _ TM _ D"
REA-0099,2023,25 July | Shift 2,General Intelligence and Reasoning,Coding-Decoding,Letter transform,per-position mapping,Letter transform (mixed shifts),Symbolic MCQ,Easy,Low,Easy,Assuming uniform shift,Map every position 1:1; apply,Ends-first check,Verify full mapping,40–65s,Position mapping,"In a certain code language, ‘DISCIPLINE’ is written as ‘DKSCKPLKNG’, ‘REVOLUTION’ is written as ‘RGVQLWTKQN’. How will ‘UNIVERSITY’ be written in that language?"
REA-0100,2023,25 July | Shift 2,General Intelligence and Reasoning,Mathematical Operators,Custom-operator substitution,symbol remap,Custom-operator substitution,Symbolic MCQ,Easy,Low,Easy,Original meaning kept,Remap symbols; BODMAS evaluate,Remap inline,Check remap direction,40–65s,Remap + BODMAS,"If ‘<’ means ‘−’, ‘!’ means ‘×’, ‘>’ means ‘+’ and ‘$’ means ‘÷’, then what is the value of the following expression? 183 > 39 $ 13 ! 6 < 26"
REA-0101,2023,25 July | Shift 3,General Intelligence and Reasoning,Coding-Decoding,Letter transform,per-position mapping,Letter transform (mixed shifts),Symbolic MCQ,Easy,Low,Easy,Assuming uniform shift,Map every position 1:1; apply,Ends-first check,Verify full mapping,40–65s,Position mapping,"In a certain code language, 'MOBILE' is coded as BJFZLK and 'TABLET' is coded as QCIZXR. How will 'KINDLE' be coded in the same language?"
REA-0102,2023,25 July | Shift 3,General Intelligence and Reasoning,Number / Alphabet Series,Alternating alphabet pattern,two interleaved rules,Alternating alphabet pattern,Symbolic MCQ,Easy,Low,Easy,Single rule,Split odd/even terms,Parity check,Check parity fit,35–55s,Interleaving,"Which letter-cluster will replace the question mark (?) to complete the given series? BAWP, ?, DWCH, EUFD, FSIZ"
REA-0103,2023,25 July | Shift 3,General Intelligence and Reasoning,Mathematical Operators,Sign-swap to balance,swap two operators,Sign-swap to balance,Symbolic MCQ,Easy,Low,Easy,No-bracket evaluation,Try option swaps; evaluate (BODMAS),Estimate-then-verify,Kill non-balancing fast,35–60s,BODMAS,Which two signs and two numbers should be interchanged to make the following equation correct? 840 ÷ 38 − 7 + 10 × 12 = 462
REA-0104,2023,25 July | Shift 3,General Intelligence and Reasoning,Dictionary & Word Formation,Dictionary order,letter-by-letter compare,Dictionary order,Reasoning MCQ,Easy,Low,Easy,Whole-word guess,Compare 1st differing letter,First-difference only,Sort pairwise,25–40s,Lexicographic compare,Which option represents the correct order of the given words as they would appear in an English dictionary? 1 Typographical 2 Typologically 3 Typifications 4 Typicalness 5 Tyrannosaurus
REA-0105,2023,25 July | Shift 3,General Intelligence and Reasoning,Number / Alphabet Series,Alphabet-position series,A1Z26 logic,Alphabet-position series,Symbolic MCQ,Easy,Low,Easy,Reading letters,Convert; find numeric rule,Same,Test numeric fit,30–55s,A1Z26 map,"Select the option that represents the letters that, when placed from left to right in the blanks below, will complete the letter series. N M L _ J N _ L J J _ M L J _ N M _ J J"
REA-0106,2023,25 July | Shift 3,General Intelligence and Reasoning,Mathematical Operators,Fill-*-with-operators,operator placement,Fill-*-with-operators,Symbolic MCQ,Easy,Low,Easy,Left-to-right only,Try option sequences; BODMAS,Magnitude estimate first,Eliminate by size,40–65s,Operator trial,Select the correct combination of mathematical signs to sequentially replace the * signs and balance the given equation. 9 * 16 * 64 * 8 * 2 * 9
REA-0107,2023,25 July | Shift 3,General Intelligence and Reasoning,Blood Relations,Chained relation,multi-hop traversal,Chained relation (3+ links),Reasoning MCQ,Easy,Low,Easy,Skipping a hop,Collapse inside-out; track gender,Innermost-first,Check gender at each hop,45–70s,Hop collapsing,A family got split and the children of R were left with R’s maternal grandfather’s only granddaughter’s father. How is the person with whom the children are left with related to R?
REA-0108,2023,25 July | Shift 3,General Intelligence and Reasoning,Coding-Decoding,Alphanumeric / position-sum coding,letters ↔ numbers,Alphanumeric / position-sum coding,Symbolic MCQ,Easy,Low,Easy,A=0 indexing,Sum positions / reverse-sum; test,Position sums first,Verify sums match,30–50s,A1Z26 sums,"In a certain code language, ‘BENT’ is coded as ‘3198’ and ‘DEBT’ is coded as ‘8316’. What is the code for ‘N’ in the given code language?"
REA-0109,2023,25 July | Shift 3,General Intelligence and Reasoning,Figure-Based (Image),Figure task,visual reasoning,Figure task (needs PDF),Figure-based,Easy,Low,Easy,—,Refer original PDF figure,Same,As applicable,60–90s,—,[image/figure-based content -- see original PDF]
REA-0110,2023,25 July | Shift 3,General Intelligence and Reasoning,Analogy,Number analogy,operation across pair,Number analogy (a:b :: c:?),Symbolic MCQ,Easy,Medium,Easy,Digit-splitting,Find op mapping first pair; apply,Test squares/cubes first,Test options in mapping,35–60s,Whole-number ops,"Select the set in which the numbers are related in the same way as are the numbers of the given set. (NOTE: Operations should be performed on the whole numbers, without breaking down the number into its constituent digits.E.g. 13 – Operations on 13 such as adding /Subtracting /multiplying etc. to 13 can be performed. Breaking down 13 into 1 and 3 and then performing mathematical operations on 1 and 3 is not allowed.) (25, 150, 3) (18, 180, 5)"
REA-0111,2023,25 July | Shift 3,General Intelligence and Reasoning,Calendar & Clock,Calendar / day-date,odd-day counting,Calendar / day-date,Reasoning MCQ,Easy,Low,Easy,Year-length slip,Odd days mod 7 from reference,Century/year/month odd-day table,Eliminate by parity,40–65s,Odd-day method,"If 31 January 2009 was a Saturday, then what was the day of the week on 30 January 2013?"
REA-0112,2023,25 July | Shift 3,General Intelligence and Reasoning,Figure-Based (Image),Figure task,visual reasoning,Figure task (needs PDF),Figure-based,Easy,Low,Easy,—,Refer original PDF figure,Same,As applicable,60–90s,—,[image/figure-based content -- see original PDF]
REA-0113,2023,25 July | Shift 3,General Intelligence and Reasoning,Figure-Based (Image),Figure task,visual reasoning,Figure task (needs PDF),Figure-based,Easy,Low,Easy,—,Refer original PDF figure,Same,As applicable,60–90s,—,[image/figure-based content -- see original PDF]
REA-0114,2023,25 July | Shift 3,General Intelligence and Reasoning,Analogy,Number analogy,operation across pair,Number analogy (a:b :: c:?),Symbolic MCQ,Easy,Low,Easy,Digit-splitting,Find op mapping first pair; apply,Test squares/cubes first,Test options in mapping,35–60s,Whole-number ops,Select the option that is related to the fifth number in the same way as the second number is related to the first number and the fourth number is related to the third number. 7 : 35 :: 21 : 399 :: 4 : ?
REA-0115,2023,25 July | Shift 3,General Intelligence and Reasoning,Mirror / Water Images,Mirror image,left-right flip,Mirror image (lateral inversion),Reasoning MCQ,Easy,Low,Easy,Water-flip confusion,Flip L-R; keep top-bottom,L-R flip only,Eliminate non-flipped,20–35s,Lateral inversion,Select the correct mirror image of the given figure when the mirror is placed at AB.
REA-0116,2023,25 July | Shift 3,General Intelligence and Reasoning,Analogy,Number analogy,operation across pair,Number analogy (a:b :: c:?),Symbolic MCQ,Easy,Low,Easy,Digit-splitting,Find op mapping first pair; apply,Test squares/cubes first,Test options in mapping,35–60s,Whole-number ops,Select the option that is related to the fifth number in the same way as the second number is related to the first number and the fourth number is related to the third number. 7 : 47 :: 11 : 119 :: 3 : ?
REA-0117,2023,25 July | Shift 3,General Intelligence and Reasoning,Analogy,Word analogy,relation type,Word analogy (semantic),Symbolic MCQ,Easy,Medium,Easy,Association vagueness,Name relation (function/part/cause); apply,Relation naming,Eliminate unrelated,20–35s,Relation vocabulary,Select the option that is related to the third word in the same way as the second word is related to the first word. (The words must be considered as meaningful English words and must NOT be related to each other based on the number of letters/number of consonants/vowels in the word.) Plant : Pot :: Fish : ?
REA-0118,2023,25 July | Shift 3,General Intelligence and Reasoning,Figure-Based (Image),Figure task,visual reasoning,Figure task (needs PDF),Figure-based,Easy,Low,Easy,—,Refer original PDF figure,Same,As applicable,60–90s,—,[image/figure-based content -- see original PDF]
REA-0119,2023,25 July | Shift 3,General Intelligence and Reasoning,Figure-Based (Image),Figure task,visual reasoning,Figure task (needs PDF),Figure-based,Easy,Low,Easy,—,Refer original PDF figure,Same,As applicable,60–90s,—,[image/figure-based content -- see original PDF]
REA-0120,2023,25 July | Shift 3,General Intelligence and Reasoning,Number / Alphabet Series,Mixed-operation series,combined rules,Mixed-operation series,Symbolic MCQ,Easy,Low,Easy,Single-rule force,Try halves/alternation/split,Option back-fit,Test options in sequence,45–75s,Multi-rule toolkit,"Which of the following numbers will replace the question mark (?) in the given series? 57, 69, 88, 112, 150, 186, 243, ?"
REA-0121,2023,25 July | Shift 3,General Intelligence and Reasoning,Coding-Decoding,Letter transform,per-position mapping,Letter transform (mixed shifts),Symbolic MCQ,Easy,Low,Easy,Assuming uniform shift,Map every position 1:1; apply,Ends-first check,Verify full mapping,40–65s,Position mapping,"In a certain code language, ‘RELAX’ is written as ‘CPPZC’ and ‘STAKE’ is written as ‘RQEGM’. How will ‘WINDS’ be written in that language?"
REA-0122,2023,25 July | Shift 3,General Intelligence and Reasoning,Analogy,Number analogy,operation across pair,Number analogy (a:b :: c:?),Symbolic MCQ,Easy,Low,Easy,Digit-splitting,Find op mapping first pair; apply,Test squares/cubes first,Test options in mapping,35–60s,Whole-number ops,Select the option that is related to the fifth number in the same way as the second number is related to the first number and the fourth number is related to the third number. 750 : 5 :: 384 : 4 :: 3072 : ?
REA-0123,2023,25 July | Shift 3,General Intelligence and Reasoning,Mathematical Operators,Odd operation-pair out,common operation,Odd operation-pair out,Symbolic MCQ,Easy,Low,Easy,Single-pair rule,Extract op from two pairs; test rest,Difference/ratio scan,Test candidate odd,35–60s,Operation scan,"The second number in the given number pairs is obtained by performing certain mathematical operation(s) on the first number. The same operation(s) are followed in all the number pairs, EXCEPT one. Find that odd number pair."
REA-0124,2023,25 July | Shift 3,General Intelligence and Reasoning,Analogy,Word analogy,relation type,Word analogy (semantic),Symbolic MCQ,Easy,Medium,Easy,Association vagueness,Name relation (function/part/cause); apply,Relation naming,Eliminate unrelated,20–35s,Relation vocabulary,Select the option that is related to the third word in the same way as the second word is related to the first word. (The words must be considered as meaningful English words and must not be related to each other based on the number of letters/number of consonants/vowels in the word.) Cow : Milk :: Sheep : ?
REA-0125,2023,25 July | Shift 3,General Intelligence and Reasoning,Blood Relations,Chained relation,multi-hop traversal,Chained relation (3+ links),Reasoning MCQ,Easy,Low,Easy,Skipping a hop,Collapse inside-out; track gender,Innermost-first,Check gender at each hop,45–70s,Hop collapsing,"In a family of four persons there is only one child. B is A's wife and D's daughter. If C is A's daughter, how is C related to D?"
REA-0126,2023,25 July | Shift 4,General Intelligence and Reasoning,Mathematical Operators,Sign-swap to balance,swap two operators,Sign-swap to balance,Symbolic MCQ,Easy,Low,Easy,No-bracket evaluation,Try option swaps; evaluate (BODMAS),Estimate-then-verify,Kill non-balancing fast,35–60s,BODMAS,Which of the following interchanges of signs would make the given equation correct? 162 ÷ 3 + 5 × 6 – 2 = 274
REA-0127,2023,25 July | Shift 4,General Intelligence and Reasoning,Figure-Based (Image),Figure task,visual reasoning,Figure task (needs PDF),Figure-based,Easy,Low,Easy,—,Refer original PDF figure,Same,As applicable,60–90s,—,[image/figure-based content -- see original PDF]
REA-0128,2023,25 July | Shift 4,General Intelligence and Reasoning,Figure-Based (Image),Figure task,visual reasoning,Figure task (needs PDF),Figure-based,Easy,Low,Easy,—,Refer original PDF figure,Same,As applicable,60–90s,—,[image/figure-based content -- see original PDF]
REA-0129,2023,25 July | Shift 4,General Intelligence and Reasoning,Analogy,Number analogy,operation across pair,Number analogy (a:b :: c:?),Symbolic MCQ,Easy,Medium,Easy,Digit-splitting,Find op mapping first pair; apply,Test squares/cubes first,Test options in mapping,35–60s,Whole-number ops,"Select the set in which the numbers are related in the same way as are the numbers of the given sets. (NOTE : Operations should be performed on the whole numbers, without breaking down the numbers into its constituent digits. E.g. 13 – Operations on 13 such as adding /subtracting /multiplying etc. to 13 can be performed. Breaking down 13 into 1 and 3 and then performing mathematical operations on 1 and 3 is not allowed.) (12, 5, 29) (19, 12, 50)"
REA-0130,2023,25 July | Shift 4,General Intelligence and Reasoning,Figure-Based (Image),Figure task,visual reasoning,Figure task (needs PDF),Figure-based,Easy,Low,Easy,—,Refer original PDF figure,Same,As applicable,60–90s,—,[image/figure-based content -- see original PDF]
REA-0131,2023,25 July | Shift 4,General Intelligence and Reasoning,Analogy,Number analogy,operation across pair,Number analogy (a:b :: c:?),Symbolic MCQ,Easy,Low,Easy,Digit-splitting,Find op mapping first pair; apply,Test squares/cubes first,Test options in mapping,35–60s,Whole-number ops,Select the option that is related to the third term in the same way as the second term is related to the first term and the sixth term is related to the fifth term. 16 : 144 :: 22 : ? :: 14 : 112
REA-0132,2023,25 July | Shift 4,General Intelligence and Reasoning,Dictionary & Word Formation,Dictionary order,letter-by-letter compare,Dictionary order,Reasoning MCQ,Easy,Low,Easy,Whole-word guess,Compare 1st differing letter,First-difference only,Sort pairwise,25–40s,Lexicographic compare,Select the option that represents the correct order of the given words as they would appear in an English dictionary. 1. Canvas 2. Candidly 3. Canteen 4. Canopy 5. Cannibal 6. Cancer
REA-0133,2023,25 July | Shift 4,General Intelligence and Reasoning,Blood Relations,Direct relation,single-hop map,Direct relation (1–2 links),Reasoning MCQ,Easy,Low,Easy,Gender flip,Direct map; check gender,Same,Verify gender,25–40s,Relation map,"Select the Venn diagram that best represents the relationship between the following classes. Insects, Animals, Poisonous"
REA-0134,2023,25 July | Shift 4,General Intelligence and Reasoning,Blood Relations,Chained relation,multi-hop traversal,Chained relation (3+ links),Reasoning MCQ,Easy,Low,Easy,Skipping a hop,Collapse inside-out; track gender,Innermost-first,Check gender at each hop,45–70s,Hop collapsing,"Sonal’s brother’s paternal grandmother, named Seeta, is coming to Sonal’s party with her only son. How is Seeta’s son related to Sonal?"
REA-0135,2023,25 July | Shift 4,General Intelligence and Reasoning,Number / Alphabet Series,Letter-blank fill series,slot completion,Letter-blank fill series (A_BB…),Symbolic MCQ,Easy,Low,Easy,Left-to-right guess,Find repeating block; fill,Block-length test,Test block options,30–50s,Repeating blocks,"Select the option that represents the letters that, when sequentially placed from left to right in the blanks below, will complete the letter series. ST_FIR_STNF_ RGSTN_IRG_ _NFI_G"
REA-0136,2023,25 July | Shift 4,General Intelligence and Reasoning,Coding-Decoding,Letter transform,per-position mapping,Letter transform (mixed shifts),Symbolic MCQ,Easy,Low,Easy,Assuming uniform shift,Map every position 1:1; apply,Ends-first check,Verify full mapping,40–65s,Position mapping,"In a certain code language, ‘STRAIGHT’ is written as ‘UVTCUIHJ’, ‘SURVIVAL’ is written as ‘UWTXMBWJ’. How will ‘TAKEOVER’ be written in that language?"
REA-0137,2023,25 July | Shift 4,General Intelligence and Reasoning,Coding-Decoding,Letter transform,per-position mapping,Letter transform (mixed shifts),Symbolic MCQ,Easy,Low,Easy,Assuming uniform shift,Map every position 1:1; apply,Ends-first check,Verify full mapping,40–65s,Position mapping,"In a certain code language, 'WINTER' is coded as XJXQKX and 'AUTUMN' is coded as TRYWWB. How will 'SEASON' be coded in the same language?"
REA-0138,2023,25 July | Shift 4,General Intelligence and Reasoning,Figure-Based (Image),Figure task,visual reasoning,Figure task (needs PDF),Figure-based,Easy,Low,Easy,—,Refer original PDF figure,Same,As applicable,60–90s,—,[image/figure-based content -- see original PDF]
REA-0139,2023,25 July | Shift 4,General Intelligence and Reasoning,Analogy,Letter/term analogy,positional mapping,Letter/term analogy (positional),Symbolic MCQ,Easy,Low,Easy,Reading as words,Map shifts pair 1; apply to pair 2,Shift-map once,Check first-letter options,35–60s,A1Z26 shifts,Select the option that is related to the fifth letter-cluster in the same way as the second letter-cluster is related to the first letter-cluster and the fourth letter-cluster is related to the third letter-cluster. GIST: FEHGRQSR :: DUCK: CBTSBAJI :: LOPE: ?
REA-0140,2023,25 July | Shift 4,General Intelligence and Reasoning,Figure-Based (Image),Figure task,visual reasoning,Figure task (needs PDF),Figure-based,Easy,Low,Easy,—,Refer original PDF figure,Same,As applicable,60–90s,—,[image/figure-based content -- see original PDF]
REA-0141,2023,25 July | Shift 4,General Intelligence and Reasoning,Analogy,Set/triad analogy,common rule across triple,Set/triad analogy,Symbolic MCQ,Easy,Low,Easy,Pairwise only,Extract rule from two given sets,Test divide/square forms,Test option sets,40–65s,Rule extraction,Three of the following four triads are alike in a certain way as they are formed by performing same mathematical operations among themselves and thus form a group. Which triad does NOT belong to that group?
REA-0142,2023,25 July | Shift 4,General Intelligence and Reasoning,Classification / Odd-One-Out,Group-of-four odd-out,arithmetic property,Group-of-four odd-out (content in options),Symbolic MCQ,Easy,Low,Easy,Single-option focus,Test divisibility/parity/squares per option,Parity/divisibility first,Kill three alike,30–50s,Number properties,Three of the following four letter-clusters are alike in a certain way and one is different. Pick the odd one out.
REA-0143,2023,25 July | Shift 4,General Intelligence and Reasoning,Number / Alphabet Series,Mixed-operation series,combined rules,Mixed-operation series,Symbolic MCQ,Easy,Low,Easy,Single-rule force,Try halves/alternation/split,Option back-fit,Test options in sequence,45–75s,Multi-rule toolkit,"Which of the following numbers will replace the question mark (?) in the given series? 32, ? , 44, 56, 72, 92"
REA-0144,2023,25 July | Shift 4,General Intelligence and Reasoning,Figure-Based (Image),Figure task,visual reasoning,Figure task (needs PDF),Figure-based,Easy,Low,Easy,—,Refer original PDF figure,Same,As applicable,60–90s,—,[image/figure-based content -- see original PDF]
REA-0145,2023,25 July | Shift 4,General Intelligence and Reasoning,Analogy,Number analogy,operation across pair,Number analogy (a:b :: c:?),Symbolic MCQ,Easy,Medium,Easy,Digit-splitting,Find op mapping first pair; apply,Test squares/cubes first,Test options in mapping,35–60s,Whole-number ops,"Select the set in which the numbers are related in the same way as are the numbers of the following sets. (NOTE : Operations should be performed on the whole numbers, without breaking down the numbers into its constituent digits. E.g. 13 – Operations on 13 such as adding /Subtracting /multiplying etc. to 13 can be performed. Breaking down 13 into 1 and 3 and then performing mathematical operations on 1 and 3 is not allowed) (10, 5, 52) (35, 7, 250)"
REA-0146,2023,25 July | Shift 4,General Intelligence and Reasoning,Analogy,Number analogy,operation across pair,Number analogy (a:b :: c:?),Symbolic MCQ,Easy,Medium,Easy,Digit-splitting,Find op mapping first pair; apply,Test squares/cubes first,Test options in mapping,35–60s,Whole-number ops,"Select the set in which the numbers are related in the same way as are the numbers of the following sets (NOTE : Operations should be performed on the whole numbers, without breaking down the numbers into its constituent digits. E.g. 13 – Operations on 13 such as adding / subtracting / multiplying etc. to 13 can be performed. Breaking down 13 into 1 and 3 and then performing mathematical operations on 1 and 3 is not allowed) (4, 14, 56) (6, 15, 90)"
REA-0147,2023,25 July | Shift 4,General Intelligence and Reasoning,Number / Alphabet Series,Alternating alphabet pattern,two interleaved rules,Alternating alphabet pattern,Symbolic MCQ,Easy,Low,Easy,Single rule,Split odd/even terms,Parity check,Check parity fit,35–55s,Interleaving,"Which of the following terms will replace the question mark (?) in the given series? AXY, EZW, ICU, OHS, ?"
REA-0148,2023,25 July | Shift 4,General Intelligence and Reasoning,Coding-Decoding,Letter transform,per-position mapping,Letter transform (mixed shifts),Symbolic MCQ,Easy,Low,Easy,Assuming uniform shift,Map every position 1:1; apply,Ends-first check,Verify full mapping,40–65s,Position mapping,"In a certain code language, if ‘PDFJARS’ is written as ‘OCELZQR’ and ‘MHCXBTU’ is written as ‘LGBZAST’, how will ‘ZVDGENQ’ be written in the same code language?"
REA-0149,2023,25 July | Shift 4,General Intelligence and Reasoning,Embedded / Completion / Counting,General figure task,visual analysis,General figure task,Reasoning MCQ,Easy,Low,Hard,Figure blindness,Refer figure; apply task rule,Task rule,As applicable,40–70s,Visual method,Select the figure that will come in place of the question mark (?) in the following figure series.
REA-0150,2023,25 July | Shift 4,General Intelligence and Reasoning,Blood Relations,Direct relation,single-hop map,Direct relation (1–2 links),Reasoning MCQ,Easy,Low,Easy,Gender flip,Direct map; check gender,Same,Verify gender,25–40s,Relation map,"Select the Venn diagram that best illustrates the relationship between the following classes. Women, Sister, Wife"
REA-0151,2023,26 July | Shift 1,General Intelligence and Reasoning,Figure-Based (Image),Figure task,visual reasoning,Figure task (needs PDF),Figure-based,Easy,Low,Easy,—,Refer original PDF figure,Same,As applicable,60–90s,—,[image/figure-based content -- see original PDF]
REA-0152,2023,26 July | Shift 1,General Intelligence and Reasoning,Number / Alphabet Series,Mixed-operation series,combined rules,Mixed-operation series,Symbolic MCQ,Easy,Low,Easy,Single-rule force,Try halves/alternation/split,Option back-fit,Test options in sequence,45–75s,Multi-rule toolkit,"Which of the following numbers will replace the question mark (?) in the given series? 8, 14, ? , 44, 68, 98, 134"
REA-0153,2023,26 July | Shift 1,General Intelligence and Reasoning,Mathematical Operators,Sign-swap to balance,swap two operators,Sign-swap to balance,Symbolic MCQ,Easy,Low,Easy,No-bracket evaluation,Try option swaps; evaluate (BODMAS),Estimate-then-verify,Kill non-balancing fast,35–60s,BODMAS,Which two signs should be interchanged to make the given equation correct? 13 × 6 + 24 ÷ 6 – 17 = 91
REA-0154,2023,26 July | Shift 1,General Intelligence and Reasoning,Analogy,Number analogy,operation across pair,Number analogy (a:b :: c:?),Symbolic MCQ,Easy,Low,Easy,Digit-splitting,Find op mapping first pair; apply,Test squares/cubes first,Test options in mapping,35–60s,Whole-number ops,Select the option that is related to the third term in the same way as the second term is related to the first term and the sixth term is related to the fifth term. 5 : 127 :: 9 : ? :: 7 : 247
REA-0155,2023,26 July | Shift 1,General Intelligence and Reasoning,Figure-Based (Image),Figure task,visual reasoning,Figure task (needs PDF),Figure-based,Easy,Low,Easy,—,Refer original PDF figure,Same,As applicable,60–90s,—,[image/figure-based content -- see original PDF]
REA-0156,2023,26 July | Shift 1,General Intelligence and Reasoning,Mathematical Operators,Sign-swap to balance,swap two operators,Sign-swap to balance,Symbolic MCQ,Easy,Low,Easy,No-bracket evaluation,Try option swaps; evaluate (BODMAS),Estimate-then-verify,Kill non-balancing fast,35–60s,BODMAS,Which two numbers and two signs should be interchanged in the following equation to make it correct? 4 + 2 ÷ 7 + 8 × 9 = 25
REA-0157,2023,26 July | Shift 1,General Intelligence and Reasoning,Number / Alphabet Series,Constant-shift alphabet series,"shift [-6, -6, -6] per step",Constant-shift alphabet series,Symbolic MCQ,Easy,Low,Easy,Reading as words,Shift each letter,Same,Check first-letter options,20–35s,A1Z26 shifts,"Which of the following letter-clusters will replace the question mark (?) in the given series to make it logically complete? ZXV, TRP, NLJ, HFD, ?"
REA-0158,2023,26 July | Shift 1,General Intelligence and Reasoning,Coding-Decoding,Alphanumeric / position-sum coding,letters ↔ numbers,Alphanumeric / position-sum coding,Symbolic MCQ,Easy,Low,Easy,A=0 indexing,Sum positions / reverse-sum; test,Position sums first,Verify sums match,30–50s,A1Z26 sums,"In a certain code language, ‘BIND’ is coded as ‘9214’ and ‘DRIB’ is coded as ‘4109’. What is the code for ‘N’ in the given code language?"
REA-0159,2023,26 July | Shift 1,General Intelligence and Reasoning,Analogy,Word analogy,relation type,Word analogy (semantic),Symbolic MCQ,Easy,Medium,Easy,Association vagueness,Name relation (function/part/cause); apply,Relation naming,Eliminate unrelated,20–35s,Relation vocabulary,Select the option that is related to the third word in the same way as the second word is related to the first word. (The words must be considered as meaningful English words and must not be related to each other based on the number of letters/number of consonants/vowels in the word.) X-Ray : Radiologist :: Skin : ?
REA-0160,2023,26 July | Shift 1,General Intelligence and Reasoning,Analogy,Number analogy,operation across pair,Number analogy (a:b :: c:?),Symbolic MCQ,Easy,Medium,Easy,Digit-splitting,Find op mapping first pair; apply,Test squares/cubes first,Test options in mapping,35–60s,Whole-number ops,"Select the set in which the numbers are related in the same way as are the numbers of the following sets. (NOTE : Operations should be performed on the whole numbers, without breaking down the numbers into its constituent digits. E.g. 13 – Operations on 13 such as adding/Subtracting/multiplying etc. to 13 can be performed. Breaking down 13 into 1 and 3 and then performing mathematical operations on 1 and 3 is not allowed) (50, 60, 2000) (20, 30, 200)"
REA-0161,2023,26 July | Shift 1,General Intelligence and Reasoning,Analogy,Number analogy,operation across pair,Number analogy (a:b :: c:?),Symbolic MCQ,Easy,Low,Easy,Digit-splitting,Find op mapping first pair; apply,Test squares/cubes first,Test options in mapping,35–60s,Whole-number ops,Select the option that is related to the fifth number in the same way as the second number is related to the first number and the fourth number is related to the third number. 3125 : 25 :: 1600 : 20 :: 675 : ?
REA-0162,2023,26 July | Shift 1,General Intelligence and Reasoning,Figure-Based (Image),Figure task,visual reasoning,Figure task (needs PDF),Figure-based,Easy,Low,Easy,—,Refer original PDF figure,Same,As applicable,60–90s,—,[image/figure-based content -- see original PDF]
REA-0163,2023,26 July | Shift 1,General Intelligence and Reasoning,Number / Alphabet Series,Letter-blank fill series,slot completion,Letter-blank fill series (A_BB…),Symbolic MCQ,Easy,Low,Easy,Left-to-right guess,Find repeating block; fill,Block-length test,Test block options,30–50s,Repeating blocks,"Select the option that represents the letters that, when sequentially placed from left to right in the blanks below, will complete the letter series. BUP_ESH_UPL_SHB_PLES_BU_LE_H"
REA-0164,2023,26 July | Shift 1,General Intelligence and Reasoning,Blood Relations,Coded relation,decode then traverse,Coded relation (symbol map),Reasoning MCQ,Medium,Medium,Easy,Gender assumption,Substitute meanings; walk the tree,Draw tree top-down,Check gender markers,45–75s,Tree drawing,Select the word-pair that best represents a similar relationship to the one expressed in the given pair of words. (The words must be considered as meaningful English words and must not be related to each other based on the number of letters/number of consonants/vowels in the word) Horse : Foal
REA-0165,2023,26 July | Shift 1,General Intelligence and Reasoning,Coding-Decoding,Letter transform,per-position mapping,Letter transform (mixed shifts),Symbolic MCQ,Easy,Low,Easy,Assuming uniform shift,Map every position 1:1; apply,Ends-first check,Verify full mapping,40–65s,Position mapping,"In a certain code language, 'TELEVISION' is written as 'UDMDWKQKMP' and 'PUNISHMENT' is written as 'QTOHTJKGLV'. How will 'HELICOPTER' be written in that language?"
REA-0166,2023,26 July | Shift 1,General Intelligence and Reasoning,Classification / Odd-One-Out,Group-of-four odd-out,arithmetic property,Group-of-four odd-out (content in options),Symbolic MCQ,Easy,Low,Easy,Single-option focus,Test divisibility/parity/squares per option,Parity/divisibility first,Kill three alike,30–50s,Number properties,Three of the following four letter-clusters are alike in a certain way and one is different. Pick the odd one out. DGJM NQTW TWZC HIJK
REA-0167,2023,26 July | Shift 1,General Intelligence and Reasoning,Syllogism & Conclusions,Three-statement syllogism,Venn chains,Three-statement syllogism,Statement battery,Medium,Medium,Easy,Middle-term leap,Draw overlapping circles; test each conclusion,Universal-first diagram,Kill false conclusions,45–75s,Venn method,"Three statements are given followed by three conclusions numbered I, II and III. Assuming the statements to be true, even if they seem to be at variance with commonly known facts, decide which of the conclusions logically follow(s) from the statements. Statements: Some seeds are fruits. Some fruits are jams. All jams are desserts. Conclusions: I. Some jams are seeds. II. Some desserts are jams. III. Some fruits are desserts."
REA-0168,2023,26 July | Shift 1,General Intelligence and Reasoning,Dictionary & Word Formation,Dictionary order,letter-by-letter compare,Dictionary order,Reasoning MCQ,Easy,Low,Easy,Whole-word guess,Compare 1st differing letter,First-difference only,Sort pairwise,25–40s,Lexicographic compare,Select the option that represents the correct order of the given words as they would appear in an English dictionary. 1. Circulate 2. Circuit 3. Citrus 4. Cinnamon 5. Circular 6. Citizen
REA-0169,2023,26 July | Shift 1,General Intelligence and Reasoning,Mathematical Operators,Odd operation-pair out,common operation,Odd operation-pair out,Symbolic MCQ,Easy,Low,Easy,Single-pair rule,Extract op from two pairs; test rest,Difference/ratio scan,Test candidate odd,35–60s,Operation scan,"The second number in the given number pairs is obtained by performing certain mathematical operation(s) on the first number. The same operation(s) are followed in all the number pairs, EXCEPT one. Find that odd number pair."
REA-0170,2023,26 July | Shift 1,General Intelligence and Reasoning,Blood Relations,Direct relation,single-hop map,Direct relation (1–2 links),Reasoning MCQ,Easy,Low,Easy,Gender flip,Direct map; check gender,Same,Verify gender,25–40s,Relation map,Mishka says she is looking for the only child of her brother’s maternal grandmother. Who is she looking for?
REA-0171,2023,26 July | Shift 1,General Intelligence and Reasoning,Figure-Based (Image),Figure task,visual reasoning,Figure task (needs PDF),Figure-based,Easy,Low,Easy,—,Refer original PDF figure,Same,As applicable,60–90s,—,[image/figure-based content -- see original PDF]
REA-0172,2023,26 July | Shift 1,General Intelligence and Reasoning,Figure-Based (Image),Figure task,visual reasoning,Figure task (needs PDF),Figure-based,Easy,Low,Easy,—,Refer original PDF figure,Same,As applicable,60–90s,—,[image/figure-based content -- see original PDF]
REA-0173,2023,26 July | Shift 1,General Intelligence and Reasoning,Mirror / Water Images,Mirror image,left-right flip,Mirror image (lateral inversion),Reasoning MCQ,Easy,Low,Easy,Water-flip confusion,Flip L-R; keep top-bottom,L-R flip only,Eliminate non-flipped,20–35s,Lateral inversion,Select the correct mirror image of the given figure when the mirror is placed at MN as shown below.
REA-0174,2023,26 July | Shift 1,General Intelligence and Reasoning,Analogy,Number analogy,operation across pair,Number analogy (a:b :: c:?),Symbolic MCQ,Easy,Medium,Easy,Digit-splitting,Find op mapping first pair; apply,Test squares/cubes first,Test options in mapping,35–60s,Whole-number ops,"Select the set in which the numbers are related in the same way as are the numbers of the following set. (NOTE: Operations should be performed on the whole numbers, without breaking down the numbers into their constituent digits. E.g. 13 – Operations on 13 such as adding/substracting/multiplying etc. to 13 can be performed. Breaking down 13 into 1 and 3 and then performing mathematical operations on 1 and 3 is not allowed.) (3, 10, 26) (4, 17, 42)"
REA-0175,2023,26 July | Shift 1,General Intelligence and Reasoning,Embedded / Completion / Counting,Embedded,part-whole spotting,Embedded (hidden) figure,Reasoning MCQ,Easy,Low,Easy,Rotated blindness,Match lines/angles inventory,Distinctive-part hunt,Eliminate size-mismatch,30–50s,Line inventory,Select the option figure which is embedded in the given figure (Rotation is NOT allowed).
REA-0176,2024,10 Sep | Shift 1,General Intelligence and Reasoning,Syllogism & Conclusions,Standard syllogism,Venn chains,Standard syllogism (statements + conclusions),Statement battery,Medium,Medium,Easy,Middle-term leap,Draw overlapping circles; test each conclusion,Universal-first diagram,Kill absolute-word conclusions,45–75s,Venn method,"Read the given statements and conclusions carefully. Assuming that the information given in the statements is true, even if it appears to be at variance with commonly known facts, decide which of the given conclusions logically follow(s) from the statements. Statements: Some boxes are cartons. All cartons are papers. Some cartons are utensils. Conclusion (I): No box is a utensil. Conclusion (II): Some papers are utensils."
REA-0177,2024,10 Sep | Shift 1,General Intelligence and Reasoning,Mirror / Water Images,Mirror image,left-right flip,Mirror image (lateral inversion),Reasoning MCQ,Easy,Low,Easy,Water-flip confusion,Flip L-R; keep top-bottom,L-R flip only,Eliminate non-flipped,20–35s,Lateral inversion,Select the correct mirror image of the given figure when the mirror is placed at MN as shown below.
REA-0178,2024,10 Sep | Shift 1,General Intelligence and Reasoning,Figure Series,Figure series completion,visual rule per step,Figure series completion (?),Reasoning MCQ,Easy,Low,Easy,Single-feature lock,Test rotation/count/shading/element rules stepwise,One-change scan,Test options in slot,50–80s,Visual rules,Which figure should replace the question mark (?) if the following series were to be continued?
REA-0179,2024,10 Sep | Shift 1,General Intelligence and Reasoning,Coding-Decoding,Letter transform,per-position mapping,Letter transform (mixed shifts),Symbolic MCQ,Easy,Low,Easy,Assuming uniform shift,Map every position 1:1; apply,Ends-first check,Verify full mapping,40–65s,Position mapping,"In a certain code language, 'BELL' is written as 'MKFA' and 'BOND' is written as 'EMPA'. How will 'BLEW’ be written in that language?"
REA-0180,2024,10 Sep | Shift 1,General Intelligence and Reasoning,Classification / Odd-One-Out,Letter-cluster classification,positional property,Letter-cluster classification,Symbolic MCQ,Easy,Low,Easy,Reading as words,Convert to numbers; find property break,Vowel/consonant + shift scan,Kill three alike,30–50s,A1Z26 + parity,"Four letter-clusters have been given, out of which three are alike in some manner and one is different. Select the one that is different. The odd one out is not based on the number of consonants/vowels or their position in the letter cluster"
REA-0181,2024,10 Sep | Shift 1,General Intelligence and Reasoning,Analogy,Number analogy,operation across pair,Number analogy (a:b :: c:?),Symbolic MCQ,Easy,Medium,Easy,Digit-splitting,Find op mapping first pair; apply,Test squares/cubes first,Test options in mapping,35–60s,Whole-number ops,"10 is related to 15 following certain logic. Following the same logic, 42 is related to 63. To which of the following numbers is 22 related, following the same logic? (NOTE : Operations should be performed on the whole numbers, without breaking down the numbers into its constituent digits. E.g. 13 – Operations on 13 such as adding /deleting /multiplying etc., to 13 can be performed. Breaking down 13 into 1 and 3 and then performing mathematical operations on 1 and 3 is not allowed.)"
REA-0182,2024,10 Sep | Shift 1,General Intelligence and Reasoning,Analogy,Word analogy,relation mapping,Word analogy (Hindi stem),Symbolic MCQ,Easy,Low,Easy,Vague association,Name relation in pair 1 (Hindi); apply,Relation naming,Eliminate unrelated,25–40s,Relation vocabulary,"'खिलना' (Blossom),'मुरझाना' (Wither) से उसी प्रकार संबंधित है, जिस प्रकार 'स्थिर होना' (Stagnate) '________' से संबंधित है। (शब्दोंों को सार्थक हिंंदी शब्द माना जाना चाहिए और शब्‍दों को अक्षरों की संख्याा/व्यंंजनों/स्वरों की संख्याा के आधार पर एक दूसरे से संबंधित नहीं किया जाना चाहिए।"
REA-0183,2024,10 Sep | Shift 1,General Intelligence and Reasoning,Coding-Decoding,General code transform,encode/decode map,General code transform,Symbolic MCQ,Easy,Low,Hard,Assuming shift,Map Q→option transforms,Position map,Verify mapping,35–60s,Transform inventory,"In a certain code language, ‘sit on chair’ is coded as 'sk mi cn' and ‘the chair broke’ is coded as ‘gm fr mi’. How is ‘chair’ coded in the given language?"
REA-0184,2024,10 Sep | Shift 1,General Intelligence and Reasoning,Analogy,Number analogy,operation across pair,Number analogy (a:b :: c:?),Symbolic MCQ,Easy,Medium,Easy,Digit-splitting,Find op mapping first pair; apply,Test squares/cubes first,Test options in mapping,35–60s,Whole-number ops,"Select the set in which the numbers are related in the same way as are the numbers of the following set. (79, 58, 62) (54, 33, 37) (NOTE: Operations should be performed on the whole numbers, without breaking down the numbers into its constituent digits. E.g. 13 – Operations on 13 such as adding/deleting/multiplying etc. to 13 can be performed. Breaking down 13 into 1 and 3 and then performing mathematical operations on 1 and 3 is not allowed.)"
REA-0185,2024,10 Sep | Shift 1,General Intelligence and Reasoning,Classification / Odd-One-Out,Group-of-four odd-out,arithmetic property,Group-of-four odd-out (content in options),Symbolic MCQ,Easy,Medium,Easy,Single-option focus,Test divisibility/parity/squares per option,Parity/divisibility first,Kill three alike,30–50s,Number properties,"Three of the following four options are alike in a certain way and thus form a group. Which is the option that does NOT belong to that group? (NOTE : Operations should be performed on the whole numbers, without breaking down the numbers into its constituent digits. E.g. 13 – Operations on 13 such as adding /deleting /multiplying etc., to 13 can be performed. Breaking down 13 into 1 and 3 and then performing mathematical operations on 1 and 3 is not allowed)."
REA-0186,2024,10 Sep | Shift 1,General Intelligence and Reasoning,Analogy,Word analogy,relation mapping,Word analogy (Hindi stem),Symbolic MCQ,Easy,Medium,Easy,Vague association,Name relation in pair 1 (Hindi); apply,Relation naming,Eliminate unrelated,25–40s,Relation vocabulary,उस विकल्प का चयन करें जो तीसरे शब्द से उसी प्रकार संबंधित है जैसे दूसरा शब्द पहले शब्द से संबंधित है। (शब्दोंों को अर्थपूर्ण अंग्रेेजी शब्दोंों के रूप में माना जाना चाहिए और शब्द आपस में अक्षरों की संख्याा/व्यंंजन/स्वरों की संख्याा के आधार पर एक दूसरे से संबंधित नहीं होना चाहिए) उतावलापन : शर्मीला :: मनमुटाव : ?
REA-0187,2024,10 Sep | Shift 1,General Intelligence and Reasoning,Dice & Cubes,Standard dice opposite-face,adjacent-never-opposite,Standard dice opposite-face,Reasoning MCQ,Easy,Low,Easy,Opposite adjacency,Common-face rotation / adjacency elimination,Adjacency kills opposite,Check adjacency claims,30–50s,Dice nets,"Six letters S, T, M, P, R and C are written on different faces of a dice. Two positions of this dice are shown in the figures below. Find the letter on the face opposite to M."
REA-0188,2024,10 Sep | Shift 1,General Intelligence and Reasoning,Number / Alphabet Series,Constant-difference series,AP with d=-3,Constant-difference series,Symbolic MCQ,Easy,Low,Easy,Assuming +1,Add d each step,Extend one step,Eliminate non-AP options,15–30s,AP extension,"Select the option that can replace the question mark (?) in the following series. FM61, EK58, DI55, CG52, ?"
REA-0189,2024,10 Sep | Shift 1,General Intelligence and Reasoning,Embedded / Completion / Counting,Count geometric figures,systematic enumeration,Count geometric figures,Reasoning MCQ,Easy,Low,Easy,Double counting,Count by size class; sum,Size-class table,Verify against options,45–75s,Class-wise count,How many squares are there in the given figure?
REA-0190,2024,10 Sep | Shift 1,General Intelligence and Reasoning,Analogy,Number analogy,operation across pair,Number analogy (a:b :: c:?),Symbolic MCQ,Easy,Medium,Easy,Digit-splitting,Find op mapping first pair; apply,Test squares/cubes first,Test options in mapping,35–60s,Whole-number ops,"Select the set in which the numbers are related in the same way as are the numbers of the following set. (7, 9, 48) (6, 8, 42) (NOTE: Operations should be performed on the whole numbers, without breaking down the numbers into its constituent digits. E.g. 13 – Operations on 13 such as adding/deleting/multiplying etc. to 13 can be performed. Breaking down 13 into 1 and 3 and then performing mathematical operations on 1 and 3 is not allowed.)"
REA-0191,2024,10 Sep | Shift 1,General Intelligence and Reasoning,Mathematical Operators,Sign-swap to balance,swap two operators,Sign-swap to balance,Symbolic MCQ,Easy,Low,Easy,No-bracket evaluation,Try option swaps; evaluate (BODMAS),Estimate-then-verify,Kill non-balancing fast,35–60s,BODMAS,Which two signs should be interchanged to make the following equation correct? 18 − 23 × 455 ÷ 7 + 28 = 377
REA-0192,2024,10 Sep | Shift 1,General Intelligence and Reasoning,Number / Alphabet Series,Alphabet-position series,A1Z26 logic,Alphabet-position series,Symbolic MCQ,Easy,Medium,Easy,Reading letters,Convert; find numeric rule,Same,Test numeric fit,30–55s,A1Z26 map,Select the option that represents the letters that when placed from left to right in the blanks below will complete the given letter series. L M B A _ H O L M B A C _ O L M _ A C H O L _ B A C H O L _
REA-0193,2024,10 Sep | Shift 1,General Intelligence and Reasoning,Dictionary & Word Formation,Dictionary order,letter-by-letter compare,Dictionary order,Reasoning MCQ,Easy,Low,Easy,Whole-word guess,Compare 1st differing letter,First-difference only,Sort pairwise,25–40s,Lexicographic compare,The position of how many letters will remain unchanged if each of the letters in the word ‘PRANKED’ is arranged in the English alphabetical order?
REA-0194,2024,10 Sep | Shift 1,General Intelligence and Reasoning,Blood Relations,Coded relation,decode then traverse,Coded relation (symbol map),Reasoning MCQ,Medium,Medium,Easy,Gender assumption,Substitute meanings; walk the tree,Draw tree top-down,Check gender markers,45–75s,Tree drawing,"In a certain code language, A # B means A is the sister of B. A @ B means A is the son of B. A & B means A is the wife of B. A % B means A is the father of B. How is Q related to R if P & Q % L # R & K?"
REA-0195,2024,10 Sep | Shift 1,General Intelligence and Reasoning,Mathematical Operators,Sign-swap to balance,swap two operators,Sign-swap to balance,Symbolic MCQ,Easy,Low,Easy,No-bracket evaluation,Try option swaps; evaluate (BODMAS),Estimate-then-verify,Kill non-balancing fast,35–60s,BODMAS,What will come in place of the question mark (?) in the following equation if ‘+’ and ‘÷’ are interchanged and ‘×’ and ‘–’ are interchanged? 4 − 12 + 3 ÷ 12 × 6 = ?
REA-0196,2024,10 Sep | Shift 1,General Intelligence and Reasoning,Mirror / Water Images,Mirror image,left-right flip,Mirror image (lateral inversion),Reasoning MCQ,Easy,Low,Easy,Water-flip confusion,Flip L-R; keep top-bottom,L-R flip only,Eliminate non-flipped,20–35s,Lateral inversion,Select the correct mirror image of the given figure when the mirror is placed at MN as shown below.
REA-0197,2024,10 Sep | Shift 1,General Intelligence and Reasoning,Number / Alphabet Series,Alternating alphabet pattern,two interleaved rules,Alternating alphabet pattern,Symbolic MCQ,Easy,Low,Easy,Single rule,Split odd/even terms,Parity check,Check parity fit,35–55s,Interleaving,"Which letter-cluster will replace the question mark (?) to complete the given series? ZVRN, VSPM, RPNL, ?, JJJJ"
REA-0198,2024,10 Sep | Shift 1,General Intelligence and Reasoning,Paper Folding & Cutting,Fold-punch-unfold trace,symmetric replication,Fold-punch-unfold trace,Reasoning MCQ,Easy,Low,Easy,Single-hole answer,Replay folds in reverse,Symmetry replication,Check symmetry axes,40–65s,Unfold reversal,A paper is folded and cut as shown below. How will it appear when unfolded?
REA-0199,2024,10 Sep | Shift 1,General Intelligence and Reasoning,Number / Alphabet Series,Mixed-operation series,combined rules,Mixed-operation series,Symbolic MCQ,Easy,Low,Easy,Single-rule force,Try halves/alternation/split,Option back-fit,Test options in sequence,45–75s,Multi-rule toolkit,"Select the number from among the given options that can replace the question mark (?) in the following series. 23, 27, 43, 79, 143, ?"
REA-0200,2024,10 Sep | Shift 1,General Intelligence and Reasoning,Embedded / Completion / Counting,Figure completion,symmetry fill,Figure completion,Reasoning MCQ,Easy,Low,Easy,Random fill,Mirror/rotate given part,Symmetry fill,Check symmetry fit,25–45s,Symmetry,Identify the figure given in the options which when put in place of the question mark (?) will logically complete the series?
REA-0201,2024,10 Sep | Shift 2,General Intelligence and Reasoning,Number / Alphabet Series,Alternating alphabet pattern,two interleaved rules,Alternating alphabet pattern,Symbolic MCQ,Easy,Low,Easy,Single rule,Split odd/even terms,Parity check,Check parity fit,35–55s,Interleaving,"Which of the following letter-clusters will replace the question mark (?) in the given series to make it logically complete? ICT, FES, CGR, ZIQ, ?"
REA-0202,2024,10 Sep | Shift 2,General Intelligence and Reasoning,Analogy,Number analogy,operation across pair,Number analogy (a:b :: c:?),Symbolic MCQ,Easy,Medium,Easy,Digit-splitting,Find op mapping first pair; apply,Test squares/cubes first,Test options in mapping,35–60s,Whole-number ops,"Select the pair in which the numbers are related to each other in the same way as are the numbers in the given pairs. (NOTE: Operations should be performed on the whole numbers, without breaking down the numbers into its constituent digits. E.g. 13 – Operations on 13 such as adding /deleting/multiplying etc. to 13 can be performed. Breaking down 13 into 1 and 3 and then performing mathematical operations on 1 and 3 is not allowed.) 12 : 25 11 : 23"
REA-0203,2024,10 Sep | Shift 2,General Intelligence and Reasoning,Analogy,Letter/term analogy,positional mapping,Letter/term analogy (positional),Symbolic MCQ,Easy,Low,Easy,Reading as words,Map shifts pair 1; apply to pair 2,Shift-map once,Check first-letter options,35–60s,A1Z26 shifts,Select the option that is related to the fifth letter-cluster in the same way as the second letter-cluster is related to the first letter-cluster and the fourth letter-cluster is related to the third letter-cluster. DOY:PAK ::BQM:NCY :: ILU:?
REA-0204,2024,10 Sep | Shift 2,General Intelligence and Reasoning,Coding-Decoding,Letter-shift transform,equal shift -2 per letter,Letter-shift transform (uniform),Symbolic MCQ,Easy,Low,Easy,First-letter only,Compute per-position shift; apply,First-letter shift only,Verify all positions,30–50s,A1Z26 shifts,"In a certain code language, ‘TIZZ’ is written as ‘VKBB’ and ‘QOPH’ is written as ‘SQRJ’. How will ‘CKAU’ be written in that language?"
REA-0205,2024,10 Sep | Shift 2,General Intelligence and Reasoning,Analogy,Number analogy,operation across pair,Number analogy (a:b :: c:?),Symbolic MCQ,Easy,Medium,Easy,Digit-splitting,Find op mapping first pair; apply,Test squares/cubes first,Test options in mapping,35–60s,Whole-number ops,"104 is related to 13 following a certain logic. Following the same logic, 136 is related to 17. To which of the following is 232 related, following the same logic? (NOTE: Operations should be performed on the whole numbers, without breaking down the numbers into its constituent digits. E.g. 13 – Operations on 13 such as adding /deleting /multiplying etc. to 13 can be performed. Breaking down 13 into 1 and 3 and then performing mathematical operations on 1 and 3 is not allowed)"
REA-0206,2024,10 Sep | Shift 2,General Intelligence and Reasoning,Dictionary & Word Formation,Dictionary order,letter-by-letter compare,Dictionary order,Reasoning MCQ,Easy,Medium,Easy,Whole-word guess,Compare 1st differing letter,First-difference only,Sort pairwise,25–40s,Lexicographic compare,Each vowel in the word ‘SIMILAR’ is changed to the following letter in the English alphabetical order and each consonant is changed to the preceding letter in the English alphabetical order. How many letters are there in the English alphabetical order between the letter which is the second from the left end and the third from the left end in the group of letters thus formed?
REA-0207,2024,10 Sep | Shift 2,General Intelligence and Reasoning,Classification / Odd-One-Out,Group-of-four odd-out,arithmetic property,Group-of-four odd-out (content in options),Symbolic MCQ,Easy,Medium,Easy,Single-option focus,Test divisibility/parity/squares per option,Parity/divisibility first,Kill three alike,30–50s,Number properties,"Three of the following number-pairs are alike in some manner and hence form a group. Which number-pair does not belong to that group? (NOTE: Operations should be performed on the whole numbers, without breaking down the numbers into its constituent digits. E.g. 13 – Operations on 13 such as adding/subtracting/multiplying etc. to 13 can be performed. Breaking down 13 into 1 and 3 and then performing mathematical operations on 1 and 3 is not allowed.)"
REA-0208,2024,10 Sep | Shift 2,General Intelligence and Reasoning,Mirror / Water Images,Mirror image,left-right flip,Mirror image (lateral inversion),Reasoning MCQ,Easy,Low,Easy,Water-flip confusion,Flip L-R; keep top-bottom,L-R flip only,Eliminate non-flipped,20–35s,Lateral inversion,Select the correct mirror image of the given figure when the mirror is placed at MN.
REA-0209,2024,10 Sep | Shift 2,General Intelligence and Reasoning,Number / Alphabet Series,Alphabet-position series,A1Z26 logic,Alphabet-position series,Symbolic MCQ,Easy,Medium,Easy,Reading letters,Convert; find numeric rule,Same,Test numeric fit,30–55s,A1Z26 map,Select the option that represents the letters that when placed from left to right in the blanks below will complete the given letter series. D F _ I J O D _ H I J O _ F H I J O D F _ I J O D _
REA-0210,2024,10 Sep | Shift 2,General Intelligence and Reasoning,Mathematical Operators,Sign-swap to balance,swap two operators,Sign-swap to balance,Symbolic MCQ,Easy,Low,Easy,No-bracket evaluation,Try option swaps; evaluate (BODMAS),Estimate-then-verify,Kill non-balancing fast,35–60s,BODMAS,Which two numbers (not digits) should be interchanged to make the given equation correct? 116 - 92 ÷ 4 + 25 × 2 - 20 = 150
REA-0211,2024,10 Sep | Shift 2,General Intelligence and Reasoning,Embedded / Completion / Counting,Figure completion,symmetry fill,Figure completion,Reasoning MCQ,Easy,Low,Easy,Random fill,Mirror/rotate given part,Symmetry fill,Check symmetry fit,25–45s,Symmetry,Identify the figure given in the options which when put in place of ? will logically complete the series.
REA-0212,2024,10 Sep | Shift 2,General Intelligence and Reasoning,Analogy,Number analogy,operation across pair,Number analogy (a:b :: c:?),Symbolic MCQ,Easy,Medium,Easy,Digit-splitting,Find op mapping first pair; apply,Test squares/cubes first,Test options in mapping,35–60s,Whole-number ops,"Select the set in which the numbers are related in the same way as are the numbers of the following sets. (NOTE: Operations should be performed on the whole numbers, without breaking down the numbers into its constituent digits. E.g. 13 – Operations on 13 such as adding /deleting /multiplying etc. to 13 can be performed. Breaking down 13 into 1 and 3 and then performing mathematical operations on 1 and 3 is not allowed.) (25, 300, 6) (19, 342, 9)"
REA-0213,2024,10 Sep | Shift 2,General Intelligence and Reasoning,Analogy,Letter/term analogy,positional mapping,Letter/term analogy (positional),Symbolic MCQ,Easy,Medium,Easy,Reading as words,Map shifts pair 1; apply to pair 2,Shift-map once,Check first-letter options,35–60s,A1Z26 shifts,Select the option that is related to the fifth letter-cluster in the same way as the second letter-cluster is related to the first letter-cluster and the fourth letter-cluster is related to the third letter-cluster. BACK : CCBI : : TEST : UGRR : : WORK : ?
REA-0214,2024,10 Sep | Shift 2,General Intelligence and Reasoning,Mirror / Water Images,Mirror image,left-right flip,Mirror image (lateral inversion),Reasoning MCQ,Easy,Low,Easy,Water-flip confusion,Flip L-R; keep top-bottom,L-R flip only,Eliminate non-flipped,20–35s,Lateral inversion,Select the correct mirror image of the given figure when the mirror is placed at MN.
REA-0215,2024,10 Sep | Shift 2,General Intelligence and Reasoning,Number / Alphabet Series,Second-order AP,second diff=2,Second-order AP (increasing differences),Symbolic MCQ,Easy,Low,Easy,Constant-diff guess,Build difference table,Last gap + last diff,Check last-gap options,30–50s,Difference tables,"Select the number from among the given options that can replace the question mark (?) in the following series. 543, 518, 495, 474, 455, ?"
REA-0216,2024,10 Sep | Shift 2,General Intelligence and Reasoning,Coding-Decoding,Alphanumeric / position-sum coding,letters ↔ numbers,Alphanumeric / position-sum coding,Symbolic MCQ,Easy,Low,Easy,A=0 indexing,Sum positions / reverse-sum; test,Position sums first,Verify sums match,30–50s,A1Z26 sums,"In a certain code language, ‘COWS’ is coded as ‘7935’ and ‘OILY’ is coded as ‘2568’. What is the code for ‘O’ in that language?"
REA-0217,2024,10 Sep | Shift 2,General Intelligence and Reasoning,Syllogism & Conclusions,Standard syllogism,Venn chains,Standard syllogism (statements + conclusions),Statement battery,Medium,Medium,Easy,Middle-term leap,Draw overlapping circles; test each conclusion,Universal-first diagram,Kill absolute-word conclusions,45–75s,Venn method,"Read the given statements and conclusions carefully. Assuming that the information given in the statements is true, even if it appears to be at variance with commonly known facts, decide which of the given conclusions logically follow(s) from the statements. Statements: Some bags are purses. All purses are wallets. All wallets are sacks. Conclusions: (I) All purses are sacks. (II) Some wallets are bags."
REA-0218,2024,10 Sep | Shift 2,General Intelligence and Reasoning,Figure Series,Figure series completion,visual rule per step,Figure series completion (?),Reasoning MCQ,Easy,Low,Easy,Single-feature lock,Test rotation/count/shading/element rules stepwise,One-change scan,Test options in slot,50–80s,Visual rules,Which figure should replace the question mark (?) if the following series were to be continued?
REA-0219,2024,10 Sep | Shift 2,General Intelligence and Reasoning,Dice & Cubes,Standard dice opposite-face,adjacent-never-opposite,Standard dice opposite-face,Reasoning MCQ,Easy,Low,Easy,Opposite adjacency,Common-face rotation / adjacency elimination,Adjacency kills opposite,Check adjacency claims,30–50s,Dice nets,"Six letters U, V, W, X, Y and Z are written on different faces of a dice. Two positions of this dice are shown in the figure below. Find the letter on the face opposite to Z."
REA-0220,2024,10 Sep | Shift 2,General Intelligence and Reasoning,Mathematical Operators,Sign-swap to balance,swap two operators,Sign-swap to balance,Symbolic MCQ,Easy,Low,Easy,No-bracket evaluation,Try option swaps; evaluate (BODMAS),Estimate-then-verify,Kill non-balancing fast,35–60s,BODMAS,Which two numbers (not digits) should be interchanged to make the given equation correct? 72 – 6 + (18 ÷ 4) + 17 – (22 × 2) = 44
REA-0221,2024,10 Sep | Shift 2,General Intelligence and Reasoning,Blood Relations,Coded relation,decode then traverse,Coded relation (symbol map),Reasoning MCQ,Medium,Medium,Easy,Gender assumption,Substitute meanings; walk the tree,Draw tree top-down,Check gender markers,45–75s,Tree drawing,"In a certain code language, A + B means ‘A is the brother of B’. A − B means ‘A is the father of B’. A × B means ‘A is the mother of B’. A ÷ B means ‘A is the wife of B’. Based on the above, how is P related to T if ‘P × Q + R ÷ S − T’?"
REA-0222,2024,10 Sep | Shift 2,General Intelligence and Reasoning,Embedded / Completion / Counting,Count geometric figures,systematic enumeration,Count geometric figures,Reasoning MCQ,Easy,Low,Easy,Double counting,Count by size class; sum,Size-class table,Verify against options,45–75s,Class-wise count,How many triangles are there in the given figure?
REA-0223,2024,10 Sep | Shift 2,General Intelligence and Reasoning,Classification / Odd-One-Out,Group-of-four odd-out,arithmetic property,Group-of-four odd-out (content in options),Symbolic MCQ,Easy,Medium,Easy,Single-option focus,Test divisibility/parity/squares per option,Parity/divisibility first,Kill three alike,30–50s,Number properties,Three of the following four are alike in a certain way and thus form a group. Which is the one that does NOT belong to that group? The odd one out is not based on the number of consonants/vowels or their position in the letter cluster
REA-0224,2024,10 Sep | Shift 2,General Intelligence and Reasoning,Syllogism & Conclusions,Three-statement syllogism,Venn chains,Three-statement syllogism,Statement battery,Medium,Medium,Easy,Middle-term leap,Draw overlapping circles; test each conclusion,Universal-first diagram,Kill false conclusions,45–75s,Venn method,"Three statements are given, followed by three conclusions numbered I, II and III. Assuming the statements to be true, even if they seem to be at variance with commonly known facts, decide which of the conclusions logically follow(s) from the statements. Statements: No bench is chair. All sofas are benches. All tables are sofas. Conclusions: I. No table is a chair. II. Some sofas are chairs. III. All tables are benches."
REA-0225,2024,10 Sep | Shift 2,General Intelligence and Reasoning,Dice & Cubes,Standard dice opposite-face,adjacent-never-opposite,Standard dice opposite-face,Reasoning MCQ,Easy,Low,Easy,Opposite adjacency,Common-face rotation / adjacency elimination,Adjacency kills opposite,Check adjacency claims,30–50s,Dice nets,"Six letters A, T, M, P, S and R are written on different faces of a dice. Two positions of this dice are shown in the figure below. Find the letter on the face opposite to the one having R."
REA-0226,2024,10 Sep | Shift 3,General Intelligence and Reasoning,Classification / Odd-One-Out,Group-of-four odd-out,arithmetic property,Group-of-four odd-out (content in options),Symbolic MCQ,Easy,Medium,Easy,Single-option focus,Test divisibility/parity/squares per option,Parity/divisibility first,Kill three alike,30–50s,Number properties,"Three of the following four options are alike in a certain way and thus form a group. Which is the one that does NOT belong to that group? (NOTE: Operations should be performed on the whole numbers, without breaking down the numbers into its constituent digits. E.g. 13 – Operations on 13 such as adding/subtracting/multiplying etc. to 13 can be performed. Breaking down 13 into 1 and 3 and then performing mathematical operations on 1 and 3 is not allowed.)"
REA-0227,2024,10 Sep | Shift 3,General Intelligence and Reasoning,Blood Relations,Coded relation,decode then traverse,Coded relation (symbol map),Reasoning MCQ,Medium,Medium,Easy,Gender assumption,Substitute meanings; walk the tree,Draw tree top-down,Check gender markers,45–75s,Tree drawing,"In a certain code language, ‘A + B’ means ‘A is the mother of B’; ‘A − B’ means ‘A is the brother of B’; ‘A × B’ means ‘A is the wife of B’ and ‘A ÷ B’ means ‘A is the father of B’. Based on the above, how is 5 related to 3 if ‘5 − 2 × 4 ÷ 3’?"
REA-0228,2024,10 Sep | Shift 3,General Intelligence and Reasoning,Coding-Decoding,Alphanumeric / position-sum coding,letters ↔ numbers,Alphanumeric / position-sum coding,Symbolic MCQ,Easy,Low,Easy,A=0 indexing,Sum positions / reverse-sum; test,Position sums first,Verify sums match,30–50s,A1Z26 sums,"In a certain code language, ‘VERY’ is written as ‘6314’ and ‘VARY’ is written as ‘1438’. How will ‘A’ be written in that language?"
REA-0229,2024,10 Sep | Shift 3,General Intelligence and Reasoning,Analogy,Letter/term analogy,positional mapping,Letter/term analogy (positional),Symbolic MCQ,Easy,Low,Easy,Reading as words,Map shifts pair 1; apply to pair 2,Shift-map once,Check first-letter options,35–60s,A1Z26 shifts,Select the option that is related to the fifth term in the same way as the second term is related to the first term and the fourth term is related to the third term. SWEET : WSETE :: SALTY : ASLYT :: DRINK : ?
REA-0230,2024,10 Sep | Shift 3,General Intelligence and Reasoning,Analogy,Number analogy,operation across pair,Number analogy (a:b :: c:?),Symbolic MCQ,Easy,Medium,Easy,Digit-splitting,Find op mapping first pair; apply,Test squares/cubes first,Test options in mapping,35–60s,Whole-number ops,"Select the set in which the numbers are related in the same way as are the numbers of the following sets. (173, 246) (148, 196) (NOTE: Operations should be performed on the whole numbers, without breaking down the numbers into its constituent digits. E.g. 13 – Operations on 13 such as adding /deleting /multiplying etc. to 13 can be performed. Breaking down 13 into 1 and 3 and then performing mathematical operations on 1 and 3 is not allowed)"
REA-0231,2024,10 Sep | Shift 3,General Intelligence and Reasoning,Figure-Based (Image),Figure task,visual reasoning,Figure task (needs PDF),Figure-based,Easy,Low,Easy,—,Refer original PDF figure,Same,As applicable,60–90s,—,[image/figure-based content -- see original PDF]
REA-0232,2024,10 Sep | Shift 3,General Intelligence and Reasoning,Analogy,Number analogy,operation across pair,Number analogy (a:b :: c:?),Symbolic MCQ,Easy,Medium,Easy,Digit-splitting,Find op mapping first pair; apply,Test squares/cubes first,Test options in mapping,35–60s,Whole-number ops,"Select the set in which the numbers are related in the same way as are the numbers of the following set. (121, 93, 214) (115, 87, 202) (NOTE: Operations should be performed on the whole numbers, without breaking down the numbers into its constituent digits. E.g. 13 – Operations on 13 such as adding/deleting/multiplying etc. to 13 can be performed. Breaking down 13 into 1 and 3 and then performing mathematical operations on 1 and 3 is not allowed.)"
REA-0233,2024,10 Sep | Shift 3,General Intelligence and Reasoning,Paper Folding & Cutting,Fold-punch-unfold trace,symmetric replication,Fold-punch-unfold trace,Reasoning MCQ,Easy,Low,Easy,Single-hole answer,Replay folds in reverse,Symmetry replication,Check symmetry axes,40–65s,Unfold reversal,The sequence of folding a paper and the manner in which the folded paper is cut is shown in the following figures. How would this paper look when unfolded?
REA-0234,2024,10 Sep | Shift 3,General Intelligence and Reasoning,Number / Alphabet Series,Alphabet-position series,A1Z26 logic,Alphabet-position series,Symbolic MCQ,Easy,Low,Easy,Reading letters,Convert; find numeric rule,Same,Test numeric fit,30–55s,A1Z26 map,Select the option that represents the letters that when placed from left to right in the blanks below will complete the given letter series. P Q _ S _ P P Q P _ A P P Q _ S A P _ Q
REA-0235,2024,10 Sep | Shift 3,General Intelligence and Reasoning,Coding-Decoding,General code transform,encode/decode map,General code transform,Symbolic MCQ,Easy,Low,Hard,Assuming shift,Map Q→option transforms,Position map,Verify mapping,35–60s,Transform inventory,"In a certain code language, ‘make some more’ is coded as ‘pb gq st’ and ‘need more time’ is coded as ‘ru ek gq’. What is the code for ‘more’ in that language?"
REA-0236,2024,10 Sep | Shift 3,General Intelligence and Reasoning,Mirror / Water Images,Mirror image,left-right flip,Mirror image (lateral inversion),Reasoning MCQ,Easy,Low,Easy,Water-flip confusion,Flip L-R; keep top-bottom,L-R flip only,Eliminate non-flipped,20–35s,Lateral inversion,Select the correct mirror image of the given figure when the mirror is placed at MN.
REA-0237,2024,10 Sep | Shift 3,General Intelligence and Reasoning,Blood Relations,Direct relation,single-hop map,Direct relation (1–2 links),Reasoning MCQ,Medium,Medium,Easy,Gender flip,Direct map; check gender,Same,Verify gender,25–40s,Relation map,Select the word pair that best represents a similar relationship to the one expressed in the pair of words given below. (The words must be considered as meaningful English words and must not be related to each other based on the number of letters/number of consonants/vowels in the word) Presence : Abundance
REA-0238,2024,10 Sep | Shift 3,General Intelligence and Reasoning,Embedded / Completion / Counting,Count geometric figures,systematic enumeration,Count geometric figures,Reasoning MCQ,Easy,Low,Easy,Double counting,Count by size class; sum,Size-class table,Verify against options,45–75s,Class-wise count,How many squares are there in the given figure?
REA-0239,2024,10 Sep | Shift 3,General Intelligence and Reasoning,Embedded / Completion / Counting,Figure completion,symmetry fill,Figure completion,Reasoning MCQ,Easy,Low,Easy,Random fill,Mirror/rotate given part,Symmetry fill,Check symmetry fit,25–45s,Symmetry,Identify the figure given in the options which when put in place of the question mark (?) will logically complete the series?
REA-0240,2024,10 Sep | Shift 3,General Intelligence and Reasoning,Number / Alphabet Series,Alternating alphabet pattern,two interleaved rules,Alternating alphabet pattern,Symbolic MCQ,Easy,Low,Easy,Single rule,Split odd/even terms,Parity check,Check parity fit,35–55s,Interleaving,"Which of the following letter-clusters will replace the question mark (?) in the given series to make it logically complete? NUT, RYX, VCB, ZGF, ?"
REA-0241,2024,10 Sep | Shift 3,General Intelligence and Reasoning,Dice & Cubes,Standard dice opposite-face,adjacent-never-opposite,Standard dice opposite-face,Reasoning MCQ,Easy,Low,Easy,Opposite adjacency,Common-face rotation / adjacency elimination,Adjacency kills opposite,Check adjacency claims,30–50s,Dice nets,"Six letters K, L, M, N, O and P are written on different faces of a dice. Three positions of this dice are shown in the figure. Find the letter on the face opposite to M."
REA-0242,2024,10 Sep | Shift 3,General Intelligence and Reasoning,Analogy,Number analogy,operation across pair,Number analogy (a:b :: c:?),Symbolic MCQ,Easy,Medium,Easy,Digit-splitting,Find op mapping first pair; apply,Test squares/cubes first,Test options in mapping,35–60s,Whole-number ops,"62 is related to 79 following certain logic. Following the same logic, 98 is related to 119. To which of the following numbers is 14 related, following the same logic? (NOTE : Operations should be performed on the whole numbers, without breaking down the numbers into its constituent digits. E.g. 13 – Operations on 13 such as adding /deleting /multiplying etc., to 13 can be performed. Breaking down 13 into 1 and 3 and then performing mathematical operations on 1 and 3 is not allowed.)"
REA-0243,2024,10 Sep | Shift 3,General Intelligence and Reasoning,Figure Series,Figure series completion,visual rule per step,Figure series completion (?),Reasoning MCQ,Easy,Low,Easy,Single-feature lock,Test rotation/count/shading/element rules stepwise,One-change scan,Test options in slot,50–80s,Visual rules,Select the figure from among the given options that can replace the question mark (?) in the following series.
REA-0244,2024,10 Sep | Shift 3,General Intelligence and Reasoning,Mathematical Operators,Sign-swap to balance,swap two operators,Sign-swap to balance,Symbolic MCQ,Easy,Low,Easy,No-bracket evaluation,Try option swaps; evaluate (BODMAS),Estimate-then-verify,Kill non-balancing fast,35–60s,BODMAS,"What will come in the place of ‘?’ in the following equation, if ‘÷’ and ‘–‘ are interchanged and ‘×’ and ‘+’ are interchanged? 15 × 9 + 7÷ 26 – 13 = ?"
REA-0245,2024,10 Sep | Shift 3,General Intelligence and Reasoning,Dice & Cubes,Standard dice opposite-face,adjacent-never-opposite,Standard dice opposite-face,Reasoning MCQ,Easy,Low,Easy,Opposite adjacency,Common-face rotation / adjacency elimination,Adjacency kills opposite,Check adjacency claims,30–50s,Dice nets,"Two different positions of the same dice with faces 3, 7, 8, 2, 9 and 4 are shown below. Select the number that will be on the face opposite to the one having 4."
REA-0246,2024,10 Sep | Shift 3,General Intelligence and Reasoning,Dictionary & Word Formation,Dictionary order,letter-by-letter compare,Dictionary order,Reasoning MCQ,Easy,Medium,Easy,Whole-word guess,Compare 1st differing letter,First-difference only,Sort pairwise,25–40s,Lexicographic compare,All of the letters in the word ‘WISDOM’ are arranged in alphabetical order. How many letters are there in the English alphabetical series between the letter which is third from the left end and the one which is second from the right end in the new letter- cluster thus formed?
REA-0247,2024,10 Sep | Shift 3,General Intelligence and Reasoning,Classification / Odd-One-Out,Group-of-four odd-out,arithmetic property,Group-of-four odd-out (content in options),Symbolic MCQ,Easy,Medium,Easy,Single-option focus,Test divisibility/parity/squares per option,Parity/divisibility first,Kill three alike,30–50s,Number properties,Three of the following four are alike in a certain way and thus form a group. Which is the one that does NOT belong to that group? ( Note :The odd one out is not based on the number of consonants/vowels or their position in the letter cluster)
REA-0248,2024,10 Sep | Shift 3,General Intelligence and Reasoning,Number / Alphabet Series,Squares / cubes pattern,perfect powers in order,Squares / cubes pattern,Symbolic MCQ,Easy,Low,Easy,Linear fit,Root sequence; extend,Root check,Check root fit,25–40s,Power list,"Which of the following numbers will replace the question marks (?) in the given series? 4, ?, ?, 49, 121, 169, 289"
REA-0249,2024,10 Sep | Shift 3,General Intelligence and Reasoning,Mathematical Operators,Sign-swap to balance,swap two operators,Sign-swap to balance,Symbolic MCQ,Easy,Low,Easy,No-bracket evaluation,Try option swaps; evaluate (BODMAS),Estimate-then-verify,Kill non-balancing fast,35–60s,BODMAS,"Select the number that will come in the place of the question mark(?), if ‘+’ and ‘ – ‘ are interchanged and ‘×’ and ‘÷’ are interchanged 11 ÷ 12 – 78 × 6 + 57 = ?"
REA-0250,2024,10 Sep | Shift 3,General Intelligence and Reasoning,Figure-Based (Image),Figure task,visual reasoning,Figure task (needs PDF),Figure-based,Easy,Low,Easy,—,Refer original PDF figure,Same,As applicable,60–90s,—,[image/figure-based content -- see original PDF]
REA-0251,2024,11 Sep | Shift 1,General Intelligence and Reasoning,Mathematical Operators,Sign-swap to balance,swap two operators,Sign-swap to balance,Symbolic MCQ,Easy,Low,Easy,No-bracket evaluation,Try option swaps; evaluate (BODMAS),Estimate-then-verify,Kill non-balancing fast,35–60s,BODMAS,Which two numbers (not digits) should be interchanged to make the given equation correct? 48 ÷ 3 + 12 × 4 – 6 × 7 + 21 = 27
REA-0252,2024,11 Sep | Shift 1,General Intelligence and Reasoning,Analogy,Number analogy,operation across pair,Number analogy (a:b :: c:?),Symbolic MCQ,Medium,High,Easy,Digit-splitting,Find op mapping first pair; apply,Test squares/cubes first,Test options in mapping,35–60s,Whole-number ops,"In the following number-pairs, the second number is obtained by applying certain mathematical operations to the first number. Select the set in which the numbers are related in the same way as are the numbers of the following sets. (NOTE : Operations should be performed on the whole numbers, without breaking down the numbers into its constituent digits. E.g. 13 – Operations on 13 such as adding /deleting /multiplying etc., to 13 can be performed. Breaking down 13 into 1 and 3 and then performing mathematical operations on 1 and 3 is not allowed.) (280, 140) (186, 93)"
REA-0253,2024,11 Sep | Shift 1,General Intelligence and Reasoning,Embedded / Completion / Counting,Count geometric figures,systematic enumeration,Count geometric figures,Reasoning MCQ,Easy,Low,Easy,Double counting,Count by size class; sum,Size-class table,Verify against options,45–75s,Class-wise count,How many triangles are there in the given figure?
REA-0254,2024,11 Sep | Shift 1,General Intelligence and Reasoning,Syllogism & Conclusions,Three-statement syllogism,Venn chains,Three-statement syllogism,Statement battery,Medium,Medium,Easy,Middle-term leap,Draw overlapping circles; test each conclusion,Universal-first diagram,Kill false conclusions,45–75s,Venn method,"Three statements are given, followed by three conclusions numbered I, II and III. Assuming the statements to be true, even if they seem to be at variance with commonly known facts, decide which of the conclusions logically follow(s) from the statements. Statements: All bottles are jugs. Some bottles are flasks. All flasks are bins. Conclusions: I. Some bottles are bins. II. Some jugs are bins. III. Some flasks are jugs."
REA-0255,2024,11 Sep | Shift 1,General Intelligence and Reasoning,Embedded / Completion / Counting,Figure completion,symmetry fill,Figure completion,Reasoning MCQ,Easy,Low,Easy,Random fill,Mirror/rotate given part,Symmetry fill,Check symmetry fit,25–45s,Symmetry,Identify the figure given in the options which when put in place of ? will logically complete the series.
REA-0256,2024,11 Sep | Shift 1,General Intelligence and Reasoning,Blood Relations,Coded relation,decode then traverse,Coded relation (symbol map),Reasoning MCQ,Medium,Medium,Easy,Gender assumption,Substitute meanings; walk the tree,Draw tree top-down,Check gender markers,45–75s,Tree drawing,"In a certain code language, A + B means ‘A is the son of B’, A − B means ‘A is the wife of B’, A × B means ‘A is the brother of B’ and A ÷ B means ‘A is the mother of B’. Based on the above, if ‘P + Q ÷ R − T × M’, which of the following is true?"
REA-0257,2024,11 Sep | Shift 1,General Intelligence and Reasoning,Analogy,Letter/term analogy,positional mapping,Letter/term analogy (positional),Symbolic MCQ,Easy,Medium,Easy,Reading as words,Map shifts pair 1; apply to pair 2,Shift-map once,Check first-letter options,35–60s,A1Z26 shifts,Select the option that is related to the fifth letter-cluster in the same way as the second letter-cluster is related to the first letter-cluster and the fourth letter-cluster is related to the third letter-cluster. RATE : SCWI : : HIGH : IKJL : : OPEN : ?
REA-0258,2024,11 Sep | Shift 1,General Intelligence and Reasoning,Coding-Decoding,Alphanumeric / position-sum coding,letters ↔ numbers,Alphanumeric / position-sum coding,Symbolic MCQ,Easy,Low,Easy,A=0 indexing,Sum positions / reverse-sum; test,Position sums first,Verify sums match,30–50s,A1Z26 sums,"In a certain code language, ‘CONFUSED’ is coded as ‘7’ and ‘CHAIN’ is coded as ‘4’. How will ‘ADULTHOOD’ be coded in that language?"
REA-0259,2024,11 Sep | Shift 1,General Intelligence and Reasoning,Blood Relations,Direct relation,single-hop map,Direct relation (1–2 links),Reasoning MCQ,Medium,Medium,Easy,Gender flip,Direct map; check gender,Same,Verify gender,25–40s,Relation map,The question contains pairs of words that are related to each other in a certain way. Three of the following four word pairs are alike as these have the same relationship and thus form a group. Which word pair is the one that DOES NOT belong to that group? (The words must be considered as meaningful English words and must not be related to each other based on the number of letters / number of consonants/vowels in the word.)
REA-0260,2024,11 Sep | Shift 1,General Intelligence and Reasoning,Number / Alphabet Series,Letter-blank fill series,slot completion,Letter-blank fill series (A_BB…),Symbolic MCQ,Easy,Low,Easy,Left-to-right guess,Find repeating block; fill,Block-length test,Test block options,30–50s,Repeating blocks,Select the combination of letters that when sequentially placed in the blanks of the given series will complete the series. q p _ r _ r q _ p _ r p _ q _ p r _ p _ q
REA-0261,2024,11 Sep | Shift 1,General Intelligence and Reasoning,Number / Alphabet Series,Mixed-operation series,combined rules,Mixed-operation series,Symbolic MCQ,Easy,Low,Easy,Single-rule force,Try halves/alternation/split,Option back-fit,Test options in sequence,45–75s,Multi-rule toolkit,"Which of the following numbers will replace the question mark (?) in the given series? 17, 38, 84, ?, 376, 772"
REA-0262,2024,11 Sep | Shift 1,General Intelligence and Reasoning,Mirror / Water Images,Mirror image,left-right flip,Mirror image (lateral inversion),Reasoning MCQ,Easy,Low,Easy,Water-flip confusion,Flip L-R; keep top-bottom,L-R flip only,Eliminate non-flipped,20–35s,Lateral inversion,Select the correct mirror image of the given figure when the mirror is placed at MN as shown.
REA-0263,2024,11 Sep | Shift 1,General Intelligence and Reasoning,Mathematical Operators,Odd operation-pair out,common operation,Odd operation-pair out,Symbolic MCQ,Easy,Medium,Easy,Single-pair rule,Extract op from two pairs; test rest,Difference/ratio scan,Test candidate odd,35–60s,Operation scan,"The same operation(s) are followed in all the given number pairs except one. Find that odd number pair. (NOTE : Operations should be performed on the whole numbers, without breaking down the numbers into its constituent digits. E.g. 13 – Operations on 13 such as adding /deleting /multiplying etc., to 13 can be performed. Breaking down 13 into 1 and 3 and then performing mathematical operations on 1 and 3 is not allowed.)"
REA-0264,2024,11 Sep | Shift 1,General Intelligence and Reasoning,Number / Alphabet Series,Alternating alphabet pattern,two interleaved rules,Alternating alphabet pattern,Symbolic MCQ,Easy,Low,Easy,Single rule,Split odd/even terms,Parity check,Check parity fit,35–55s,Interleaving,"Which of the following terms will replace the question mark (?) in the given series? GASM, CCOO, YEKQ, ? , QICU"
REA-0265,2024,11 Sep | Shift 1,General Intelligence and Reasoning,Paper Folding & Cutting,Fold-punch-unfold trace,symmetric replication,Fold-punch-unfold trace,Reasoning MCQ,Easy,Low,Easy,Single-hole answer,Replay folds in reverse,Symmetry replication,Check symmetry axes,40–65s,Unfold reversal,A paper is folded and cut as shown below. How will it appear when unfolded?
REA-0266,2024,11 Sep | Shift 1,General Intelligence and Reasoning,Analogy,Word analogy,relation mapping,Word analogy (Hindi stem),Symbolic MCQ,Easy,Medium,Easy,Vague association,Name relation in pair 1 (Hindi); apply,Relation naming,Eliminate unrelated,25–40s,Relation vocabulary,उस विकल्प का चयन करें जो तीसरे शब्द से उसी प्रकार संबंधित है जैसे दूसरा शब्द पहले शब्द से संबंधित है। (शब्दोंों को अर्थपूर्ण अंग्रेेजी शब्दोंों के रूप में माना जाना चाहिए और शब्द आपस में अक्षरों की संख्याा/व्यंंजन/स्वरों की संख्याा के आधार पर एक दूसरे से संबंधित नहीं होना चाहिए) कटुता : मानवता :: संभालना : ?
REA-0267,2024,11 Sep | Shift 1,General Intelligence and Reasoning,Dictionary & Word Formation,Dictionary order,letter-by-letter compare,Dictionary order,Reasoning MCQ,Easy,Low,Easy,Whole-word guess,Compare 1st differing letter,First-difference only,Sort pairwise,25–40s,Lexicographic compare,The position(s) of how many letters will remain unchanged if all the letters in the word ‘MEADOW’ are arranged in English alphabetical order?
REA-0268,2024,11 Sep | Shift 1,General Intelligence and Reasoning,Paper Folding & Cutting,Fold-punch-unfold trace,symmetric replication,Fold-punch-unfold trace,Reasoning MCQ,Easy,Low,Easy,Single-hole answer,Replay folds in reverse,Symmetry replication,Check symmetry axes,40–65s,Unfold reversal,A paper is folded and cut as shown below. How will it appear when unfolded?
REA-0269,2024,11 Sep | Shift 1,General Intelligence and Reasoning,Analogy,General analogy,relation mapping,General analogy,Symbolic MCQ,Easy,Low,Hard,Vague association,Name relation in pair 1; apply,Relation naming,Eliminate unrelated,30–55s,Relation vocabulary,‘Summer’ is related to ‘Season’ in the same way as ‘Cotton’ is related to ‘________’.
REA-0270,2024,11 Sep | Shift 1,General Intelligence and Reasoning,Analogy,Number analogy,operation across pair,Number analogy (a:b :: c:?),Symbolic MCQ,Easy,Medium,Easy,Digit-splitting,Find op mapping first pair; apply,Test squares/cubes first,Test options in mapping,35–60s,Whole-number ops,"16 is related to 112 following a certain logic. Following the same logic, 26 is related to 182. To which of the following is 44 related, following the same logic? (NOTE: Operations should be performed on the whole numbers, without breaking down the numbers into its constituent digits. E.g. 13 – Operations on 13 such as adding /deleting /multiplying etc. to 13 can be performed. Breaking down 13 into 1 and 3 and then performing mathematical operations on 1 and 3 is not allowed)"
REA-0271,2024,11 Sep | Shift 1,General Intelligence and Reasoning,Analogy,Number analogy,operation across pair,Number analogy (a:b :: c:?),Symbolic MCQ,Easy,Medium,Easy,Digit-splitting,Find op mapping first pair; apply,Test squares/cubes first,Test options in mapping,35–60s,Whole-number ops,"8 is related to 512 following a certain logic. Following the same logic, 12 is related to 1728. To which of the following is 15 related, following the same logic? (NOTE: Operations should be performed on the whole numbers, without breaking down the numbers into its constituent digits. E.g. 13 – Operations on 13 such as adding /deleting /multiplying etc. to 13 can be performed. Breaking down 13 into 1 and 3 and then performing mathematical operations on 1 and 3 is not allowed)"
REA-0272,2024,11 Sep | Shift 1,General Intelligence and Reasoning,Mathematical Operators,Sign-swap to balance,swap two operators,Sign-swap to balance,Symbolic MCQ,Easy,Low,Easy,No-bracket evaluation,Try option swaps; evaluate (BODMAS),Estimate-then-verify,Kill non-balancing fast,35–60s,BODMAS,"What will come in place of the question mark (?) in the following equation, if ‘+’ and ‘–’ are interchanged and ‘×’ and ‘÷’ are interchanged? 14014 × 14 – 10 ÷ 8 + 14 = ?"
REA-0273,2024,11 Sep | Shift 1,General Intelligence and Reasoning,Figure Series,Figure series completion,visual rule per step,Figure series completion (?),Reasoning MCQ,Easy,Low,Easy,Single-feature lock,Test rotation/count/shading/element rules stepwise,One-change scan,Test options in slot,50–80s,Visual rules,Which figure should replace the question mark (?) if the following series were to be continued?
REA-0274,2024,11 Sep | Shift 1,General Intelligence and Reasoning,Embedded / Completion / Counting,Embedded,part-whole spotting,Embedded (hidden) figure,Reasoning MCQ,Easy,Low,Easy,Rotated blindness,Match lines/angles inventory,Distinctive-part hunt,Eliminate size-mismatch,30–50s,Line inventory,"Figure X is followed by four figures numbered (1), (2), (3), (4). Identify the figure among the four in which figure X is embedded (i.e. contains figure X in the same form)."
REA-0275,2024,11 Sep | Shift 1,General Intelligence and Reasoning,Coding-Decoding,Alphanumeric / position-sum coding,letters ↔ numbers,Alphanumeric / position-sum coding,Symbolic MCQ,Easy,Low,Easy,A=0 indexing,Sum positions / reverse-sum; test,Position sums first,Verify sums match,30–50s,A1Z26 sums,"In a certain code language, 'DEMAND' is written as ‘410132144' and 'SUPPLY' is written as '194216161225'.How will 'PRODUCT' be written in that language?"
REA-0276,2024,11 Sep | Shift 2,General Intelligence and Reasoning,Dictionary & Word Formation,Dictionary order,letter-by-letter compare,Dictionary order,Reasoning MCQ,Easy,Low,Easy,Whole-word guess,Compare 1st differing letter,First-difference only,Sort pairwise,25–40s,Lexicographic compare,The position of how many letters will remain unchanged if each of the letters in the word ‘JEALOUS’ is arranged in the English alphabetical order?
REA-0277,2024,11 Sep | Shift 2,General Intelligence and Reasoning,Syllogism & Conclusions,Standard syllogism,Venn chains,Standard syllogism (statements + conclusions),Statement battery,Medium,Medium,Easy,Middle-term leap,Draw overlapping circles; test each conclusion,Universal-first diagram,Kill absolute-word conclusions,45–75s,Venn method,Read the given statements and conclusions carefully. You have to take the given statements to be true even if they seem to be at variance from commonly known facts. You have to decide which conclusion/s logically follow/s from the given statements. Statements: All apples are mangoes. All mangoes are lemons. All lemons are kiwis. Conclusions: (I) All apples are lemons. (II) All mangoes are kiwis.
REA-0278,2024,11 Sep | Shift 2,General Intelligence and Reasoning,Analogy,Number analogy,operation across pair,Number analogy (a:b :: c:?),Symbolic MCQ,Easy,Medium,Easy,Digit-splitting,Find op mapping first pair; apply,Test squares/cubes first,Test options in mapping,35–60s,Whole-number ops,"Select the set in which the numbers are related in the same way as are the numbers of the following set. (34, 15, 64) (29, 17, 63) (NOTE: Operations should be performed on the whole numbers, without breaking down the numbers into its constituent digits. E.g. 13 – Operations on 13 such as adding/deleting/multiplying etc. to 13 can be performed. Breaking down 13 into 1 and 3 and then performing mathematical operations on 1 and 3 is not allowed.)"
REA-0279,2024,11 Sep | Shift 2,General Intelligence and Reasoning,Number / Alphabet Series,Mixed-operation series,combined rules,Mixed-operation series,Symbolic MCQ,Easy,Low,Easy,Single-rule force,Try halves/alternation/split,Option back-fit,Test options in sequence,45–75s,Multi-rule toolkit,"Select the number from among the given options that can replace the question mark (?) in the following series. 3, 20, 121, 604, 2417, ?"
REA-0280,2024,11 Sep | Shift 2,General Intelligence and Reasoning,Coding-Decoding,Letter transform,per-position mapping,Letter transform (mixed shifts),Symbolic MCQ,Easy,Low,Easy,Assuming uniform shift,Map every position 1:1; apply,Ends-first check,Verify full mapping,40–65s,Position mapping,"In a certain code language, 'VAIN' is written as 'OKBY’ and 'VAST' is written as 'UUBY'. How will 'VERB’ be written in that language?"
REA-0281,2024,11 Sep | Shift 2,General Intelligence and Reasoning,Syllogism & Conclusions,Three-statement syllogism,Venn chains,Three-statement syllogism,Statement battery,Medium,Medium,Easy,Middle-term leap,Draw overlapping circles; test each conclusion,Universal-first diagram,Kill false conclusions,45–75s,Venn method,"Three statements are followed by three conclusions numbered I, II and III. You have to consider these statements to be true, even if they seem to be at variance with commonly known facts. Decide which of the given conclusions logically follow/s from the given statements. Statements: All pens are pages. Some pages are pins. Some pins are boards. Conclusions: (I) Some pins are pens. (II) Some boards are pages. (III) Some pens are boards."
REA-0282,2024,11 Sep | Shift 2,General Intelligence and Reasoning,Number / Alphabet Series,Alternating alphabet pattern,two interleaved rules,Alternating alphabet pattern,Symbolic MCQ,Easy,Low,Easy,Single rule,Split odd/even terms,Parity check,Check parity fit,35–55s,Interleaving,"Which of the following terms will replace the question mark (?) in the given series? DBOI, FEQL, ?, JKUR, LNWU"
REA-0283,2024,11 Sep | Shift 2,General Intelligence and Reasoning,Blood Relations,Coded relation,decode then traverse,Coded relation (symbol map),Reasoning MCQ,Medium,Medium,Easy,Gender assumption,Substitute meanings; walk the tree,Draw tree top-down,Check gender markers,45–75s,Tree drawing,"Select the option in which the numbers share the same relationship as that shared by the given pair of numbers. (NOTE: Operations should be performed on the whole numbers, without breaking down the numbers into its constituent digits. E.g. 13 – Operations on 13 such as adding/deleting/multiplying etc. to 13 can be performed. Breaking down 13 into 1 and 3 and then performing mathematical operations on 1 and 3 is not allowed.) 186 : 103 156 : 73"
REA-0284,2024,11 Sep | Shift 2,General Intelligence and Reasoning,Analogy,Word analogy,relation type,Word analogy (semantic),Symbolic MCQ,Easy,Low,Easy,Association vagueness,Name relation (function/part/cause); apply,Relation naming,Eliminate unrelated,20–35s,Relation vocabulary,‘Lavish’ is related to ‘Austere’ in the same way as ‘Prejudiced’ is related to ‘________’. (The words must be considered as meaningful English words and must not be related to each other based on the number of letters/number of consonants/vowels in the word.)
REA-0285,2024,11 Sep | Shift 2,General Intelligence and Reasoning,Mirror / Water Images,Mirror image,left-right flip,Mirror image (lateral inversion),Reasoning MCQ,Easy,Low,Easy,Water-flip confusion,Flip L-R; keep top-bottom,L-R flip only,Eliminate non-flipped,20–35s,Lateral inversion,Select the correct mirror image of the given figure when the mirror is placed at MN as shown below.
REA-0286,2024,11 Sep | Shift 2,General Intelligence and Reasoning,Embedded / Completion / Counting,Count geometric figures,systematic enumeration,Count geometric figures,Reasoning MCQ,Easy,Low,Easy,Double counting,Count by size class; sum,Size-class table,Verify against options,45–75s,Class-wise count,How many triangles are there in the given figure?
REA-0287,2024,11 Sep | Shift 2,General Intelligence and Reasoning,Number / Alphabet Series,Alternating alphabet pattern,two interleaved rules,Alternating alphabet pattern,Symbolic MCQ,Easy,Low,Easy,Single rule,Split odd/even terms,Parity check,Check parity fit,35–55s,Interleaving,Select the option that represents the letters that when sequentially placed from left to right in the blanks below will complete the letter series. _ C _ W _ _ _ C _ W _ _
REA-0288,2024,11 Sep | Shift 2,General Intelligence and Reasoning,Blood Relations,Coded relation,decode then traverse,Coded relation (symbol map),Reasoning MCQ,Medium,Medium,Easy,Gender assumption,Substitute meanings; walk the tree,Draw tree top-down,Check gender markers,45–75s,Tree drawing,"In a certain code language, A + B means ‘A is the wife of B’. A − B means ‘A is the son of B’. A × B means ‘A is the husband of B’. A ÷ B means ‘A is the father of B’. Based on the above, how is P related to T if ‘P − Q + R ÷ S × T’?"
REA-0289,2024,11 Sep | Shift 2,General Intelligence and Reasoning,Analogy,Letter/term analogy,positional mapping,Letter/term analogy (positional),Symbolic MCQ,Easy,Low,Easy,Reading as words,Map shifts pair 1; apply to pair 2,Shift-map once,Check first-letter options,35–60s,A1Z26 shifts,Select the option that is related to the fifth term in the same way as the second term is related to the first term and fourth term is related to third term. TRAINER : VTCIQHU :: RADIANT : TCFIDQW :: CUSHION : ?
REA-0290,2024,11 Sep | Shift 2,General Intelligence and Reasoning,Figure Series,Figure series completion,visual rule per step,Figure series completion (?),Reasoning MCQ,Easy,Low,Easy,Single-feature lock,Test rotation/count/shading/element rules stepwise,One-change scan,Test options in slot,50–80s,Visual rules,Which figure should replace the question mark (?) if the following series were to be continued?
REA-0291,2024,11 Sep | Shift 2,General Intelligence and Reasoning,Classification / Odd-One-Out,Letter-cluster classification,positional property,Letter-cluster classification,Symbolic MCQ,Easy,Low,Easy,Reading as words,Convert to numbers; find property break,Vowel/consonant + shift scan,Kill three alike,30–50s,A1Z26 + parity,Four letter-clusters have been given out of which three are alike in some manner and one is different. Select the one that is different. Note: The odd one out is not based on the number of consonants/vowels or their position in the letter cluster
REA-0292,2024,11 Sep | Shift 2,General Intelligence and Reasoning,Analogy,Set/triad analogy,common rule across triple,Set/triad analogy,Symbolic MCQ,Easy,Medium,Easy,Pairwise only,Extract rule from two given sets,Test divide/square forms,Test option sets,40–65s,Rule extraction,"Select the triad in which the numbers are related to each other in the same way as the numbers in the following triads. 8-17-35 23-47-95 (NOTE : Operations should be performed on the whole numbers, without breaking down the numbers into its constituent digits. E.g. 13 – Operations on 13 such as adding /deleting /multiplying etc., to 13 can be performed. Breaking down 13 into 1 and 3 and then performing mathematical operations on 1 and 3 is not allowed.)"
REA-0293,2024,11 Sep | Shift 2,General Intelligence and Reasoning,Embedded / Completion / Counting,Embedded,part-whole spotting,Embedded (hidden) figure,Reasoning MCQ,Easy,Low,Easy,Rotated blindness,Match lines/angles inventory,Distinctive-part hunt,Eliminate size-mismatch,30–50s,Line inventory,Select the option figure in which the given figure (X) is embedded (rotation is NOT allowed).
REA-0294,2024,11 Sep | Shift 2,General Intelligence and Reasoning,Coding-Decoding,Alphanumeric / position-sum coding,letters ↔ numbers,Alphanumeric / position-sum coding,Symbolic MCQ,Easy,Low,Easy,A=0 indexing,Sum positions / reverse-sum; test,Position sums first,Verify sums match,30–50s,A1Z26 sums,"In a certain code language, ‘BUZZY’ is coded as ‘10’ and ‘KING’ is coded as ‘8’. How will ‘ABROAD’ be coded in that language?"
REA-0295,2024,11 Sep | Shift 2,General Intelligence and Reasoning,Embedded / Completion / Counting,Figure completion,symmetry fill,Figure completion,Reasoning MCQ,Easy,Low,Easy,Random fill,Mirror/rotate given part,Symmetry fill,Check symmetry fit,25–45s,Symmetry,Identify the figure given in the options which when put in place of the question mark (?) will logically complete the series.
REA-0296,2024,11 Sep | Shift 2,General Intelligence and Reasoning,Dice & Cubes,Standard dice opposite-face,adjacent-never-opposite,Standard dice opposite-face,Reasoning MCQ,Easy,Low,Easy,Opposite adjacency,Common-face rotation / adjacency elimination,Adjacency kills opposite,Check adjacency claims,30–50s,Dice nets,Two different positions of the same dice are given below. Which is the number on the face opposite the face containing 1?
REA-0297,2024,11 Sep | Shift 2,General Intelligence and Reasoning,Mathematical Operators,Sign-swap to balance,swap two operators,Sign-swap to balance,Symbolic MCQ,Easy,Low,Easy,No-bracket evaluation,Try option swaps; evaluate (BODMAS),Estimate-then-verify,Kill non-balancing fast,35–60s,BODMAS,"Select the number that will come in the place of the question mark(?), if ‘+’ and ‘ – ‘ are interchanged and ‘×’ and ‘÷’ are interchanged 41 – 54 × 6 ÷ 9 + 7 = ?"
REA-0298,2024,11 Sep | Shift 2,General Intelligence and Reasoning,Paper Folding & Cutting,Fold-punch-unfold trace,symmetric replication,Fold-punch-unfold trace,Reasoning MCQ,Easy,Low,Easy,Single-hole answer,Replay folds in reverse,Symmetry replication,Check symmetry axes,40–65s,Unfold reversal,A paper is folded and cut as shown below. How will it appear when unfolded?
REA-0299,2024,11 Sep | Shift 2,General Intelligence and Reasoning,Mathematical Operators,Sign-swap to balance,swap two operators,Sign-swap to balance,Symbolic MCQ,Easy,Low,Easy,No-bracket evaluation,Try option swaps; evaluate (BODMAS),Estimate-then-verify,Kill non-balancing fast,35–60s,BODMAS,"What will come in the place of ‘?’ in the following equation, if ‘÷’ and ‘–‘ are interchanged and ‘×’ and ‘+’ are interchanged? 8 + 6 ÷ 51 – 17 × 13 = ?"
REA-0300,2024,11 Sep | Shift 2,General Intelligence and Reasoning,Classification / Odd-One-Out,Group-of-four odd-out,arithmetic property,Group-of-four odd-out (content in options),Symbolic MCQ,Easy,Medium,Easy,Single-option focus,Test divisibility/parity/squares per option,Parity/divisibility first,Kill three alike,30–50s,Number properties,"Three of the following numbers are alike in a certain way and one is different. Pick the odd one out. (NOTE : Operations should be performed on the whole numbers, without breaking down the numbers into its constituent digits. E.g. 13 – Operations on 13 such as adding /deleting /multiplying etc., to 13 can be performed. Breaking down 13 into 1 and 3 and then performing mathematical operations on 1 and 3 is not allowed.)"
REA-0301,2024,11 Sep | Shift 3,General Intelligence and Reasoning,Blood Relations,Direct relation,single-hop map,Direct relation (1–2 links),Reasoning MCQ,Easy,Low,Easy,Gender flip,Direct map; check gender,Same,Verify gender,25–40s,Relation map,"Select the Venn diagram that best illustrates the relationship between the following classes. Men, Engineers and Fathers"
REA-0302,2024,11 Sep | Shift 3,General Intelligence and Reasoning,Dice & Cubes,Standard dice opposite-face,adjacent-never-opposite,Standard dice opposite-face,Reasoning MCQ,Easy,Low,Easy,Opposite adjacency,Common-face rotation / adjacency elimination,Adjacency kills opposite,Check adjacency claims,30–50s,Dice nets,"Two different positions of the same dice with faces R, P, T, S, M and B are shown below. Select the letter that will be on the face opposite to the one having S."
REA-0303,2024,11 Sep | Shift 3,General Intelligence and Reasoning,Number / Alphabet Series,Alphabet-position series,A1Z26 logic,Alphabet-position series,Symbolic MCQ,Easy,Low,Easy,Reading letters,Convert; find numeric rule,Same,Test numeric fit,30–55s,A1Z26 map,"Select the option that represents the letters that, when sequentially placed from left to right in the blanks below, will complete the letter series. R F _ G T R _V G _ R F V _ T _ F V G T"
REA-0304,2024,11 Sep | Shift 3,General Intelligence and Reasoning,Coding-Decoding,Alphanumeric / position-sum coding,letters ↔ numbers,Alphanumeric / position-sum coding,Symbolic MCQ,Easy,Low,Easy,A=0 indexing,Sum positions / reverse-sum; test,Position sums first,Verify sums match,30–50s,A1Z26 sums,"In a certain code language, ‘MAN’ is coded as ‘15316’ and ‘SHE’ is coded as ‘21107’. How will ‘OUT’ be coded in that language?"
REA-0305,2024,11 Sep | Shift 3,General Intelligence and Reasoning,Blood Relations,Direct relation,single-hop map,Direct relation (1–2 links),Reasoning MCQ,Medium,Medium,Easy,Gender flip,Direct map; check gender,Same,Verify gender,25–40s,Relation map,Select the word pair that best represents a similar relationship to the one expressed in the pair of words given below. (The words must be considered as meaningful English words and must not be related to each other based on the number of letters/number of consonants/vowels in the word) Calcium : Osteomalacia
REA-0306,2024,11 Sep | Shift 3,General Intelligence and Reasoning,Dictionary & Word Formation,Dictionary order,letter-by-letter compare,Dictionary order,Reasoning MCQ,Easy,Medium,Easy,Whole-word guess,Compare 1st differing letter,First-difference only,Sort pairwise,25–40s,Lexicographic compare,All of the letters in the word ‘JUNGLE’ are arranged in alphabetical order. How many letters are there in the English alphabetical series between the letter which is second from the left end and the one which is third from the right end in the new letter-cluster thus formed?
REA-0307,2024,11 Sep | Shift 3,General Intelligence and Reasoning,Embedded / Completion / Counting,Figure completion,symmetry fill,Figure completion,Reasoning MCQ,Easy,Low,Easy,Random fill,Mirror/rotate given part,Symmetry fill,Check symmetry fit,25–45s,Symmetry,Select the figure from among the given options which when put in place of the question mark (?) will logically completethe series.
REA-0308,2024,11 Sep | Shift 3,General Intelligence and Reasoning,Embedded / Completion / Counting,Figure completion,symmetry fill,Figure completion,Reasoning MCQ,Easy,Low,Easy,Random fill,Mirror/rotate given part,Symmetry fill,Check symmetry fit,25–45s,Symmetry,Identify the figure given in the options which when put in place of the question mark (?) will logically complete the series.
REA-0309,2024,11 Sep | Shift 3,General Intelligence and Reasoning,Analogy,Number analogy,operation across pair,Number analogy (a:b :: c:?),Symbolic MCQ,Easy,Medium,Easy,Digit-splitting,Find op mapping first pair; apply,Test squares/cubes first,Test options in mapping,35–60s,Whole-number ops,"Select the set in which the numbers are related in the same way as are the numbers of the following set. (66, 57, 48) (94, 85, 76) (NOTE: Operations should be performed on the whole numbers, without breaking down the numbers into its constituent digits. E.g. 13 – Operations on 13 such as adding/deleting/multiplying etc. to 13 can be performed. Breaking down 13 into 1 and 3 and then performing mathematical operations on 1 and 3 is not allowed.)"
REA-0310,2024,11 Sep | Shift 3,General Intelligence and Reasoning,Paper Folding & Cutting,Fold-punch-unfold trace,symmetric replication,Fold-punch-unfold trace,Reasoning MCQ,Easy,Low,Easy,Single-hole answer,Replay folds in reverse,Symmetry replication,Check symmetry axes,40–65s,Unfold reversal,A paper is folded and cut as shown below. How will it appear when unfolded?
REA-0311,2024,11 Sep | Shift 3,General Intelligence and Reasoning,Blood Relations,Coded relation,decode then traverse,Coded relation (symbol map),Reasoning MCQ,Medium,Medium,Easy,Gender assumption,Substitute meanings; walk the tree,Draw tree top-down,Check gender markers,45–75s,Tree drawing,"Select the option in which the numbers share the same relationship as that shared by the given pair of numbers. (NOTE: Operations should be performed on the whole numbers, without breaking down the numbers into its constituent digits. E.g. 13 – Operations on 13 such as adding/deleting/multiplying etc. to 13 can be performed. Breaking down 13 into 1 and 3 and then performing mathematical operations on 1 and 3 is not allowed.) 17 : 253 19 : 271"
REA-0312,2024,11 Sep | Shift 3,General Intelligence and Reasoning,Syllogism & Conclusions,Three-statement syllogism,Venn chains,Three-statement syllogism,Statement battery,Medium,Medium,Easy,Middle-term leap,Draw overlapping circles; test each conclusion,Universal-first diagram,Kill false conclusions,45–75s,Venn method,"Three statements are given, followed by three conclusions numbered I, II and III. Assuming the statements to be true, even if they seem to be at variance with commonly known facts, decide which of the conclusions logically follow(s) from the statements. Statements: Some rats are mouse. No mouse is a rodent. Some rats are kittens. Conclusions: I. No rodent is a kitten. II. Some rats are rodent. III. No kitten is a mouse."
REA-0313,2024,11 Sep | Shift 3,General Intelligence and Reasoning,Analogy,Letter/term analogy,positional mapping,Letter/term analogy (positional),Symbolic MCQ,Easy,Medium,Easy,Reading as words,Map shifts pair 1; apply to pair 2,Shift-map once,Check first-letter options,35–60s,A1Z26 shifts,Select the option that is related to the fifth letter-cluster in the same way as the second letter-cluster is related to the first letter-cluster and the fourth letter-cluster is related to the third letter-cluster. OUR : NPTVQS : : BIG : ACHJFH : : FOR : ?
REA-0314,2024,11 Sep | Shift 3,General Intelligence and Reasoning,Coding-Decoding,Alphanumeric / position-sum coding,letters ↔ numbers,Alphanumeric / position-sum coding,Symbolic MCQ,Easy,Low,Easy,A=0 indexing,Sum positions / reverse-sum; test,Position sums first,Verify sums match,30–50s,A1Z26 sums,"In a certain code language, BRING is coded as ‘7149182’ and SMILE is coded as ‘51291319’. What will be the code for FORGIVE?"
REA-0315,2024,11 Sep | Shift 3,General Intelligence and Reasoning,Blood Relations,Coded relation,decode then traverse,Coded relation (symbol map),Reasoning MCQ,Medium,Medium,Easy,Gender assumption,Substitute meanings; walk the tree,Draw tree top-down,Check gender markers,45–75s,Tree drawing,"In a certain code language, R + T means ‘R is the sister of T’. R – T means ‘R is the father of T’. R * T means ‘R is the wife of T’. R ÷ T means ‘R is the mother of T’. Based on the above, how is M related to Q if ‘M * N – P + Q ÷ R +T’?"
REA-0316,2024,11 Sep | Shift 3,General Intelligence and Reasoning,Mathematical Operators,Sign-swap to balance,swap two operators,Sign-swap to balance,Symbolic MCQ,Easy,Low,Easy,No-bracket evaluation,Try option swaps; evaluate (BODMAS),Estimate-then-verify,Kill non-balancing fast,35–60s,BODMAS,"What will come in the place of the question mark (?) in the following equation, if ‘+’ and ‘−’ are interchanged and ‘×’ and ‘÷’ are interchanged? 304 × 19 − 101 + 23 ÷ 5 = ?"
REA-0317,2024,11 Sep | Shift 3,General Intelligence and Reasoning,Mathematical Operators,Sign-swap to balance,swap two operators,Sign-swap to balance,Symbolic MCQ,Easy,Low,Easy,No-bracket evaluation,Try option swaps; evaluate (BODMAS),Estimate-then-verify,Kill non-balancing fast,35–60s,BODMAS,"What will come in place of the question mark (?) in the following equation, if ‘+’ and ‘–’ are interchanged and ‘×’ and ‘÷’ are interchanged? 164 – 173 ÷ 110 + 140 × 5 = ?"
REA-0318,2024,11 Sep | Shift 3,General Intelligence and Reasoning,Classification / Odd-One-Out,Letter-cluster classification,positional property,Letter-cluster classification,Symbolic MCQ,Easy,Low,Easy,Reading as words,Convert to numbers; find property break,Vowel/consonant + shift scan,Kill three alike,30–50s,A1Z26 + parity,"Four letter-clusters have been given, out of which three are alike in some manner and one is different. Select the one that is different. Note : The odd one out is not based on the number of consonants/vowels or their position in the letter cluster"
REA-0319,2024,11 Sep | Shift 3,General Intelligence and Reasoning,Embedded / Completion / Counting,Embedded,part-whole spotting,Embedded (hidden) figure,Reasoning MCQ,Easy,Low,Easy,Rotated blindness,Match lines/angles inventory,Distinctive-part hunt,Eliminate size-mismatch,30–50s,Line inventory,Select the option figure in which the given figure (X) is embedded (rotation is NOT allowed).
REA-0320,2024,11 Sep | Shift 3,General Intelligence and Reasoning,Number / Alphabet Series,Mixed-operation series,combined rules,Mixed-operation series,Symbolic MCQ,Easy,Low,Easy,Single-rule force,Try halves/alternation/split,Option back-fit,Test options in sequence,45–75s,Multi-rule toolkit,"Which of the following numbers will replace the question mark (?) in the given series? 12, 25, 49, ?, 197, 395"
REA-0321,2024,11 Sep | Shift 3,General Intelligence and Reasoning,Mirror / Water Images,Mirror image,left-right flip,Mirror image (lateral inversion),Reasoning MCQ,Easy,Low,Easy,Water-flip confusion,Flip L-R; keep top-bottom,L-R flip only,Eliminate non-flipped,20–35s,Lateral inversion,Select the correct mirror image of the given figure when the mirror is placed at MN.
REA-0322,2024,11 Sep | Shift 3,General Intelligence and Reasoning,Embedded / Completion / Counting,General figure task,visual analysis,General figure task,Reasoning MCQ,Easy,Low,Hard,Figure blindness,Refer figure; apply task rule,Task rule,As applicable,40–70s,Visual method,What is the number of triangles in the following figure?
REA-0323,2024,11 Sep | Shift 3,General Intelligence and Reasoning,Mathematical Operators,Odd operation-pair out,common operation,Odd operation-pair out,Symbolic MCQ,Easy,Medium,Easy,Single-pair rule,Extract op from two pairs; test rest,Difference/ratio scan,Test candidate odd,35–60s,Operation scan,"The same operation(s) are followed in all the given number pairs except one. Find that odd number pair. (NOTE : Operations should be performed on the whole numbers, without breaking down the numbers into its constituent digits. E.g. 13 – Operations on 13 such as adding /deleting /multiplying etc., to 13 can be performed. Breaking down 13 into 1 and 3 and then performing mathematical operations on 1 and 3 is not allowed.)"
REA-0324,2024,11 Sep | Shift 3,General Intelligence and Reasoning,Mathematical Operators,Odd operation-pair out,common operation,Odd operation-pair out,Symbolic MCQ,Medium,High,Easy,Single-pair rule,Extract op from two pairs; test rest,Difference/ratio scan,Test candidate odd,35–60s,Operation scan,"Two sets of numbers are given below. In each set of numbers, certain mathematical operation(s) on the first number result(s) in the second number. Similarly, certain mathematical operation(s) on the second number result(s) in the third number and so on. Which of the given options follows the same set of operations as in the given sets? (NOTE: Operations should be performed on the whole numbers, without breaking down the numbers into their constituent digits. E.g. 13 – Operations on 13 such as adding/subtracting/multiplying to 13 can be performed. Breaking down 13 into 1 and 3 and then performing mathematical operations on 1 and 3 is not allowed.) 14 – 196 – 186 – 172; 15 – 225 – 215 – 200"
REA-0325,2024,11 Sep | Shift 3,General Intelligence and Reasoning,Number / Alphabet Series,Letter-blank fill series,slot completion,Letter-blank fill series (A_BB…),Symbolic MCQ,Easy,Low,Easy,Left-to-right guess,Find repeating block; fill,Block-length test,Test block options,30–50s,Repeating blocks,Select the combination of letters that when sequentially placed in the blanks of the given series will logically complete the series. BYN_J_YNF_X_NFJVY_FJ
REA-0326,2024,12 Sep | Shift 1,General Intelligence and Reasoning,Dictionary & Word Formation,Dictionary order,letter-by-letter compare,Dictionary order,Reasoning MCQ,Easy,Low,Easy,Whole-word guess,Compare 1st differing letter,First-difference only,Sort pairwise,25–40s,Lexicographic compare,The position of how many letters will remain unchanged if all the letters in the word BINDER are arranged in English alphabetical order?
REA-0327,2024,12 Sep | Shift 1,General Intelligence and Reasoning,Number / Alphabet Series,Alphabet-position series,A1Z26 logic,Alphabet-position series,Symbolic MCQ,Easy,Low,Easy,Reading letters,Convert; find numeric rule,Same,Test numeric fit,30–55s,A1Z26 map,"In the following series, only one letter-cluster is incorrect. Select the incorrect letter- cluster. YCG IMQ SVZ CGK MQU"
REA-0328,2024,12 Sep | Shift 1,General Intelligence and Reasoning,Classification / Odd-One-Out,Group-of-four odd-out,arithmetic property,Group-of-four odd-out (content in options),Symbolic MCQ,Easy,Medium,Easy,Single-option focus,Test divisibility/parity/squares per option,Parity/divisibility first,Kill three alike,30–50s,Number properties,"Three of the following four options are alike in a certain way and thus form a group. Which is the one that does NOT belong to that group? (NOTE: Operations should be performed on the whole numbers, without breaking down the numbers into its constituent digits. E.g. 13 – Operations on 13 such as adding/subtracting/multiplying etc. to 13 can be performed. Breaking down 13 into 1 and 3 and then performing mathematical operations on 1 and 3 is not allowed.)"
REA-0329,2024,12 Sep | Shift 1,General Intelligence and Reasoning,Mathematical Operators,Sign-swap to balance,swap two operators,Sign-swap to balance,Symbolic MCQ,Easy,Low,Easy,No-bracket evaluation,Try option swaps; evaluate (BODMAS),Estimate-then-verify,Kill non-balancing fast,35–60s,BODMAS,"What will come in the place of the question mark (?) in the following equation, if ‘+’ and ‘−’ are interchanged and ‘×’ and ‘÷’ are interchanged? 342 × 18 + 79 − 45 ÷ 3 = ?"
REA-0330,2024,12 Sep | Shift 1,General Intelligence and Reasoning,Mathematical Operators,Odd operation-pair out,common operation,Odd operation-pair out,Symbolic MCQ,Medium,High,Easy,Single-pair rule,Extract op from two pairs; test rest,Difference/ratio scan,Test candidate odd,35–60s,Operation scan,"Two sets of numbers are given below. In each set of numbers, certain mathematical operation(s) on the first number result(s) in the second number. Similarly, certain mathematical operation(s) on the second number result(s) in the third number and so on. Which of the given options follows the same set of operations as in the given sets? (NOTE: Operations should be performed on the whole numbers, without breaking down the numbers into their constituent digits. E.g. 13 – Operations on 13 such as adding/subtracting/multiplying to 13 can be performed. Breaking down 13 into 1 and 3 and then performing mathematical operations on 1 and 3 is not allowed.) 18 – 36 – 72 – 107; 15 – 30 – 60– 95"
REA-0331,2024,12 Sep | Shift 1,General Intelligence and Reasoning,Number / Alphabet Series,Constant-shift alphabet series,"shift [4, 3, 2, 1] per step",Constant-shift alphabet series,Symbolic MCQ,Easy,Low,Easy,Reading as words,Shift each letter,Same,Check first-letter options,20–35s,A1Z26 shifts,"Which of the following terms will replace the question mark (?) in the given series? IMHP, MPJQ, QSLR, UVNS, ?"
REA-0332,2024,12 Sep | Shift 1,General Intelligence and Reasoning,Figure-Based (Image),Figure task,visual reasoning,Figure task (needs PDF),Figure-based,Easy,Low,Easy,—,Refer original PDF figure,Same,As applicable,60–90s,—,[image/figure-based content -- see original PDF]
REA-0333,2024,12 Sep | Shift 1,General Intelligence and Reasoning,Coding-Decoding,Letter transform,per-position mapping,Letter transform (mixed shifts),Symbolic MCQ,Easy,Low,Easy,Assuming uniform shift,Map every position 1:1; apply,Ends-first check,Verify full mapping,40–65s,Position mapping,"In a certain code language, ‘FACED’ is written as ‘GZDDE’ and ‘VACAY’ is written as ‘WZDZZ’. How will ‘LABOR’ be written in that language?"
REA-0334,2024,12 Sep | Shift 1,General Intelligence and Reasoning,Embedded / Completion / Counting,Count geometric figures,systematic enumeration,Count geometric figures,Reasoning MCQ,Easy,Low,Easy,Double counting,Count by size class; sum,Size-class table,Verify against options,45–75s,Class-wise count,How many triangles are there in the given figure?
REA-0335,2024,12 Sep | Shift 1,General Intelligence and Reasoning,Coding-Decoding,Alphanumeric / position-sum coding,letters ↔ numbers,Alphanumeric / position-sum coding,Symbolic MCQ,Easy,Low,Easy,A=0 indexing,Sum positions / reverse-sum; test,Position sums first,Verify sums match,30–50s,A1Z26 sums,"In a certain code language, 'FIVE' is written as '12184410' and FOUR is written as '12304236'. How will 'THREE' be written in that language?"
REA-0336,2024,12 Sep | Shift 1,General Intelligence and Reasoning,Syllogism & Conclusions,Three-statement syllogism,Venn chains,Three-statement syllogism,Statement battery,Medium,Medium,Easy,Middle-term leap,Draw overlapping circles; test each conclusion,Universal-first diagram,Kill false conclusions,45–75s,Venn method,"Three statements are given, followed by three conclusions numbered I, II and III. Assuming the statements to be true, even if they seem to be at variance with commonly known facts, decide which of the conclusions logically follow(s) from the statements. Statements: All pages are diaries. Some diaries are books. All books are notebooks. Conclusions: I. No page is a notebook. II. All pages are notebooks. III. All diaries being notebooks is a possibility."
REA-0337,2024,12 Sep | Shift 1,General Intelligence and Reasoning,Figure-Based (Image),Figure task,visual reasoning,Figure task (needs PDF),Figure-based,Easy,Low,Easy,—,Refer original PDF figure,Same,As applicable,60–90s,—,[image/figure-based content -- see original PDF]
REA-0338,2024,12 Sep | Shift 1,General Intelligence and Reasoning,Dice & Cubes,Standard dice opposite-face,adjacent-never-opposite,Standard dice opposite-face,Reasoning MCQ,Easy,Low,Easy,Opposite adjacency,Common-face rotation / adjacency elimination,Adjacency kills opposite,Check adjacency claims,30–50s,Dice nets,"Six words Eat, Cry, Play, Sleep, Run and Bath are written on different faces of a dice. Three positions of this dice are shown in the figure. Find the word on the face opposite to Eat."
REA-0339,2024,12 Sep | Shift 1,General Intelligence and Reasoning,Blood Relations,Coded relation,decode then traverse,Coded relation (symbol map),Reasoning MCQ,Medium,Medium,Easy,Gender assumption,Substitute meanings; walk the tree,Draw tree top-down,Check gender markers,45–75s,Tree drawing,Select the word-pair that best represents a similar relationship to the one expressed in the pair of words given below. (The words must be considered as meaningful English words and must NOT be related to each other based on the number of letters/number of consonants/vowels in the word) Virus : Parasite
REA-0340,2024,12 Sep | Shift 1,General Intelligence and Reasoning,Number / Alphabet Series,Second-order AP,second diff=5,Second-order AP (increasing differences),Symbolic MCQ,Easy,Low,Easy,Constant-diff guess,Build difference table,Last gap + last diff,Check last-gap options,30–50s,Difference tables,"Select the number from the given options to complete the series. 25, 30, 40, 55, 75, ___"
REA-0341,2024,12 Sep | Shift 1,General Intelligence and Reasoning,Dictionary & Word Formation,Dictionary order,letter-by-letter compare,Dictionary order,Reasoning MCQ,Easy,Low,Easy,Whole-word guess,Compare 1st differing letter,First-difference only,Sort pairwise,25–40s,Lexicographic compare,"‘WISK’ is related to ‘DRHP’ in a certain way based on the English alphabetical order. In the same way, ‘LENT’ is related to ‘OVMG’. To which of the following is ‘BANG’ related, following the same logic?"
REA-0342,2024,12 Sep | Shift 1,General Intelligence and Reasoning,Embedded / Completion / Counting,Figure completion,symmetry fill,Figure completion,Reasoning MCQ,Easy,Low,Easy,Random fill,Mirror/rotate given part,Symmetry fill,Check symmetry fit,25–45s,Symmetry,Identify the figure given in the options which when put in place of ‘?’ will logically complete the series.
REA-0343,2024,12 Sep | Shift 1,General Intelligence and Reasoning,Dice & Cubes,Standard dice opposite-face,adjacent-never-opposite,Standard dice opposite-face,Reasoning MCQ,Easy,Low,Easy,Opposite adjacency,Common-face rotation / adjacency elimination,Adjacency kills opposite,Check adjacency claims,30–50s,Dice nets,"Two different positions of the same dice with faces T, O, B, L, Y and V are shown below. Select the letter that will be on the face opposite to the one having L."
REA-0344,2024,12 Sep | Shift 1,General Intelligence and Reasoning,Mathematical Operators,Sign-swap to balance,swap two operators,Sign-swap to balance,Symbolic MCQ,Easy,Low,Easy,No-bracket evaluation,Try option swaps; evaluate (BODMAS),Estimate-then-verify,Kill non-balancing fast,35–60s,BODMAS,Which two signs should be interchanged to make the following equation correct? 247 ÷ 13 + 16 × 3 − 148 = 119
REA-0345,2024,12 Sep | Shift 1,General Intelligence and Reasoning,Dictionary & Word Formation,Dictionary order,letter-by-letter compare,Dictionary order,Reasoning MCQ,Easy,Low,Easy,Whole-word guess,Compare 1st differing letter,First-difference only,Sort pairwise,25–40s,Lexicographic compare,The position(s) of how many letters will remain unchanged if all the letters in the word ‘ENTOMB’ are arranged in English alphabetical order?
REA-0346,2024,12 Sep | Shift 1,General Intelligence and Reasoning,Mirror / Water Images,Mirror image,left-right flip,Mirror image (lateral inversion),Reasoning MCQ,Easy,Low,Easy,Water-flip confusion,Flip L-R; keep top-bottom,L-R flip only,Eliminate non-flipped,20–35s,Lateral inversion,Select the correct mirror image of the given figure when the mirror is placed at MN.
REA-0347,2024,12 Sep | Shift 1,General Intelligence and Reasoning,Analogy,Number analogy,operation across pair,Number analogy (a:b :: c:?),Symbolic MCQ,Easy,Medium,Easy,Digit-splitting,Find op mapping first pair; apply,Test squares/cubes first,Test options in mapping,35–60s,Whole-number ops,"Select the set in which the numbers are related in the same way as are the numbers of the given sets. (213, 157), (185, 129) (NOTE : Operations should be performed on the whole numbers, without breaking down the numbers into its constituent digits. E.g., 13 – Operations on 13 such as adding /deleting /multiplying etc. to 13 can be performed. Breaking down 13 into 1 and 3 and then performing mathematical operations on 1 and 3 is not allowed)"
REA-0348,2024,12 Sep | Shift 1,General Intelligence and Reasoning,Blood Relations,Coded relation,decode then traverse,Coded relation (symbol map),Reasoning MCQ,Medium,Medium,Easy,Gender assumption,Substitute meanings; walk the tree,Draw tree top-down,Check gender markers,45–75s,Tree drawing,"In a certain code language, ‘A + B’ means ‘A is the mother of B’; ‘A − B’ means ‘A is the brother of B’; ‘A × B’ means ‘A is the wife of B’ and ‘A ÷ B’ means ‘A is the father of B’. Based on the above, how is 4 related to 2 if ‘4 + 3 ÷ 2 ÷ 1 − 5’?"
REA-0349,2024,12 Sep | Shift 1,General Intelligence and Reasoning,Dictionary & Word Formation,Dictionary order,letter-by-letter compare,Dictionary order,Reasoning MCQ,Easy,Medium,Easy,Whole-word guess,Compare 1st differing letter,First-difference only,Sort pairwise,25–40s,Lexicographic compare,"Based on the English alphabetical order, three of the following four letter-clusters are alike in a certain way and thus form a group. Which is the one that DOES NOT belong to that group? (Note: The odd man out is not based on the number of consonants/vowels or their position in the letter-cluster.)"
REA-0350,2024,12 Sep | Shift 1,General Intelligence and Reasoning,Mirror / Water Images,Mirror image,left-right flip,Mirror image (lateral inversion),Reasoning MCQ,Easy,Low,Easy,Water-flip confusion,Flip L-R; keep top-bottom,L-R flip only,Eliminate non-flipped,20–35s,Lateral inversion,Select the correct mirror image of the given figure when the mirror is placed at MN as shown below.
REA-0351,2024,12 Sep | Shift 2,General Intelligence and Reasoning,Number / Alphabet Series,Squares / cubes pattern,perfect powers in order,Squares / cubes pattern,Symbolic MCQ,Easy,Low,Easy,Linear fit,Root sequence; extend,Root check,Check root fit,25–40s,Power list,"Which of the following numbers will replace the question marks (?) in the given series? 16, 36, 64, ?, ?, 196, 256, 324"
REA-0352,2024,12 Sep | Shift 2,General Intelligence and Reasoning,Mathematical Operators,Odd operation-pair out,common operation,Odd operation-pair out,Symbolic MCQ,Medium,High,Easy,Single-pair rule,Extract op from two pairs; test rest,Difference/ratio scan,Test candidate odd,35–60s,Operation scan,"Two sets of numbers are given below. In each set of numbers, certain mathematical operation(s) on the first number result(s) in the second number. Similarly, certain mathematical operation(s) on the second number result(s) in the third number and so on. Which of the given options follows the same set of operations as in the given sets? (NOTE: Operations should be performed on the whole numbers, without breaking down the numbers into their constituent digits. E.g. 13 – Operations on 13 such as adding/subtracting/multiplying to 13 can be performed. Breaking down 13 into 1 and 3 and then performing mathematical operations on 1 and 3 is not allowed.) 10 – 12 – 8 – 15; 12 – 14 – 10 – 19"
REA-0353,2024,12 Sep | Shift 2,General Intelligence and Reasoning,Figure Series,Figure series completion,visual rule per step,Figure series completion (?),Reasoning MCQ,Easy,Low,Easy,Single-feature lock,Test rotation/count/shading/element rules stepwise,One-change scan,Test options in slot,50–80s,Visual rules,Which figure should replace the question mark (?) if the following series were to be continued?
REA-0354,2024,12 Sep | Shift 2,General Intelligence and Reasoning,Dictionary & Word Formation,Dictionary order,letter-by-letter compare,Dictionary order,Reasoning MCQ,Easy,Medium,Easy,Whole-word guess,Compare 1st differing letter,First-difference only,Sort pairwise,25–40s,Lexicographic compare,"Based on the English alphabetical order, three of the following four letter-clusters are alike in a certain way and thus form a group. Which is the letter-cluster that DOES NOT belong to that group? (Note: The odd man out is not based on the number of consonants/vowels or their position in the letter-cluster.)"
REA-0355,2024,12 Sep | Shift 2,General Intelligence and Reasoning,Analogy,Number analogy,operation across pair,Number analogy (a:b :: c:?),Symbolic MCQ,Easy,Medium,Easy,Digit-splitting,Find op mapping first pair; apply,Test squares/cubes first,Test options in mapping,35–60s,Whole-number ops,"Select the set in which the numbers are related in the same way as are the numbers of the following set. (11, 16.5, 22) (14.5, 20, 25.5) (NOTE: Operations should be performed on the whole numbers, without breaking down the numbers into its constituent digits. E.g. 13 – Operations on 13 such as adding/deleting/multiplying etc. to 13 can be performed. Breaking down 13 into 1 and 3 and then performing mathematical operations on 1 and 3 is not allowed.)"
REA-0356,2024,12 Sep | Shift 2,General Intelligence and Reasoning,Mirror / Water Images,Mirror image,left-right flip,Mirror image (lateral inversion),Reasoning MCQ,Easy,Low,Easy,Water-flip confusion,Flip L-R; keep top-bottom,L-R flip only,Eliminate non-flipped,20–35s,Lateral inversion,Select the correct mirror image of the given figure when the mirror is placed at MN as shown below.
REA-0357,2024,12 Sep | Shift 2,General Intelligence and Reasoning,Number / Alphabet Series,Alphabet-position series,A1Z26 logic,Alphabet-position series,Symbolic MCQ,Easy,Low,Easy,Reading letters,Convert; find numeric rule,Same,Test numeric fit,30–55s,A1Z26 map,"Which of the following terms will replace the question mark (?) in the given series? HPL, KLQ, NHV, QDA, TZF, ?"
REA-0358,2024,12 Sep | Shift 2,General Intelligence and Reasoning,Blood Relations,Coded relation,decode then traverse,Coded relation (symbol map),Reasoning MCQ,Medium,Medium,Easy,Gender assumption,Substitute meanings; walk the tree,Draw tree top-down,Check gender markers,45–75s,Tree drawing,"In a certain code language, A + B means ‘A is the son of B’, A − B means ‘A is the wife of B’, A × B means ‘A is the brother of B’ and A ÷ B means ‘A is the daughter of B’. Based on the above, how is P related to R if ‘P × S ÷ M − T + R’?"
REA-0359,2024,12 Sep | Shift 2,General Intelligence and Reasoning,Syllogism & Conclusions,Three-statement syllogism,Venn chains,Three-statement syllogism,Statement battery,Medium,Medium,Easy,Middle-term leap,Draw overlapping circles; test each conclusion,Universal-first diagram,Kill false conclusions,45–75s,Venn method,"Three statements are given followed by three conclusions numbered I, II and III. Assuming the statements to be true, even if they seem to be at variance with commonly known facts, decide which of the conclusions logically follow(s) from the statements. Statements: All cards are postcards. Some postcards are books. All books are novels. Conclusions: I. Some postcards are novels. II. No card is a book. III. All cards are novels."
REA-0360,2024,12 Sep | Shift 2,General Intelligence and Reasoning,Embedded / Completion / Counting,Count geometric figures,systematic enumeration,Count geometric figures,Reasoning MCQ,Easy,Low,Easy,Double counting,Count by size class; sum,Size-class table,Verify against options,45–75s,Class-wise count,How many squares are there in the given figure?
REA-0361,2024,12 Sep | Shift 2,General Intelligence and Reasoning,Dictionary & Word Formation,Dictionary order,letter-by-letter compare,Dictionary order,Reasoning MCQ,Easy,Low,Easy,Whole-word guess,Compare 1st differing letter,First-difference only,Sort pairwise,25–40s,Lexicographic compare,"‘NGRP’ is related to ‘JCNL’ in a certain way based on the English alphabetical order. In the same way, ‘FKLT’ is related to ‘BGHP’. To which of the following is ‘SQUO’ related, following the same logic?"
REA-0362,2024,12 Sep | Shift 2,General Intelligence and Reasoning,Classification / Odd-One-Out,Group-of-four odd-out,arithmetic property,Group-of-four odd-out (content in options),Symbolic MCQ,Easy,Medium,Easy,Single-option focus,Test divisibility/parity/squares per option,Parity/divisibility first,Kill three alike,30–50s,Number properties,"Three of the following numbers are alike in a certain way and one is different. Pick the odd one out. (NOTE : Operations should be performed on the whole numbers, without breaking down the numbers into its constituent digits. E.g. 13 – Operations on 13 such as adding /deleting /multiplying etc., to 13 can be performed. Breaking down 13 into 1 and 3 and then performing mathematical operations on 1 and 3 is not allowed.)"
REA-0363,2024,12 Sep | Shift 2,General Intelligence and Reasoning,Mathematical Operators,Sign-swap to balance,swap two operators,Sign-swap to balance,Symbolic MCQ,Easy,Low,Easy,No-bracket evaluation,Try option swaps; evaluate (BODMAS),Estimate-then-verify,Kill non-balancing fast,35–60s,BODMAS,Which of the following operations should be interchanged to make the following equation correct? 12 + 12 − 4 × 4 ÷ 2 = 22
REA-0364,2024,12 Sep | Shift 2,General Intelligence and Reasoning,Number / Alphabet Series,Letter-blank fill series,slot completion,Letter-blank fill series (A_BB…),Symbolic MCQ,Easy,Low,Easy,Left-to-right guess,Find repeating block; fill,Block-length test,Test block options,30–50s,Repeating blocks,Select the combination of letters that when sequentially placed in the blanks of the given series will complete the series. E_GHEI_GELK_ _OME
REA-0365,2024,12 Sep | Shift 2,General Intelligence and Reasoning,Coding-Decoding,General code transform,encode/decode map,General code transform,Symbolic MCQ,Easy,Low,Hard,Assuming shift,Map Q→option transforms,Position map,Verify mapping,35–60s,Transform inventory,"In a certain code language, ‘talk to me’ is coded as ‘aq yt bl’ and ‘do not talk’ is coded as ‘yt me wc’. What is the code for ‘talk’ in that language?"
REA-0366,2024,12 Sep | Shift 2,General Intelligence and Reasoning,Mathematical Operators,Sign-swap to balance,swap two operators,Sign-swap to balance,Symbolic MCQ,Easy,Low,Easy,No-bracket evaluation,Try option swaps; evaluate (BODMAS),Estimate-then-verify,Kill non-balancing fast,35–60s,BODMAS,What will come in place of the question mark (?) in the following equation if ‘+’ and ‘−’ are interchanged and ‘×’ and ‘÷’ are interchanged? 16 ÷ 4 + 8 × 8 − 4 = ?
REA-0367,2024,12 Sep | Shift 2,General Intelligence and Reasoning,Embedded / Completion / Counting,Figure completion,symmetry fill,Figure completion,Reasoning MCQ,Easy,Low,Easy,Random fill,Mirror/rotate given part,Symmetry fill,Check symmetry fit,25–45s,Symmetry,"Identify the figure from the given options, which when put in place of the question mark (?), will logically complete the series."
REA-0368,2024,12 Sep | Shift 2,General Intelligence and Reasoning,Analogy,Number analogy,operation across pair,Number analogy (a:b :: c:?),Symbolic MCQ,Easy,Medium,Easy,Digit-splitting,Find op mapping first pair; apply,Test squares/cubes first,Test options in mapping,35–60s,Whole-number ops,"346 is related to 245 by certain logic. Following the same logic, 580 is related to 479. To which of the following is 613 related, following the same logic? (NOTE : Operations should be performed on the whole numbers, without breaking down the numbers into its constituent digits. E.g. 13 – Operations on 13 such as adding /deleting /multiplying etc., to 13 can be performed. Breaking down 13 into 1 and 3 and then performing mathematical operations on 1 and 3 is not allowed.)"
REA-0369,2024,12 Sep | Shift 2,General Intelligence and Reasoning,Embedded / Completion / Counting,Figure completion,symmetry fill,Figure completion,Reasoning MCQ,Easy,Low,Easy,Random fill,Mirror/rotate given part,Symmetry fill,Check symmetry fit,25–45s,Symmetry,Select the option figure that will replace the question mark (?) in the figure given below and complete the pattern.
REA-0370,2024,12 Sep | Shift 2,General Intelligence and Reasoning,Blood Relations,Coded relation,decode then traverse,Coded relation (symbol map),Reasoning MCQ,Medium,Medium,Easy,Gender assumption,Substitute meanings; walk the tree,Draw tree top-down,Check gender markers,45–75s,Tree drawing,Select the word-pair that best represents a similar relationship to the one expressed in the pair of words given below. (The words must be considered as meaningful English words and must NOT be related to each other based on the number of letters/number of consonants/vowels in the word) Duleep Trophy : Cricket
REA-0371,2024,12 Sep | Shift 2,General Intelligence and Reasoning,Dictionary & Word Formation,Dictionary order,letter-by-letter compare,Dictionary order,Reasoning MCQ,Easy,Medium,Easy,Whole-word guess,Compare 1st differing letter,First-difference only,Sort pairwise,25–40s,Lexicographic compare,Each vowel in the word ‘STAMINA’ is changed to the preceding letter in the English alphabetical order and each consonant is changed to the following letter in the English alphabetical order. How many letters are there in the English alphabetical order between the letter which is the third from the right and the fourth from the left in the group of letters thus formed?
REA-0372,2024,12 Sep | Shift 2,General Intelligence and Reasoning,Coding-Decoding,General code transform,encode/decode map,General code transform,Symbolic MCQ,Easy,Low,Hard,Assuming shift,Map Q→option transforms,Position map,Verify mapping,35–60s,Transform inventory,"In a certain code language, ‘can we play’ is coded as ‘ae tc nx’ and ‘play in school’ is coded as ‘tc rm ef’. How is ‘play’ coded in that language?"
REA-0373,2024,12 Sep | Shift 2,General Intelligence and Reasoning,Coding-Decoding,General code transform,encode/decode map,General code transform,Symbolic MCQ,Easy,Low,Hard,Assuming shift,Map Q→option transforms,Position map,Verify mapping,35–60s,Transform inventory,"In a certain code language, ‘BOOK’ is written as ‘ZNNI’ and ‘SHOP’ is written as ‘QFNN’. How will ‘NOTES’ be written in that language?"
REA-0374,2024,12 Sep | Shift 2,General Intelligence and Reasoning,Dice & Cubes,Standard dice opposite-face,adjacent-never-opposite,Standard dice opposite-face,Reasoning MCQ,Easy,Low,Easy,Opposite adjacency,Common-face rotation / adjacency elimination,Adjacency kills opposite,Check adjacency claims,30–50s,Dice nets,"Six letters J, K, L, M, N and O are written on different faces of a dice. Two positions of this dice are shown in the figure below. Find the letter on the face opposite to J."
REA-0375,2024,12 Sep | Shift 2,General Intelligence and Reasoning,Dice & Cubes,Standard dice opposite-face,adjacent-never-opposite,Standard dice opposite-face,Reasoning MCQ,Easy,Low,Easy,Opposite adjacency,Common-face rotation / adjacency elimination,Adjacency kills opposite,Check adjacency claims,30–50s,Dice nets,"Six letters U, V, W, X, Y and Z are written on different faces of a dice. Two positions of this dice are shown in the figure. Find the letter on the face opposite to V."
REA-0376,2024,12 Sep | Shift 3,General Intelligence and Reasoning,Coding-Decoding,Letter transform,per-position mapping,Letter transform (mixed shifts),Symbolic MCQ,Easy,Low,Easy,Assuming uniform shift,Map every position 1:1; apply,Ends-first check,Verify full mapping,40–65s,Position mapping,"In a certain code language, ‘RIVAL’ is coded as ‘PKTCJ’ and ‘TEXTS’ is coded as ‘RGVVQ’. How will ‘POINT’ be coded in the given language?"
REA-0377,2024,12 Sep | Shift 3,General Intelligence and Reasoning,Paper Folding & Cutting,Fold-punch-unfold trace,symmetric replication,Fold-punch-unfold trace,Reasoning MCQ,Easy,Low,Easy,Single-hole answer,Replay folds in reverse,Symmetry replication,Check symmetry axes,40–65s,Unfold reversal,A paper is folded and cut as shown below. How will it appear when unfolded?
REA-0378,2024,12 Sep | Shift 3,General Intelligence and Reasoning,Syllogism & Conclusions,Three-statement syllogism,Venn chains,Three-statement syllogism,Statement battery,Medium,Medium,Easy,Middle-term leap,Draw overlapping circles; test each conclusion,Universal-first diagram,Kill false conclusions,45–75s,Venn method,"Three statements are given, followed by three conclusions numbered I, II and III. Assuming the statements to be true, even if they seem to be at variance with commonly known facts, decide which of the conclusions logically follow(s) from the statements. Statements: No lotus is a daisy. All lotuses are tulips. All tulips are sunflowers. Conclusions: I. All daisies are tulips. II. Some sunflowers are daisies. III. No sunflower is a daisy."
REA-0379,2024,12 Sep | Shift 3,General Intelligence and Reasoning,Mathematical Operators,Sign-swap to balance,swap two operators,Sign-swap to balance,Symbolic MCQ,Easy,Low,Easy,No-bracket evaluation,Try option swaps; evaluate (BODMAS),Estimate-then-verify,Kill non-balancing fast,35–60s,BODMAS,Which of the following interchanges of numbers (not digits) would make the given equation correct?
REA-0380,2024,12 Sep | Shift 3,General Intelligence and Reasoning,Number / Alphabet Series,Alternating alphabet pattern,two interleaved rules,Alternating alphabet pattern,Symbolic MCQ,Easy,Low,Easy,Single rule,Split odd/even terms,Parity check,Check parity fit,35–55s,Interleaving,"Which letter cluster can replace the question mark (?) to complete the given series? AZFX, EWHW, ?, MQLU, QNNT"
REA-0381,2024,12 Sep | Shift 3,General Intelligence and Reasoning,Mirror / Water Images,Mirror image,left-right flip,Mirror image (lateral inversion),Reasoning MCQ,Easy,Low,Easy,Water-flip confusion,Flip L-R; keep top-bottom,L-R flip only,Eliminate non-flipped,20–35s,Lateral inversion,Select the correct mirror image of the given figure when the mirror is placed at MN as shown below.
REA-0382,2024,12 Sep | Shift 3,General Intelligence and Reasoning,Coding-Decoding,Alphanumeric / position-sum coding,letters ↔ numbers,Alphanumeric / position-sum coding,Symbolic MCQ,Easy,Low,Easy,A=0 indexing,Sum positions / reverse-sum; test,Position sums first,Verify sums match,30–50s,A1Z26 sums,"In a certain code language, 'MUTUAL' is written as '12121202113', 'MARKET' is written as '2051118113', how will 'MODULE' be written in that language?"
REA-0383,2024,12 Sep | Shift 3,General Intelligence and Reasoning,Analogy,Letter/term analogy,positional mapping,Letter/term analogy (positional),Symbolic MCQ,Easy,Low,Easy,Reading as words,Map shifts pair 1; apply to pair 2,Shift-map once,Check first-letter options,35–60s,A1Z26 shifts,Select the option that is related to the fifth letter-cluster in the same way as the second letter-cluster is related to the first letter-cluster and the fourth letter-cluster is related to the third letter-cluster. ALW: NYJ :: CNY :PAL :: DEP:?
REA-0384,2024,12 Sep | Shift 3,General Intelligence and Reasoning,Mathematical Operators,Sign-swap to balance,swap two operators,Sign-swap to balance,Symbolic MCQ,Easy,Low,Easy,No-bracket evaluation,Try option swaps; evaluate (BODMAS),Estimate-then-verify,Kill non-balancing fast,35–60s,BODMAS,Which number will come in the place of the question mark (?) in the following equation if ‘+’ and ‘−’ are interchanged and ‘×’ and ‘÷’ are interchanged? 49 × 7 − 6 ÷ 2 + 15 = ?
REA-0385,2024,12 Sep | Shift 3,General Intelligence and Reasoning,Embedded / Completion / Counting,Count geometric figures,systematic enumeration,Count geometric figures,Reasoning MCQ,Easy,Low,Easy,Double counting,Count by size class; sum,Size-class table,Verify against options,45–75s,Class-wise count,How many triangles are there in the given figure?
REA-0386,2024,12 Sep | Shift 3,General Intelligence and Reasoning,Classification / Odd-One-Out,Group-of-four odd-out,arithmetic property,Group-of-four odd-out (content in options),Symbolic MCQ,Easy,Medium,Easy,Single-option focus,Test divisibility/parity/squares per option,Parity/divisibility first,Kill three alike,30–50s,Number properties,Three of the following four are alike in a certain way and thus form a group. Which is the one that does NOT belong to that group? The odd one out is not based on the number of consonants/vowels or their position in the letter cluster
REA-0387,2024,12 Sep | Shift 3,General Intelligence and Reasoning,Dictionary & Word Formation,Dictionary order,letter-by-letter compare,Dictionary order,Reasoning MCQ,Easy,Medium,Easy,Whole-word guess,Compare 1st differing letter,First-difference only,Sort pairwise,25–40s,Lexicographic compare,All of the letters in the word ‘FROWNED’ are arranged in alphabetical order. How many letters are there in the English alphabetical series between the letter which is fourth from the left end and the one which is second from the right end in the new letter- cluster thus formed?
REA-0388,2024,12 Sep | Shift 3,General Intelligence and Reasoning,Figure Series,Figure series completion,visual rule per step,Figure series completion (?),Reasoning MCQ,Easy,Low,Easy,Single-feature lock,Test rotation/count/shading/element rules stepwise,One-change scan,Test options in slot,50–80s,Visual rules,Select the figure from among the given options that can replace the question mark (?) in the following series.
REA-0389,2024,12 Sep | Shift 3,General Intelligence and Reasoning,Analogy,Letter/term analogy,positional mapping,Letter/term analogy (positional),Symbolic MCQ,Easy,Low,Easy,Reading as words,Map shifts pair 1; apply to pair 2,Shift-map once,Check first-letter options,35–60s,A1Z26 shifts,Select the option that is related to the fifth letter-cluster in the same way as the second letter-cluster is related to the first letter-cluster and the fourth letter-cluster is related to the third letter-cluster. FISH : DKQJ :: POND : NQLF :: SIZE : ?
REA-0390,2024,12 Sep | Shift 3,General Intelligence and Reasoning,Embedded / Completion / Counting,Figure completion,symmetry fill,Figure completion,Reasoning MCQ,Easy,Low,Easy,Random fill,Mirror/rotate given part,Symmetry fill,Check symmetry fit,25–45s,Symmetry,Identify the figure from among the given options which when put in place of the question mark (?) will logically complete the series.
REA-0391,2024,12 Sep | Shift 3,General Intelligence and Reasoning,Classification / Odd-One-Out,Group-of-four odd-out,arithmetic property,Group-of-four odd-out (content in options),Symbolic MCQ,Easy,Medium,Easy,Single-option focus,Test divisibility/parity/squares per option,Parity/divisibility first,Kill three alike,30–50s,Number properties,"Three of the following number-pairs are alike in some manner and hence form a group. Which number-pair does not belong to that group? (NOTE: Operations should be performed on the whole numbers, without breaking down the numbers into its constituent digits. E.g. 13 – Operations on 13 such as adding/subtracting/multiplying etc. to 13 can be performed. Breaking down 13 into 1 and 3 and then performing mathematical operations on 1 and 3 is not allowed.)"
REA-0392,2024,12 Sep | Shift 3,General Intelligence and Reasoning,Dice & Cubes,General dice/cube,spatial logic,General dice/cube,Reasoning MCQ,Easy,Low,Hard,Opposite adjacency,Opposite-face / net analysis,Net mapping,Check adjacency,30–55s,Spatial rules,"A cube is constructed by folding the given sheet along the lines shown. In the cube so formed, what would be the symbol on the opposite side of ‘#’?"
REA-0393,2024,12 Sep | Shift 3,General Intelligence and Reasoning,Number / Alphabet Series,Letter-blank fill series,slot completion,Letter-blank fill series (A_BB…),Symbolic MCQ,Easy,Low,Easy,Left-to-right guess,Find repeating block; fill,Block-length test,Test block options,30–50s,Repeating blocks,"Select the option that represents the letters which, when sequentially placed from left to right in the blanks below, will complete the letter series. f d _ e _ e f _ d d _ d _ f f _ d _ d _ f"
REA-0394,2024,12 Sep | Shift 3,General Intelligence and Reasoning,Analogy,Set/triad analogy,common rule across triple,Set/triad analogy,Symbolic MCQ,Easy,Medium,Easy,Pairwise only,Extract rule from two given sets,Test divide/square forms,Test option sets,40–65s,Rule extraction,"Select the set in which the numbers are related in the same way as are the numbers of the following set. 3 — 5 — 30 2 — 4 — 16 NOTE: Operations should be performed on the whole numbers, without breaking down the numbers into its constituent digits. E.g. 13 – Operations on 13 such as adding/subtracting/multiplying etc. to 13 can be performed. Breaking down 13 into 1 and 3 and then performing mathematical operations on 1 and 3 is not allowed)"
REA-0395,2024,12 Sep | Shift 3,General Intelligence and Reasoning,Blood Relations,Coded relation,decode then traverse,Coded relation (symbol map),Reasoning MCQ,Medium,Medium,Easy,Gender assumption,Substitute meanings; walk the tree,Draw tree top-down,Check gender markers,45–75s,Tree drawing,"In a certain code language, ‘A + B’ means ‘A is the mother of B’; ‘A – B’ means ‘A is the husband of B’; ‘A × B’ means ‘A is the father of B’ and ‘A ÷ B’ means ‘A is the daughter of B’. Based on the above, how is K related to O if ‘K ÷ L − M + N × O’?"
REA-0396,2024,12 Sep | Shift 3,General Intelligence and Reasoning,Analogy,Number analogy,operation across pair,Number analogy (a:b :: c:?),Symbolic MCQ,Easy,Medium,Easy,Digit-splitting,Find op mapping first pair; apply,Test squares/cubes first,Test options in mapping,35–60s,Whole-number ops,"Select the set in which the numbers are related in the same way as are the numbers of the following set. (34, 17, 27) (42, 21, 31) (NOTE: Operations should be performed on the whole numbers, without breaking down the numbers into its constituent digits. E.g. 13 – Operations on 13 such as adding/deleting/multiplying etc. to 13 can be performed. Breaking down 13 into 1 and 3 and then performing mathematical operations on 1 and 3 is not allowed.)"
REA-0397,2024,12 Sep | Shift 3,General Intelligence and Reasoning,Analogy,Number analogy,operation across pair,Number analogy (a:b :: c:?),Symbolic MCQ,Easy,Medium,Easy,Digit-splitting,Find op mapping first pair; apply,Test squares/cubes first,Test options in mapping,35–60s,Whole-number ops,"44 is related to 1936 by certain logic. Following the same logic, 59 is related to 3481. To which of the following is 77 related, following the same logic? (NOTE : Operations should be performed on the whole numbers, without breaking down the numbers into its constituent digits. E.g. 13 – Operations on 13 such as adding /deleting /multiplying etc., to 13 can be performed. Breaking down 13 into 1 and 3 and then performing mathematical operations on 1 and 3 is not allowed.)"
REA-0398,2024,12 Sep | Shift 3,General Intelligence and Reasoning,Number / Alphabet Series,Mixed-operation series,combined rules,Mixed-operation series,Symbolic MCQ,Easy,Low,Easy,Single-rule force,Try halves/alternation/split,Option back-fit,Test options in sequence,45–75s,Multi-rule toolkit,"Which of the following numbers will replace the question mark (?) in the given series? 7, 13, ?, 145, 721, 4321"
REA-0399,2024,12 Sep | Shift 3,General Intelligence and Reasoning,Figure-Based (Image),Figure task,visual reasoning,Figure task (needs PDF),Figure-based,Easy,Low,Easy,—,Refer original PDF figure,Same,As applicable,60–90s,—,[image/figure-based content -- see original PDF]
REA-0400,2024,12 Sep | Shift 3,General Intelligence and Reasoning,Dice & Cubes,Standard dice opposite-face,adjacent-never-opposite,Standard dice opposite-face,Reasoning MCQ,Easy,Low,Easy,Opposite adjacency,Common-face rotation / adjacency elimination,Adjacency kills opposite,Check adjacency claims,30–50s,Dice nets,Two different positions of the same dice are given below. Which is the number on the face opposite the face containing 5?
REA-0401,2024,13 Sep | Shift 1,General Intelligence and Reasoning,Number / Alphabet Series,Constant-difference series,AP with d=-3,Constant-difference series,Symbolic MCQ,Easy,Low,Easy,Assuming +1,Add d each step,Extend one step,Eliminate non-AP options,15–30s,AP extension,"Select the option that can replace the question mark (?) in the following series. AH21, CJ18, EL15, GN12, ?"
REA-0402,2024,13 Sep | Shift 1,General Intelligence and Reasoning,Mathematical Operators,Sign-swap to balance,swap two operators,Sign-swap to balance,Symbolic MCQ,Easy,Low,Easy,No-bracket evaluation,Try option swaps; evaluate (BODMAS),Estimate-then-verify,Kill non-balancing fast,35–60s,BODMAS,Which of the following interchanges of numbers (not digits) would make the given equation correct?
REA-0403,2024,13 Sep | Shift 1,General Intelligence and Reasoning,Analogy,Word analogy,relation type,Word analogy (semantic),Symbolic MCQ,Easy,Medium,Easy,Association vagueness,Name relation (function/part/cause); apply,Relation naming,Eliminate unrelated,20–35s,Relation vocabulary,Select the option that is related to the third word in the same way as the second word is related to the first word. (The words must be considered as meaningful English words and must not be related to each other based on the number of letters/number of consonants/vowels in the word) Frivolous : Big :: Deride : ?
REA-0404,2024,13 Sep | Shift 1,General Intelligence and Reasoning,Number / Alphabet Series,Mixed-operation series,combined rules,Mixed-operation series,Symbolic MCQ,Easy,Low,Easy,Single-rule force,Try halves/alternation/split,Option back-fit,Test options in sequence,45–75s,Multi-rule toolkit,"Select the number from among the given options that can replace the question mark (?) in the following series. 30, 20, ?, 60, 140"
REA-0405,2024,13 Sep | Shift 1,General Intelligence and Reasoning,Embedded / Completion / Counting,Count geometric figures,systematic enumeration,Count geometric figures,Reasoning MCQ,Easy,Low,Easy,Double counting,Count by size class; sum,Size-class table,Verify against options,45–75s,Class-wise count,How many triangles are there in the given figure?
REA-0406,2024,13 Sep | Shift 1,General Intelligence and Reasoning,Analogy,Number analogy,operation across pair,Number analogy (a:b :: c:?),Symbolic MCQ,Easy,Medium,Easy,Digit-splitting,Find op mapping first pair; apply,Test squares/cubes first,Test options in mapping,35–60s,Whole-number ops,"Select the pair in which the numbers are related to each other in the same way as are the numbers in the given pairs. (NOTE: Operations should be performed on the whole numbers, without breaking down the numbers into its constituent digits. E.g. 13 – Operations on 13 such as adding /deleting/multiplying etc. to 13 can be performed. Breaking down 13 into 1 and 3 and then performing mathematical operations on 1 and 3 is not allowed.) 3 : 25 4 : 62"
REA-0407,2024,13 Sep | Shift 1,General Intelligence and Reasoning,Dictionary & Word Formation,Dictionary order,letter-by-letter compare,Dictionary order,Reasoning MCQ,Easy,Low,Easy,Whole-word guess,Compare 1st differing letter,First-difference only,Sort pairwise,25–40s,Lexicographic compare,The position(s) of how many letters will remain unchanged if all the letters in the word ‘GRIMACE’ are arranged in English alphabetical order?
REA-0408,2024,13 Sep | Shift 1,General Intelligence and Reasoning,Figure Series,Figure series completion,visual rule per step,Figure series completion (?),Reasoning MCQ,Easy,Low,Easy,Single-feature lock,Test rotation/count/shading/element rules stepwise,One-change scan,Test options in slot,50–80s,Visual rules,Which figure should replace the question mark (?) if the following series were to be continued?
REA-0409,2024,13 Sep | Shift 1,General Intelligence and Reasoning,Analogy,Word analogy,relation type,Word analogy (semantic),Symbolic MCQ,Easy,Low,Easy,Association vagueness,Name relation (function/part/cause); apply,Relation naming,Eliminate unrelated,20–35s,Relation vocabulary,‘Ample’ is related to ‘Abundant’ in the same way as ‘Substantial’ is related to ‘________’. (The words must be considered as meaningful English words and must not be related to each other based on the number of letters/number of consonants/vowels in the word.)
REA-0410,2024,13 Sep | Shift 1,General Intelligence and Reasoning,Coding-Decoding,General code transform,encode/decode map,General code transform,Symbolic MCQ,Easy,Low,Hard,Assuming shift,Map Q→option transforms,Position map,Verify mapping,35–60s,Transform inventory,"In a certain code language, ‘HUSBAND’ is written as ‘JVUDBPF’ and ‘SISTER’ is written as ‘UJUVFT’. How will ‘BROTHER’ be written in that language?"
REA-0411,2024,13 Sep | Shift 1,General Intelligence and Reasoning,Blood Relations,Coded relation,decode then traverse,Coded relation (symbol map),Reasoning MCQ,Medium,Medium,Easy,Gender assumption,Substitute meanings; walk the tree,Draw tree top-down,Check gender markers,45–75s,Tree drawing,"In a certain code language, X + Y means ‘X is the father of Y’, X − Y means ‘X is the brother of Y’, X × Y means ‘X is the sister of Y’, X ÷ Y means ‘X is the wife of Y’. Based on the above, how is D related to H if ‘D × E ÷ F + G − H’?"
REA-0412,2024,13 Sep | Shift 1,General Intelligence and Reasoning,Figure-Based (Image),Figure task,visual reasoning,Figure task (needs PDF),Figure-based,Easy,Low,Easy,—,Refer original PDF figure,Same,As applicable,60–90s,—,[image/figure-based content -- see original PDF]
REA-0413,2024,13 Sep | Shift 1,General Intelligence and Reasoning,Dice & Cubes,Standard dice opposite-face,adjacent-never-opposite,Standard dice opposite-face,Reasoning MCQ,Easy,Low,Easy,Opposite adjacency,Common-face rotation / adjacency elimination,Adjacency kills opposite,Check adjacency claims,30–50s,Dice nets,"Six letters A, B, C, E, F and G are written on different faces of a dice. Two positions of this dice are shown in the figure below. Find the letter on the face opposite to A."
REA-0414,2024,13 Sep | Shift 1,General Intelligence and Reasoning,Number / Alphabet Series,Alternating alphabet pattern,two interleaved rules,Alternating alphabet pattern,Symbolic MCQ,Easy,Low,Easy,Single rule,Split odd/even terms,Parity check,Check parity fit,35–55s,Interleaving,Select the option that represents the letters that when sequentially placed from left to right in the blanks below will complete the letter series. _ X _ F _ _ _ X T _ X _
REA-0415,2024,13 Sep | Shift 1,General Intelligence and Reasoning,Coding-Decoding,Alphanumeric / position-sum coding,letters ↔ numbers,Alphanumeric / position-sum coding,Symbolic MCQ,Easy,Low,Easy,A=0 indexing,Sum positions / reverse-sum; test,Position sums first,Verify sums match,30–50s,A1Z26 sums,"In a certain code language, ‘mountain stand tall’ is coded as ‘33 66 44’; ‘rocky is tall’ is coded as ‘44 55 11’ and ‘rocky is mountain’ is coded as ‘33 55 11’. How is ‘stand’ coded in that language?"
REA-0416,2024,13 Sep | Shift 1,General Intelligence and Reasoning,Classification / Odd-One-Out,Group-of-four odd-out,arithmetic property,Group-of-four odd-out (content in options),Symbolic MCQ,Easy,Medium,Easy,Single-option focus,Test divisibility/parity/squares per option,Parity/divisibility first,Kill three alike,30–50s,Number properties,"Three of the following numbers are alike in a certain way and one is different. Pick the odd one out. (NOTE : Operations should be performed on the whole numbers, without breaking down the numbers into its constituent digits. E.g. 13 – Operations on 13 such as adding /deleting /multiplying etc., to 13 can be performed. Breaking down 13 into 1 and 3 and then performing mathematical operations on 1 and 3 is not allowed.)"
REA-0417,2024,13 Sep | Shift 1,General Intelligence and Reasoning,Number / Alphabet Series,Alphabet-position series,A1Z26 logic,Alphabet-position series,Symbolic MCQ,Easy,Low,Easy,Reading letters,Convert; find numeric rule,Same,Test numeric fit,30–55s,A1Z26 map,"Select the option that represents the letters that, when placed from left to right in the blanks below, will complete the letter series. D _ F D _ F _ F _ D _ F"
REA-0418,2024,13 Sep | Shift 1,General Intelligence and Reasoning,Classification / Odd-One-Out,Letter-cluster classification,positional property,Letter-cluster classification,Symbolic MCQ,Easy,Low,Easy,Reading as words,Convert to numbers; find property break,Vowel/consonant + shift scan,Kill three alike,30–50s,A1Z26 + parity,"Four letter-clusters have been given, out of which three are alike in some manner and one is different. Select the letter-cluster that is different. Note: The odd one out is not based on the number of consonants/vowels or their position in the letter cluster."
REA-0419,2024,13 Sep | Shift 1,General Intelligence and Reasoning,Mathematical Operators,Sign-swap to balance,swap two operators,Sign-swap to balance,Symbolic MCQ,Easy,Low,Easy,No-bracket evaluation,Try option swaps; evaluate (BODMAS),Estimate-then-verify,Kill non-balancing fast,35–60s,BODMAS,"What will come in the place of the question mark (?) in the following equation, if ‘+’ and ‘−’ are interchanged and ‘×’ and ‘÷’ are interchanged? 315 × 15 − 93 + 16 ÷ 7 = ?"
REA-0420,2024,13 Sep | Shift 1,General Intelligence and Reasoning,Analogy,Number analogy,operation across pair,Number analogy (a:b :: c:?),Symbolic MCQ,Easy,Medium,Easy,Digit-splitting,Find op mapping first pair; apply,Test squares/cubes first,Test options in mapping,35–60s,Whole-number ops,"Select the set in which the numbers are related in the same way as are the numbers of the following sets. (NOTE: Operations should be performed on the whole numbers, without breaking down the numbers into its constituent digits. E.g. 13 – Operations on 13 such as adding /deleting /multiplying etc. to 13 can be performed. Breaking down 13 into 1 and 3 and then performing mathematical operations on 1 and 3 is not allowed.) (27, 405, 3) (23, 690, 6)"
REA-0421,2024,13 Sep | Shift 1,General Intelligence and Reasoning,Analogy,Set/triad analogy,common rule across triple,Set/triad analogy,Symbolic MCQ,Easy,Medium,Easy,Pairwise only,Extract rule from two given sets,Test divide/square forms,Test option sets,40–65s,Rule extraction,"Select the set in which the numbers are related in the same way as are the numbers of the following set. 7 — 14 — 23 4 — 11 — 20 NOTE: Operations should be performed on the whole numbers, without breaking down the numbers into its constituent digits. E.g. 13 – Operations on 13 such as adding/subtracting/multiplying etc. to 13 can be performed. Breaking down 13 into 1 and 3 and then performing mathematical operations on 1 and 3 is not allowed)"
REA-0422,2024,13 Sep | Shift 1,General Intelligence and Reasoning,Mirror / Water Images,Mirror image,left-right flip,Mirror image (lateral inversion),Reasoning MCQ,Easy,Low,Easy,Water-flip confusion,Flip L-R; keep top-bottom,L-R flip only,Eliminate non-flipped,20–35s,Lateral inversion,Select the correct mirror image of the given figure when the mirror is placed at MN as shown.
REA-0423,2024,13 Sep | Shift 1,General Intelligence and Reasoning,Paper Folding & Cutting,Fold-punch-unfold trace,symmetric replication,Fold-punch-unfold trace,Reasoning MCQ,Easy,Low,Easy,Single-hole answer,Replay folds in reverse,Symmetry replication,Check symmetry axes,40–65s,Unfold reversal,A square sheet of paper is folded along the dotted line successively along the directions shown and is then punched in the last as shown. How would the paper look when unfolded?
REA-0424,2024,13 Sep | Shift 1,General Intelligence and Reasoning,Number / Alphabet Series,Alphabet-position series,A1Z26 logic,Alphabet-position series,Symbolic MCQ,Easy,Low,Easy,Reading letters,Convert; find numeric rule,Same,Test numeric fit,30–55s,A1Z26 map,"Which of the following terms will replace the question mark (?) in the given series? KES, MIQ, PMN, TQJ, YUE, ?"
REA-0425,2024,13 Sep | Shift 1,General Intelligence and Reasoning,Embedded / Completion / Counting,Embedded,part-whole spotting,Embedded (hidden) figure,Reasoning MCQ,Easy,Low,Easy,Rotated blindness,Match lines/angles inventory,Distinctive-part hunt,Eliminate size-mismatch,30–50s,Line inventory,"Figure X is followed by four figures numbered (1), (2), (3), (4). Identify the figure among the four in which figure X is embedded (i.e. contains figure X in the same form)."
REA-0426,2024,13 Sep | Shift 2,General Intelligence and Reasoning,Coding-Decoding,Alphanumeric / position-sum coding,letters ↔ numbers,Alphanumeric / position-sum coding,Symbolic MCQ,Easy,Low,Easy,A=0 indexing,Sum positions / reverse-sum; test,Position sums first,Verify sums match,30–50s,A1Z26 sums,"In a certain code language, 'GLOBAL' is written as '221714272817', 'FOREST' is written as '23141124109', how will 'IMPACT' be written in that language?"
REA-0427,2024,13 Sep | Shift 2,General Intelligence and Reasoning,Analogy,Set/triad analogy,common rule across triple,Set/triad analogy,Symbolic MCQ,Easy,Medium,Easy,Pairwise only,Extract rule from two given sets,Test divide/square forms,Test option sets,40–65s,Rule extraction,"Select the triad in which the numbers are related to each other in the same way as the numbers in the following triads. 16-40-100 8-20-50 (NOTE : Operations should be performed on the whole numbers, without breaking down the numbers into its constituent digits. E.g. 13 – Operations on 13 such as adding /deleting /multiplying etc., to 13 can be performed. Breaking down 13 into 1 and 3 and then performing mathematical operations on 1 and 3 is not allowed.)"
REA-0428,2024,13 Sep | Shift 2,General Intelligence and Reasoning,Paper Folding & Cutting,Fold-punch-unfold trace,symmetric replication,Fold-punch-unfold trace,Reasoning MCQ,Easy,Low,Easy,Single-hole answer,Replay folds in reverse,Symmetry replication,Check symmetry axes,40–65s,Unfold reversal,The sequence of folding a paper and the manner in which the folded paper is cut is shown in the following figures. How would this paper look when unfolded?
REA-0429,2024,13 Sep | Shift 2,General Intelligence and Reasoning,Figure Series,Figure series completion,visual rule per step,Figure series completion (?),Reasoning MCQ,Easy,Low,Easy,Single-feature lock,Test rotation/count/shading/element rules stepwise,One-change scan,Test options in slot,50–80s,Visual rules,Select the figure from among the given options that can replace the question mark (?) in the following series.
REA-0430,2024,13 Sep | Shift 2,General Intelligence and Reasoning,Analogy,Letter/term analogy,positional mapping,Letter/term analogy (positional),Symbolic MCQ,Easy,Low,Easy,Reading as words,Map shifts pair 1; apply to pair 2,Shift-map once,Check first-letter options,35–60s,A1Z26 shifts,Select the option that is related to the fifth term in the same way as the second term is related to the first term and the fourth term is related to the third term. READER : ERZWRE :: SERIAL : ESIRLA :: JINGLE : ?
REA-0431,2024,13 Sep | Shift 2,General Intelligence and Reasoning,Blood Relations,Coded relation,decode then traverse,Coded relation (symbol map),Reasoning MCQ,Hard,High,Easy,Gender assumption,Substitute meanings; walk the tree,Draw tree top-down,Check gender markers,45–75s,Tree drawing,"In a certain code language, ‘A + B’ means ‘A is the mother of B’, ‘A – B’ means ‘A is the father of B’, ‘A $ B’ means ‘A is the son of B’, ‘A % B’ means ‘A is the sister of B’, ‘A / B’ means ‘A is the wife of B’ and ‘A * B’ means ‘A is the husband of B’. Which of the following means P is the Son's wife of T? i. T / B – K * P + O ii. T + K * P + B % O iii. K * P + B % T + P iv. P + T * K + B % O"
REA-0432,2024,13 Sep | Shift 2,General Intelligence and Reasoning,Coding-Decoding,Letter transform,per-position mapping,Letter transform (mixed shifts),Symbolic MCQ,Easy,Low,Easy,Assuming uniform shift,Map every position 1:1; apply,Ends-first check,Verify full mapping,40–65s,Position mapping,"In a certain code language, ‘RETAINED’ is written as ‘ENIATERD’ and ‘MATURITY’ is written as ‘TIRUTAMY’. How will ‘FIREWALL’ be written in that language?"
REA-0433,2024,13 Sep | Shift 2,General Intelligence and Reasoning,Number / Alphabet Series,Multiply-add,×2-1,Multiply-add (×k±c) series,Symbolic MCQ,Easy,Low,Easy,Pure multiply,Apply ×k±c,Same,Test last step,30–50s,×k±c test,What should come in place of the question mark (?) in the given series? 9 17 33 65 129 ?
REA-0434,2024,13 Sep | Shift 2,General Intelligence and Reasoning,Paper Folding & Cutting,Fold-punch-unfold trace,symmetric replication,Fold-punch-unfold trace,Reasoning MCQ,Easy,Low,Easy,Single-hole answer,Replay folds in reverse,Symmetry replication,Check symmetry axes,40–65s,Unfold reversal,A paper is folded and cut as shown below. How will it appear when unfolded?
REA-0435,2024,13 Sep | Shift 2,General Intelligence and Reasoning,Analogy,Number analogy,operation across pair,Number analogy (a:b :: c:?),Symbolic MCQ,Easy,Medium,Easy,Digit-splitting,Find op mapping first pair; apply,Test squares/cubes first,Test options in mapping,35–60s,Whole-number ops,"16 is related to 30 following a certain logic. Following the same logic, 81 is related to 110. To which of the following is 49 related, following the same logic? (NOTE : Operations should be performed on the whole numbers, without breaking down the numbers into its constituent digits. E.g. 13 – Operations on 13 such as adding /deleting /multiplying etc., to 13 can be performed. Breaking down 13 into 1 and 3 and then performing mathematical operations on 1 and 3 is not allowed.)"
REA-0436,2024,13 Sep | Shift 2,General Intelligence and Reasoning,Syllogism & Conclusions,Standard syllogism,Venn chains,Standard syllogism (statements + conclusions),Statement battery,Medium,Medium,Easy,Middle-term leap,Draw overlapping circles; test each conclusion,Universal-first diagram,Kill absolute-word conclusions,45–75s,Venn method,"Read the given statements and conclusions carefully. Assuming that the information given in the statements is true, even if it appears to be at variance with commonly known facts, decide which of the given conclusions logically follow(s) from the statements. Statements: Some Toys are Plastic. Some Plastic are Metal. No Metal is Chemical. Conclusions: (I) Some Chemicals are Plastic. (II) No Toy is a Chemical."
REA-0437,2024,13 Sep | Shift 2,General Intelligence and Reasoning,Dictionary & Word Formation,Dictionary order,letter-by-letter compare,Dictionary order,Reasoning MCQ,Easy,Low,Easy,Whole-word guess,Compare 1st differing letter,First-difference only,Sort pairwise,25–40s,Lexicographic compare,The position of how many letters will remain unchanged if each of the letters in the word ‘SIGHTED’ is arranged in the English alphabetical order?
REA-0438,2024,13 Sep | Shift 2,General Intelligence and Reasoning,Embedded / Completion / Counting,Figure completion,symmetry fill,Figure completion,Reasoning MCQ,Easy,Low,Easy,Random fill,Mirror/rotate given part,Symmetry fill,Check symmetry fit,25–45s,Symmetry,Select the option figure that will replace the question mark (?) in the figure given below to complete the pattern.
REA-0439,2024,13 Sep | Shift 2,General Intelligence and Reasoning,Number / Alphabet Series,Alternating alphabet pattern,two interleaved rules,Alternating alphabet pattern,Symbolic MCQ,Easy,Low,Easy,Single rule,Split odd/even terms,Parity check,Check parity fit,35–55s,Interleaving,"Which of the following terms will replace the question mark (?) in the given series? RLYV, PJWT, NHUR, ? , JDQN"
REA-0440,2024,13 Sep | Shift 2,General Intelligence and Reasoning,Blood Relations,Coded relation,decode then traverse,Coded relation (symbol map),Reasoning MCQ,Easy,Low,Easy,Gender assumption,Substitute meanings; walk the tree,Draw tree top-down,Check gender markers,45–75s,Tree drawing,Three of the following four number-pairs are alike in a certain way and thus form a group. Which number-pair does NOT belong to that group? (NOTE: The relation should be found without breaking down the numbers into its constituent digits)
REA-0441,2024,13 Sep | Shift 2,General Intelligence and Reasoning,Syllogism & Conclusions,Standard syllogism,Venn chains,Standard syllogism (statements + conclusions),Statement battery,Medium,Medium,Easy,Middle-term leap,Draw overlapping circles; test each conclusion,Universal-first diagram,Kill absolute-word conclusions,45–75s,Venn method,Read the given statements and conclusions carefully. You have to take the given statements to be true if they seem to be at variance from commonly known facts. You have to decide which conclusion(s) logically follow(s) from the given statements. Statements: All fruit are sour. Some sour are vegetables. Some vegetables are green. Conclusions: (I) All vegetables are sour. (II) Some sour are green.
REA-0442,2024,13 Sep | Shift 2,General Intelligence and Reasoning,Number / Alphabet Series,Mixed-operation series,combined rules,Mixed-operation series,Symbolic MCQ,Easy,Low,Easy,Single-rule force,Try halves/alternation/split,Option back-fit,Test options in sequence,45–75s,Multi-rule toolkit,"What will come in place of the question mark (?) in the following equation, if ‘×’ is replaced by ‘÷’, ‘÷’ is replaced by ‘+’, ‘+’ is replaced by ‘×’ and ‘−’ remains unchanged? 42 × 3 ÷ 4 + 9 − 17 = ?"
REA-0443,2024,13 Sep | Shift 2,General Intelligence and Reasoning,Analogy,Word analogy,relation mapping,Word analogy (Hindi stem),Symbolic MCQ,Easy,Low,Easy,Vague association,Name relation in pair 1 (Hindi); apply,Relation naming,Eliminate unrelated,25–40s,Relation vocabulary,"'रिक्त' का संबंध 'खाली' से उसी प्रकार है, जैसे 'भीड़' का संबंध '________' से है।"
REA-0444,2024,13 Sep | Shift 2,General Intelligence and Reasoning,Analogy,General analogy,relation mapping,General analogy,Symbolic MCQ,Easy,Low,Hard,Vague association,Name relation in pair 1; apply,Relation naming,Eliminate unrelated,30–55s,Relation vocabulary,Select the option that is related to the third figure in the same way as the second figure is related to the first figure. Follow the analogy- Figure 1 : Figure 2 :: Figure 3 : ?
REA-0445,2024,13 Sep | Shift 2,General Intelligence and Reasoning,Embedded / Completion / Counting,General figure task,visual analysis,General figure task,Reasoning MCQ,Easy,Low,Hard,Figure blindness,Refer figure; apply task rule,Task rule,As applicable,40–70s,Visual method,What is the number of triangles in the following figure?
REA-0446,2024,13 Sep | Shift 2,General Intelligence and Reasoning,Mathematical Operators,Sign-swap to balance,swap two operators,Sign-swap to balance,Symbolic MCQ,Easy,Low,Easy,No-bracket evaluation,Try option swaps; evaluate (BODMAS),Estimate-then-verify,Kill non-balancing fast,35–60s,BODMAS,"What will come in place of the question mark (?) in the following equation, if ‘+’ and ‘–’ are interchanged and ‘×’ and ‘÷’ are interchanged? 107 + 2028 × 6 – 427 ÷ 7 = ?"
REA-0447,2024,13 Sep | Shift 2,General Intelligence and Reasoning,Number / Alphabet Series,Letter-blank fill series,slot completion,Letter-blank fill series (A_BB…),Symbolic MCQ,Easy,Low,Easy,Left-to-right guess,Find repeating block; fill,Block-length test,Test block options,30–50s,Repeating blocks,"Select the option that represents the letters which, when sequentially placed from left to right in the blanks below, will complete the letter series. f h _ h _ g f _ h g _ h _ f f _ g _ h _ f"
REA-0448,2024,13 Sep | Shift 2,General Intelligence and Reasoning,Dictionary & Word Formation,Dictionary order,letter-by-letter compare,Dictionary order,Reasoning MCQ,Easy,Medium,Easy,Whole-word guess,Compare 1st differing letter,First-difference only,Sort pairwise,25–40s,Lexicographic compare,"Based on the position in the English alphabetical order, three of the following letter- clusters are alike in some manner and one is different. Select the odd letter-cluster. Note: The odd one out is not based on the number of consonants/vowels or their position in the letter cluster."
REA-0449,2024,13 Sep | Shift 2,General Intelligence and Reasoning,Analogy,Number analogy,operation across pair,Number analogy (a:b :: c:?),Symbolic MCQ,Easy,Medium,Easy,Digit-splitting,Find op mapping first pair; apply,Test squares/cubes first,Test options in mapping,35–60s,Whole-number ops,"Select the triad in which the numbers are related to each other in the same way as are the numbers of the given triads. (148, 126, 104), (98, 76, 54) (NOTE : Operations should be performed on the whole numbers, without breaking down the numbers into its constituent digits. E.g. 13 – Operations on 13 such as adding /deleting /multiplying etc. to 13 can be performed. Breaking down 13 into 1 and 3 and then performing mathematical operations on 1 and 3 is not allowed)"
REA-0450,2024,13 Sep | Shift 2,General Intelligence and Reasoning,Dice & Cubes,Standard dice opposite-face,adjacent-never-opposite,Standard dice opposite-face,Reasoning MCQ,Easy,Low,Easy,Opposite adjacency,Common-face rotation / adjacency elimination,Adjacency kills opposite,Check adjacency claims,30–50s,Dice nets,"Six symbols %, &, ?, +, $ and @ are written on different faces of a dice. Two positions of this dice are shown in the figure below. Find the symbol on the face opposite to the one having @."
REA-0451,2024,13 Sep | Shift 3,General Intelligence and Reasoning,Blood Relations,Coded relation,decode then traverse,Coded relation (symbol map),Reasoning MCQ,Medium,Medium,Easy,Gender assumption,Substitute meanings; walk the tree,Draw tree top-down,Check gender markers,45–75s,Tree drawing,"In a certain code language, 'A ? B' means ‘A is the mother of B’, 'A ! B' means ‘A is the wife of B’, 'A & B' means ‘A is the brother of B’ and 'A x B' means ‘A is the father of B’. Which of the following means that Z is the wife's father's mother of L?"
REA-0452,2024,13 Sep | Shift 3,General Intelligence and Reasoning,Analogy,Word analogy,relation type,Word analogy (semantic),Symbolic MCQ,Easy,Medium,Easy,Association vagueness,Name relation (function/part/cause); apply,Relation naming,Eliminate unrelated,20–35s,Relation vocabulary,Select the option that is related to the third word in the same way as the second word is related to the first word. (The words must be considered as meaningful English words and must NOT be related to each other based on the number of letters/number of consonants/vowels in the word) Magician : Magic :: Dancer : ?
REA-0453,2024,13 Sep | Shift 3,General Intelligence and Reasoning,Coding-Decoding,Alphanumeric / position-sum coding,letters ↔ numbers,Alphanumeric / position-sum coding,Symbolic MCQ,Easy,Low,Easy,A=0 indexing,Sum positions / reverse-sum; test,Position sums first,Verify sums match,30–50s,A1Z26 sums,"In a certain code language, ‘VAT’ is coded as ‘43’ and ‘AWW’ is coded as ‘47’. How will ‘ZHU’ be coded in that language?"
REA-0454,2024,13 Sep | Shift 3,General Intelligence and Reasoning,Blood Relations,Coded relation,decode then traverse,Coded relation (symbol map),Reasoning MCQ,Medium,Medium,Easy,Gender assumption,Substitute meanings; walk the tree,Draw tree top-down,Check gender markers,45–75s,Tree drawing,The following contains two pairs of words which are related to each other in a certain way. Three of the following four word-pairs are alike as these have the same relationship and thus form a group. Which word-pair does NOT belong to that group? (The words must be considered as meaningful English words and must not be grouped based on the number of letters/number of consonants/vowels in the word)
REA-0455,2024,13 Sep | Shift 3,General Intelligence and Reasoning,Analogy,Number analogy,operation across pair,Number analogy (a:b :: c:?),Symbolic MCQ,Easy,Medium,Easy,Digit-splitting,Find op mapping first pair; apply,Test squares/cubes first,Test options in mapping,35–60s,Whole-number ops,"13 is related to 117 following a certain logic. Following the same logic, 23 is related to 207. To which of the following is 51 related, following the same logic? (NOTE: Operations should be performed on the whole numbers, without breaking down the numbers into its constituent digits. E.g. 13 – Operations on 13 such as adding /deleting /multiplying etc. to 13 can be performed. Breaking down 13 into 1 and 3 and then performing mathematical operations on 1 and 3 is not allowed)"
REA-0456,2024,13 Sep | Shift 3,General Intelligence and Reasoning,Blood Relations,Coded relation,decode then traverse,Coded relation (symbol map),Reasoning MCQ,Medium,Medium,Easy,Gender assumption,Substitute meanings; walk the tree,Draw tree top-down,Check gender markers,45–75s,Tree drawing,Select the word-pair that best represents a similar relationship to the one expressed in the pair of words given below. (The words must be considered as meaningful English words and must NOT be related to each other based on the number of letters/number of consonants/vowels in the word) Kaziranga : Rhinoceros
REA-0457,2024,13 Sep | Shift 3,General Intelligence and Reasoning,Number / Alphabet Series,Alternating alphabet pattern,two interleaved rules,Alternating alphabet pattern,Symbolic MCQ,Easy,Low,Easy,Single rule,Split odd/even terms,Parity check,Check parity fit,35–55s,Interleaving,"Which of the following terms will replace the question mark (?) in the given series? BHVC, ZLTG, XPRK, ? , TXNS"
REA-0458,2024,13 Sep | Shift 3,General Intelligence and Reasoning,Figure Series,Figure series completion,visual rule per step,Figure series completion (?),Reasoning MCQ,Easy,Low,Easy,Single-feature lock,Test rotation/count/shading/element rules stepwise,One-change scan,Test options in slot,50–80s,Visual rules,Which figure should replace the question mark (?) if the following series were to be continued?
REA-0459,2024,13 Sep | Shift 3,General Intelligence and Reasoning,Dictionary & Word Formation,Dictionary order,letter-by-letter compare,Dictionary order,Reasoning MCQ,Easy,Medium,Easy,Whole-word guess,Compare 1st differing letter,First-difference only,Sort pairwise,25–40s,Lexicographic compare,Each of the letters in the word ‘REDUCTION’ are arranged in the English alphabetical order. How many letters are there in the English alphabetical order between the letter which is the third from the left end and the fourth from the left end in the group of letters thus formed?
REA-0460,2024,13 Sep | Shift 3,General Intelligence and Reasoning,Dice & Cubes,Standard dice opposite-face,adjacent-never-opposite,Standard dice opposite-face,Reasoning MCQ,Easy,Low,Easy,Opposite adjacency,Common-face rotation / adjacency elimination,Adjacency kills opposite,Check adjacency claims,30–50s,Dice nets,"Six letters B, F, D, X, N and A are written on different faces of a dice. Two positions of this dice are shown in the figures below. Find the letter on the face opposite to D."
REA-0461,2024,13 Sep | Shift 3,General Intelligence and Reasoning,Dice & Cubes,Standard dice opposite-face,adjacent-never-opposite,Standard dice opposite-face,Reasoning MCQ,Easy,Low,Easy,Opposite adjacency,Common-face rotation / adjacency elimination,Adjacency kills opposite,Check adjacency claims,30–50s,Dice nets,"Six letters G, H, I, J, K and L are written on different faces of a dice. Two positions of this dice are shown in the figure below. Find the letter on the face opposite to G."
REA-0462,2024,13 Sep | Shift 3,General Intelligence and Reasoning,Classification / Odd-One-Out,Group-of-four odd-out,arithmetic property,Group-of-four odd-out (content in options),Symbolic MCQ,Easy,Medium,Easy,Single-option focus,Test divisibility/parity/squares per option,Parity/divisibility first,Kill three alike,30–50s,Number properties,"Three of the following four options are alike in a certain way and thus form a group. Which is the one that does NOT belong to that group? (NOTE: Operations should be performed on the whole numbers, without breaking down the numbers into its constituent digits. E.g. 13 – Operations on 13 such as adding/subtracting/multiplying etc. to 13 can be performed. Breaking down 13 into 1 and 3 and then performing mathematical operations on 1 and 3 is not allowed.)"
REA-0463,2024,13 Sep | Shift 3,General Intelligence and Reasoning,Mathematical Operators,Sign-swap to balance,swap two operators,Sign-swap to balance,Symbolic MCQ,Easy,Low,Easy,No-bracket evaluation,Try option swaps; evaluate (BODMAS),Estimate-then-verify,Kill non-balancing fast,35–60s,BODMAS,"What will come in place of the question mark (?) in the following equation, if ‘+’ and ‘–’ are interchanged and ‘×’ and ‘÷’ are interchanged? 2864 × 4 – 168 ÷ 2 + 69 = ?"
REA-0464,2024,13 Sep | Shift 3,General Intelligence and Reasoning,Number / Alphabet Series,Mixed-operation series,combined rules,Mixed-operation series,Symbolic MCQ,Easy,Low,Easy,Single-rule force,Try halves/alternation/split,Option back-fit,Test options in sequence,45–75s,Multi-rule toolkit,"Which of the following numbers will replace the question mark (?) in the given series? 22, 23, 27, 54, 70, 195, ?"
REA-0465,2024,13 Sep | Shift 3,General Intelligence and Reasoning,Blood Relations,Coded relation,decode then traverse,Coded relation (symbol map),Reasoning MCQ,Medium,Medium,Easy,Gender assumption,Substitute meanings; walk the tree,Draw tree top-down,Check gender markers,45–75s,Tree drawing,"Select the option in which the numbers share the same relationship as that shared by the given pair of numbers. (NOTE: Operations should be performed on the whole numbers, without breaking down the numbers into its constituent digits. E.g. 13 – Operations on 13 such as adding/deleting/multiplying etc. to 13 can be performed. Breaking down 13 into 1 and 3 and then performing mathematical operations on 1 and 3 is not allowed.) 63 : 441 51 : 357"
REA-0466,2024,13 Sep | Shift 3,General Intelligence and Reasoning,Mathematical Operators,Odd operation-pair out,common operation,Odd operation-pair out,Symbolic MCQ,Medium,High,Easy,Single-pair rule,Extract op from two pairs; test rest,Difference/ratio scan,Test candidate odd,35–60s,Operation scan,"Two sets of numbers are given below. In each set of numbers, certain mathematical operation(s) on the first number result(s) in the second number. Similarly, certain mathematical operation(s) on the second number result(s) in the third number and so on. Which of the given options follows the same set of operations as in the given sets? (NOTE: Operations should be performed on the whole numbers, without breaking down the numbers into their constituent digits. E.g. 13 – Operations on 13 such as adding/subtracting/multiplying to 13 can be performed. Breaking down 13 into 1 and 3 and then performing mathematical operations on 1 and 3 is not allowed.) 9 – 27 – 31 – 36; 10 – 30 – 34 – 39"
REA-0467,2024,13 Sep | Shift 3,General Intelligence and Reasoning,Mathematical Operators,Sign-swap to balance,swap two operators,Sign-swap to balance,Symbolic MCQ,Easy,Low,Easy,No-bracket evaluation,Try option swaps; evaluate (BODMAS),Estimate-then-verify,Kill non-balancing fast,35–60s,BODMAS,What will come in place of the question mark (?) in the following equation if ‘+’ and ‘×‘ are interchanged and ‘−’ and ‘÷’ are interchanged? 27 − 6 + 4 × 8 ÷ 6 = ?
REA-0468,2024,13 Sep | Shift 3,General Intelligence and Reasoning,Embedded / Completion / Counting,Count geometric figures,systematic enumeration,Count geometric figures,Reasoning MCQ,Easy,Low,Easy,Double counting,Count by size class; sum,Size-class table,Verify against options,45–75s,Class-wise count,How many squares are there in the figure shown below?
REA-0469,2024,13 Sep | Shift 3,General Intelligence and Reasoning,Mirror / Water Images,Mirror image,left-right flip,Mirror image (lateral inversion),Reasoning MCQ,Easy,Low,Easy,Water-flip confusion,Flip L-R; keep top-bottom,L-R flip only,Eliminate non-flipped,20–35s,Lateral inversion,Select the correct mirror image of the given figure when the mirror is placed at MN as shown below.
REA-0470,2024,13 Sep | Shift 3,General Intelligence and Reasoning,Embedded / Completion / Counting,Figure completion,symmetry fill,Figure completion,Reasoning MCQ,Easy,Low,Easy,Random fill,Mirror/rotate given part,Symmetry fill,Check symmetry fit,25–45s,Symmetry,Identify the figure given in the options which when put in place of the question mark (?) will logically complete the series?
REA-0471,2024,13 Sep | Shift 3,General Intelligence and Reasoning,Number / Alphabet Series,Alternating alphabet pattern,two interleaved rules,Alternating alphabet pattern,Symbolic MCQ,Easy,Low,Easy,Single rule,Split odd/even terms,Parity check,Check parity fit,35–55s,Interleaving,Select the option that represents the letters that when sequentially placed from left to right in the blanks below will complete the letter series. _ O _ O _ _ O _ P _ O _
REA-0472,2024,13 Sep | Shift 3,General Intelligence and Reasoning,Coding-Decoding,Alphanumeric / position-sum coding,letters ↔ numbers,Alphanumeric / position-sum coding,Symbolic MCQ,Easy,Low,Easy,A=0 indexing,Sum positions / reverse-sum; test,Position sums first,Verify sums match,30–50s,A1Z26 sums,"In a certain code language, 'ESTATE' is written as '80', 'FAMOUS' is written as '85', how will 'FOREST' be written in that language?"
REA-0473,2024,13 Sep | Shift 3,General Intelligence and Reasoning,Figure-Based (Image),Figure task,visual reasoning,Figure task (needs PDF),Figure-based,Easy,Low,Easy,—,Refer original PDF figure,Same,As applicable,60–90s,—,[image/figure-based content -- see original PDF]
REA-0474,2024,13 Sep | Shift 3,General Intelligence and Reasoning,Embedded / Completion / Counting,Figure completion,symmetry fill,Figure completion,Reasoning MCQ,Easy,Low,Easy,Random fill,Mirror/rotate given part,Symmetry fill,Check symmetry fit,25–45s,Symmetry,Select the option figure that will replace the question mark (?) in the figure given below to complete the pattern.
REA-0475,2024,13 Sep | Shift 3,General Intelligence and Reasoning,Figure-Based (Image),Figure task,visual reasoning,Figure task (needs PDF),Figure-based,Easy,Low,Easy,—,Refer original PDF figure,Same,As applicable,60–90s,—,[image/figure-based content -- see original PDF]
REA-0476,2024,17 Sep | Shift 1,General Intelligence and Reasoning,Number / Alphabet Series,Alphabet-position series,A1Z26 logic,Alphabet-position series,Symbolic MCQ,Easy,Low,Easy,Reading letters,Convert; find numeric rule,Same,Test numeric fit,30–55s,A1Z26 map,"Select the option that represents the letters that, when sequentially placed from left to right in the blanks below, will complete the letter series. _ D R G _ Z D R _ B Z D _ G B Z _ R G B"
REA-0477,2024,17 Sep | Shift 1,General Intelligence and Reasoning,Syllogism & Conclusions,Three-statement syllogism,Venn chains,Three-statement syllogism,Statement battery,Medium,Medium,Easy,Middle-term leap,Draw overlapping circles; test each conclusion,Universal-first diagram,Kill false conclusions,45–75s,Venn method,"In this question, three statements are given, followed by three conclusions numbered I, II and III. Assuming the statements to be true, even if they seem to be at variance with commonly known facts, decide which of the conclusions logically follow(s) from the statements. Statements: All cars are birds. Some birds are plants. All plants are leaves. Conclusions: I.Some birds are cars. II.Some plants are birds. III.Some leaves are plants."
REA-0478,2024,17 Sep | Shift 1,General Intelligence and Reasoning,Embedded / Completion / Counting,Figure completion,symmetry fill,Figure completion,Reasoning MCQ,Easy,Low,Easy,Random fill,Mirror/rotate given part,Symmetry fill,Check symmetry fit,25–45s,Symmetry,Identify the figure given in the options which when put in place of ? will logically complete the series.
REA-0479,2024,17 Sep | Shift 1,General Intelligence and Reasoning,Coding-Decoding,Alphanumeric / position-sum coding,letters ↔ numbers,Alphanumeric / position-sum coding,Symbolic MCQ,Easy,Low,Easy,A=0 indexing,Sum positions / reverse-sum; test,Position sums first,Verify sums match,30–50s,A1Z26 sums,"In a certain code language, ‘FLBS’ is coded as ‘156’ and ‘MXT’ is coded as ‘228’. How will ‘VDZN’ be coded in the same language?"
REA-0480,2024,17 Sep | Shift 1,General Intelligence and Reasoning,Embedded / Completion / Counting,Count geometric figures,systematic enumeration,Count geometric figures,Reasoning MCQ,Easy,Low,Easy,Double counting,Count by size class; sum,Size-class table,Verify against options,45–75s,Class-wise count,How many triangles are there in the given figure?
REA-0481,2024,17 Sep | Shift 1,General Intelligence and Reasoning,Classification / Odd-One-Out,Group-of-four odd-out,arithmetic property,Group-of-four odd-out (content in options),Symbolic MCQ,Easy,Medium,Easy,Single-option focus,Test divisibility/parity/squares per option,Parity/divisibility first,Kill three alike,30–50s,Number properties,"Three of the following four options are alike in a certain way and thus form a group. Which is the one that does NOT belong to that group? (NOTE: Operations should be performed on the whole numbers, without breaking down the numbers into its constituent digits. E.g. 13 – Operations on 13 such as adding/subtracting/multiplying etc. to 13 can be performed. Breaking down 13 into 1 and 3 and then performing mathematical operations on 1 and 3 is not allowed.)"
REA-0482,2024,17 Sep | Shift 1,General Intelligence and Reasoning,Mirror / Water Images,Mirror image,left-right flip,Mirror image (lateral inversion),Reasoning MCQ,Easy,Low,Easy,Water-flip confusion,Flip L-R; keep top-bottom,L-R flip only,Eliminate non-flipped,20–35s,Lateral inversion,Select the correct mirror image of the given figure when the mirror is placed at MN.
REA-0483,2024,17 Sep | Shift 1,General Intelligence and Reasoning,Number / Alphabet Series,Constant-shift alphabet series,"shift [3, 3] per step",Constant-shift alphabet series,Symbolic MCQ,Easy,Low,Easy,Reading as words,Shift each letter,Same,Check first-letter options,20–35s,A1Z26 shifts,"Select the term from among the given options that can replace the question mark (?) in the following series. PJ 16, SM 25, VP 36, YS 49, ?"
REA-0484,2024,17 Sep | Shift 1,General Intelligence and Reasoning,Coding-Decoding,Letter transform,per-position mapping,Letter transform (mixed shifts),Symbolic MCQ,Easy,Low,Easy,Assuming uniform shift,Map every position 1:1; apply,Ends-first check,Verify full mapping,40–65s,Position mapping,"In a certain code language, ‘BIRTHDAY’ is written as ‘ADHTRIBY’ and ‘CONGRESS’ is written as ‘SERGNOCS’. How will ‘DIVISION’ be written in that language?"
REA-0485,2024,17 Sep | Shift 1,General Intelligence and Reasoning,Dictionary & Word Formation,Dictionary order,letter-by-letter compare,Dictionary order,Reasoning MCQ,Easy,Low,Easy,Whole-word guess,Compare 1st differing letter,First-difference only,Sort pairwise,25–40s,Lexicographic compare,The position of how many letters will remain unchanged if each of the letter in the word ‘CERTAIN’ is arranged in English alphabetical order?
REA-0486,2024,17 Sep | Shift 1,General Intelligence and Reasoning,Blood Relations,Chained relation,multi-hop traversal,Chained relation (3+ links),Reasoning MCQ,Easy,Low,Easy,Skipping a hop,Collapse inside-out; track gender,Innermost-first,Check gender at each hop,45–70s,Hop collapsing,G is the brother of F. E is the father of K.. C is the daughter of A. F is the mother of E. C is the sister of E. How is G related to A?
REA-0487,2024,17 Sep | Shift 1,General Intelligence and Reasoning,Analogy,Number analogy,operation across pair,Number analogy (a:b :: c:?),Symbolic MCQ,Easy,Medium,Easy,Digit-splitting,Find op mapping first pair; apply,Test squares/cubes first,Test options in mapping,35–60s,Whole-number ops,"30 is related to 41 following certain logic. Following the same logic, 14 is related to 21. To which of the following numbers is 54 related, following the same logic? (NOTE : Operations should be performed on the whole numbers, without breaking down the numbers into its constituent digits. E.g. 13 – Operations on 13 such as adding /deleting /multiplying etc., to 13 can be performed. Breaking down 13 into 1 and 3 and then performing mathematical operations on 1 and 3 is not allowed.)"
REA-0488,2024,17 Sep | Shift 1,General Intelligence and Reasoning,Number / Alphabet Series,Alternating alphabet pattern,two interleaved rules,Alternating alphabet pattern,Symbolic MCQ,Easy,Low,Easy,Single rule,Split odd/even terms,Parity check,Check parity fit,35–55s,Interleaving,"Which letter-cluster will replace the question mark (?) to complete the given series? BKUZ, ENWB, ?, KTAF, NWCH"
REA-0489,2024,17 Sep | Shift 1,General Intelligence and Reasoning,Syllogism & Conclusions,Standard syllogism,Venn chains,Standard syllogism (statements + conclusions),Statement battery,Medium,Medium,Easy,Middle-term leap,Draw overlapping circles; test each conclusion,Universal-first diagram,Kill absolute-word conclusions,45–75s,Venn method,"Read the given statements and conclusions carefully. Assuming that the information given in the statements is true, even if it appears to be at variance with commonly known facts, decide which of the given conclusions logically follow(s) from the statements. Statements: Some balls are toys. All circles are balls. All balls are pits. Conclusions: (I) Some circles are toys. (II) All pits are toys."
REA-0490,2024,17 Sep | Shift 1,General Intelligence and Reasoning,Mirror / Water Images,General image flip,flip rule,General image flip,Reasoning MCQ,Easy,Low,Hard,Flip confusion,Apply L-R or T-B flip,Flip once,Eliminate wrong flips,20–35s,Flip rules,A transparent sheet with a pattern is given below. Select the option that depicts the pattern that would appear when the given transparent sheet is folded at the middle horizontal line.
REA-0491,2024,17 Sep | Shift 1,General Intelligence and Reasoning,Embedded / Completion / Counting,Figure completion,symmetry fill,Figure completion,Reasoning MCQ,Easy,Low,Easy,Random fill,Mirror/rotate given part,Symmetry fill,Check symmetry fit,25–45s,Symmetry,Select the figure from among the given options that can replace the question mark (?) and logically complete the series.
REA-0492,2024,17 Sep | Shift 1,General Intelligence and Reasoning,Classification / Odd-One-Out,Letter-cluster classification,positional property,Letter-cluster classification,Symbolic MCQ,Easy,Low,Easy,Reading as words,Convert to numbers; find property break,Vowel/consonant + shift scan,Kill three alike,30–50s,A1Z26 + parity,"Four letter-clusters have been given, out of which three are alike in some manner and one is different. Select the one that is different. Note: The odd one out is not based on the number of consonants/vowels or their position in the letter cluster."
REA-0493,2024,17 Sep | Shift 1,General Intelligence and Reasoning,Mathematical Operators,Sign-swap to balance,swap two operators,Sign-swap to balance,Symbolic MCQ,Easy,Low,Easy,No-bracket evaluation,Try option swaps; evaluate (BODMAS),Estimate-then-verify,Kill non-balancing fast,35–60s,BODMAS,"What will come in the place of the question mark (?) in the following equation, if ‘+’ and ‘−’ are interchanged and ‘×’ and ‘÷’ are interchanged? 101 ÷ 48 − 13013 × 13 + 12 = ?"
REA-0494,2024,17 Sep | Shift 1,General Intelligence and Reasoning,Number / Alphabet Series,Mixed-operation series,combined rules,Mixed-operation series,Symbolic MCQ,Easy,Low,Easy,Single-rule force,Try halves/alternation/split,Option back-fit,Test options in sequence,45–75s,Multi-rule toolkit,"Select the number from among the given options that can replace the question mark (?) in the following series. 96,77,60,47,36, ?"
REA-0495,2024,17 Sep | Shift 1,General Intelligence and Reasoning,Dice & Cubes,Standard dice opposite-face,adjacent-never-opposite,Standard dice opposite-face,Reasoning MCQ,Easy,Low,Easy,Opposite adjacency,Common-face rotation / adjacency elimination,Adjacency kills opposite,Check adjacency claims,30–50s,Dice nets,"A dice has numbers 1, 2, 3, 5, 6 and 8 on its sides. Two different positions of the same dice are shown below. Select the number that will be on the face opposite to the one having 6."
REA-0496,2024,17 Sep | Shift 1,General Intelligence and Reasoning,Analogy,Number analogy,operation across pair,Number analogy (a:b :: c:?),Symbolic MCQ,Easy,Medium,Easy,Digit-splitting,Find op mapping first pair; apply,Test squares/cubes first,Test options in mapping,35–60s,Whole-number ops,"189 is related to 21 following a certain logic. Following the same logic, 234 is related to 26. To which of the following is 468 related, following the same logic? (NOTE: Operations should be performed on the whole numbers, without breaking down the numbers into its constituent digits. E.g. 13 – Operations on 13 such as adding /deleting /multiplying etc. to 13 can be performed. Breaking down 13 into 1 and 3 and then performing mathematical operations on 1 and 3 is not allowed)"
REA-0497,2024,17 Sep | Shift 1,General Intelligence and Reasoning,Mathematical Operators,Sign-swap to balance,swap two operators,Sign-swap to balance,Symbolic MCQ,Easy,Low,Easy,No-bracket evaluation,Try option swaps; evaluate (BODMAS),Estimate-then-verify,Kill non-balancing fast,35–60s,BODMAS,"What will come in the place of ‘?’ in the following equation, if ‘÷’ and ‘–‘ are interchanged and ‘×’ and ‘+’ are interchanged? 4 + 9 × 48 – 6 ÷ 7 = ?"
REA-0498,2024,17 Sep | Shift 1,General Intelligence and Reasoning,Paper Folding & Cutting,Fold-punch-unfold trace,symmetric replication,Fold-punch-unfold trace,Reasoning MCQ,Easy,Low,Easy,Single-hole answer,Replay folds in reverse,Symmetry replication,Check symmetry axes,40–65s,Unfold reversal,A paper is folded and cut as shown below. How will it appear when unfolded?
REA-0499,2024,17 Sep | Shift 1,General Intelligence and Reasoning,Analogy,General analogy,relation mapping,General analogy,Symbolic MCQ,Easy,Low,Hard,Vague association,Name relation in pair 1; apply,Relation naming,Eliminate unrelated,30–55s,Relation vocabulary,‘Magnify’ is related to ‘Expand’ in the same way as ‘Curtail’ is related to ‘________’.
REA-0500,2024,17 Sep | Shift 1,General Intelligence and Reasoning,Analogy,Number analogy,operation across pair,Number analogy (a:b :: c:?),Symbolic MCQ,Easy,Medium,Easy,Digit-splitting,Find op mapping first pair; apply,Test squares/cubes first,Test options in mapping,35–60s,Whole-number ops,"Select the set in which the numbers are related in the same way as are the numbers of the given sets. (429, 514), (688, 773) (NOTE : Operations should be performed on the whole numbers, without breaking down the numbers into its constituent digits. E.g., 13 – Operations on 13 such as adding /deleting /multiplying etc. to 13 can be performed. Breaking down 13 into 1 and 3 and then performing mathematical operations on 1 and 3 is not allowed)"
REA-0501,2024,17 Sep | Shift 2,General Intelligence and Reasoning,Embedded / Completion / Counting,Count geometric figures,systematic enumeration,Count geometric figures,Reasoning MCQ,Easy,Low,Easy,Double counting,Count by size class; sum,Size-class table,Verify against options,45–75s,Class-wise count,How many squares are there in the given figure?
REA-0502,2024,17 Sep | Shift 2,General Intelligence and Reasoning,Embedded / Completion / Counting,Figure completion,symmetry fill,Figure completion,Reasoning MCQ,Easy,Low,Easy,Random fill,Mirror/rotate given part,Symmetry fill,Check symmetry fit,25–45s,Symmetry,Identify the figure given in the options which when put in place of ? will logically complete the series.
REA-0503,2024,17 Sep | Shift 2,General Intelligence and Reasoning,Embedded / Completion / Counting,Embedded,part-whole spotting,Embedded (hidden) figure,Reasoning MCQ,Easy,Low,Easy,Rotated blindness,Match lines/angles inventory,Distinctive-part hunt,Eliminate size-mismatch,30–50s,Line inventory,Select the option figure in which the given figure (X) is embedded (rotation is NOT allowed).
REA-0504,2024,17 Sep | Shift 2,General Intelligence and Reasoning,Paper Folding & Cutting,Fold-punch-unfold trace,symmetric replication,Fold-punch-unfold trace,Reasoning MCQ,Easy,Low,Easy,Single-hole answer,Replay folds in reverse,Symmetry replication,Check symmetry axes,40–65s,Unfold reversal,A paper is folded and cut as shown below. How will it appear when unfolded?
REA-0505,2024,17 Sep | Shift 2,General Intelligence and Reasoning,Mirror / Water Images,General image flip,flip rule,General image flip,Reasoning MCQ,Easy,Low,Hard,Flip confusion,Apply L-R or T-B flip,Flip once,Eliminate wrong flips,20–35s,Flip rules,A transparent sheet with a pattern is given in the following figure. Identify from amongst the options as to how the pattern would appear when the transparent sheet is folded at the middle horizontal line.
REA-0506,2024,17 Sep | Shift 2,General Intelligence and Reasoning,Analogy,General analogy,relation mapping,General analogy,Symbolic MCQ,Easy,Low,Hard,Vague association,Name relation in pair 1; apply,Relation naming,Eliminate unrelated,30–55s,Relation vocabulary,‘Noise’ is related to ‘Silence’ in the same way as ‘Light’ is related to ‘________’.
REA-0507,2024,17 Sep | Shift 2,General Intelligence and Reasoning,Syllogism & Conclusions,Three-statement syllogism,Venn chains,Three-statement syllogism,Statement battery,Medium,Medium,Easy,Middle-term leap,Draw overlapping circles; test each conclusion,Universal-first diagram,Kill false conclusions,45–75s,Venn method,"In this question, three statements are given, followed by three conclusions numbered I, II and III. Assuming the statements to be true, even if they seem to be at variance with commonly known facts, decide which of the conclusions logically follow(s) from the statements. Statements: All computers are printers. Some printers are laptops. All laptops are mobiles. Conclusions: I.Some printers are computers. II.Some laptops are printers. III. Some mobiles are laptops."
REA-0508,2024,17 Sep | Shift 2,General Intelligence and Reasoning,Coding-Decoding,Alphanumeric / position-sum coding,letters ↔ numbers,Alphanumeric / position-sum coding,Symbolic MCQ,Easy,Low,Easy,A=0 indexing,Sum positions / reverse-sum; test,Position sums first,Verify sums match,30–50s,A1Z26 sums,"In a certain code language, ‘TIDE’ is coded as ‘9457’ and ‘DENT’ is coded as ‘7593’. What is the code for ‘N’ in that language?"
REA-0509,2024,17 Sep | Shift 2,General Intelligence and Reasoning,Number / Alphabet Series,Alternating alphabet pattern,two interleaved rules,Alternating alphabet pattern,Symbolic MCQ,Easy,Low,Easy,Single rule,Split odd/even terms,Parity check,Check parity fit,35–55s,Interleaving,"Which of the following terms will replace the question mark (?) in the given series? EQBY, GPDX, ?, KNHV, MMJU"
REA-0510,2024,17 Sep | Shift 2,General Intelligence and Reasoning,Embedded / Completion / Counting,Figure completion,symmetry fill,Figure completion,Reasoning MCQ,Easy,Low,Easy,Random fill,Mirror/rotate given part,Symmetry fill,Check symmetry fit,25–45s,Symmetry,Identify the figure given in the options which when put in place of ‘?’ will logically complete the series.
REA-0511,2024,17 Sep | Shift 2,General Intelligence and Reasoning,Syllogism & Conclusions,Standard syllogism,Venn chains,Standard syllogism (statements + conclusions),Statement battery,Medium,Medium,Easy,Middle-term leap,Draw overlapping circles; test each conclusion,Universal-first diagram,Kill absolute-word conclusions,45–75s,Venn method,Read the given statements and conclusions carefully. You have to take the given statements to be true even if they seem to be at variance from commonly known facts. You have to decide which conclusion/s logically follow/s from the given statements. Statements: Some telephones are curtains. All curtains are lamps. No lamps is books. Conclusions: (I) All lamps are telephones. (II) No books is lamps.
REA-0512,2024,17 Sep | Shift 2,General Intelligence and Reasoning,Coding-Decoding,General code transform,encode/decode map,General code transform,Symbolic MCQ,Easy,Low,Hard,Assuming shift,Map Q→option transforms,Position map,Verify mapping,35–60s,Transform inventory,"In a certain code language, ‘What you think you become’ is written as ‘Fe Mo Su Ta Za’ and ‘What you think you achieve’ is written as ‘Mo Su Te Fe Za’. How will ‘achieve’ be written in that language?"
REA-0513,2024,17 Sep | Shift 2,General Intelligence and Reasoning,Number / Alphabet Series,Alphabet-position series,A1Z26 logic,Alphabet-position series,Symbolic MCQ,Easy,Medium,Easy,Reading letters,Convert; find numeric rule,Same,Test numeric fit,30–55s,A1Z26 map,Select the option that represents the letters that when placed from left to right in the blanks below will complete the given letter series. M N _ O J K M _ Q O J K _ N Q _ J K M N Q O _ K M N
REA-0514,2024,17 Sep | Shift 2,General Intelligence and Reasoning,Analogy,Number analogy,operation across pair,Number analogy (a:b :: c:?),Symbolic MCQ,Easy,Medium,Easy,Digit-splitting,Find op mapping first pair; apply,Test squares/cubes first,Test options in mapping,35–60s,Whole-number ops,"34 is related to 191 by certain logic. Following the same logic, 56 is related to 301. To which of the following is 63 related, following the same logic? (NOTE : Operations should be performed on the whole numbers, without breaking down the numbers into its constituent digits. E.g. 13 – Operations on 13 such as adding /deleting /multiplying etc., to 13 can be performed. Breaking down 13 into 1 and 3 and then performing mathematical operations on 1 and 3 is not allowed.)"
REA-0515,2024,17 Sep | Shift 2,General Intelligence and Reasoning,Blood Relations,Coded relation,decode then traverse,Coded relation (symbol map),Reasoning MCQ,Medium,Medium,Easy,Gender assumption,Substitute meanings; walk the tree,Draw tree top-down,Check gender markers,45–75s,Tree drawing,"In a certain code language, ‘A + B’ means ‘A is the mother of B’; ‘A − B’ means ‘A is the brother of B’; ‘A × B’ means ‘A is the wife of B’ and ‘A ÷ B’ means ‘A is the father of B’. Based on the above, how is 5 related to 2 if ‘5 ÷ 1 × 3 ÷ 4 − 2’?"
REA-0516,2024,17 Sep | Shift 2,General Intelligence and Reasoning,Classification / Odd-One-Out,Letter-cluster classification,positional property,Letter-cluster classification,Symbolic MCQ,Easy,Low,Easy,Reading as words,Convert to numbers; find property break,Vowel/consonant + shift scan,Kill three alike,30–50s,A1Z26 + parity,"Four letter-clusters have been given, out of which three are alike in some manner and one is different. Select the letter-cluster that is different. Note: The odd one out is not based on the number of consonants/vowels or their position in the letter cluster."
REA-0517,2024,17 Sep | Shift 2,General Intelligence and Reasoning,Analogy,Number analogy,operation across pair,Number analogy (a:b :: c:?),Symbolic MCQ,Easy,Medium,Easy,Digit-splitting,Find op mapping first pair; apply,Test squares/cubes first,Test options in mapping,35–60s,Whole-number ops,"27 is related to 119 following a certain logic. Following the same logic, 33 is related to 143. To which of the following is 42 related, following the same logic? (NOTE : Operations should be performed on the whole numbers, without breaking down the numbers into its constituent digits. E.g. 13 – Operations on 13 such as adding /deleting /multiplying etc., to 13 can be performed. Breaking down 13 into 1 and 3 and then performing mathematical operations on 1 and 3 is not allowed.)"
REA-0518,2024,17 Sep | Shift 2,General Intelligence and Reasoning,Mathematical Operators,Sign-swap to balance,swap two operators,Sign-swap to balance,Symbolic MCQ,Easy,Low,Easy,No-bracket evaluation,Try option swaps; evaluate (BODMAS),Estimate-then-verify,Kill non-balancing fast,35–60s,BODMAS,"Select the number that will come in the place of the question mark(?), if ‘+’ and ‘ – ‘ are interchanged and ‘×’ and ‘÷’ are interchanged 31 ÷ 3 – 186 × 6 + 17 = ?"
REA-0519,2024,17 Sep | Shift 2,General Intelligence and Reasoning,Mathematical Operators,Odd operation-pair out,common operation,Odd operation-pair out,Symbolic MCQ,Easy,Medium,Easy,Single-pair rule,Extract op from two pairs; test rest,Difference/ratio scan,Test candidate odd,35–60s,Operation scan,"The same operation(s) are followed in all the given number pairs except one. Find that odd number pair. (NOTE : Operations should be performed on the whole numbers, without breaking down the numbers into its constituent digits. E.g. 13 – Operations on 13 such as adding /deleting /multiplying etc., to 13 can be performed. Breaking down 13 into 1 and 3 and then performing mathematical operations on 1 and 3 is not allowed.)"
REA-0520,2024,17 Sep | Shift 2,General Intelligence and Reasoning,Embedded / Completion / Counting,Embedded,part-whole spotting,Embedded (hidden) figure,Reasoning MCQ,Easy,Low,Easy,Rotated blindness,Match lines/angles inventory,Distinctive-part hunt,Eliminate size-mismatch,30–50s,Line inventory,Select the option figure in which the given figure (X) is embedded (rotation is NOT allowed).
REA-0521,2024,17 Sep | Shift 2,General Intelligence and Reasoning,Dictionary & Word Formation,Dictionary order,letter-by-letter compare,Dictionary order,Reasoning MCQ,Easy,Low,Easy,Whole-word guess,Compare 1st differing letter,First-difference only,Sort pairwise,25–40s,Lexicographic compare,"‘ACKO’ is related to ‘ZXPL’ in a certain way based on the English alphabetical order. In the same way, ‘HIND’ is related to ‘SRMW’. To which of the following is ‘PUKE’ related, following the same logic?"
REA-0522,2024,17 Sep | Shift 2,General Intelligence and Reasoning,Blood Relations,Coded relation,decode then traverse,Coded relation (symbol map),Reasoning MCQ,Medium,Medium,Easy,Gender assumption,Substitute meanings; walk the tree,Draw tree top-down,Check gender markers,45–75s,Tree drawing,"Select the option in which the numbers share the same relationship as that shared by the given pair of numbers. (NOTE: Operations should be performed on the whole numbers, without breaking down the numbers into its constituent digits. E.g. 13 – Operations on 13 such as adding/deleting/multiplying etc. to 13 can be performed. Breaking down 13 into 1 and 3 and then performing mathematical operations on 1 and 3 is not allowed.) 8 : 79 6 : 51"
REA-0523,2024,17 Sep | Shift 2,General Intelligence and Reasoning,Dictionary & Word Formation,Dictionary order,letter-by-letter compare,Dictionary order,Reasoning MCQ,Easy,Medium,Easy,Whole-word guess,Compare 1st differing letter,First-difference only,Sort pairwise,25–40s,Lexicographic compare,Each of the letters in the word ‘LASTING’ is arranged in the English alphabetical order. How many letters are there in the English alphabetical series between the letter which is second from the left end and the one which is fourth from the right end in the new letter-cluster thus formed?
REA-0524,2024,17 Sep | Shift 2,General Intelligence and Reasoning,Number / Alphabet Series,Second-order AP,second diff=3,Second-order AP (increasing differences),Symbolic MCQ,Easy,Low,Easy,Constant-diff guess,Build difference table,Last gap + last diff,Check last-gap options,30–50s,Difference tables,"Select the number from among the given options that can replace the question mark (?) in the following series. 949, 1006, 1066, 1129, 1195, ?"
REA-0525,2024,17 Sep | Shift 2,General Intelligence and Reasoning,Mathematical Operators,Sign-swap to balance,swap two operators,Sign-swap to balance,Symbolic MCQ,Easy,Low,Easy,No-bracket evaluation,Try option swaps; evaluate (BODMAS),Estimate-then-verify,Kill non-balancing fast,35–60s,BODMAS,"What will come in place of ‘?’ in the following equation, if ‘+’ and ‘–‘ are interchanged and ‘×’ and ‘÷’ are interchanged? 63 × 9 + 21 – 4 ÷ 5 = ?"
REA-0526,2024,17 Sep | Shift 3,General Intelligence and Reasoning,Classification / Odd-One-Out,Letter-cluster classification,positional property,Letter-cluster classification,Symbolic MCQ,Easy,Low,Easy,Reading as words,Convert to numbers; find property break,Vowel/consonant + shift scan,Kill three alike,30–50s,A1Z26 + parity,"Four letter-clusters have been given, out of which three are alike in some manner and one is different. Select the one that is different. The odd one out is not based on the number of consonants/vowels or their position in the letter cluster."
REA-0527,2024,17 Sep | Shift 3,General Intelligence and Reasoning,Dictionary & Word Formation,Dictionary order,letter-by-letter compare,Dictionary order,Reasoning MCQ,Easy,Medium,Easy,Whole-word guess,Compare 1st differing letter,First-difference only,Sort pairwise,25–40s,Lexicographic compare,Each of the letters in the word ‘MUSICAL’ is arranged in the English alphabetical order. How many letters are there in the English alphabetical series between the letter which is third from the left end and the one which is third from the right end in the new letter- cluster thus formed?
REA-0528,2024,17 Sep | Shift 3,General Intelligence and Reasoning,Blood Relations,Coded relation,decode then traverse,Coded relation (symbol map),Reasoning MCQ,Medium,Medium,Easy,Gender assumption,Substitute meanings; walk the tree,Draw tree top-down,Check gender markers,45–75s,Tree drawing,"Select the option in which the numbers share the same relationship as that shared by the given pair of numbers. (NOTE: Operations should be performed on the whole numbers, without breaking down the numbers into its constituent digits. E.g. 13 – Operations on 13 such as adding/deleting/multiplying etc. to 13 can be performed. Breaking down 13 into 1 and 3 and then performing mathematical operations on 1 and 3 is not allowed.) 17 : 67 21 : 79"
REA-0529,2024,17 Sep | Shift 3,General Intelligence and Reasoning,Blood Relations,Coded relation,decode then traverse,Coded relation (symbol map),Reasoning MCQ,Medium,Medium,Easy,Gender assumption,Substitute meanings; walk the tree,Draw tree top-down,Check gender markers,45–75s,Tree drawing,"In a certain code language, ‘A + B’ means ‘A is the mother of B’; ‘A − B’ means ‘A is the brother of B’; ‘A x B’ means ‘A is the sister of B’ and ‘A ÷ B’ means ‘A is the daughter of B’. Based on the above, if ‘J + K ÷ L − T x R’, then how is J related to L?"
REA-0530,2024,17 Sep | Shift 3,General Intelligence and Reasoning,Analogy,Number analogy,operation across pair,Number analogy (a:b :: c:?),Symbolic MCQ,Easy,Medium,Easy,Digit-splitting,Find op mapping first pair; apply,Test squares/cubes first,Test options in mapping,35–60s,Whole-number ops,"Select the set in which the numbers are related in the same way as are the numbers of the following sets. (NOTE: Operations should be performed on the whole numbers, without breaking down the numbers into its constituent digits. E.g. 13 – Operations on 13 such as adding /deleting /multiplying etc. to 13 can be performed. Breaking down 13 into 1 and 3 and then performing mathematical operations on 1 and 3 is not allowed.) (23, 230, 5) (17, 272, 8)"
REA-0531,2024,17 Sep | Shift 3,General Intelligence and Reasoning,Analogy,Number analogy,operation across pair,Number analogy (a:b :: c:?),Symbolic MCQ,Easy,Medium,Easy,Digit-splitting,Find op mapping first pair; apply,Test squares/cubes first,Test options in mapping,35–60s,Whole-number ops,"Select the triad in which the numbers are related in the same way as are the numbers of the given triads. (54, 65, 76), (48, 59, 70) (NOTE : Operations should be performed on the whole numbers, without breaking down the numbers into its constituent digits. E.g. 13 – Operations on 13 such as adding /deleting /multiplying etc. to 13 can be performed. Breaking down 13 into 1 and 3 and then performing mathematical operations on 1 and 3 is not allowed)"
REA-0532,2024,17 Sep | Shift 3,General Intelligence and Reasoning,Mirror / Water Images,Mirror image,left-right flip,Mirror image (lateral inversion),Reasoning MCQ,Easy,Low,Easy,Water-flip confusion,Flip L-R; keep top-bottom,L-R flip only,Eliminate non-flipped,20–35s,Lateral inversion,Select the correct mirror image of the given figure when the mirror is placed at MN as shown below.
REA-0533,2024,17 Sep | Shift 3,General Intelligence and Reasoning,Classification / Odd-One-Out,Group-of-four odd-out,arithmetic property,Group-of-four odd-out (content in options),Symbolic MCQ,Easy,Medium,Easy,Single-option focus,Test divisibility/parity/squares per option,Parity/divisibility first,Kill three alike,30–50s,Number properties,"Three of the following four options are alike in a certain way and thus form a group. Which is the one that does NOT belong to that group? (NOTE: Operations should be performed on the whole numbers, without breaking down the numbers into its constituent digits. E.g. 13 – Operations on 13 such as adding/subtracting/multiplying etc. to 13 can be performed. Breaking down 13 into 1 and 3 and then performing mathematical operations on 1 and 3 is not allowed.)"
REA-0534,2024,17 Sep | Shift 3,General Intelligence and Reasoning,Number / Alphabet Series,Constant-shift alphabet series,"shift [-1, -1] per step",Constant-shift alphabet series,Symbolic MCQ,Easy,Low,Easy,Reading as words,Shift each letter,Same,Check first-letter options,20–35s,A1Z26 shifts,"Select the term from among the given options that can replace the question mark (?) in the following series. YL 93, XK 88, WJ 83, VI 78, ?"
REA-0535,2024,17 Sep | Shift 3,General Intelligence and Reasoning,Syllogism & Conclusions,Three-statement syllogism,Venn chains,Three-statement syllogism,Statement battery,Medium,Medium,Easy,Middle-term leap,Draw overlapping circles; test each conclusion,Universal-first diagram,Kill false conclusions,45–75s,Venn method,"Three statements are given, followed by three conclusions numbered I, II and III. Assuming the statements to be true, even if they seem to be at variance with commonly known facts, decide which of the conclusions logically follow(s) from the statements. Statements: Some circles are rectangles. Some rectangles are squares. All squares are triangles. Conclusions: I. No circle is a triangle. II. Some rectangles are triangles. III. All rectangles are triangles."
REA-0536,2024,17 Sep | Shift 3,General Intelligence and Reasoning,Coding-Decoding,Letter transform,per-position mapping,Letter transform (mixed shifts),Symbolic MCQ,Easy,Low,Easy,Assuming uniform shift,Map every position 1:1; apply,Ends-first check,Verify full mapping,40–65s,Position mapping,"In a certain code language, 'OASIS' is written as 'RJTBN' and 'OBESE' is written as 'DTFCN'. How will 'OCCUR’ be written in that language?"
REA-0537,2024,17 Sep | Shift 3,General Intelligence and Reasoning,Venn Diagram,Venn class diagram,set inclusion,Venn class diagram,Reasoning MCQ,Easy,Medium,Easy,Partial overlap default,Separate vs overlap vs subset,Subset-first test,Check overlap logic,25–40s,Set relations,"The diagram given below has four different shapes, depicting different farmers of a small village, with different assets. The circle represents the farmers who own land of more than 100 yards, the pentagon represents farmers who own cows, the rhombus represents farmers who own goats, and the triangle represents farmers who own tractors. How many farmers are there who have all four assets?"
REA-0538,2024,17 Sep | Shift 3,General Intelligence and Reasoning,Dice & Cubes,Standard dice opposite-face,adjacent-never-opposite,Standard dice opposite-face,Reasoning MCQ,Easy,Low,Easy,Opposite adjacency,Common-face rotation / adjacency elimination,Adjacency kills opposite,Check adjacency claims,30–50s,Dice nets,"Six words Hand, Leg, Eyes, Nose, Mouth and Ear are written on different faces of a dice. Three positions of this dice are shown in the figure. Find the word on the face opposite to Hand."
REA-0539,2024,17 Sep | Shift 3,General Intelligence and Reasoning,Paper Folding & Cutting,Fold-punch-unfold trace,symmetric replication,Fold-punch-unfold trace,Reasoning MCQ,Easy,Low,Easy,Single-hole answer,Replay folds in reverse,Symmetry replication,Check symmetry axes,40–65s,Unfold reversal,A paper is folded and cut as shown below. How will it appear when unfolded?
REA-0540,2024,17 Sep | Shift 3,General Intelligence and Reasoning,Embedded / Completion / Counting,Count geometric figures,systematic enumeration,Count geometric figures,Reasoning MCQ,Easy,Low,Easy,Double counting,Count by size class; sum,Size-class table,Verify against options,45–75s,Class-wise count,How many triangles are there in the given figure?
REA-0541,2024,17 Sep | Shift 3,General Intelligence and Reasoning,Coding-Decoding,Letter transform,per-position mapping,Letter transform (mixed shifts),Symbolic MCQ,Easy,Low,Easy,Assuming uniform shift,Map every position 1:1; apply,Ends-first check,Verify full mapping,40–65s,Position mapping,"In a certain code language, ‘RUG’ is coded as ‘EPS’ and ‘SIT’ is coded as ‘RQG’. How will ‘COP’ be coded in the same language?"
REA-0542,2024,17 Sep | Shift 3,General Intelligence and Reasoning,Mathematical Operators,Sign-swap to balance,swap two operators,Sign-swap to balance,Symbolic MCQ,Easy,Low,Easy,No-bracket evaluation,Try option swaps; evaluate (BODMAS),Estimate-then-verify,Kill non-balancing fast,35–60s,BODMAS,"What will come in place of the question mark (?) in the following equation, if ‘+’ and ‘–’ are interchanged and ‘×’ and ‘÷’ are interchanged? 99 ÷ 41 + 208 × 2 – 35 = ?"
REA-0543,2024,17 Sep | Shift 3,General Intelligence and Reasoning,Number / Alphabet Series,General series completion,pattern extension,General series completion,Symbolic MCQ,Easy,Low,Easy,Random guess,List candidates; test,Option test,Check fit,30–60s,Pattern toolkit,Select the figure from among the given option that can replace the question mark (?) in the following series.
REA-0544,2024,17 Sep | Shift 3,General Intelligence and Reasoning,Number / Alphabet Series,Alternating alphabet pattern,two interleaved rules,Alternating alphabet pattern,Symbolic MCQ,Easy,Low,Easy,Single rule,Split odd/even terms,Parity check,Check parity fit,35–55s,Interleaving,Select the option that represents the letters that when sequentially placed from left to right in the blanks below will complete the letter series. _ P _ J _ P _ P _ _ P _
REA-0545,2024,17 Sep | Shift 3,General Intelligence and Reasoning,Embedded / Completion / Counting,Figure completion,symmetry fill,Figure completion,Reasoning MCQ,Easy,Low,Easy,Random fill,Mirror/rotate given part,Symmetry fill,Check symmetry fit,25–45s,Symmetry,Identify the figure from among the given options which when put in place of the question mark (?) will logically complete the series.
REA-0546,2024,17 Sep | Shift 3,General Intelligence and Reasoning,Number / Alphabet Series,Mixed-operation series,combined rules,Mixed-operation series,Symbolic MCQ,Easy,Low,Easy,Single-rule force,Try halves/alternation/split,Option back-fit,Test options in sequence,45–75s,Multi-rule toolkit,"Select the number from among the given options that can replace the question mark (?) in the following series. 1225, 1184, 1147, 1116, 1087, ?"
REA-0547,2024,17 Sep | Shift 3,General Intelligence and Reasoning,Analogy,Word analogy,relation type,Word analogy (semantic),Symbolic MCQ,Easy,Low,Easy,Association vagueness,Name relation (function/part/cause); apply,Relation naming,Eliminate unrelated,20–35s,Relation vocabulary,‘Meek’ is related to ‘Bold’ in the same way as ‘Spend’ is related to ‘________’. (The words must be considered as meaningful English words and must not be related to each other based on the number of letters/number of consonants/vowels in the word.)
REA-0548,2024,17 Sep | Shift 3,General Intelligence and Reasoning,Mirror / Water Images,Mirror image,left-right flip,Mirror image (lateral inversion),Reasoning MCQ,Easy,Low,Easy,Water-flip confusion,Flip L-R; keep top-bottom,L-R flip only,Eliminate non-flipped,20–35s,Lateral inversion,Select the correct mirror image of the given figure when the mirror is placed at MN as shown below.
REA-0549,2024,17 Sep | Shift 3,General Intelligence and Reasoning,Number / Alphabet Series,Constant-shift alphabet series,"shift [2, -1, -2] per step",Constant-shift alphabet series,Symbolic MCQ,Easy,Low,Easy,Reading as words,Shift each letter,Same,Check first-letter options,20–35s,A1Z26 shifts,"Which of the following terms will replace the question mark (?) in the given series? JKT, LJR, NIP, ?"
REA-0550,2024,17 Sep | Shift 3,General Intelligence and Reasoning,Mathematical Operators,Sign-swap to balance,swap two operators,Sign-swap to balance,Symbolic MCQ,Easy,Low,Easy,No-bracket evaluation,Try option swaps; evaluate (BODMAS),Estimate-then-verify,Kill non-balancing fast,35–60s,BODMAS,"What will come in place of ‘?’ in the following equation, if ‘+’ and ‘–‘ are interchanged and ‘×’ and ‘÷’ are interchanged? 6 ÷ 8 – 91 × 13 + 30= ?"
REA-0551,2024,18 Sep | Shift 1,General Intelligence and Reasoning,Dictionary & Word Formation,Dictionary order,letter-by-letter compare,Dictionary order,Reasoning MCQ,Easy,Low,Easy,Whole-word guess,Compare 1st differing letter,First-difference only,Sort pairwise,25–40s,Lexicographic compare,The position of how many letters will remain unchanged if all the letters in the word MENTOR are arranged in English alphabetical order?
REA-0552,2024,18 Sep | Shift 1,General Intelligence and Reasoning,Analogy,Letter/term analogy,positional mapping,Letter/term analogy (positional),Symbolic MCQ,Easy,Low,Easy,Reading as words,Map shifts pair 1; apply to pair 2,Shift-map once,Check first-letter options,35–60s,A1Z26 shifts,Select the option that is related to the fifth letter-cluster in the same way as the second letter-cluster is related to the first letter-cluster and the fourth letter-cluster is related to the third letter-cluster. JAP: BSH :: NDZ: FVR ::LCX:?
REA-0553,2024,18 Sep | Shift 1,General Intelligence and Reasoning,Analogy,Set/triad analogy,common rule across triple,Set/triad analogy,Symbolic MCQ,Easy,Medium,Easy,Pairwise only,Extract rule from two given sets,Test divide/square forms,Test option sets,40–65s,Rule extraction,"Select the set in which the numbers are related in the same way as are the numbers of the following set. 3 — 20 — 7 5 — 26 — 8 NOTE: Operations should be performed on the whole numbers, without breaking down the numbers into its constituent digits. E.g. 13 – Operations on 13 such as adding/subtracting/multiplying etc. to 13 can be performed. Breaking down 13 into 1 and 3 and then performing mathematical operations on 1 and 3 is not allowed)"
REA-0554,2024,18 Sep | Shift 1,General Intelligence and Reasoning,Paper Folding & Cutting,Fold-punch-unfold trace,symmetric replication,Fold-punch-unfold trace,Reasoning MCQ,Easy,Low,Easy,Single-hole answer,Replay folds in reverse,Symmetry replication,Check symmetry axes,40–65s,Unfold reversal,A square sheet of paper is folded along the dotted line successively along the directions shown and is then punched in the last as shown. How would the paper look when unfolded?
REA-0555,2024,18 Sep | Shift 1,General Intelligence and Reasoning,Analogy,Number analogy,operation across pair,Number analogy (a:b :: c:?),Symbolic MCQ,Easy,Medium,Easy,Digit-splitting,Find op mapping first pair; apply,Test squares/cubes first,Test options in mapping,35–60s,Whole-number ops,"51 is related to 256 by certain logic. Following the same logic, 53 is related to 266. To which of the following is 55 related, following the same logic? (NOTE : Operations should be performed on the whole numbers, without breaking down the numbers into its constituent digits. E.g. 13 – Operations on 13 such as adding /deleting /multiplying etc., to 13 can be performed. Breaking down 13 into 1 and 3 and then performing mathematical operations on 1 and 3 is not allowed.)"
REA-0556,2024,18 Sep | Shift 1,General Intelligence and Reasoning,Number / Alphabet Series,Constant-shift alphabet series,"shift [-1, -1, -1] per step",Constant-shift alphabet series,Symbolic MCQ,Easy,Low,Easy,Reading as words,Shift each letter,Same,Check first-letter options,20–35s,A1Z26 shifts,"Which of the following letter-clusters will replace the question mark (?) in the given series to make it logically complete? WIX, VHW, UGV, TFU, ?"
REA-0557,2024,18 Sep | Shift 1,General Intelligence and Reasoning,Blood Relations,Direct relation,single-hop map,Direct relation (1–2 links),Reasoning MCQ,Medium,Medium,Easy,Gender flip,Direct map; check gender,Same,Verify gender,25–40s,Relation map,The question contains pairs of words that are related to each other in a certain way. Three of the following four word pairs are alike as these have the same relationship and thus form a group. Which word pair is the one that DOES NOT belong to that group? (The words must be considered as meaningful English words and must not be related to each other based on the number of letters/number of consonants/vowels in the word.)
REA-0558,2024,18 Sep | Shift 1,General Intelligence and Reasoning,Analogy,Word analogy,relation type,Word analogy (semantic),Symbolic MCQ,Easy,Medium,Easy,Association vagueness,Name relation (function/part/cause); apply,Relation naming,Eliminate unrelated,20–35s,Relation vocabulary,Select the option that is related to the third word in the same way as the second word is related to the first word. (The words must be considered as meaningful English words and must not be related to each other based on the number of letters/number of consonants/vowels in the word) Sugar : Sweet :: Habanero : ?
REA-0559,2024,18 Sep | Shift 1,General Intelligence and Reasoning,Coding-Decoding,Alphanumeric / position-sum coding,letters ↔ numbers,Alphanumeric / position-sum coding,Symbolic MCQ,Easy,Low,Easy,A=0 indexing,Sum positions / reverse-sum; test,Position sums first,Verify sums match,30–50s,A1Z26 sums,"In a certain code language, ‘DRIVE’ is coded as ‘62749’ and ‘RIDES’ is coded as ‘76284’. What is the code for ‘V’ in that language?"
REA-0560,2024,18 Sep | Shift 1,General Intelligence and Reasoning,Mathematical Operators,Sign-swap to balance,swap two operators,Sign-swap to balance,Symbolic MCQ,Easy,Low,Easy,No-bracket evaluation,Try option swaps; evaluate (BODMAS),Estimate-then-verify,Kill non-balancing fast,35–60s,BODMAS,"What will come in place of the question mark (?) in the following equation, if ‘+’ and ‘–’ are interchanged and ‘×’ and ‘÷’ are interchanged? 1064 × 2 – 653 ÷ 2 + 89 = ?"
REA-0561,2024,18 Sep | Shift 1,General Intelligence and Reasoning,Coding-Decoding,Alphanumeric / position-sum coding,letters ↔ numbers,Alphanumeric / position-sum coding,Symbolic MCQ,Easy,Low,Easy,A=0 indexing,Sum positions / reverse-sum; test,Position sums first,Verify sums match,30–50s,A1Z26 sums,"In a certain code language, ‘she is girl’ is coded as ‘7 3 9’; ‘he is boy’ is coded as ‘9 6 5’ and ‘girl is tall’ is coded as ‘9 3 8’. How is ‘she’ coded in that language?"
REA-0562,2024,18 Sep | Shift 1,General Intelligence and Reasoning,Blood Relations,Coded relation,decode then traverse,Coded relation (symbol map),Reasoning MCQ,Medium,Medium,Easy,Gender assumption,Substitute meanings; walk the tree,Draw tree top-down,Check gender markers,45–75s,Tree drawing,"In a certain code language, ‘A + B’ means ‘A is the mother of B’; ‘A − B’ means ‘A is the brother of B’; ‘A × B’ means ‘A is the wife of B’ and ‘A ÷ B’ means ‘A is the father of B’. Based on the above, how is S related to P if ‘P × Q ÷ R − S × A’?"
REA-0563,2024,18 Sep | Shift 1,General Intelligence and Reasoning,Mathematical Operators,Sign-swap to balance,swap two operators,Sign-swap to balance,Symbolic MCQ,Easy,Low,Easy,No-bracket evaluation,Try option swaps; evaluate (BODMAS),Estimate-then-verify,Kill non-balancing fast,35–60s,BODMAS,"What will come in the place of ‘?’ in the following equation, if ‘÷’ and ‘–‘ are interchanged and ‘×’ and ‘+’ are interchanged? 37 ÷ 56 – 7 × 2 + 6 = ?"
REA-0564,2024,18 Sep | Shift 1,General Intelligence and Reasoning,Embedded / Completion / Counting,Figure completion,symmetry fill,Figure completion,Reasoning MCQ,Easy,Low,Easy,Random fill,Mirror/rotate given part,Symmetry fill,Check symmetry fit,25–45s,Symmetry,"Identify the figure given in the options, which when put in place of the question mark (?) will logically complete the series."
REA-0565,2024,18 Sep | Shift 1,General Intelligence and Reasoning,Number / Alphabet Series,Alphabet-position series,A1Z26 logic,Alphabet-position series,Symbolic MCQ,Easy,Medium,Easy,Reading letters,Convert; find numeric rule,Same,Test numeric fit,30–55s,A1Z26 map,Select the option that represents the letters that when placed from left to right in the blanks below will complete the letter series. _ Y Z K X K X _ Z K X _ X Y _ K X K X Y Z _ X K X Y
REA-0566,2024,18 Sep | Shift 1,General Intelligence and Reasoning,Syllogism & Conclusions,Three-statement syllogism,Venn chains,Three-statement syllogism,Statement battery,Medium,Medium,Easy,Middle-term leap,Draw overlapping circles; test each conclusion,Universal-first diagram,Kill false conclusions,45–75s,Venn method,"Three statements are given, followed by three conclusions numbered I, II and III. Assuming the statements to be true, even if they seem to be at variance with commonly known facts, decide which of the conclusions logically follow(s) from the statements. Statements: Some pineapples are oranges. All oranges are bananas. All bananas are plums. Conclusions: I. Some pineapples are plums. II. All oranges are plums. III. No pineapple is a banana."
REA-0567,2024,18 Sep | Shift 1,General Intelligence and Reasoning,Embedded / Completion / Counting,Count geometric figures,systematic enumeration,Count geometric figures,Reasoning MCQ,Easy,Low,Easy,Double counting,Count by size class; sum,Size-class table,Verify against options,45–75s,Class-wise count,How many triangles are there in the figure shown below?
REA-0568,2024,18 Sep | Shift 1,General Intelligence and Reasoning,Coding-Decoding,Letter transform,per-position mapping,Letter transform (mixed shifts),Symbolic MCQ,Easy,Low,Easy,Assuming uniform shift,Map every position 1:1; apply,Ends-first check,Verify full mapping,40–65s,Position mapping,"In a certain code language, 'TABU' is written as 'SBAV' and 'TANK’ is written as 'SBML'. How will 'TAIL’ be written in that language?"
REA-0569,2024,18 Sep | Shift 1,General Intelligence and Reasoning,Dice & Cubes,Standard dice opposite-face,adjacent-never-opposite,Standard dice opposite-face,Reasoning MCQ,Easy,Low,Easy,Opposite adjacency,Common-face rotation / adjacency elimination,Adjacency kills opposite,Check adjacency claims,30–50s,Dice nets,"Six letters A, B, C, D, E and F are written on different faces of a dice. Three positions of this dice are shown in the figure. Find the letter on the face opposite to A."
REA-0570,2024,18 Sep | Shift 1,General Intelligence and Reasoning,Analogy,Number analogy,operation across pair,Number analogy (a:b :: c:?),Symbolic MCQ,Easy,Medium,Easy,Digit-splitting,Find op mapping first pair; apply,Test squares/cubes first,Test options in mapping,35–60s,Whole-number ops,"Select the set in which the numbers are related in the same way as are the numbers of the following sets. (NOTE : Operations should be performed on the whole numbers, without breaking down the numbers into its constituent digits. E.g. 13 – Operations on 13 such as adding /deleting /multiplying etc., to 13 can be performed. Breaking down 13 into 1 and 3 and then performing mathematical operations on 1 and 3 is not allowed.) (5, 80, 16) (18, 108, 6)"
REA-0571,2024,18 Sep | Shift 1,General Intelligence and Reasoning,Mirror / Water Images,Mirror image,left-right flip,Mirror image (lateral inversion),Reasoning MCQ,Easy,Low,Easy,Water-flip confusion,Flip L-R; keep top-bottom,L-R flip only,Eliminate non-flipped,20–35s,Lateral inversion,Select the correct mirror image of the given figure when the mirror is placed at MN as shown.
REA-0572,2024,18 Sep | Shift 1,General Intelligence and Reasoning,Classification / Odd-One-Out,Group-of-four odd-out,arithmetic property,Group-of-four odd-out (content in options),Symbolic MCQ,Easy,Medium,Easy,Single-option focus,Test divisibility/parity/squares per option,Parity/divisibility first,Kill three alike,30–50s,Number properties,"Three of the following numbers are alike in a certain way and one is different. Pick the odd one out. (NOTE : Operations should be performed on the whole numbers, without breaking down the numbers into its constituent digits. E.g. 13 – Operations on 13 such as adding /deleting /multiplying etc., to 13 can be performed. Breaking down 13 into 1 and 3 and then performing mathematical operations on 1 and 3 is not allowed.)"
REA-0573,2024,18 Sep | Shift 1,General Intelligence and Reasoning,Number / Alphabet Series,Mixed-operation series,combined rules,Mixed-operation series,Symbolic MCQ,Easy,Low,Easy,Single-rule force,Try halves/alternation/split,Option back-fit,Test options in sequence,45–75s,Multi-rule toolkit,"Select the number from among the given options that can replace the question mark (?) in the following series. 300, 152, 80, 48, 40, 52, ?"
REA-0574,2024,18 Sep | Shift 1,General Intelligence and Reasoning,Embedded / Completion / Counting,Embedded,part-whole spotting,Embedded (hidden) figure,Reasoning MCQ,Easy,Low,Easy,Rotated blindness,Match lines/angles inventory,Distinctive-part hunt,Eliminate size-mismatch,30–50s,Line inventory,Select the option figure in which the given figure (X) is embedded (rotation is NOT allowed).
REA-0575,2024,18 Sep | Shift 1,General Intelligence and Reasoning,Embedded / Completion / Counting,Figure completion,symmetry fill,Figure completion,Reasoning MCQ,Easy,Low,Easy,Random fill,Mirror/rotate given part,Symmetry fill,Check symmetry fit,25–45s,Symmetry,Identify the figure given in the options which when put in place of ? will logically complete the series.
REA-0576,2024,18 Sep | Shift 2,General Intelligence and Reasoning,Blood Relations,Coded relation,decode then traverse,Coded relation (symbol map),Reasoning MCQ,Medium,Medium,Easy,Gender assumption,Substitute meanings; walk the tree,Draw tree top-down,Check gender markers,45–75s,Tree drawing,"In a certain code language, ‘A + B’ means ‘A is the mother of B’; ‘A − B’ means ‘A is the brother of B’; ‘A × B’ means ‘A is the wife of B’ and ‘A ÷ B’ means ‘A is the father of B’. Based on the above, how is A related to D if ‘A × B ÷ C + D’?"
REA-0577,2024,18 Sep | Shift 2,General Intelligence and Reasoning,Mathematical Operators,Sign-swap to balance,swap two operators,Sign-swap to balance,Symbolic MCQ,Easy,Low,Easy,No-bracket evaluation,Try option swaps; evaluate (BODMAS),Estimate-then-verify,Kill non-balancing fast,35–60s,BODMAS,"What will come in the place of the question mark (?) in the following equation, if ‘+’ and ‘−’ are interchanged and ‘×’ and ‘÷’ are interchanged? 272 × 16 + 97 − 23 ÷ 4 = ?"
REA-0578,2024,18 Sep | Shift 2,General Intelligence and Reasoning,Mathematical Operators,Sign-swap to balance,swap two operators,Sign-swap to balance,Symbolic MCQ,Easy,Low,Easy,No-bracket evaluation,Try option swaps; evaluate (BODMAS),Estimate-then-verify,Kill non-balancing fast,35–60s,BODMAS,"Select the number that will come in the place of the question mark (?), if ‘+’ and ‘ – ‘ are interchanged and ‘×’ and ‘÷’ are interchanged 121 × 11 – 28 ÷ 3 + 17 = ?"
REA-0579,2024,18 Sep | Shift 2,General Intelligence and Reasoning,Blood Relations,Coded relation,decode then traverse,Coded relation (symbol map),Reasoning MCQ,Medium,Medium,Easy,Gender assumption,Substitute meanings; walk the tree,Draw tree top-down,Check gender markers,45–75s,Tree drawing,"Select the option in which the numbers share the same relationship as that shared by the given pair of numbers. (7, 333) (5, 115) (NOTE: Operations should be performed on the whole numbers, without breaking down the numbers into its constituent digits. E.g. 13 – Operations on 13 such as adding/deleting/multiplying etc. to 13 can be performed. Breaking down 13 into 1 and 3 and then performing mathematical operations on 1 and 3 is not allowed.)"
REA-0580,2024,18 Sep | Shift 2,General Intelligence and Reasoning,Embedded / Completion / Counting,Count geometric figures,systematic enumeration,Count geometric figures,Reasoning MCQ,Easy,Low,Easy,Double counting,Count by size class; sum,Size-class table,Verify against options,45–75s,Class-wise count,How many triangles are there in the given figure?
REA-0581,2024,18 Sep | Shift 2,General Intelligence and Reasoning,Mirror / Water Images,Mirror image,left-right flip,Mirror image (lateral inversion),Reasoning MCQ,Easy,Low,Easy,Water-flip confusion,Flip L-R; keep top-bottom,L-R flip only,Eliminate non-flipped,20–35s,Lateral inversion,Select the correct mirror image of the given figure when the mirror is placed at MN as shown below.
REA-0582,2024,18 Sep | Shift 2,General Intelligence and Reasoning,Dictionary & Word Formation,Dictionary order,letter-by-letter compare,Dictionary order,Reasoning MCQ,Easy,Medium,Easy,Whole-word guess,Compare 1st differing letter,First-difference only,Sort pairwise,25–40s,Lexicographic compare,Each of the letters in the word ‘SLANTED’ is arranged in the English alphabetical order. How many letters are there in the English alphabetical series between the letter which is fourth from the left end and the one which is second from the right end in the new letter-cluster thus formed?
REA-0583,2024,18 Sep | Shift 2,General Intelligence and Reasoning,Coding-Decoding,Alphanumeric / position-sum coding,letters ↔ numbers,Alphanumeric / position-sum coding,Symbolic MCQ,Easy,Low,Easy,A=0 indexing,Sum positions / reverse-sum; test,Position sums first,Verify sums match,30–50s,A1Z26 sums,"In a certain code language, ‘HIT’ is coded as ‘132’ and ‘SBYZ’ is coded as ‘144’. How will ‘YRF’ be coded in that language?"
REA-0584,2024,18 Sep | Shift 2,General Intelligence and Reasoning,Mathematical Operators,Odd operation-pair out,common operation,Odd operation-pair out,Symbolic MCQ,Medium,High,Easy,Single-pair rule,Extract op from two pairs; test rest,Difference/ratio scan,Test candidate odd,35–60s,Operation scan,"Two sets of numbers are given below. In each set of numbers, certain mathematical operation(s) on the first number result(s) in the second number. Similarly, certain mathematical operation(s) on the second number result(s) in the third number and so on. Which of the given options follows the same set of operations as in the given sets? (NOTE: Operations should be performed on the whole numbers, without breaking down the numbers into their constituent digits. E.g. 13 – Operations on 13 such as adding/subtracting/multiplying to 13 can be performed. Breaking down 13 into 1 and 3 and then performing mathematical operations on 1 and 3 is not allowed.) 7 – 14 – 28 – 38; 4 – 8 – 16 – 26"
REA-0585,2024,18 Sep | Shift 2,General Intelligence and Reasoning,Analogy,Number analogy,operation across pair,Number analogy (a:b :: c:?),Symbolic MCQ,Easy,Medium,Easy,Digit-splitting,Find op mapping first pair; apply,Test squares/cubes first,Test options in mapping,35–60s,Whole-number ops,"Select the set in which the numbers are related to each other in the same way as are the numbers of the given sets. (28, 224); (47, 376) (NOTE : Operations should be performed on the whole numbers, without breaking down the numbers into its constituent digits. E.g. 13 – Operations on 13 such as adding /deleting /multiplying etc. to 13 can be performed. Breaking down 13 into 1 and 3 and then performing mathematical operations on 1 and 3 is not allowed)"
REA-0586,2024,18 Sep | Shift 2,General Intelligence and Reasoning,Paper Folding & Cutting,Fold-punch-unfold trace,symmetric replication,Fold-punch-unfold trace,Reasoning MCQ,Easy,Low,Easy,Single-hole answer,Replay folds in reverse,Symmetry replication,Check symmetry axes,40–65s,Unfold reversal,A paper is folded and cut as shown below. How will it appear when unfolded?
REA-0587,2024,18 Sep | Shift 2,General Intelligence and Reasoning,Dictionary & Word Formation,Dictionary order,letter-by-letter compare,Dictionary order,Reasoning MCQ,Easy,Medium,Easy,Whole-word guess,Compare 1st differing letter,First-difference only,Sort pairwise,25–40s,Lexicographic compare,"Based on the English alphabetical order, three of the following four letter-clusters are alike in a certain way and thus form a group. Which is the one that DOES NOT belong to that group? (Note: The odd man out is not based on the number of consonants/vowels or their position in the letter-cluster.)"
REA-0588,2024,18 Sep | Shift 2,General Intelligence and Reasoning,Classification / Odd-One-Out,Letter-cluster classification,positional property,Letter-cluster classification,Symbolic MCQ,Easy,Low,Easy,Reading as words,Convert to numbers; find property break,Vowel/consonant + shift scan,Kill three alike,30–50s,A1Z26 + parity,"Four letter-clusters have been given, out of which three are alike in some manner and one is different. Select the one that is different. Note: The odd one out is not based on the number of consonants/vowels or their position in the letter cluster."
REA-0589,2024,18 Sep | Shift 2,General Intelligence and Reasoning,Number / Alphabet Series,Mixed-operation series,combined rules,Mixed-operation series,Symbolic MCQ,Easy,Low,Easy,Single-rule force,Try halves/alternation/split,Option back-fit,Test options in sequence,45–75s,Multi-rule toolkit,"Which of the following numbers will replace the question mark (?) in the given series? 20, 25, 25, 35, 30, 45, ?, 55, 40"
REA-0590,2024,18 Sep | Shift 2,General Intelligence and Reasoning,Embedded / Completion / Counting,Embedded,part-whole spotting,Embedded (hidden) figure,Reasoning MCQ,Easy,Low,Easy,Rotated blindness,Match lines/angles inventory,Distinctive-part hunt,Eliminate size-mismatch,30–50s,Line inventory,Select the option figure in which the given figure (X) is embedded (rotation is NOT allowed).
REA-0591,2024,18 Sep | Shift 2,General Intelligence and Reasoning,Coding-Decoding,General code transform,encode/decode map,General code transform,Symbolic MCQ,Easy,Low,Hard,Assuming shift,Map Q→option transforms,Position map,Verify mapping,35–60s,Transform inventory,"In a certain code language, ‘play in the sunshine’ is coded as ‘sh ko zm fq’ and ‘the sunshine is bright’ is coded as ‘ko sh gp rs’. What is code for ‘sunshine’ in that language?"
REA-0592,2024,18 Sep | Shift 2,General Intelligence and Reasoning,Classification / Odd-One-Out,Group-of-four odd-out,arithmetic property,Group-of-four odd-out (content in options),Symbolic MCQ,Easy,Medium,Easy,Single-option focus,Test divisibility/parity/squares per option,Parity/divisibility first,Kill three alike,30–50s,Number properties,"Three of the following numbers are alike in a certain way and one is different. Pick the odd one out. (NOTE : Operations should be performed on the whole numbers, without breaking down the numbers into its constituent digits. E.g. 13 – Operations on 13 such as adding /deleting /multiplying etc., to 13 can be performed. Breaking down 13 into 1 and 3 and then performing mathematical operations on 1 and 3 is not allowed.) weerbb"
REA-0593,2024,18 Sep | Shift 2,General Intelligence and Reasoning,Analogy,Word analogy,relation mapping,Word analogy (Hindi stem),Symbolic MCQ,Easy,Low,Easy,Vague association,Name relation in pair 1 (Hindi); apply,Relation naming,Eliminate unrelated,25–40s,Relation vocabulary,"'डटे रहना' (Persist),'दृढ़ रहना' (Endure) से उसी प्रकार संबंधित है, जिस प्रकार 'टालना' (Stall) '________' से संबंधित है। (शब्दोंों को सार्थक हिंंदी शब्द माना जाना चाहिए और शब्‍दों को अक्षरों की संख्याा/व्यंंजनों/स्वरों की संख्याा के आधार पर एक दूसरे से संबंधित नहीं किया जाना चाहिए।)"
REA-0594,2024,18 Sep | Shift 2,General Intelligence and Reasoning,Analogy,Letter/term analogy,positional mapping,Letter/term analogy (positional),Symbolic MCQ,Easy,Low,Easy,Reading as words,Map shifts pair 1; apply to pair 2,Shift-map once,Check first-letter options,35–60s,A1Z26 shifts,Select the option that is related to the fifth term in the same way as the second term is related to the first term and the fourth term is related to the third term. CARBON : ACIYNO :: DAMAGE : ADNZEG :: MARGIN : ?
REA-0595,2024,18 Sep | Shift 2,General Intelligence and Reasoning,Paper Folding & Cutting,Fold-punch-unfold trace,symmetric replication,Fold-punch-unfold trace,Reasoning MCQ,Easy,Low,Easy,Single-hole answer,Replay folds in reverse,Symmetry replication,Check symmetry axes,40–65s,Unfold reversal,A paper is folded and cut as shown below. How will it appear when unfolded?
REA-0596,2024,18 Sep | Shift 2,General Intelligence and Reasoning,Embedded / Completion / Counting,Figure completion,symmetry fill,Figure completion,Reasoning MCQ,Easy,Low,Easy,Random fill,Mirror/rotate given part,Symmetry fill,Check symmetry fit,25–45s,Symmetry,Identify the figure given in the options which when put in place of ? will logically complete the series.
REA-0597,2024,18 Sep | Shift 2,General Intelligence and Reasoning,Embedded / Completion / Counting,Figure completion,symmetry fill,Figure completion,Reasoning MCQ,Easy,Low,Easy,Random fill,Mirror/rotate given part,Symmetry fill,Check symmetry fit,25–45s,Symmetry,Identify the figure given in the options which when put in place of ? will logically complete the series.
REA-0598,2024,18 Sep | Shift 2,General Intelligence and Reasoning,Number / Alphabet Series,Alternating alphabet pattern,two interleaved rules,Alternating alphabet pattern,Symbolic MCQ,Easy,Low,Easy,Single rule,Split odd/even terms,Parity check,Check parity fit,35–55s,Interleaving,"Which of the following terms will replace the question mark (?) in the given series? MJPT, PGMW, SDJZ, ? , YXDF"
REA-0599,2024,18 Sep | Shift 2,General Intelligence and Reasoning,Number / Alphabet Series,Alphabet-position series,A1Z26 logic,Alphabet-position series,Symbolic MCQ,Easy,Medium,Easy,Reading letters,Convert; find numeric rule,Same,Test numeric fit,30–55s,A1Z26 map,Select the option that represents the letters that when placed from left to right in the blanks below will complete the given letter series. L M N _ O L L M _ Q O L L _ N Q O _ L M N Q _ L L M
REA-0600,2024,18 Sep | Shift 2,General Intelligence and Reasoning,Coding-Decoding,Alphanumeric / position-sum coding,letters ↔ numbers,Alphanumeric / position-sum coding,Symbolic MCQ,Easy,Low,Easy,A=0 indexing,Sum positions / reverse-sum; test,Position sums first,Verify sums match,30–50s,A1Z26 sums,"In a certain code language, ‘TRIED’ is coded as ‘54123' and ‘TREAD’ is coded as ‘12365’. What is the code for ‘I’ in the given code language?"
REA-0601,2024,18 Sep | Shift 3,General Intelligence and Reasoning,Blood Relations,Coded relation,decode then traverse,Coded relation (symbol map),Reasoning MCQ,Medium,Medium,Easy,Gender assumption,Substitute meanings; walk the tree,Draw tree top-down,Check gender markers,45–75s,Tree drawing,"In a certain code language, ‘A + B’ means ‘A is the mother of B’; ‘A – B’ means ‘ A is the father of B’; ‘A $ B’ means ‘A is the daughter of B’ and ‘A % B’ means ‘A is the sister of B’. Based on the above, how is P related to S if P + Q − R $ S % T?"
REA-0602,2024,18 Sep | Shift 3,General Intelligence and Reasoning,Coding-Decoding,Alphanumeric / position-sum coding,letters ↔ numbers,Alphanumeric / position-sum coding,Symbolic MCQ,Easy,Low,Easy,A=0 indexing,Sum positions / reverse-sum; test,Position sums first,Verify sums match,30–50s,A1Z26 sums,"In a certain code language, ‘MORE’ is coded as ‘14 - 12 - 9 - 22’ and ‘KNOW’ is coded as ‘16 - 13 - 12 - 4’. How will ‘SAID’ be coded in the given language?"
REA-0603,2024,18 Sep | Shift 3,General Intelligence and Reasoning,Analogy,Number analogy,operation across pair,Number analogy (a:b :: c:?),Symbolic MCQ,Easy,Medium,Easy,Digit-splitting,Find op mapping first pair; apply,Test squares/cubes first,Test options in mapping,35–60s,Whole-number ops,"Select the set in which the numbers are related in the same way as are the numbers of the following sets. (NOTE: Operations should be performed on the whole numbers, without breaking down the numbers into its constituent digits. E.g. 13 – Operations on 13 such as adding /deleting /multiplying etc. to 13 can be performed. Breaking down 13 into 1 and 3 and then performing mathematical operations on 1 and 3 is not allowed.) (21, 504, 8) (15, 270, 6)"
REA-0604,2024,18 Sep | Shift 3,General Intelligence and Reasoning,Blood Relations,Direct relation,single-hop map,Direct relation (1–2 links),Reasoning MCQ,Medium,Medium,Easy,Gender flip,Direct map; check gender,Same,Verify gender,25–40s,Relation map,Select the word pair that best represents a similar relationship to the one expressed in the pair of words given below. (The words must be considered as meaningful English words and must not be related to each other based on the number of letters/number of consonants/vowels in the word) Control : Domination
REA-0605,2024,18 Sep | Shift 3,General Intelligence and Reasoning,Classification / Odd-One-Out,Group-of-four odd-out,arithmetic property,Group-of-four odd-out (content in options),Symbolic MCQ,Easy,Medium,Easy,Single-option focus,Test divisibility/parity/squares per option,Parity/divisibility first,Kill three alike,30–50s,Number properties,Three of the following four letter-clusters are alike in a certain way and thus form a group. Which is the letter-cluster that does NOT belong to that group? (Note: The odd one out is not based on the number of consonants/vowels or their positions in the letter-cluster.)
REA-0606,2024,18 Sep | Shift 3,General Intelligence and Reasoning,Dictionary & Word Formation,Dictionary order,letter-by-letter compare,Dictionary order,Reasoning MCQ,Easy,Low,Easy,Whole-word guess,Compare 1st differing letter,First-difference only,Sort pairwise,25–40s,Lexicographic compare,The position of how many letters will remain unchanged if each of the letter in the word ‘HUSBAND’ is arranged in English alphabetical order?
REA-0607,2024,18 Sep | Shift 3,General Intelligence and Reasoning,Analogy,Number analogy,operation across pair,Number analogy (a:b :: c:?),Symbolic MCQ,Medium,High,Easy,Digit-splitting,Find op mapping first pair; apply,Test squares/cubes first,Test options in mapping,35–60s,Whole-number ops,"Select the option that is related to the fifth number in the same way as the second number is related to the first number and the fourth number is related to the third number. 10 : 110 :: 7 : 56 :: 9 : ? (NOTE : Operations should be performed on the whole numbers, without breaking down the numbers into its constituent digits. E.g. 13 – Operations on 13 such as adding /deleting /multiplying etc., to 13 can be performed. Breaking down 13 into 1 and 3 and then performing mathematical operations on 1 and 3 is not allowed.)"
REA-0608,2024,18 Sep | Shift 3,General Intelligence and Reasoning,Mathematical Operators,Sign-swap to balance,swap two operators,Sign-swap to balance,Symbolic MCQ,Easy,Low,Easy,No-bracket evaluation,Try option swaps; evaluate (BODMAS),Estimate-then-verify,Kill non-balancing fast,35–60s,BODMAS,Which two numbers (not digits) should be interchanged to make the given equation correct? 19 + 125 ÷ 25 – 100 ÷ 5 + 4 × 3 = 52
REA-0609,2024,18 Sep | Shift 3,General Intelligence and Reasoning,Number / Alphabet Series,Alternating alphabet pattern,two interleaved rules,Alternating alphabet pattern,Symbolic MCQ,Easy,Low,Easy,Single rule,Split odd/even terms,Parity check,Check parity fit,35–55s,Interleaving,Select the option that represents the letters that when sequentially placed from left to right in the blanks below will complete the letter series. _ _ C _ D C _ _ C C _ _
REA-0610,2024,18 Sep | Shift 3,General Intelligence and Reasoning,Embedded / Completion / Counting,Figure completion,symmetry fill,Figure completion,Reasoning MCQ,Easy,Low,Easy,Random fill,Mirror/rotate given part,Symmetry fill,Check symmetry fit,25–45s,Symmetry,Identify the figure given in the options which when put in place of ? will logically complete the series.
REA-0611,2024,18 Sep | Shift 3,General Intelligence and Reasoning,Coding-Decoding,General code transform,encode/decode map,General code transform,Symbolic MCQ,Easy,Low,Hard,Assuming shift,Map Q→option transforms,Position map,Verify mapping,35–60s,Transform inventory,"In a certain code language, ‘BIRD’ is written as ‘DKTF’ and ‘KITE’ is written as ‘MKVG’. How will ‘EAGLE’ be written in that language?"
REA-0612,2024,18 Sep | Shift 3,General Intelligence and Reasoning,Syllogism & Conclusions,Three-statement syllogism,Venn chains,Three-statement syllogism,Statement battery,Medium,Medium,Easy,Middle-term leap,Draw overlapping circles; test each conclusion,Universal-first diagram,Kill false conclusions,45–75s,Venn method,"In this question, three statements are given, followed by two conclusions numbered I and II. Assuming the statements to be true, even if they seem to be at variance with commonly known facts, decide which of the conclusion(s) logically follows/follow from the statements. Statements: No medicine is a capsule. Some capsules are tablets. Some tablets are laptops. Conclusions: I. Some capsules are laptops. II. All tablets can never be medicines."
REA-0613,2024,18 Sep | Shift 3,General Intelligence and Reasoning,Number / Alphabet Series,General series completion,pattern extension,General series completion,Symbolic MCQ,Easy,Low,Easy,Random guess,List candidates; test,Option test,Check fit,30–60s,Pattern toolkit,Select the figure from among the given option that can replace the question mark (?) in the following series.
REA-0614,2024,18 Sep | Shift 3,General Intelligence and Reasoning,Syllogism & Conclusions,Standard syllogism,Venn chains,Standard syllogism (statements + conclusions),Statement battery,Medium,Medium,Easy,Middle-term leap,Draw overlapping circles; test each conclusion,Universal-first diagram,Kill absolute-word conclusions,45–75s,Venn method,Read the given statements and conclusions carefully. You have to take the given statements to be true even if they seem to be at variance from commonly known facts. You have to decide which conclusion/s logically follow/s from the given statements. Statements: All beaches are sand. Some deserts are sand. All mountains are rocky. Conclusions: (I) At least some beaches are desert. (II) At least some sands are rocky.
REA-0615,2024,18 Sep | Shift 3,General Intelligence and Reasoning,Dice & Cubes,Standard dice opposite-face,adjacent-never-opposite,Standard dice opposite-face,Reasoning MCQ,Easy,Low,Easy,Opposite adjacency,Common-face rotation / adjacency elimination,Adjacency kills opposite,Check adjacency claims,30–50s,Dice nets,"Two different positions of the same dice with faces K, B, V, M, P and T are shown below. Select the letter that will be on the face opposite to the one having B."
REA-0616,2024,18 Sep | Shift 3,General Intelligence and Reasoning,Number / Alphabet Series,Mixed-operation series,combined rules,Mixed-operation series,Symbolic MCQ,Easy,Low,Easy,Single-rule force,Try halves/alternation/split,Option back-fit,Test options in sequence,45–75s,Multi-rule toolkit,"Select the number from among the given options that can replace the question mark (?) in the following series. 3, 6, 9, 18, 21, ?"
REA-0617,2024,18 Sep | Shift 3,General Intelligence and Reasoning,Analogy,Number analogy,operation across pair,Number analogy (a:b :: c:?),Symbolic MCQ,Easy,Medium,Easy,Digit-splitting,Find op mapping first pair; apply,Test squares/cubes first,Test options in mapping,35–60s,Whole-number ops,"40 is related to 53 following certain logic. Following the same logic, 8 is related to 13. To which of the following numbers is 68 related, following the same logic? (NOTE : Operations should be performed on the whole numbers, without breaking down the numbers into its constituent digits. E.g. 13 – Operations on 13 such as adding /deleting /multiplying etc., to 13 can be performed. Breaking down 13 into 1 and 3 and then performing mathematical operations on 1 and 3 is not allowed.)"
REA-0618,2024,18 Sep | Shift 3,General Intelligence and Reasoning,Classification / Odd-One-Out,Group-of-four odd-out,arithmetic property,Group-of-four odd-out (content in options),Symbolic MCQ,Easy,Medium,Easy,Single-option focus,Test divisibility/parity/squares per option,Parity/divisibility first,Kill three alike,30–50s,Number properties,"Three of the following numbers are alike in a certain way and one is different. Pick the odd one out. (NOTE : Operations should be performed on the whole numbers, without breaking down the numbers into its constituent digits. E.g. 13 – Operations on 13 such as adding /deleting /multiplying etc., to 13 can be performed. Breaking down 13 into 1 and 3 and then performing mathematical operations on 1 and 3 is not allowed.)"
REA-0619,2024,18 Sep | Shift 3,General Intelligence and Reasoning,Number / Alphabet Series,Constant-difference series,AP with d=2,Constant-difference series,Symbolic MCQ,Easy,Low,Easy,Assuming +1,Add d each step,Extend one step,Eliminate non-AP options,15–30s,AP extension,"Select the option that can replace the question mark (?) in the following series. NW17, PY19, RA21, TC23, ?"
REA-0620,2024,18 Sep | Shift 3,General Intelligence and Reasoning,Paper Folding & Cutting,Fold-punch-unfold trace,symmetric replication,Fold-punch-unfold trace,Reasoning MCQ,Easy,Low,Easy,Single-hole answer,Replay folds in reverse,Symmetry replication,Check symmetry axes,40–65s,Unfold reversal,A paper is folded and cut as shown below. How will it appear when unfolded?
REA-0621,2024,18 Sep | Shift 3,General Intelligence and Reasoning,Embedded / Completion / Counting,Embedded,part-whole spotting,Embedded (hidden) figure,Reasoning MCQ,Easy,Low,Easy,Rotated blindness,Match lines/angles inventory,Distinctive-part hunt,Eliminate size-mismatch,30–50s,Line inventory,Select the option figure in which the given figure (X) is embedded (rotation is NOT allowed).
REA-0622,2024,18 Sep | Shift 3,General Intelligence and Reasoning,Number / Alphabet Series,Letter-blank fill series,slot completion,Letter-blank fill series (A_BB…),Symbolic MCQ,Easy,Low,Easy,Left-to-right guess,Find repeating block; fill,Block-length test,Test block options,30–50s,Repeating blocks,Select the combination of letters that when sequentially placed in the blanks of the given series will logically complete the series. QUA_TO_ANT_UAN_KU_NT
REA-0623,2024,18 Sep | Shift 3,General Intelligence and Reasoning,Mathematical Operators,Sign-swap to balance,swap two operators,Sign-swap to balance,Symbolic MCQ,Easy,Low,Easy,No-bracket evaluation,Try option swaps; evaluate (BODMAS),Estimate-then-verify,Kill non-balancing fast,35–60s,BODMAS,"Select the number that will come in the place of the question mark(?), if ‘+’ and ‘ – ‘ are interchanged and ‘×’ and ‘÷’ are interchanged 93 – 7 ÷ 65 × 13 + 34 = ?"
REA-0624,2024,18 Sep | Shift 3,General Intelligence and Reasoning,Mirror / Water Images,Mirror image,left-right flip,Mirror image (lateral inversion),Reasoning MCQ,Easy,Low,Easy,Water-flip confusion,Flip L-R; keep top-bottom,L-R flip only,Eliminate non-flipped,20–35s,Lateral inversion,Select the correct mirror image of the given figure when the mirror is placed at MN as shown below.
REA-0625,2024,18 Sep | Shift 3,General Intelligence and Reasoning,Embedded / Completion / Counting,Count geometric figures,systematic enumeration,Count geometric figures,Reasoning MCQ,Easy,Low,Easy,Double counting,Count by size class; sum,Size-class table,Verify against options,45–75s,Class-wise count,How many triangles are there in the given figure?
REA-0626,2024,19 Sep | Shift 1,General Intelligence and Reasoning,Number / Alphabet Series,Alternating alphabet pattern,two interleaved rules,Alternating alphabet pattern,Symbolic MCQ,Easy,Low,Easy,Single rule,Split odd/even terms,Parity check,Check parity fit,35–55s,Interleaving,"Which of the following terms will replace the question mark (?) in the given series? AWSO, KGCY, UQMI, EAWS, ?"
REA-0627,2024,19 Sep | Shift 1,General Intelligence and Reasoning,Blood Relations,Coded relation,decode then traverse,Coded relation (symbol map),Reasoning MCQ,Medium,Medium,Easy,Gender assumption,Substitute meanings; walk the tree,Draw tree top-down,Check gender markers,45–75s,Tree drawing,"In a certain code language, ‘A + B’ means ‘A is the mother of B’; ‘A − B’ means ‘A is the brother of B’; ‘A × B’ means ‘A is the wife of B’ and ‘A ÷ B’ means ‘A is the father of B’. Based on the above, how is A related to D if ‘A × B ÷ C × D’?"
REA-0628,2024,19 Sep | Shift 1,General Intelligence and Reasoning,Embedded / Completion / Counting,Figure completion,symmetry fill,Figure completion,Reasoning MCQ,Easy,Low,Easy,Random fill,Mirror/rotate given part,Symmetry fill,Check symmetry fit,25–45s,Symmetry,Identify the figure from among the given options which when put in place of the question mark (?) will logically complete the series.
REA-0629,2024,19 Sep | Shift 1,General Intelligence and Reasoning,Embedded / Completion / Counting,Count geometric figures,systematic enumeration,Count geometric figures,Reasoning MCQ,Easy,Low,Easy,Double counting,Count by size class; sum,Size-class table,Verify against options,45–75s,Class-wise count,How many triangles are there in the given figure?
REA-0630,2024,19 Sep | Shift 1,General Intelligence and Reasoning,Mirror / Water Images,Mirror image,left-right flip,Mirror image (lateral inversion),Reasoning MCQ,Easy,Low,Easy,Water-flip confusion,Flip L-R; keep top-bottom,L-R flip only,Eliminate non-flipped,20–35s,Lateral inversion,Select the correct mirror image of the given figure when the mirror is placed at MN as shown below.
REA-0631,2024,19 Sep | Shift 1,General Intelligence and Reasoning,Embedded / Completion / Counting,Figure completion,symmetry fill,Figure completion,Reasoning MCQ,Easy,Low,Easy,Random fill,Mirror/rotate given part,Symmetry fill,Check symmetry fit,25–45s,Symmetry,Identify the figure given in the options which when put in place of ? will logically complete the series.
REA-0632,2024,19 Sep | Shift 1,General Intelligence and Reasoning,Mathematical Operators,Sign-swap to balance,swap two operators,Sign-swap to balance,Symbolic MCQ,Easy,Low,Easy,No-bracket evaluation,Try option swaps; evaluate (BODMAS),Estimate-then-verify,Kill non-balancing fast,35–60s,BODMAS,Which number will come in the place of the question mark (?) in the following equation if ‘+’ and ‘−’ are interchanged and ‘×’ and ‘÷’ are interchanged? 20 + 10 × 2 − 4 ÷ 5 = ?
REA-0633,2024,19 Sep | Shift 1,General Intelligence and Reasoning,Coding-Decoding,Alphanumeric / position-sum coding,letters ↔ numbers,Alphanumeric / position-sum coding,Symbolic MCQ,Easy,Low,Easy,A=0 indexing,Sum positions / reverse-sum; test,Position sums first,Verify sums match,30–50s,A1Z26 sums,"In a certain code language, ‘TOUGH’ is coded as ‘89251’ and ‘GHOST’ is coded as ‘93258’. What is the code for ‘S’ in the given code language?"
REA-0634,2024,19 Sep | Shift 1,General Intelligence and Reasoning,Analogy,Word analogy,relation type,Word analogy (semantic),Symbolic MCQ,Easy,Low,Easy,Association vagueness,Name relation (function/part/cause); apply,Relation naming,Eliminate unrelated,20–35s,Relation vocabulary,‘Wander’ is related to ‘Ramble’ in the same way as ‘Stray’ is related to ‘________’. (The words must be considered as meaningful English words and must not be related to each other based on the number of letters/number of consonants/vowels in the word.)
REA-0635,2024,19 Sep | Shift 1,General Intelligence and Reasoning,Dictionary & Word Formation,Dictionary order,letter-by-letter compare,Dictionary order,Reasoning MCQ,Easy,Medium,Easy,Whole-word guess,Compare 1st differing letter,First-difference only,Sort pairwise,25–40s,Lexicographic compare,Each of the letters in the word ‘KEYBOARD’ are arranged in the English alphabetical order. How many letters are in the English alphabetical order between the letter which is the third from the right end and the second from the right end in the group of letters thus formed?
REA-0636,2024,19 Sep | Shift 1,General Intelligence and Reasoning,Dictionary & Word Formation,Dictionary order,letter-by-letter compare,Dictionary order,Reasoning MCQ,Easy,Low,Easy,Whole-word guess,Compare 1st differing letter,First-difference only,Sort pairwise,25–40s,Lexicographic compare,"‘RUCK’ is related to ‘TWAI’ in a certain way based on the English alphabetical order. In the same way, ‘DPHM’ is related to ‘FRFK’. To which of the following is ‘KNOM’ related, following the same logic?"
REA-0637,2024,19 Sep | Shift 1,General Intelligence and Reasoning,Mathematical Operators,Odd operation-pair out,common operation,Odd operation-pair out,Symbolic MCQ,Medium,High,Easy,Single-pair rule,Extract op from two pairs; test rest,Difference/ratio scan,Test candidate odd,35–60s,Operation scan,"Two sets of numbers are given below. In each set of numbers, certain mathematical operation(s) on the first number result(s) in the second number. Similarly, certain mathematical operation(s) on the second number result(s) in the third number and so on. Which of the given options follows the same set of operations as in the given sets? (NOTE: Operations should be performed on the whole numbers, without breaking down the numbers into their constituent digits. E.g. 13 – Operations on 13 such as adding/subtracting/multiplying to 13 can be performed. Breaking down 13 into 1 and 3 and then performing mathematical operations on 1 and 3 is not allowed.) 11 – 14 – 8 – 17; 12 – 15 – 9 – 18"
REA-0638,2024,19 Sep | Shift 1,General Intelligence and Reasoning,Number / Alphabet Series,Alphabet-position series,A1Z26 logic,Alphabet-position series,Symbolic MCQ,Easy,Medium,Easy,Reading letters,Convert; find numeric rule,Same,Test numeric fit,30–55s,A1Z26 map,Select the option that represents the letters that when placed from left to right in the blanks below will complete the given letter series. B _ E N B _ C E N B B C _ N B B C E _ B _ C
REA-0639,2024,19 Sep | Shift 1,General Intelligence and Reasoning,Dice & Cubes,Standard dice opposite-face,adjacent-never-opposite,Standard dice opposite-face,Reasoning MCQ,Easy,Low,Easy,Opposite adjacency,Common-face rotation / adjacency elimination,Adjacency kills opposite,Check adjacency claims,30–50s,Dice nets,"Six numbers 5, 6, 7, 8, 9 and 10 are written on different faces of a dice. Two positions of this dice are shown in the figure below. Find the number on the face opposite to ‘7’."
REA-0640,2024,19 Sep | Shift 1,General Intelligence and Reasoning,Mirror / Water Images,Mirror image,left-right flip,Mirror image (lateral inversion),Reasoning MCQ,Easy,Low,Easy,Water-flip confusion,Flip L-R; keep top-bottom,L-R flip only,Eliminate non-flipped,20–35s,Lateral inversion,Select the correct mirror image of the given figure when the mirror is placed at MN.
REA-0641,2024,19 Sep | Shift 1,General Intelligence and Reasoning,Analogy,Number analogy,operation across pair,Number analogy (a:b :: c:?),Symbolic MCQ,Medium,High,Easy,Digit-splitting,Find op mapping first pair; apply,Test squares/cubes first,Test options in mapping,35–60s,Whole-number ops,"Select the option that is related to the fifth number in the same way as the second number is related to the first number and the fourth number is related to the third number. 14 : 30 :: 9 : 20 :: 4 : ? (NOTE : Operations should be performed on the whole numbers, without breaking down the numbers into its constituent digits. E.g. 13 – Operations on 13 such as adding /deleting /multiplying etc., to 13 can be performed. Breaking down 13 into 1 and 3 and then performing mathematical operations on 1 and 3 is not allowed.)"
REA-0642,2024,19 Sep | Shift 1,General Intelligence and Reasoning,Coding-Decoding,Letter transform,per-position mapping,Letter transform (mixed shifts),Symbolic MCQ,Easy,Low,Easy,Assuming uniform shift,Map every position 1:1; apply,Ends-first check,Verify full mapping,40–65s,Position mapping,"In a certain code language, 'SHE' is written as 'EIT' and 'SAD' is written as 'DBT'. How will 'SUN’ be written in that language?"
REA-0643,2024,19 Sep | Shift 1,General Intelligence and Reasoning,Dictionary & Word Formation,Dictionary order,letter-by-letter compare,Dictionary order,Reasoning MCQ,Easy,Medium,Easy,Whole-word guess,Compare 1st differing letter,First-difference only,Sort pairwise,25–40s,Lexicographic compare,"Based on the English alphabetical order, three of the following four letter-clusters are alike in a certain way and thus form a group. Which is the letter-cluster that DOES NOT belong to that group? (Note: The odd man out is not based on the number of consonants/vowels or their position in the letter-cluster.)"
REA-0644,2024,19 Sep | Shift 1,General Intelligence and Reasoning,Syllogism & Conclusions,Standard syllogism,Venn chains,Standard syllogism (statements + conclusions),Statement battery,Medium,Medium,Easy,Middle-term leap,Draw overlapping circles; test each conclusion,Universal-first diagram,Kill absolute-word conclusions,45–75s,Venn method,"Read the given statements and conclusions carefully. Assuming that the information given in the statements is true, even if it appears to be at variance with commonly known facts, decide which of the given conclusion(s) logically follow(s) from the statements. Statements: Some eagles are sparrows. All sparrows are parrots. No parrot is a penguin. Conclusions: (I) Some parrots are eagles. (II) No penguin is a sparrow."
REA-0645,2024,19 Sep | Shift 1,General Intelligence and Reasoning,Number / Alphabet Series,Mixed-operation series,combined rules,Mixed-operation series,Symbolic MCQ,Easy,Low,Easy,Single-rule force,Try halves/alternation/split,Option back-fit,Test options in sequence,45–75s,Multi-rule toolkit,"Which of the following numbers will replace the question mark (?) in the given series? 3, 17, 83, 329, ?, 1961"
REA-0646,2024,19 Sep | Shift 1,General Intelligence and Reasoning,Analogy,Number analogy,operation across pair,Number analogy (a:b :: c:?),Symbolic MCQ,Easy,Medium,Easy,Digit-splitting,Find op mapping first pair; apply,Test squares/cubes first,Test options in mapping,35–60s,Whole-number ops,"17 is related to 21 following a certain logic. Following the same logic, 22 is related to 36. To which of the following is 29 related, following the same logic? (NOTE : Operations should be performed on the whole numbers, without breaking down the numbers into its constituent digits. E.g. 13 – Operations on 13 such as adding /deleting /multiplying etc., to 13 can be performed. Breaking down 13 into 1 and 3 and then performing mathematical operations on 1 and 3 is not allowed.)"
REA-0647,2024,19 Sep | Shift 1,General Intelligence and Reasoning,Number / Alphabet Series,General series completion,pattern extension,General series completion,Symbolic MCQ,Easy,Low,Easy,Random guess,List candidates; test,Option test,Check fit,30–60s,Pattern toolkit,"BIRTHDAY - IBTRDHYA BLAZER - LBZARE REMOVE - ? Using the same logic as applied for the first two pairs of terms, select the term that can replace the question mark (?) in the third pair."
REA-0648,2024,19 Sep | Shift 1,General Intelligence and Reasoning,Mathematical Operators,Odd operation-pair out,common operation,Odd operation-pair out,Symbolic MCQ,Easy,Medium,Easy,Single-pair rule,Extract op from two pairs; test rest,Difference/ratio scan,Test candidate odd,35–60s,Operation scan,"The same operation(s) are followed in all the given number pairs except one. Find that odd number pair. (NOTE : Operations should be performed on the whole numbers, without breaking down the numbers into its constituent digits. E.g. 13 – Operations on 13 such as adding /deleting /multiplying etc., to 13 can be performed. Breaking down 13 into 1 and 3 and then performing mathematical operations on 1 and 3 is not allowed.)"
REA-0649,2024,19 Sep | Shift 1,General Intelligence and Reasoning,Mathematical Operators,Sign-swap to balance,swap two operators,Sign-swap to balance,Symbolic MCQ,Easy,Low,Easy,No-bracket evaluation,Try option swaps; evaluate (BODMAS),Estimate-then-verify,Kill non-balancing fast,35–60s,BODMAS,"What will come in place of the question mark (?) in the following equation, if ‘+’ and ‘–’ are interchanged and ‘×’ and ‘÷’ are interchanged? 1205 × 5 + 35 – 197 ÷ 18 = ?"
REA-0650,2024,19 Sep | Shift 1,General Intelligence and Reasoning,Dice & Cubes,Standard dice opposite-face,adjacent-never-opposite,Standard dice opposite-face,Reasoning MCQ,Easy,Low,Easy,Opposite adjacency,Common-face rotation / adjacency elimination,Adjacency kills opposite,Check adjacency claims,30–50s,Dice nets,"Six Roman numbers I, II, III, IV, V and VI are written on different faces of a dice. Two positions of this dice are shown in the figure below. Find the Roman number on the face opposite to ‘VI’."
REA-0651,2024,19 Sep | Shift 2,General Intelligence and Reasoning,Coding-Decoding,General code transform,encode/decode map,General code transform,Symbolic MCQ,Easy,Low,Hard,Assuming shift,Map Q→option transforms,Position map,Verify mapping,35–60s,Transform inventory,"In a certain code, 'it is raining' is coded as 'dy po ko', 'is raining now' is coded as 'po jo ko' and 'is now it' is coded as 'po jo dy'. (All the codes are two-letter codes only.) What is the code for 'raining'?"
REA-0652,2024,19 Sep | Shift 2,General Intelligence and Reasoning,Number / Alphabet Series,Mixed-operation series,combined rules,Mixed-operation series,Symbolic MCQ,Easy,Low,Easy,Single-rule force,Try halves/alternation/split,Option back-fit,Test options in sequence,45–75s,Multi-rule toolkit,"Select the number from among the given options that can replace the question mark (?) in the following series. 625, 382, 301, 274, 265, ?"
REA-0653,2024,19 Sep | Shift 2,General Intelligence and Reasoning,Number / Alphabet Series,General series completion,pattern extension,General series completion,Symbolic MCQ,Easy,Low,Easy,Random guess,List candidates; test,Option test,Check fit,30–60s,Pattern toolkit,Select the figure from among the given option that can replace the question mark (?) in the following series.
REA-0654,2024,19 Sep | Shift 2,General Intelligence and Reasoning,Dice & Cubes,Standard dice opposite-face,adjacent-never-opposite,Standard dice opposite-face,Reasoning MCQ,Easy,Low,Easy,Opposite adjacency,Common-face rotation / adjacency elimination,Adjacency kills opposite,Check adjacency claims,30–50s,Dice nets,"Six letters X, T, S, M, R and O are written on different faces of a dice. Two positions of this dice are shown in the figures below. Find the letter on the face opposite to R."
REA-0655,2024,19 Sep | Shift 2,General Intelligence and Reasoning,Syllogism & Conclusions,Three-statement syllogism,Venn chains,Three-statement syllogism,Statement battery,Medium,Medium,Easy,Middle-term leap,Draw overlapping circles; test each conclusion,Universal-first diagram,Kill false conclusions,45–75s,Venn method,"In this question, three statements are given, followed by two conclusions numbered I and II. Assuming the statements to be true, even if they seem to be at variance with commonly known facts, decide which of the conclusion(s) logically follows/follow from the statements. Statements: All teachers are dancers. All dancers are engineers. Some engineers are beautiful. Conclusions: I. All teachers are beautiful. II. Some dancers are beautiful."
REA-0656,2024,19 Sep | Shift 2,General Intelligence and Reasoning,Figure-Based (Image),Figure task,visual reasoning,Figure task (needs PDF),Figure-based,Easy,Low,Easy,—,Refer original PDF figure,Same,As applicable,60–90s,—,[image/figure-based content -- see original PDF]
REA-0657,2024,19 Sep | Shift 2,General Intelligence and Reasoning,Dice & Cubes,General dice/cube,spatial logic,General dice/cube,Reasoning MCQ,Easy,Low,Hard,Opposite adjacency,Opposite-face / net analysis,Net mapping,Check adjacency,30–55s,Spatial rules,"A cube is constructed by folding the given sheet along the lines shown. In the cube so formed, what would be the word on the opposite side of ‘Ball’?"
REA-0658,2024,19 Sep | Shift 2,General Intelligence and Reasoning,Analogy,Number analogy,operation across pair,Number analogy (a:b :: c:?),Symbolic MCQ,Easy,Medium,Easy,Digit-splitting,Find op mapping first pair; apply,Test squares/cubes first,Test options in mapping,35–60s,Whole-number ops,"13 is related to 119 following a certain logic. Following the same logic, 9 is related to 31. To which of the following is 8 related, following the same logic? (NOTE : Operations should be performed on the whole numbers, without breaking down the numbers into its constituent digits. E.g. 13 – Operations on 13 such as adding /deleting /multiplying etc., to 13 can be performed. Breaking down 13 into 1 and 3 and then performing mathematical operations on 1 and 3 is not allowed.)"
REA-0659,2024,19 Sep | Shift 2,General Intelligence and Reasoning,Mathematical Operators,General operator fill,BODMAS trial,General operator fill,Symbolic MCQ,Easy,Low,Hard,No-bracket math,Try options with BODMAS,Estimate first,Kill by size,40–65s,BODMAS,Select the correct combination of mathematical signs to sequentially place from left to right in the blanks below to balance the given equation. 8 _ 27 _ 9 _ 6 _ 5 = 0
REA-0660,2024,19 Sep | Shift 2,General Intelligence and Reasoning,Number / Alphabet Series,Alphabet-position series,A1Z26 logic,Alphabet-position series,Symbolic MCQ,Easy,Low,Easy,Reading letters,Convert; find numeric rule,Same,Test numeric fit,30–55s,A1Z26 map,"Which of the following terms will replace the question mark (?) in the given series? ABNI, DAQH, ?, JYWF"
REA-0661,2024,19 Sep | Shift 2,General Intelligence and Reasoning,Mathematical Operators,Sign-swap to balance,swap two operators,Sign-swap to balance,Symbolic MCQ,Easy,Low,Easy,No-bracket evaluation,Try option swaps; evaluate (BODMAS),Estimate-then-verify,Kill non-balancing fast,35–60s,BODMAS,What will come in place of the question mark (?) in the following equation if ‘+’ and ‘×’ are interchanged and ‘–’ and ‘÷’ are interchanged? 16 − 2 × 42 + 13 ÷ 12 = ?
REA-0662,2024,19 Sep | Shift 2,General Intelligence and Reasoning,Coding-Decoding,Letter transform,per-position mapping,Letter transform (mixed shifts),Symbolic MCQ,Easy,Low,Easy,Assuming uniform shift,Map every position 1:1; apply,Ends-first check,Verify full mapping,40–65s,Position mapping,"In a certain code language, 'MAIN' is written as 'OHBL' and 'MAIL' is written as 'MHBL'. How will 'MANY’ be written in that language?"
REA-0663,2024,19 Sep | Shift 2,General Intelligence and Reasoning,Classification / Odd-One-Out,Letter-cluster classification,positional property,Letter-cluster classification,Symbolic MCQ,Easy,Low,Easy,Reading as words,Convert to numbers; find property break,Vowel/consonant + shift scan,Kill three alike,30–50s,A1Z26 + parity,"Four letter-clusters have been given, out of which three are alike in some manner and one is different. Select the one that is different. Note :The odd one out is not based on the number of consonants/vowels or their position in the letter cluster"
REA-0664,2024,19 Sep | Shift 2,General Intelligence and Reasoning,Blood Relations,Coded relation,decode then traverse,Coded relation (symbol map),Reasoning MCQ,Medium,Medium,Easy,Gender assumption,Substitute meanings; walk the tree,Draw tree top-down,Check gender markers,45–75s,Tree drawing,Select the word-pair that best represents a similar relationship to the one expressed in the pair of words given below. (The words must be considered as meaningful English words and must NOT be related to each other based on the number of letters/number of consonants/vowels in the word) New Zealand : Wellington
REA-0665,2024,19 Sep | Shift 2,General Intelligence and Reasoning,Embedded / Completion / Counting,Figure completion,symmetry fill,Figure completion,Reasoning MCQ,Easy,Low,Easy,Random fill,Mirror/rotate given part,Symmetry fill,Check symmetry fit,25–45s,Symmetry,Identify the figure given in the options which when put in place of the question mark (?) will logically complete the series?
REA-0666,2024,19 Sep | Shift 2,General Intelligence and Reasoning,Blood Relations,Coded relation,decode then traverse,Coded relation (symbol map),Reasoning MCQ,Medium,Medium,Easy,Gender assumption,Substitute meanings; walk the tree,Draw tree top-down,Check gender markers,45–75s,Tree drawing,"The second number in the given number-pairs is obtained by performing certain mathematical operation(s) on the first number. The same operation(s) is/are followed in all the number-pairs, except one. Find that odd number-pair. (NOTE: The relation should be found without breaking down the numbers into its constituent digits)"
REA-0667,2024,19 Sep | Shift 2,General Intelligence and Reasoning,Coding-Decoding,General code transform,encode/decode map,General code transform,Symbolic MCQ,Easy,Low,Hard,Assuming shift,Map Q→option transforms,Position map,Verify mapping,35–60s,Transform inventory,"In a certain code language, ‘toys are gadgets’ is coded as ‘dj sq ty’ and ‘gadgets are machines’ is coded as ‘mp ty dj’. What is code for ‘gadgets’ in that language?"
REA-0668,2024,19 Sep | Shift 2,General Intelligence and Reasoning,Blood Relations,Coded relation,decode then traverse,Coded relation (symbol map),Reasoning MCQ,Medium,Medium,Easy,Gender assumption,Substitute meanings; walk the tree,Draw tree top-down,Check gender markers,45–75s,Tree drawing,"Select the option in which the numbers share the same relationship as that shared by the given pair of numbers. (NOTE: Operations should be performed on the whole numbers, without breaking down the numbers into its constituent digits. E.g. 13 – Operations on 13 such as adding/deleting/multiplying etc. to 13 can be performed. Breaking down 13 into 1 and 3 and then performing mathematical operations on 1 and 3 is not allowed.) 13 : 55 23 : 105"
REA-0669,2024,19 Sep | Shift 2,General Intelligence and Reasoning,Number / Alphabet Series,Alternating alphabet pattern,two interleaved rules,Alternating alphabet pattern,Symbolic MCQ,Easy,Low,Easy,Single rule,Split odd/even terms,Parity check,Check parity fit,35–55s,Interleaving,Select the option that represents the letters that when sequentially placed from left to right in the blanks below will complete the letter series. _ B _ _ _ A L _ _ L _ _
REA-0670,2024,19 Sep | Shift 2,General Intelligence and Reasoning,Embedded / Completion / Counting,Count geometric figures,systematic enumeration,Count geometric figures,Reasoning MCQ,Easy,Low,Easy,Double counting,Count by size class; sum,Size-class table,Verify against options,45–75s,Class-wise count,How many semicircles are there in the given figure?
REA-0671,2024,19 Sep | Shift 2,General Intelligence and Reasoning,Dictionary & Word Formation,Dictionary order,letter-by-letter compare,Dictionary order,Reasoning MCQ,Easy,Low,Easy,Whole-word guess,Compare 1st differing letter,First-difference only,Sort pairwise,25–40s,Lexicographic compare,"‘NQRP’ is related to ‘RUVT’ in a certain way based on the English alphabetical order. In the same way, ‘DGLF’ is related to ‘HKPJ’. To which of the following is ‘KCUM’ related, following the same logic?"
REA-0672,2024,19 Sep | Shift 2,General Intelligence and Reasoning,Analogy,Number analogy,operation across pair,Number analogy (a:b :: c:?),Symbolic MCQ,Easy,Medium,Easy,Digit-splitting,Find op mapping first pair; apply,Test squares/cubes first,Test options in mapping,35–60s,Whole-number ops,"97 is related to 49 following a certain logic. Following the same logic, 115 is related to 58. To which of the following is 133 related to, following the same logic? (NOTE : Operations should be performed on the whole numbers, without breaking down the numbers into its constituent digits. E.g. 13 – Operations on 13 such as adding /deleting /multiplying etc., to 13 can be performed. Breaking down 13 into 1 and 3 and then performing mathematical operations on 1 and 3 is not allowed.)"
REA-0673,2024,19 Sep | Shift 2,General Intelligence and Reasoning,Dictionary & Word Formation,Dictionary order,letter-by-letter compare,Dictionary order,Reasoning MCQ,Easy,Medium,Easy,Whole-word guess,Compare 1st differing letter,First-difference only,Sort pairwise,25–40s,Lexicographic compare,Each vowel in the word ‘ISOLATED’ is changed to the following letter in the English alphabetical order and each consonant is changed to the preceding letter in the English alphabetical order. How many letters are there in the English alphabetical order between the letter which is the third from the left end and the second from the left end in the group of letters thus formed?
REA-0674,2024,19 Sep | Shift 2,General Intelligence and Reasoning,Blood Relations,Coded relation,decode then traverse,Coded relation (symbol map),Reasoning MCQ,Medium,Medium,Easy,Gender assumption,Substitute meanings; walk the tree,Draw tree top-down,Check gender markers,45–75s,Tree drawing,"In a certain code language, 'A ! B' means ‘A is the father of B’, 'A & B' means ‘A is the brother of B’, 'A * B' means ‘A is the wife of B’ and 'A # B' means ‘A is the daughter of B’. Which of the following means that S is the husband's brother's wife of M?"
REA-0675,2024,19 Sep | Shift 2,General Intelligence and Reasoning,Mirror / Water Images,Mirror image,left-right flip,Mirror image (lateral inversion),Reasoning MCQ,Easy,Low,Easy,Water-flip confusion,Flip L-R; keep top-bottom,L-R flip only,Eliminate non-flipped,20–35s,Lateral inversion,Select the correct mirror image of the given figure when the mirror is placed at MN as shown below.
REA-0676,2024,19 Sep | Shift 3,General Intelligence and Reasoning,Mirror / Water Images,Mirror image,left-right flip,Mirror image (lateral inversion),Reasoning MCQ,Easy,Low,Easy,Water-flip confusion,Flip L-R; keep top-bottom,L-R flip only,Eliminate non-flipped,20–35s,Lateral inversion,Select the correct mirror image of the given figure when the mirror is placed at MN as shown below.
REA-0677,2024,19 Sep | Shift 3,General Intelligence and Reasoning,Coding-Decoding,Alphanumeric / position-sum coding,letters ↔ numbers,Alphanumeric / position-sum coding,Symbolic MCQ,Easy,Low,Easy,A=0 indexing,Sum positions / reverse-sum; test,Position sums first,Verify sums match,30–50s,A1Z26 sums,"In a certain code language, ‘CYCLE’ is coded as ‘242241522’ and ‘FINAL’ is coded as ‘2118132615’. How will ‘MUSIC’ be coded in that language?"
REA-0678,2024,19 Sep | Shift 3,General Intelligence and Reasoning,Classification / Odd-One-Out,Letter-cluster classification,positional property,Letter-cluster classification,Symbolic MCQ,Easy,Low,Easy,Reading as words,Convert to numbers; find property break,Vowel/consonant + shift scan,Kill three alike,30–50s,A1Z26 + parity,"Four letter-clusters have been given, out of which three are alike in some manner and one is different. Select the letter-cluster that is different. Note: The odd one out is not based on the number of consonants/vowels or their position in the letter cluster...11"
REA-0679,2024,19 Sep | Shift 3,General Intelligence and Reasoning,Analogy,Set/triad analogy,common rule across triple,Set/triad analogy,Symbolic MCQ,Easy,Medium,Easy,Pairwise only,Extract rule from two given sets,Test divide/square forms,Test option sets,40–65s,Rule extraction,"Select the triad in which the numbers are related to each other in the same way as the numbers in the following triads. 4-5-41 2-3-13 (NOTE : Operations should be performed on the whole numbers, without breaking down the numbers into its constituent digits. E.g. 13 – Operations on 13 such as adding /deleting /multiplying etc., to 13 can be performed. Breaking down 13 into 1 and 3 and then performing mathematical operations on 1 and 3 is not allowed.)"
REA-0680,2024,19 Sep | Shift 3,General Intelligence and Reasoning,Coding-Decoding,Alphanumeric / position-sum coding,letters ↔ numbers,Alphanumeric / position-sum coding,Symbolic MCQ,Easy,Low,Easy,A=0 indexing,Sum positions / reverse-sum; test,Position sums first,Verify sums match,30–50s,A1Z26 sums,"In a certain code language, ‘PANTHER’ is written as ‘0146283’ and ‘ANOTHER’ is written as ‘2864109’. How will ‘O’ be written in that language?"
REA-0681,2024,19 Sep | Shift 3,General Intelligence and Reasoning,Embedded / Completion / Counting,Embedded,part-whole spotting,Embedded (hidden) figure,Reasoning MCQ,Easy,Low,Easy,Rotated blindness,Match lines/angles inventory,Distinctive-part hunt,Eliminate size-mismatch,30–50s,Line inventory,Select the option figure in which the given figure (X) is embedded (rotation is NOT allowed).
REA-0682,2024,19 Sep | Shift 3,General Intelligence and Reasoning,Dictionary & Word Formation,Dictionary order,letter-by-letter compare,Dictionary order,Reasoning MCQ,Easy,Low,Easy,Whole-word guess,Compare 1st differing letter,First-difference only,Sort pairwise,25–40s,Lexicographic compare,"‘MPQO’ is related to ‘KNSQ’ in a certain way based on the English alphabetical order. In the same way, ‘DGHF’ is related to ‘BEJH’. To which of the following is ‘EINW’ related, following the same logic?"
REA-0683,2024,19 Sep | Shift 3,General Intelligence and Reasoning,Number / Alphabet Series,Second-order AP,second diff=1,Second-order AP (increasing differences),Symbolic MCQ,Easy,Low,Easy,Constant-diff guess,Build difference table,Last gap + last diff,Check last-gap options,30–50s,Difference tables,"Select the number from the given options to complete the series. 58, 70, 83, 97, ___"
REA-0684,2024,19 Sep | Shift 3,General Intelligence and Reasoning,Blood Relations,Coded relation,decode then traverse,Coded relation (symbol map),Reasoning MCQ,Medium,Medium,Easy,Gender assumption,Substitute meanings; walk the tree,Draw tree top-down,Check gender markers,45–75s,Tree drawing,"In a certain code language, X + Y means ‘X is the sister of Y’, X − Y means ‘X is the wife of Y’, X × Y means ‘X is the mother of Y’, X ÷ Y means ‘X is the father of Y’. Based on the above, how is H related to L if ‘H × I − J ÷ K + L’?"
REA-0685,2024,19 Sep | Shift 3,General Intelligence and Reasoning,Blood Relations,Coded relation,decode then traverse,Coded relation (symbol map),Reasoning MCQ,Medium,Medium,Easy,Gender assumption,Substitute meanings; walk the tree,Draw tree top-down,Check gender markers,45–75s,Tree drawing,Select the word-pair that best represents a similar relationship to the one expressed in the pair of words given below. (The words must be considered as meaningful English words and must not be related to each other based on the number of letters/number of consonants/vowels in the word.) Larva : Insect
REA-0686,2024,19 Sep | Shift 3,General Intelligence and Reasoning,Paper Folding & Cutting,Fold-punch-unfold trace,symmetric replication,Fold-punch-unfold trace,Reasoning MCQ,Easy,Low,Easy,Single-hole answer,Replay folds in reverse,Symmetry replication,Check symmetry axes,40–65s,Unfold reversal,A paper is folded and cut as shown below. How will it appear when unfolded?
REA-0687,2024,19 Sep | Shift 3,General Intelligence and Reasoning,Mathematical Operators,Sign-swap to balance,swap two operators,Sign-swap to balance,Symbolic MCQ,Easy,Low,Easy,No-bracket evaluation,Try option swaps; evaluate (BODMAS),Estimate-then-verify,Kill non-balancing fast,35–60s,BODMAS,"What will come in place of the question mark (?) in the following equation, if ‘+’ and ‘–’ are interchanged and ‘×’ and ‘÷’ are interchanged? 69 + 2485 × 5 – 912 ÷ 2 = ?"
REA-0688,2024,19 Sep | Shift 3,General Intelligence and Reasoning,Figure Series,Figure series completion,visual rule per step,Figure series completion (?),Reasoning MCQ,Easy,Low,Easy,Single-feature lock,Test rotation/count/shading/element rules stepwise,One-change scan,Test options in slot,50–80s,Visual rules,Which figure should replace the question mark (?) if the following series were to be continued?
REA-0689,2024,19 Sep | Shift 3,General Intelligence and Reasoning,Analogy,Number analogy,operation across pair,Number analogy (a:b :: c:?),Symbolic MCQ,Easy,Medium,Easy,Digit-splitting,Find op mapping first pair; apply,Test squares/cubes first,Test options in mapping,35–60s,Whole-number ops,"Select the triad in which the numbers are related in the same way as are the numbers of the given triads. (NOTE: Operations should be performed on the whole numbers, without breaking down the numbers into its constituent digits. E.g., 13 – Operations on 13 such as adding/deleting/multiplying etc. to 13 can be performed. Breaking down 13 into 1 and 3 and then performing mathematical operations on 1 and 3 is not allowed.) (11, 1, 10) (13, 7, 90)"
REA-0690,2024,19 Sep | Shift 3,General Intelligence and Reasoning,Classification / Odd-One-Out,Group-of-four odd-out,arithmetic property,Group-of-four odd-out (content in options),Symbolic MCQ,Easy,Medium,Easy,Single-option focus,Test divisibility/parity/squares per option,Parity/divisibility first,Kill three alike,30–50s,Number properties,"Three of the following four options are alike in a certain way and thus form a group. Which is the one that does NOT belong to that group? (NOTE: Operations should be performed on the whole numbers, without breaking down the numbers into its constituent digits. E.g. 13 – Operations on 13 such as adding/subtracting/multiplying etc. to 13 can be performed. Breaking down 13 into 1 and 3 and then performing mathematical operations on 1 and 3 is not allowed.)"
REA-0691,2024,19 Sep | Shift 3,General Intelligence and Reasoning,Blood Relations,Coded relation,decode then traverse,Coded relation (symbol map),Reasoning MCQ,Medium,Medium,Easy,Gender assumption,Substitute meanings; walk the tree,Draw tree top-down,Check gender markers,45–75s,Tree drawing,"Select the option in which the numbers share the same relationship as that shared by the given pair of numbers. (NOTE: Operations should be performed on the whole numbers, without breaking down the numbers into its constituent digits. E.g. 13 – Operations on 13 such as adding/deleting/multiplying etc. to 13 can be performed. Breaking down 13 into 1 and 3 and then performing mathematical operations on 1 and 3 is not allowed.) 11 : 62 13 : 64"
REA-0692,2024,19 Sep | Shift 3,General Intelligence and Reasoning,Mathematical Operators,Sign-swap to balance,swap two operators,Sign-swap to balance,Symbolic MCQ,Easy,Low,Easy,No-bracket evaluation,Try option swaps; evaluate (BODMAS),Estimate-then-verify,Kill non-balancing fast,35–60s,BODMAS,"What will come in the place of ‘?’ in the following equation, if ‘+’ and ‘–‘ are interchanged and ‘×’ and ‘÷’ are interchanged? 49 × 7 – 6 ÷ 8 +13 ="
REA-0693,2024,19 Sep | Shift 3,General Intelligence and Reasoning,Venn Diagram,Venn class diagram,set inclusion,Venn class diagram,Reasoning MCQ,Easy,Low,Easy,Partial overlap default,Separate vs overlap vs subset,Subset-first test,Check overlap logic,25–40s,Set relations,"Study the given diagram carefully and answer the question that follows. The numbers in different sections indicate the number of students who like particular subjects. How many students like Hindi and Science both, but NOT Maths?"
REA-0694,2024,19 Sep | Shift 3,General Intelligence and Reasoning,Syllogism & Conclusions,Three-statement syllogism,Venn chains,Three-statement syllogism,Statement battery,Medium,Medium,Easy,Middle-term leap,Draw overlapping circles; test each conclusion,Universal-first diagram,Kill false conclusions,45–75s,Venn method,"In this question, three statements are given, followed by two conclusions numbered I and II. Assuming the statements to be true, even if they seem to be at variance with commonly known facts, decide which of the conclusion(s) logically follows/follow from the statements. Statements: Some shirts are pants. All pants are jackets. All jackets are trousers. Conclusions: I. Some trousers are shirts. II. All jackets are shirts."
REA-0695,2024,19 Sep | Shift 3,General Intelligence and Reasoning,Embedded / Completion / Counting,Figure completion,symmetry fill,Figure completion,Reasoning MCQ,Easy,Low,Easy,Random fill,Mirror/rotate given part,Symmetry fill,Check symmetry fit,25–45s,Symmetry,Identify the figure from among the given options which when put in place of the question mark (?) will logically complete the series.
REA-0696,2024,19 Sep | Shift 3,General Intelligence and Reasoning,Number / Alphabet Series,Alternating alphabet pattern,two interleaved rules,Alternating alphabet pattern,Symbolic MCQ,Easy,Low,Easy,Single rule,Split odd/even terms,Parity check,Check parity fit,35–55s,Interleaving,"Which of the following terms will replace the question mark (?) in the given series? HDLB, LBPZ, PZTX, ? , XVBT"
REA-0697,2024,19 Sep | Shift 3,General Intelligence and Reasoning,Embedded / Completion / Counting,Count geometric figures,systematic enumeration,Count geometric figures,Reasoning MCQ,Easy,Low,Easy,Double counting,Count by size class; sum,Size-class table,Verify against options,45–75s,Class-wise count,How many triangles are there in the given figure?
REA-0698,2024,19 Sep | Shift 3,General Intelligence and Reasoning,Paper Folding & Cutting,Fold-punch-unfold trace,symmetric replication,Fold-punch-unfold trace,Reasoning MCQ,Easy,Low,Easy,Single-hole answer,Replay folds in reverse,Symmetry replication,Check symmetry axes,40–65s,Unfold reversal,The sequence of folding a piece of paper and the manner in which the folded paper has been cut is shown in the following figures. How would this paper look when unfolded?
REA-0699,2024,19 Sep | Shift 3,General Intelligence and Reasoning,Dictionary & Word Formation,Dictionary order,letter-by-letter compare,Dictionary order,Reasoning MCQ,Easy,Low,Easy,Whole-word guess,Compare 1st differing letter,First-difference only,Sort pairwise,25–40s,Lexicographic compare,The position of how many letters will remain unchanged if each of the letters in the word ‘DRAFTING’ is arranged in the English alphabetical order?
REA-0700,2024,19 Sep | Shift 3,General Intelligence and Reasoning,Number / Alphabet Series,Alphabet-position series,A1Z26 logic,Alphabet-position series,Symbolic MCQ,Easy,Low,Easy,Reading letters,Convert; find numeric rule,Same,Test numeric fit,30–55s,A1Z26 map,Select the option that represents the letters that when sequentially placed from left to right in the blanks below will complete the letter series. I _ _ I _ I _ _ I _ J _
REA-0701,2024,23 Sep | Shift 1,General Intelligence and Reasoning,Dictionary & Word Formation,Dictionary order,letter-by-letter compare,Dictionary order,Reasoning MCQ,Easy,Medium,Easy,Whole-word guess,Compare 1st differing letter,First-difference only,Sort pairwise,25–40s,Lexicographic compare,"Based on the position in the English alphabetical order, three of the following letter- clusters are alike in some manner and one is different. Select the odd letter-cluster. Note: The odd one out is not based on the number of consonants/vowels or their position in the letter cluster."
REA-0702,2024,23 Sep | Shift 1,General Intelligence and Reasoning,Number / Alphabet Series,Alternating alphabet pattern,two interleaved rules,Alternating alphabet pattern,Symbolic MCQ,Easy,Low,Easy,Single rule,Split odd/even terms,Parity check,Check parity fit,35–55s,Interleaving,"Which of the following terms will replace the question mark (?) in the given series? JHOQ, NFSO, ? , VBAK, ZZEI"
REA-0703,2024,23 Sep | Shift 1,General Intelligence and Reasoning,Figure Series,Figure series completion,visual rule per step,Figure series completion (?),Reasoning MCQ,Easy,Low,Easy,Single-feature lock,Test rotation/count/shading/element rules stepwise,One-change scan,Test options in slot,50–80s,Visual rules,Which figure should replace the question mark (?) if the following series were to be continued?
REA-0704,2024,23 Sep | Shift 1,General Intelligence and Reasoning,Mathematical Operators,Sign-swap to balance,swap two operators,Sign-swap to balance,Symbolic MCQ,Easy,Low,Easy,No-bracket evaluation,Try option swaps; evaluate (BODMAS),Estimate-then-verify,Kill non-balancing fast,35–60s,BODMAS,"Select the number that will come in the place of the question mark(?), if ‘+’ and ‘ – ‘ are interchanged and ‘×’ and ‘÷’ are interchanged 63 × 7 ÷ 13 – 64 + 42 = ?"
REA-0705,2024,23 Sep | Shift 1,General Intelligence and Reasoning,Coding-Decoding,General code transform,encode/decode map,General code transform,Symbolic MCQ,Easy,Low,Hard,Assuming shift,Map Q→option transforms,Position map,Verify mapping,35–60s,Transform inventory,"In a certain code language, 'RADIO' is written as 'SZEHP' and 'FREQUENCY' is written as 'GQFPVDOBZ'. How will 'TELEVISION' be written in that language?"
REA-0706,2024,23 Sep | Shift 1,General Intelligence and Reasoning,Classification / Odd-One-Out,Group-of-four odd-out,arithmetic property,Group-of-four odd-out (content in options),Symbolic MCQ,Easy,Medium,Easy,Single-option focus,Test divisibility/parity/squares per option,Parity/divisibility first,Kill three alike,30–50s,Number properties,"Three of the following numbers are alike in a certain way and one is different. Pick the odd one out. (NOTE : Operations should be performed on the whole numbers, without breaking down the numbers into its constituent digits. E.g. 13 – Operations on 13 such as adding /deleting /multiplying etc., to 13 can be performed. Breaking down 13 into 1 and 3 and then performing mathematical operations on 1 and 3 is not allowed.)"
REA-0707,2024,23 Sep | Shift 1,General Intelligence and Reasoning,Number / Alphabet Series,Alphabet-position series,A1Z26 logic,Alphabet-position series,Symbolic MCQ,Easy,Low,Easy,Reading letters,Convert; find numeric rule,Same,Test numeric fit,30–55s,A1Z26 map,"Select the option that represents the letters that, when placed from left to right in the blanks below, will complete the letter series. S _ Y A _ F I K M _ S U W"
REA-0708,2024,23 Sep | Shift 1,General Intelligence and Reasoning,Number / Alphabet Series,Letter-blank fill series,slot completion,Letter-blank fill series (A_BB…),Symbolic MCQ,Easy,Low,Easy,Left-to-right guess,Find repeating block; fill,Block-length test,Test block options,30–50s,Repeating blocks,Find the correct combination of letters that when sequentially filled in the blanks of the given series will make the series logically complete. ABF_HI_NOP_U_WABCDH_
REA-0709,2024,23 Sep | Shift 1,General Intelligence and Reasoning,Dice & Cubes,Standard dice opposite-face,adjacent-never-opposite,Standard dice opposite-face,Reasoning MCQ,Easy,Low,Easy,Opposite adjacency,Common-face rotation / adjacency elimination,Adjacency kills opposite,Check adjacency claims,30–50s,Dice nets,"Six letters P, J, U, W, L and K are written on different faces of a dice. Two positions of this dice are shown in the figures below. Find the letter on the face opposite to P."
REA-0710,2024,23 Sep | Shift 1,General Intelligence and Reasoning,Analogy,Number analogy,operation across pair,Number analogy (a:b :: c:?),Symbolic MCQ,Easy,Medium,Easy,Digit-splitting,Find op mapping first pair; apply,Test squares/cubes first,Test options in mapping,35–60s,Whole-number ops,"Select the triad in which the numbers are related in the same way as are the numbers of the given triads. (25, 22, 47), (31, 24, 55) (NOTE : Operations should be performed on the whole numbers, without breaking down the numbers into its constituent digits. E.g. 13 – Operations on 13 such as adding /deleting /multiplying etc. to 13 can be performed. Breaking down 13 into 1 and 3 and then performing mathematical operations on 1 and 3 is not allowed)"
REA-0711,2024,23 Sep | Shift 1,General Intelligence and Reasoning,Dictionary & Word Formation,Dictionary order,letter-by-letter compare,Dictionary order,Reasoning MCQ,Easy,Low,Easy,Whole-word guess,Compare 1st differing letter,First-difference only,Sort pairwise,25–40s,Lexicographic compare,The position of how many letters will remain unchanged if all the letters in the word MOBILE are arranged in English alphabetical order?
REA-0712,2024,23 Sep | Shift 1,General Intelligence and Reasoning,Mathematical Operators,Sign-swap to balance,swap two operators,Sign-swap to balance,Symbolic MCQ,Easy,Low,Easy,No-bracket evaluation,Try option swaps; evaluate (BODMAS),Estimate-then-verify,Kill non-balancing fast,35–60s,BODMAS,"What will come in the place of ‘?’ in the following equation, if ‘+’ and ‘–‘ are interchanged and ‘×’ and ‘÷’ are interchanged? 25 + 3 ÷ 9 −14 × 2 = ?"
REA-0713,2024,23 Sep | Shift 1,General Intelligence and Reasoning,Mirror / Water Images,General image flip,flip rule,General image flip,Reasoning MCQ,Easy,Low,Hard,Flip confusion,Apply L-R or T-B flip,Flip once,Eliminate wrong flips,20–35s,Flip rules,A transparent sheet with a pattern is given below. Select the option that depicts the pattern that would appear when the given transparent sheet is folded at the middle horizontal line.
REA-0714,2024,23 Sep | Shift 1,General Intelligence and Reasoning,Blood Relations,Coded relation,decode then traverse,Coded relation (symbol map),Reasoning MCQ,Medium,Medium,Easy,Gender assumption,Substitute meanings; walk the tree,Draw tree top-down,Check gender markers,45–75s,Tree drawing,Select the word-pair that best represents a similar relationship to the one expressed in the pair of words given below. (The words must be considered as meaningful English words and must NOT be related to each other based on the number of letters/number of consonants/vowels in the word) France : Gallic Rooster
REA-0715,2024,23 Sep | Shift 1,General Intelligence and Reasoning,Analogy,Number analogy,operation across pair,Number analogy (a:b :: c:?),Symbolic MCQ,Easy,Medium,Easy,Digit-splitting,Find op mapping first pair; apply,Test squares/cubes first,Test options in mapping,35–60s,Whole-number ops,"12 is related to 235 by certain logic. Following the same logic, 14 is related to 287. To which of the following is 18 related, following the same logic? (NOTE : Operations should be performed on the whole numbers, without breaking down the numbers into its constituent digits. E.g. 13 – Operations on 13 such as adding /deleting /multiplying etc., to 13 can be performed. Breaking down 13 into 1 and 3 and then performing mathematical operations on 1 and 3 is not allowed.)"
REA-0716,2024,23 Sep | Shift 1,General Intelligence and Reasoning,Number / Alphabet Series,Constant-difference series,AP with d=3,Constant-difference series,Symbolic MCQ,Easy,Low,Easy,Assuming +1,Add d each step,Extend one step,Eliminate non-AP options,15–30s,AP extension,"Select the option that can replace the question mark (?) in the following series. BH14, CJ17, DL20, EN23, ?"
REA-0717,2024,23 Sep | Shift 1,General Intelligence and Reasoning,Dice & Cubes,Standard dice opposite-face,adjacent-never-opposite,Standard dice opposite-face,Reasoning MCQ,Easy,Low,Easy,Opposite adjacency,Common-face rotation / adjacency elimination,Adjacency kills opposite,Check adjacency claims,30–50s,Dice nets,Three different positions of the same dice are given. Find the number on the face opposite to the face showing ‘2’.
REA-0718,2024,23 Sep | Shift 1,General Intelligence and Reasoning,Dictionary & Word Formation,Dictionary order,letter-by-letter compare,Dictionary order,Reasoning MCQ,Easy,Medium,Easy,Whole-word guess,Compare 1st differing letter,First-difference only,Sort pairwise,25–40s,Lexicographic compare,All the alphabets in the word ‘DICTIONARY’ are arranged in the alphabetical order. How many alphabets are there in the English alphabetical series between the alphabet which is fourth from the left end and the one which is second from the right end in the newly formed letter-cluster?
REA-0719,2024,23 Sep | Shift 1,General Intelligence and Reasoning,Embedded / Completion / Counting,Figure completion,symmetry fill,Figure completion,Reasoning MCQ,Easy,Low,Easy,Random fill,Mirror/rotate given part,Symmetry fill,Check symmetry fit,25–45s,Symmetry,Identify the figure given in the options which when put in place of the question mark (?) will logically complete the series?
REA-0720,2024,23 Sep | Shift 1,General Intelligence and Reasoning,Embedded / Completion / Counting,Embedded,part-whole spotting,Embedded (hidden) figure,Reasoning MCQ,Easy,Low,Easy,Rotated blindness,Match lines/angles inventory,Distinctive-part hunt,Eliminate size-mismatch,30–50s,Line inventory,Select the option figure in which the given figure (X) is embedded (rotation is NOT allowed).
REA-0721,2024,23 Sep | Shift 1,General Intelligence and Reasoning,Embedded / Completion / Counting,Count geometric figures,systematic enumeration,Count geometric figures,Reasoning MCQ,Easy,Low,Easy,Double counting,Count by size class; sum,Size-class table,Verify against options,45–75s,Class-wise count,How many squares are there in the given figure?
REA-0722,2024,23 Sep | Shift 1,General Intelligence and Reasoning,Coding-Decoding,Letter-shift transform,equal shift -2 per letter,Letter-shift transform (uniform),Symbolic MCQ,Easy,Low,Easy,First-letter only,Compute per-position shift; apply,First-letter shift only,Verify all positions,30–50s,A1Z26 shifts,"In a certain code language, ‘BOTH’ is written as ‘DQVJ’ and ‘DARE’ is written as ‘FCTG’ How will ‘WILL’ be written in that language?"
REA-0723,2024,23 Sep | Shift 1,General Intelligence and Reasoning,Blood Relations,Coded relation,decode then traverse,Coded relation (symbol map),Reasoning MCQ,Medium,Medium,Easy,Gender assumption,Substitute meanings; walk the tree,Draw tree top-down,Check gender markers,45–75s,Tree drawing,"If ‘A & Z’ means ‘A is the brother of Z’, ‘A # Z’ means ‘A is the sister of Z’, ‘A ^ Z’ means ‘A is the brother of Z’s father’, ‘A @ Z’ means ‘A is the wife of Z’, ‘A % Z’ means ‘A is the mother of Z’, ‘A α Z’ means ‘A is the father of Z’, then how is J related to Z in the following expression? J % K # L @ M α N & Z"
REA-0724,2024,23 Sep | Shift 1,General Intelligence and Reasoning,Number / Alphabet Series,Mixed-operation series,combined rules,Mixed-operation series,Symbolic MCQ,Easy,Low,Easy,Single-rule force,Try halves/alternation/split,Option back-fit,Test options in sequence,45–75s,Multi-rule toolkit,"Select the number from among the given options that can replace the question mark (?) in the following series. 389, 420, 457, 498, 541, ?"
REA-0725,2024,23 Sep | Shift 1,General Intelligence and Reasoning,Blood Relations,Coded relation,decode then traverse,Coded relation (symbol map),Reasoning MCQ,Medium,Medium,Easy,Gender assumption,Substitute meanings; walk the tree,Draw tree top-down,Check gender markers,45–75s,Tree drawing,"Select the option in which the numbers share the same relationship as that shared by the given pair of numbers. (NOTE: Operations should be performed on the whole numbers, without breaking down the numbers into its constituent digits. E.g. 13 – Operations on 13 such as adding/deleting/multiplying etc. to 13 can be performed. Breaking down 13 into 1 and 3 and then performing mathematical operations on 1 and 3 is not allowed.) 40 : 123 63 : 192"
REA-0726,2024,23 Sep | Shift 2,General Intelligence and Reasoning,Mathematical Operators,Sign-swap to balance,swap two operators,Sign-swap to balance,Symbolic MCQ,Easy,Low,Easy,No-bracket evaluation,Try option swaps; evaluate (BODMAS),Estimate-then-verify,Kill non-balancing fast,35–60s,BODMAS,"What will come in place of the question mark (?) in the following equation, if ‘+’ and ‘–’ are interchanged and ‘×’ and ‘÷’ are interchanged? 6408 × 8 + 27 – 15 ÷ 10 = ?"
REA-0727,2024,23 Sep | Shift 2,General Intelligence and Reasoning,Number / Alphabet Series,Mixed-operation series,combined rules,Mixed-operation series,Symbolic MCQ,Easy,Low,Easy,Single-rule force,Try halves/alternation/split,Option back-fit,Test options in sequence,45–75s,Multi-rule toolkit,"Which of the following numbers will replace the question mark (?) in the given series? 81, 65, 50, ?, 23, 11"
REA-0728,2024,23 Sep | Shift 2,General Intelligence and Reasoning,Blood Relations,Coded relation,decode then traverse,Coded relation (symbol map),Reasoning MCQ,Medium,Medium,Easy,Gender assumption,Substitute meanings; walk the tree,Draw tree top-down,Check gender markers,45–75s,Tree drawing,"In a certain code language, X + Y means ‘X is the sister of Y’, X − Y means ‘X is the son of Y’, X × Y means ‘X is the husband of Y’, X ÷ Y means ‘X is the mother of Y’. Based on the above, how is T related to X if ‘T + U − V × W ÷ X’?"
REA-0729,2024,23 Sep | Shift 2,General Intelligence and Reasoning,Syllogism & Conclusions,Three-statement syllogism,Venn chains,Three-statement syllogism,Statement battery,Medium,Medium,Easy,Middle-term leap,Draw overlapping circles; test each conclusion,Universal-first diagram,Kill false conclusions,45–75s,Venn method,"Three statements are given followed by three conclusions numbered I, II and III. Assuming the statements to be true, even if they seem to be at variance with commonly known facts, decide which of the conclusions logically follow(s) from the statements. Statements: All crows are parrots. All eagles are parrots. All parrots are birds. Conclusions: I. No crow is a bird. II. Some birds are eagles. III. All birds are crows."
REA-0730,2024,23 Sep | Shift 2,General Intelligence and Reasoning,Classification / Odd-One-Out,Letter-cluster classification,positional property,Letter-cluster classification,Symbolic MCQ,Easy,Low,Easy,Reading as words,Convert to numbers; find property break,Vowel/consonant + shift scan,Kill three alike,30–50s,A1Z26 + parity,"Four letter-clusters have been given, out of which three are alike in some manner and one is different. Select the one that is different. The odd one out is not based on the number of consonants/vowels or their position in the letter cluster"
REA-0731,2024,23 Sep | Shift 2,General Intelligence and Reasoning,Paper Folding & Cutting,Fold-punch-unfold trace,symmetric replication,Fold-punch-unfold trace,Reasoning MCQ,Easy,Low,Easy,Single-hole answer,Replay folds in reverse,Symmetry replication,Check symmetry axes,40–65s,Unfold reversal,A square sheet of paper is folded along the dotted line successively along the directions shown and is then punched in the last as shown. How would the paper look when unfolded?
REA-0732,2024,23 Sep | Shift 2,General Intelligence and Reasoning,Embedded / Completion / Counting,Figure completion,symmetry fill,Figure completion,Reasoning MCQ,Easy,Low,Easy,Random fill,Mirror/rotate given part,Symmetry fill,Check symmetry fit,25–45s,Symmetry,Select the option figure that will replace the question mark (?) in the figure given below to complete the pattern.
REA-0733,2024,23 Sep | Shift 2,General Intelligence and Reasoning,Coding-Decoding,Alphanumeric / position-sum coding,letters ↔ numbers,Alphanumeric / position-sum coding,Symbolic MCQ,Easy,Low,Easy,A=0 indexing,Sum positions / reverse-sum; test,Position sums first,Verify sums match,30–50s,A1Z26 sums,"In a certain code language, ‘FLAKE’ is written as ‘&2348’ and ‘LAKES’ is written as ‘23@84’. How will ‘S’ be written in that language?"
REA-0734,2024,23 Sep | Shift 2,General Intelligence and Reasoning,Dictionary & Word Formation,Dictionary order,letter-by-letter compare,Dictionary order,Reasoning MCQ,Easy,Low,Easy,Whole-word guess,Compare 1st differing letter,First-difference only,Sort pairwise,25–40s,Lexicographic compare,The position of how many letters will remain unchanged if each of the letter in the word ‘IMPROVE’ is arranged in English alphabetical order?
REA-0735,2024,23 Sep | Shift 2,General Intelligence and Reasoning,Embedded / Completion / Counting,Figure completion,symmetry fill,Figure completion,Reasoning MCQ,Easy,Low,Easy,Random fill,Mirror/rotate given part,Symmetry fill,Check symmetry fit,25–45s,Symmetry,Identify the figure given in the options which when put in place of ? will logically complete the series.
REA-0736,2024,23 Sep | Shift 2,General Intelligence and Reasoning,Embedded / Completion / Counting,Figure completion,symmetry fill,Figure completion,Reasoning MCQ,Easy,Low,Easy,Random fill,Mirror/rotate given part,Symmetry fill,Check symmetry fit,25–45s,Symmetry,Identify the option figure that when put in place of the question mark (?) will logically complete the series.
REA-0737,2024,23 Sep | Shift 2,General Intelligence and Reasoning,Syllogism & Conclusions,Three-statement syllogism,Venn chains,Three-statement syllogism,Statement battery,Medium,Medium,Easy,Middle-term leap,Draw overlapping circles; test each conclusion,Universal-first diagram,Kill false conclusions,45–75s,Venn method,"Three Statements are given followed by three conclusions numbered I, II and III. Assuming the statements to be true, even if they seem to be at variance with commonly known facts, decide which of the conclusions logically follow(s) from the statements. Statements: All peas are vegetables. All carrots are vegetables. All vegetables are greens. Conclusions: I. All peas are greens. II. All greens are carrots. III. Some greens are peas."
REA-0738,2024,23 Sep | Shift 2,General Intelligence and Reasoning,Mathematical Operators,Odd operation-pair out,common operation,Odd operation-pair out,Symbolic MCQ,Easy,Medium,Easy,Single-pair rule,Extract op from two pairs; test rest,Difference/ratio scan,Test candidate odd,35–60s,Operation scan,"The same operation(s) are followed in all the given number pairs except one. Find that odd number pair. (NOTE : Operations should be performed on the whole numbers, without breaking down the numbers into its constituent digits. E.g. 13 – Operations on 13 such as adding /deleting /multiplying etc., to 13 can be performed. Breaking down 13 into 1 and 3 and then performing mathematical operations on 1 and 3 is not allowed.)"
REA-0739,2024,23 Sep | Shift 2,General Intelligence and Reasoning,Mathematical Operators,Sign-swap to balance,swap two operators,Sign-swap to balance,Symbolic MCQ,Easy,Low,Easy,No-bracket evaluation,Try option swaps; evaluate (BODMAS),Estimate-then-verify,Kill non-balancing fast,35–60s,BODMAS,What will come in place of the question mark (?) in the following equation if ‘+’ and ‘−‘ are interchanged and ‘×’ and ‘÷’ are interchanged? 15 − 7 ÷ 4 + 36 × 9 = ?
REA-0740,2024,23 Sep | Shift 2,General Intelligence and Reasoning,Coding-Decoding,Letter transform,per-position mapping,Letter transform (mixed shifts),Symbolic MCQ,Easy,Low,Easy,Assuming uniform shift,Map every position 1:1; apply,Ends-first check,Verify full mapping,40–65s,Position mapping,"In a certain code language, ‘BAKE’ is coded as ‘FDMF’ and ‘TURN’ is coded as ‘XXTO’. How will ‘MOCK’ be coded in the given language?"
REA-0741,2024,23 Sep | Shift 2,General Intelligence and Reasoning,Number / Alphabet Series,Constant-shift alphabet series,"shift [-2, -2] per step",Constant-shift alphabet series,Symbolic MCQ,Easy,Low,Easy,Reading as words,Shift each letter,Same,Check first-letter options,20–35s,A1Z26 shifts,"Select the term from among the given options that can replace the question mark (?) in the following series. MY 84, KW 80, IU 76, GS 72, ?"
REA-0742,2024,23 Sep | Shift 2,General Intelligence and Reasoning,Dice & Cubes,Standard dice opposite-face,adjacent-never-opposite,Standard dice opposite-face,Reasoning MCQ,Easy,Low,Easy,Opposite adjacency,Common-face rotation / adjacency elimination,Adjacency kills opposite,Check adjacency claims,30–50s,Dice nets,"Six letters V, C, R, E, X and Z are written on different faces of a dice. Two positions of this dice are shown in the figures below. Find the letter on the face opposite to C."
REA-0743,2024,23 Sep | Shift 2,General Intelligence and Reasoning,Analogy,Number analogy,operation across pair,Number analogy (a:b :: c:?),Symbolic MCQ,Easy,Medium,Easy,Digit-splitting,Find op mapping first pair; apply,Test squares/cubes first,Test options in mapping,35–60s,Whole-number ops,"Select the set in which the numbers are related in the same way as are the numbers of the given sets. (3, 9, 27) (4, 16, 64) (NOTE : Operations should be performed on the whole numbers, without breaking down the numbers into its constituent digits. E.g. 13 – Operations on 13 such as adding /deleting /multiplying etc., to 13 can be performed. Breaking down 13 into 1 and 3 and then performing mathematical operations on 1 and 3 is not allowed.)"
REA-0744,2024,23 Sep | Shift 2,General Intelligence and Reasoning,Number / Alphabet Series,Constant-shift alphabet series,"shift [-2, 2, -2, 2] per step",Constant-shift alphabet series,Symbolic MCQ,Easy,Low,Easy,Reading as words,Shift each letter,Same,Check first-letter options,20–35s,A1Z26 shifts,"Which of the following terms will replace the question mark (?) in the given series? XJUM, VLSO, TNQQ, RPOS, ?"
REA-0745,2024,23 Sep | Shift 2,General Intelligence and Reasoning,Blood Relations,Coded relation,decode then traverse,Coded relation (symbol map),Reasoning MCQ,Medium,Medium,Easy,Gender assumption,Substitute meanings; walk the tree,Draw tree top-down,Check gender markers,45–75s,Tree drawing,"Select the option in which the numbers share the same relationship as that shared by the given pair of numbers. (NOTE: Operations should be performed on the whole numbers, without breaking down the numbers into its constituent digits. E.g. 13 – Operations on 13 such as adding/deleting/multiplying etc. to 13 can be performed. Breaking down 13 into 1 and 3 and then performing mathematical operations on 1 and 3 is not allowed.) 4 : 32 7 : 98"
REA-0746,2024,23 Sep | Shift 2,General Intelligence and Reasoning,Analogy,Number analogy,operation across pair,Number analogy (a:b :: c:?),Symbolic MCQ,Easy,Medium,Easy,Digit-splitting,Find op mapping first pair; apply,Test squares/cubes first,Test options in mapping,35–60s,Whole-number ops,"Select the set in which the numbers are related in the same way as are the numbers of the following set. (84, 63, 42) (79, 47, 64) (NOTE: Operations should be performed on the whole numbers, without breaking down the numbers into its constituent digits. E.g. 13 – Operations on 13 such as adding/deleting/multiplying etc. to 13 can be performed. Breaking down 13 into 1 and 3 and then performing mathematical operations on 1 and 3 is not allowed.)"
REA-0747,2024,23 Sep | Shift 2,General Intelligence and Reasoning,Blood Relations,Coded relation,decode then traverse,Coded relation (symbol map),Reasoning MCQ,Medium,Medium,Easy,Gender assumption,Substitute meanings; walk the tree,Draw tree top-down,Check gender markers,45–75s,Tree drawing,Select the word-pair that best represents a similar relationship to the one expressed in the pair of words given below. (The words must be considered as meaningful English words and must NOT be related to each other based on the number of letters/number of consonants/vowels in the word) Frequency : Hertz
REA-0748,2024,23 Sep | Shift 2,General Intelligence and Reasoning,Embedded / Completion / Counting,Count geometric figures,systematic enumeration,Count geometric figures,Reasoning MCQ,Easy,Low,Easy,Double counting,Count by size class; sum,Size-class table,Verify against options,45–75s,Class-wise count,How many circles are there in the given figure?
REA-0749,2024,23 Sep | Shift 2,General Intelligence and Reasoning,Mirror / Water Images,Mirror image,left-right flip,Mirror image (lateral inversion),Reasoning MCQ,Easy,Low,Easy,Water-flip confusion,Flip L-R; keep top-bottom,L-R flip only,Eliminate non-flipped,20–35s,Lateral inversion,Select the correct mirror image of the given figure when the mirror is placed at MN as shown below.
REA-0750,2024,23 Sep | Shift 2,General Intelligence and Reasoning,Number / Alphabet Series,Letter-blank fill series,slot completion,Letter-blank fill series (A_BB…),Symbolic MCQ,Easy,Low,Easy,Left-to-right guess,Find repeating block; fill,Block-length test,Test block options,30–50s,Repeating blocks,Select the combination of letters that when sequentially placed in the blanks of the given series will complete the series. X _ _ Y_X X _ _ X _ _
REA-0751,2024,23 Sep | Shift 3,General Intelligence and Reasoning,Number / Alphabet Series,Alphabet-position series,A1Z26 logic,Alphabet-position series,Symbolic MCQ,Easy,Low,Easy,Reading letters,Convert; find numeric rule,Same,Test numeric fit,30–55s,A1Z26 map,"Select the option that represents the letters that, when sequentially placed from left to right in the blanks below, will complete the letter series. _ Y R W I Y _ X I _ R _ I Y R Z"
REA-0752,2024,23 Sep | Shift 3,General Intelligence and Reasoning,Coding-Decoding,Alphanumeric / position-sum coding,letters ↔ numbers,Alphanumeric / position-sum coding,Symbolic MCQ,Easy,Low,Easy,A=0 indexing,Sum positions / reverse-sum; test,Position sums first,Verify sums match,30–50s,A1Z26 sums,"In a certain code language, ‘cat dog monkey’ is coded as ‘55 66 88’; ‘camel cat donkey’ is coded as ‘66 99 33’ and ‘dog goat tiger’ is coded as ‘88 11 22’. How is ‘monkey’ coded in that language?"
REA-0753,2024,23 Sep | Shift 3,General Intelligence and Reasoning,Number / Alphabet Series,Mixed-operation series,combined rules,Mixed-operation series,Symbolic MCQ,Easy,Low,Easy,Single-rule force,Try halves/alternation/split,Option back-fit,Test options in sequence,45–75s,Multi-rule toolkit,"Select the number from among the given options that can replace the question mark (?) in the following series. 45, 52, 63, 76, 93, ?"
REA-0754,2024,23 Sep | Shift 3,General Intelligence and Reasoning,Analogy,Letter/term analogy,positional mapping,Letter/term analogy (positional),Symbolic MCQ,Easy,Low,Easy,Reading as words,Map shifts pair 1; apply to pair 2,Shift-map once,Check first-letter options,35–60s,A1Z26 shifts,Select the option that is related to the fifth letter-cluster in the same way as the second letter-cluster is related to the first letter-cluster and the fourth letter-cluster is related to the third letter-cluster. MSD: NHW :: OAE : LZV :: NIP:?
REA-0755,2024,23 Sep | Shift 3,General Intelligence and Reasoning,Dictionary & Word Formation,Dictionary order,letter-by-letter compare,Dictionary order,Reasoning MCQ,Easy,Low,Easy,Whole-word guess,Compare 1st differing letter,First-difference only,Sort pairwise,25–40s,Lexicographic compare,The position(s) of how many letters will remain unchanged if all the letters in the word ‘LAUNDER’ are arranged in English alphabetical order?
REA-0756,2024,23 Sep | Shift 3,General Intelligence and Reasoning,Mathematical Operators,Sign-swap to balance,swap two operators,Sign-swap to balance,Symbolic MCQ,Easy,Low,Easy,No-bracket evaluation,Try option swaps; evaluate (BODMAS),Estimate-then-verify,Kill non-balancing fast,35–60s,BODMAS,"What will come in place of the question mark (?) in the following equation, if ‘+’ and ‘–’ are interchanged and ‘×’ and ‘÷’ are interchanged? 152 ÷ 6 + 1617 × 7 – 77 = ?"
REA-0757,2024,23 Sep | Shift 3,General Intelligence and Reasoning,Coding-Decoding,Alphanumeric / position-sum coding,letters ↔ numbers,Alphanumeric / position-sum coding,Symbolic MCQ,Easy,Low,Easy,A=0 indexing,Sum positions / reverse-sum; test,Position sums first,Verify sums match,30–50s,A1Z26 sums,"In a certain code language, 'WJSL' is coded as '25-12-21-14' and 'DUOH' is coded as '6- 23-17-10'. What is the code for 'PFKR' in the given language?"
REA-0758,2024,23 Sep | Shift 3,General Intelligence and Reasoning,Analogy,Number analogy,operation across pair,Number analogy (a:b :: c:?),Symbolic MCQ,Easy,Medium,Easy,Digit-splitting,Find op mapping first pair; apply,Test squares/cubes first,Test options in mapping,35–60s,Whole-number ops,"13 is related to 21 following certain logic. Following the same logic, 35 is related to 43. To which of the following numbers is 66 related, following the same logic? (NOTE : Operations should be performed on the whole numbers, without breaking down the numbers into its constituent digits. E.g. 13 – Operations on 13 such as adding /deleting /multiplying etc., to 13 can be performed. Breaking down 13 into 1 and 3 and then performing mathematical operations on 1 and 3 is not allowed.)"
REA-0759,2024,23 Sep | Shift 3,General Intelligence and Reasoning,Figure-Based (Image),Figure task,visual reasoning,Figure task (needs PDF),Figure-based,Easy,Low,Easy,—,Refer original PDF figure,Same,As applicable,60–90s,—,[image/figure-based content -- see original PDF]
REA-0760,2024,23 Sep | Shift 3,General Intelligence and Reasoning,Analogy,Letter/term analogy,positional mapping,Letter/term analogy (positional),Symbolic MCQ,Easy,Medium,Easy,Reading as words,Map shifts pair 1; apply to pair 2,Shift-map once,Check first-letter options,35–60s,A1Z26 shifts,Select the option that is related to the fifth letter cluster in the same way as the second letter cluster is related to the first letter cluster and the fourth letter cluster is related to the third letter cluster. EXPENSE : EPXEESN :: FASHION : HSAFNOI :: FORTUNE : ?
REA-0761,2024,23 Sep | Shift 3,General Intelligence and Reasoning,Blood Relations,Direct relation,single-hop map,Direct relation (1–2 links),Reasoning MCQ,Medium,Medium,Easy,Gender flip,Direct map; check gender,Same,Verify gender,25–40s,Relation map,The question contains pairs of words that are related to each other in a certain way. Three of the following four word pairs are alike as these have the same relationship and thus form a group. Which word pair is the one that DOES NOT belong to that group? (The words must be considered as meaningful English words and must not be related to each other based on the number of letters/number of consonants/vowels in the word.)
REA-0762,2024,23 Sep | Shift 3,General Intelligence and Reasoning,Embedded / Completion / Counting,Count geometric figures,systematic enumeration,Count geometric figures,Reasoning MCQ,Easy,Low,Easy,Double counting,Count by size class; sum,Size-class table,Verify against options,45–75s,Class-wise count,How many rectangles are there in the given figure?
REA-0763,2024,23 Sep | Shift 3,General Intelligence and Reasoning,Dice & Cubes,Standard dice opposite-face,adjacent-never-opposite,Standard dice opposite-face,Reasoning MCQ,Easy,Low,Easy,Opposite adjacency,Common-face rotation / adjacency elimination,Adjacency kills opposite,Check adjacency claims,30–50s,Dice nets,"Six letters O, Z, F, T, R and M are written on different faces of a dice. Two positions of this dice are shown in the figures below. Find the letter on the face opposite to Z."
REA-0764,2024,23 Sep | Shift 3,General Intelligence and Reasoning,Mirror / Water Images,Mirror image,left-right flip,Mirror image (lateral inversion),Reasoning MCQ,Easy,Low,Easy,Water-flip confusion,Flip L-R; keep top-bottom,L-R flip only,Eliminate non-flipped,20–35s,Lateral inversion,Select the correct mirror image of the given figure when the mirror is placed at MN.
REA-0765,2024,23 Sep | Shift 3,General Intelligence and Reasoning,Classification / Odd-One-Out,Group-of-four odd-out,arithmetic property,Group-of-four odd-out (content in options),Symbolic MCQ,Easy,Medium,Easy,Single-option focus,Test divisibility/parity/squares per option,Parity/divisibility first,Kill three alike,30–50s,Number properties,"Three of the following number-pairs are alike in some manner and hence form a group. Which number-pair does not belong to that group? (NOTE: Operations should be performed on the whole numbers, without breaking down the numbers into its constituent digits. E.g. 13 – Operations on 13 such as adding/subtracting/multiplying etc. to 13 can be performed. Breaking down 13 into 1 and 3 and then performing mathematical operations on 1 and 3 is not allowed.)"
REA-0766,2024,23 Sep | Shift 3,General Intelligence and Reasoning,Mathematical Operators,Sign-swap to balance,swap two operators,Sign-swap to balance,Symbolic MCQ,Easy,Low,Easy,No-bracket evaluation,Try option swaps; evaluate (BODMAS),Estimate-then-verify,Kill non-balancing fast,35–60s,BODMAS,Which two numbers (not digits) should be interchanged to make the given equation correct? 6 × 3 + 8 ÷ 2 + 21 + 5 × 4 – 14 ÷ 7 = 53
REA-0767,2024,23 Sep | Shift 3,General Intelligence and Reasoning,Analogy,Number analogy,operation across pair,Number analogy (a:b :: c:?),Symbolic MCQ,Easy,Medium,Easy,Digit-splitting,Find op mapping first pair; apply,Test squares/cubes first,Test options in mapping,35–60s,Whole-number ops,"Select the set in which the numbers are related in the same way as are the numbers of the given sets. (6, 31) (10, 91) (NOTE : Operations should be performed on the whole numbers, without breaking down the numbers into its constituent digits. E.g. 13 – Operations on 13 such as adding /deleting /multiplying etc. to 13 can be performed. Breaking down 13 into 1 and 3 and then performing mathematical operations on 1 and 3 is not allowed)"
REA-0768,2024,23 Sep | Shift 3,General Intelligence and Reasoning,Mirror / Water Images,Mirror image,left-right flip,Mirror image (lateral inversion),Reasoning MCQ,Easy,Low,Easy,Water-flip confusion,Flip L-R; keep top-bottom,L-R flip only,Eliminate non-flipped,20–35s,Lateral inversion,Select the correct mirror image of the given figure when the mirror is placed at MN as shown below.
REA-0769,2024,23 Sep | Shift 3,General Intelligence and Reasoning,Figure-Based (Image),Figure task,visual reasoning,Figure task (needs PDF),Figure-based,Easy,Low,Easy,—,Refer original PDF figure,Same,As applicable,60–90s,—,[image/figure-based content -- see original PDF]
REA-0770,2024,23 Sep | Shift 3,General Intelligence and Reasoning,Number / Alphabet Series,Letter-blank fill series,slot completion,Letter-blank fill series (A_BB…),Symbolic MCQ,Easy,Low,Easy,Left-to-right guess,Find repeating block; fill,Block-length test,Test block options,30–50s,Repeating blocks,Select the combination of letters that when sequentially placed in the blanks of the given series will logically complete the series. ME_ICM_DIC_GDI_MHD_C
REA-0771,2024,23 Sep | Shift 3,General Intelligence and Reasoning,Figure-Based (Image),Figure task,visual reasoning,Figure task (needs PDF),Figure-based,Easy,Low,Easy,—,Refer original PDF figure,Same,As applicable,60–90s,—,[image/figure-based content -- see original PDF]
REA-0772,2024,23 Sep | Shift 3,General Intelligence and Reasoning,Figure Series,Figure series completion,visual rule per step,Figure series completion (?),Reasoning MCQ,Easy,Low,Easy,Single-feature lock,Test rotation/count/shading/element rules stepwise,One-change scan,Test options in slot,50–80s,Visual rules,Which figure should replace the question mark (?) if the following series were to be continued?
REA-0773,2024,23 Sep | Shift 3,General Intelligence and Reasoning,Embedded / Completion / Counting,Figure completion,symmetry fill,Figure completion,Reasoning MCQ,Easy,Low,Easy,Random fill,Mirror/rotate given part,Symmetry fill,Check symmetry fit,25–45s,Symmetry,Identify the figure given in the options which when put in place of the question mark (?) will logically complete the series.
REA-0774,2024,23 Sep | Shift 3,General Intelligence and Reasoning,Analogy,Number analogy,operation across pair,Number analogy (a:b :: c:?),Symbolic MCQ,Easy,Medium,Easy,Digit-splitting,Find op mapping first pair; apply,Test squares/cubes first,Test options in mapping,35–60s,Whole-number ops,"21 is related to 220 by certain logic. Following the same logic, 72 is related to 781. To which of the following is 27 related, following the same logic? (NOTE : Operations should be performed on the whole numbers, without breaking down the numbers into its constituent digits. E.g. 13 – Operations on 13 such as adding /deleting /multiplying etc., to 13 can be performed. Breaking down 13 into 1 and 3 and then performing mathematical operations on 1 and 3 is not allowed.)"
REA-0775,2024,23 Sep | Shift 3,General Intelligence and Reasoning,Blood Relations,Coded relation,decode then traverse,Coded relation (symbol map),Reasoning MCQ,Medium,Medium,Easy,Gender assumption,Substitute meanings; walk the tree,Draw tree top-down,Check gender markers,45–75s,Tree drawing,"In a certain code language, 'A & B' means ‘ A is the brother of B’, 'A x B' means ‘A is the father of B’, 'A ? B' means ‘A is the mother of B’ and 'A ! B' means ‘A is the wife of B’. Which of the following means that W is the mother's mother of P?"
REA-0776,2024,24 Sep | Shift 1,General Intelligence and Reasoning,Analogy,Number analogy,operation across pair,Number analogy (a:b :: c:?),Symbolic MCQ,Easy,Low,Easy,Digit-splitting,Find op mapping first pair; apply,Test squares/cubes first,Test options in mapping,35–60s,Whole-number ops,"‘RX-21’ is related to ‘UU-11’ in a certain way. In the same way, ‘PM-39’ is related to ‘SJ- 29’. To which of the following is DP-17 related, following the same logic?"
REA-0777,2024,24 Sep | Shift 1,General Intelligence and Reasoning,Analogy,Number analogy,operation across pair,Number analogy (a:b :: c:?),Symbolic MCQ,Easy,Medium,Easy,Digit-splitting,Find op mapping first pair; apply,Test squares/cubes first,Test options in mapping,35–60s,Whole-number ops,"Select the triad in which the numbers are related in the same way as are the numbers of the given triads. (8, 9, 7), (24, 13, 35) (NOTE : Operations should be performed on the whole numbers, without breaking down the numbers into its constituent digits. E.g. 13 – Operations on 13 such as adding /deleting /multiplying etc. to 13 can be performed. Breaking down 13 into 1 and 3 and then performing mathematical operations on 1 and 3 is not allowed)"
REA-0778,2024,24 Sep | Shift 1,General Intelligence and Reasoning,Number / Alphabet Series,Second-order AP,second diff=4,Second-order AP (increasing differences),Symbolic MCQ,Easy,Low,Easy,Constant-diff guess,Build difference table,Last gap + last diff,Check last-gap options,30–50s,Difference tables,"Select the number from the given options to complete the series. 32, 36, 44, 56, 72, ___"
REA-0779,2024,24 Sep | Shift 1,General Intelligence and Reasoning,Classification / Odd-One-Out,Group-of-four odd-out,arithmetic property,Group-of-four odd-out (content in options),Symbolic MCQ,Easy,Medium,Easy,Single-option focus,Test divisibility/parity/squares per option,Parity/divisibility first,Kill three alike,30–50s,Number properties,"Three of the following four options are alike in a certain way and thus form a group. Which is the one that does NOT belong to that group? (NOTE: Operations should be performed on the whole numbers, without breaking down the numbers into its constituent digits. E.g. 13 – Operations on 13 such as adding/subtracting/multiplying etc. to 13 can be performed. Breaking down 13 into 1 and 3 and then performing mathematical operations on 1 and 3 is not allowed.)"
REA-0780,2024,24 Sep | Shift 1,General Intelligence and Reasoning,Analogy,Number analogy,operation across pair,Number analogy (a:b :: c:?),Symbolic MCQ,Easy,Medium,Easy,Digit-splitting,Find op mapping first pair; apply,Test squares/cubes first,Test options in mapping,35–60s,Whole-number ops,"61 is related to 18 following a certain logic. Following the same logic, 213 is related to 38. To which of the following is 509 related, following the same logic? (NOTE : Operations should be performed on the whole numbers, without breaking down the numbers into its constituent digits. E.g. 13 – Operations on 13 such as adding /deleting /multiplying etc., to 13 can be performed. Breaking down 13 into 1 and 3 and then performing mathematical operations on 1 and 3 is not allowed.)"
REA-0781,2024,24 Sep | Shift 1,General Intelligence and Reasoning,Coding-Decoding,Alphanumeric / position-sum coding,letters ↔ numbers,Alphanumeric / position-sum coding,Symbolic MCQ,Easy,Low,Easy,A=0 indexing,Sum positions / reverse-sum; test,Position sums first,Verify sums match,30–50s,A1Z26 sums,"In a certain code language, ‘LIGHT’ is coded as ‘25709’ and ‘SIGHT’ is coded as ‘97065’. What is the code for ‘S’ in that language?"
REA-0782,2024,24 Sep | Shift 1,General Intelligence and Reasoning,Analogy,Letter/term analogy,positional mapping,Letter/term analogy (positional),Symbolic MCQ,Easy,Low,Easy,Reading as words,Map shifts pair 1; apply to pair 2,Shift-map once,Check first-letter options,35–60s,A1Z26 shifts,Select the option that is related to the fifth letter-cluster in the same way as the second letter-cluster is related to the first letter-cluster and the fourth letter-cluster is related to the third letter-cluster. LOI: QTN :: VES:AJX :: AND: ?
REA-0783,2024,24 Sep | Shift 1,General Intelligence and Reasoning,Figure-Based (Image),Figure task,visual reasoning,Figure task (needs PDF),Figure-based,Easy,Low,Easy,—,Refer original PDF figure,Same,As applicable,60–90s,—,[image/figure-based content -- see original PDF]
REA-0784,2024,24 Sep | Shift 1,General Intelligence and Reasoning,Dice & Cubes,Standard dice opposite-face,adjacent-never-opposite,Standard dice opposite-face,Reasoning MCQ,Easy,Low,Easy,Opposite adjacency,Common-face rotation / adjacency elimination,Adjacency kills opposite,Check adjacency claims,30–50s,Dice nets,"Six words ‘Eat’, ‘Play’, ‘Cry’, ‘Sleep’, ‘Dance’ and ‘Run’ are written on different faces of a dice. Two positions of this dice are shown in the figure below. Find the word on the face opposite to ‘Eat’."
REA-0785,2024,24 Sep | Shift 1,General Intelligence and Reasoning,Dictionary & Word Formation,Dictionary order,letter-by-letter compare,Dictionary order,Reasoning MCQ,Easy,Low,Easy,Whole-word guess,Compare 1st differing letter,First-difference only,Sort pairwise,25–40s,Lexicographic compare,The position of how many letters will remain unchanged if each of the letters in the word ‘DELIGHT’ is arranged in the English alphabetical order?
REA-0786,2024,24 Sep | Shift 1,General Intelligence and Reasoning,Blood Relations,Chained relation,multi-hop traversal,Chained relation (3+ links),Reasoning MCQ,Easy,Low,Easy,Skipping a hop,Collapse inside-out; track gender,Innermost-first,Check gender at each hop,45–70s,Hop collapsing,"If A is the sister of B, C is the daughter of A, D is the sister of A and E is the brother of C. How is D related to E?"
REA-0787,2024,24 Sep | Shift 1,General Intelligence and Reasoning,Coding-Decoding,Alphanumeric / position-sum coding,letters ↔ numbers,Alphanumeric / position-sum coding,Symbolic MCQ,Easy,Low,Easy,A=0 indexing,Sum positions / reverse-sum; test,Position sums first,Verify sums match,30–50s,A1Z26 sums,"In a certain code language, 'PUPIL' is written as '162116912' and 'PURGE’ is written as '16211875'. How will 'PURSE' be written in that language?"
REA-0788,2024,24 Sep | Shift 1,General Intelligence and Reasoning,Figure Series,Figure series completion,visual rule per step,Figure series completion (?),Reasoning MCQ,Easy,Low,Easy,Single-feature lock,Test rotation/count/shading/element rules stepwise,One-change scan,Test options in slot,50–80s,Visual rules,Which figure should replace the question mark (?) if the following series were to be continued?
REA-0789,2024,24 Sep | Shift 1,General Intelligence and Reasoning,Mathematical Operators,Sign-swap to balance,swap two operators,Sign-swap to balance,Symbolic MCQ,Easy,Low,Easy,No-bracket evaluation,Try option swaps; evaluate (BODMAS),Estimate-then-verify,Kill non-balancing fast,35–60s,BODMAS,"What will come in place of the question mark (?) in the following equation, if ‘+’ and ‘÷’ are interchanged and ‘×’ and ‘−’ are interchanged? 20 + 4 ÷ 2 × 3 − 6 = ?"
REA-0790,2024,24 Sep | Shift 1,General Intelligence and Reasoning,Number / Alphabet Series,Letter-blank fill series,slot completion,Letter-blank fill series (A_BB…),Symbolic MCQ,Easy,Low,Easy,Left-to-right guess,Find repeating block; fill,Block-length test,Test block options,30–50s,Repeating blocks,Select the combination of letters that when sequentially placed in the blanks of the given series will complete the series. _TUVTR_WU_UXVN_Y
REA-0791,2024,24 Sep | Shift 1,General Intelligence and Reasoning,Blood Relations,Coded relation,decode then traverse,Coded relation (symbol map),Reasoning MCQ,Medium,Medium,Easy,Gender assumption,Substitute meanings; walk the tree,Draw tree top-down,Check gender markers,45–75s,Tree drawing,"Select the option in which the numbers share the same relationship as that shared by the given pair of numbers. (NOTE: Operations should be performed on the whole numbers, without breaking down the numbers into its constituent digits. E.g. 13 – Operations on 13 such as adding/deleting/multiplying etc. to 13 can be performed. Breaking down 13 into 1 and 3 and then performing mathematical operations on 1 and 3 is not allowed.) 33 : 340 48 : 490"
REA-0792,2024,24 Sep | Shift 1,General Intelligence and Reasoning,Syllogism & Conclusions,Three-statement syllogism,Venn chains,Three-statement syllogism,Statement battery,Medium,Medium,Easy,Middle-term leap,Draw overlapping circles; test each conclusion,Universal-first diagram,Kill false conclusions,45–75s,Venn method,"Three statements are given, followed by three conclusions numbered I, II and III. Assuming the statements to be true, even if they seem to be at variance with commonly known facts, decide which of the conclusions logically follow(s) from the statements. Statements: All spoons are forks. All forks are knives. No knife is a spatula. Conclusions: I. Some knives are spoons. II. No fork is a spatula. III. Some spoons are spatulas."
REA-0793,2024,24 Sep | Shift 1,General Intelligence and Reasoning,Dice & Cubes,Standard dice opposite-face,adjacent-never-opposite,Standard dice opposite-face,Reasoning MCQ,Easy,Low,Easy,Opposite adjacency,Common-face rotation / adjacency elimination,Adjacency kills opposite,Check adjacency claims,30–50s,Dice nets,"Six letters M, N, O, P, Q and R are written on different faces of a dice. Two positions of this dice are shown in the figure below. Find the letter on the face opposite to O."
REA-0794,2024,24 Sep | Shift 1,General Intelligence and Reasoning,Mirror / Water Images,Mirror image,left-right flip,Mirror image (lateral inversion),Reasoning MCQ,Easy,Low,Easy,Water-flip confusion,Flip L-R; keep top-bottom,L-R flip only,Eliminate non-flipped,20–35s,Lateral inversion,Select the correct mirror image of the given figure when the mirror is placed at MN.
REA-0795,2024,24 Sep | Shift 1,General Intelligence and Reasoning,Mirror / Water Images,Mirror image,left-right flip,Mirror image (lateral inversion),Reasoning MCQ,Easy,Low,Easy,Water-flip confusion,Flip L-R; keep top-bottom,L-R flip only,Eliminate non-flipped,20–35s,Lateral inversion,Select the correct mirror image of the given figure when the mirror is placed at MN.
REA-0796,2024,24 Sep | Shift 1,General Intelligence and Reasoning,Embedded / Completion / Counting,Count geometric figures,systematic enumeration,Count geometric figures,Reasoning MCQ,Easy,Low,Easy,Double counting,Count by size class; sum,Size-class table,Verify against options,45–75s,Class-wise count,How many triangles are there in the figure given below?
REA-0797,2024,24 Sep | Shift 1,General Intelligence and Reasoning,Number / Alphabet Series,Constant-shift alphabet series,"shift [2, 2, -1] per step",Constant-shift alphabet series,Symbolic MCQ,Easy,Low,Easy,Reading as words,Shift each letter,Same,Check first-letter options,20–35s,A1Z26 shifts,"Which of the following letter-clusters will replace the question mark (?) in the given series to make it logically complete? TGO, VIN, XKM, ZML, ?"
REA-0798,2024,24 Sep | Shift 1,General Intelligence and Reasoning,Mathematical Operators,Sign-swap to balance,swap two operators,Sign-swap to balance,Symbolic MCQ,Easy,Low,Easy,No-bracket evaluation,Try option swaps; evaluate (BODMAS),Estimate-then-verify,Kill non-balancing fast,35–60s,BODMAS,"What will come in place of the question mark (?) in the following equation, if ‘+’ and ‘–’ are interchanged and ‘×’ and ‘÷’ are interchanged? 125 ÷ 5 + 1809 × 9 – 14 = ?"
REA-0799,2024,24 Sep | Shift 1,General Intelligence and Reasoning,Classification / Odd-One-Out,Letter-cluster classification,positional property,Letter-cluster classification,Symbolic MCQ,Easy,Low,Easy,Reading as words,Convert to numbers; find property break,Vowel/consonant + shift scan,Kill three alike,30–50s,A1Z26 + parity,"Four letter-clusters have been given, out of which three are alike in some manner and one is different. Select the one that is different. The odd one out is not based on the number of consonants/vowels or their position in the letter cluster"
REA-0800,2024,24 Sep | Shift 1,General Intelligence and Reasoning,Syllogism & Conclusions,Standard syllogism,Venn chains,Standard syllogism (statements + conclusions),Statement battery,Medium,Medium,Easy,Middle-term leap,Draw overlapping circles; test each conclusion,Universal-first diagram,Kill absolute-word conclusions,45–75s,Venn method,"Read the given statements and conclusions carefully. Assuming that the information given in the statements is true, even if it appears to be at variance with commonly known facts, decide which of the given conclusions logically follow(s) from the statements. Statements: Some Mirrors are Decoratives. No Decorative is a Plant. All Plants are Trees. Conclusions: (I) Some Mirrors are Plants. (II) Some Decoratives are Trees."
REA-0801,2024,24 Sep | Shift 2,General Intelligence and Reasoning,Blood Relations,Coded relation,decode then traverse,Coded relation (symbol map),Reasoning MCQ,Medium,Medium,Easy,Gender assumption,Substitute meanings; walk the tree,Draw tree top-down,Check gender markers,45–75s,Tree drawing,"In a certain code language, ‘A + B’ means ‘A is the mother of B’; ‘A – B’ means ‘A is the brother of B’; ‘A x B’ means ‘A is the wife of B’ and ‘A ÷ B’ means ‘A is the father of B’. Based on the above, if M + Q – R + K – Y, then how is M related to Y?"
REA-0802,2024,24 Sep | Shift 2,General Intelligence and Reasoning,Mirror / Water Images,Mirror image,left-right flip,Mirror image (lateral inversion),Reasoning MCQ,Easy,Low,Easy,Water-flip confusion,Flip L-R; keep top-bottom,L-R flip only,Eliminate non-flipped,20–35s,Lateral inversion,Select the correct mirror image of the given figure when the mirror is placed at MN.
REA-0803,2024,24 Sep | Shift 2,General Intelligence and Reasoning,Mirror / Water Images,Mirror image,left-right flip,Mirror image (lateral inversion),Reasoning MCQ,Easy,Low,Easy,Water-flip confusion,Flip L-R; keep top-bottom,L-R flip only,Eliminate non-flipped,20–35s,Lateral inversion,Select the correct mirror image of the given figure when the mirror is placed at MN as shown.
REA-0804,2024,24 Sep | Shift 2,General Intelligence and Reasoning,Classification / Odd-One-Out,Letter-cluster classification,positional property,Letter-cluster classification,Symbolic MCQ,Easy,Low,Easy,Reading as words,Convert to numbers; find property break,Vowel/consonant + shift scan,Kill three alike,30–50s,A1Z26 + parity,"Four letter-clusters have been given, out of which three are alike in some manner and one is different. Select the letter-cluster that is different. Note: The odd one out is not based on the number of consonants/vowels or their position in the letter cluster."
REA-0805,2024,24 Sep | Shift 2,General Intelligence and Reasoning,Mathematical Operators,Sign-swap to balance,swap two operators,Sign-swap to balance,Symbolic MCQ,Easy,Low,Easy,No-bracket evaluation,Try option swaps; evaluate (BODMAS),Estimate-then-verify,Kill non-balancing fast,35–60s,BODMAS,Which two signs should be interchanged to make the following equation correct? 29 × 145 + 5 − 640 ÷ 15 = 216
REA-0806,2024,24 Sep | Shift 2,General Intelligence and Reasoning,Mathematical Operators,Sign-swap to balance,swap two operators,Sign-swap to balance,Symbolic MCQ,Easy,Low,Easy,No-bracket evaluation,Try option swaps; evaluate (BODMAS),Estimate-then-verify,Kill non-balancing fast,35–60s,BODMAS,Which number will come in the place of the question mark (?) in the following equation if ‘+’ and ‘−’ are interchanged and ‘×’ and ‘÷’ are interchanged? 14 − 45 × 5 + 6 ÷ 3 = ?
REA-0807,2024,24 Sep | Shift 2,General Intelligence and Reasoning,Number / Alphabet Series,Letter-blank fill series,slot completion,Letter-blank fill series (A_BB…),Symbolic MCQ,Easy,Low,Easy,Left-to-right guess,Find repeating block; fill,Block-length test,Test block options,30–50s,Repeating blocks,Select the combination of letters that when sequentially placed in the blanks of the given series will complete the series. LM_O_NPMRO_KU_TI
REA-0808,2024,24 Sep | Shift 2,General Intelligence and Reasoning,Figure-Based (Image),Figure task,visual reasoning,Figure task (needs PDF),Figure-based,Easy,Low,Easy,—,Refer original PDF figure,Same,As applicable,60–90s,—,[image/figure-based content -- see original PDF]
REA-0809,2024,24 Sep | Shift 2,General Intelligence and Reasoning,Blood Relations,Coded relation,decode then traverse,Coded relation (symbol map),Reasoning MCQ,Medium,Medium,Easy,Gender assumption,Substitute meanings; walk the tree,Draw tree top-down,Check gender markers,45–75s,Tree drawing,"Select the option in which the numbers share the same relationship as that shared by the given pair of numbers. (NOTE: Operations should be performed on the whole numbers, without breaking down the numbers into its constituent digits. E.g. 13 – Operations on 13 such as adding/deleting/multiplying etc. to 13 can be performed. Breaking down 13 into 1 and 3 and then performing mathematical operations on 1 and 3 is not allowed.) 11 : 1331 9 : 729"
REA-0810,2024,24 Sep | Shift 2,General Intelligence and Reasoning,Blood Relations,Direct relation,single-hop map,Direct relation (1–2 links),Reasoning MCQ,Medium,Medium,Easy,Gender flip,Direct map; check gender,Same,Verify gender,25–40s,Relation map,Select the word pair that best represents a similar relationship to the one expressed in the pair of words given below. (The words must be considered as meaningful English words and must not be related to each other based on the number of letters/number of consonants/vowels in the word) Cessation : Beginning
REA-0811,2024,24 Sep | Shift 2,General Intelligence and Reasoning,Number / Alphabet Series,Second-order AP,second diff=2,Second-order AP (increasing differences),Symbolic MCQ,Easy,Low,Easy,Constant-diff guess,Build difference table,Last gap + last diff,Check last-gap options,30–50s,Difference tables,"Select the number from among the given options that can replace the question mark (?) in the following series. 5, 10, 17, 26, 37, ?"
REA-0812,2024,24 Sep | Shift 2,General Intelligence and Reasoning,Embedded / Completion / Counting,Figure completion,symmetry fill,Figure completion,Reasoning MCQ,Easy,Low,Easy,Random fill,Mirror/rotate given part,Symmetry fill,Check symmetry fit,25–45s,Symmetry,Select the figure from among the given options that can replace the question mark (?) and logically complete the series.
REA-0813,2024,24 Sep | Shift 2,General Intelligence and Reasoning,Syllogism & Conclusions,Three-statement syllogism,Venn chains,Three-statement syllogism,Statement battery,Medium,Medium,Easy,Middle-term leap,Draw overlapping circles; test each conclusion,Universal-first diagram,Kill false conclusions,45–75s,Venn method,"In this question, three statements are given, followed by three conclusions numbered I, II and III. Assuming the statements to be true, even if they seem to be at variance with commonly known facts, decide which of the conclusions logically follow(s) from the statements. Statements: All necklaces are squares. Some squares are circles. No circle is a ring. Conclusions: I.No square is a ring. II.No ring is a circle. III.Some squares are necklaces."
REA-0814,2024,24 Sep | Shift 2,General Intelligence and Reasoning,Coding-Decoding,General code transform,encode/decode map,General code transform,Symbolic MCQ,Easy,Low,Hard,Assuming shift,Map Q→option transforms,Position map,Verify mapping,35–60s,Transform inventory,"In a certain code language, ‘TERRAIN’ is written as ‘VETTAIP’ and ‘TRAFFIC’ is written as ‘VTAHHIE’. How will ‘MOTOR’ be written in that language?"
REA-0815,2024,24 Sep | Shift 2,General Intelligence and Reasoning,Number / Alphabet Series,Alternating alphabet pattern,two interleaved rules,Alternating alphabet pattern,Symbolic MCQ,Easy,Low,Easy,Single rule,Split odd/even terms,Parity check,Check parity fit,35–55s,Interleaving,"Which of the following terms will replace the question mark (?) in the given series? HKPT, JLNS, LMLR, ?, POHP"
REA-0816,2024,24 Sep | Shift 2,General Intelligence and Reasoning,Blood Relations,Direct relation,single-hop map,Direct relation (1–2 links),Reasoning MCQ,Medium,Medium,Easy,Gender flip,Direct map; check gender,Same,Verify gender,25–40s,Relation map,Select the word pair that best represents a similar relationship to the one expressed in the pair of words given below. (The words must be considered as meaningful English words and must not be related to each other based on the number of letters/number of consonants/vowels in the word) Scissors : Paper
REA-0817,2024,24 Sep | Shift 2,General Intelligence and Reasoning,Blood Relations,Coded relation,decode then traverse,Coded relation (symbol map),Reasoning MCQ,Medium,Medium,Easy,Gender assumption,Substitute meanings; walk the tree,Draw tree top-down,Check gender markers,45–75s,Tree drawing,"Select the option in which the numbers share the same relationship as that shared by the given pair of numbers. (317, 202) (438, 323) (NOTE: Operations should be performed on the whole numbers, without breaking down the numbers into its constituent digits. E.g. 13 – Operations on 13 such as adding/deleting/multiplying etc. to 13 can be performed. Breaking down 13 into 1 and 3 and then performing mathematical operations on 1 and 3 is not allowed.)"
REA-0818,2024,24 Sep | Shift 2,General Intelligence and Reasoning,Figure-Based (Image),Figure task,visual reasoning,Figure task (needs PDF),Figure-based,Easy,Low,Easy,—,Refer original PDF figure,Same,As applicable,60–90s,—,[image/figure-based content -- see original PDF]
REA-0819,2024,24 Sep | Shift 2,General Intelligence and Reasoning,Analogy,Word analogy,relation type,Word analogy (semantic),Symbolic MCQ,Easy,Medium,Easy,Association vagueness,Name relation (function/part/cause); apply,Relation naming,Eliminate unrelated,20–35s,Relation vocabulary,Select the option that is related to the third word in the same way as the second word is related to the first word. (The words must be considered as meaningful English words and must not be related to each other based on the number of letters/number of consonants/vowels in the word.) Pig : Piglets :: Deer : ?
REA-0820,2024,24 Sep | Shift 2,General Intelligence and Reasoning,Coding-Decoding,Alphanumeric / position-sum coding,letters ↔ numbers,Alphanumeric / position-sum coding,Symbolic MCQ,Easy,Low,Easy,A=0 indexing,Sum positions / reverse-sum; test,Position sums first,Verify sums match,30–50s,A1Z26 sums,"In a certain code language, ‘IFF’ is coded as ‘21’ and ‘ARB’ is coded as ‘21’. How will ‘CAW’ be coded in that language?"
REA-0821,2024,24 Sep | Shift 2,General Intelligence and Reasoning,Dictionary & Word Formation,Dictionary order,letter-by-letter compare,Dictionary order,Reasoning MCQ,Easy,Low,Easy,Whole-word guess,Compare 1st differing letter,First-difference only,Sort pairwise,25–40s,Lexicographic compare,The position(s) of how many letters will remain unchanged if all the letters in the word ‘ASTEROID’ are arranged in English alphabetical order?
REA-0822,2024,24 Sep | Shift 2,General Intelligence and Reasoning,Dice & Cubes,Standard dice opposite-face,adjacent-never-opposite,Standard dice opposite-face,Reasoning MCQ,Easy,Low,Easy,Opposite adjacency,Common-face rotation / adjacency elimination,Adjacency kills opposite,Check adjacency claims,30–50s,Dice nets,"Six letters J, T, E, X, I and O are written on different faces of a dice. Two positions of this dice are shown in the figures below. Find the letter on the face opposite to X."
REA-0823,2024,24 Sep | Shift 2,General Intelligence and Reasoning,Blood Relations,Coded relation,decode then traverse,Coded relation (symbol map),Reasoning MCQ,Medium,Medium,Easy,Gender assumption,Substitute meanings; walk the tree,Draw tree top-down,Check gender markers,45–75s,Tree drawing,"The second number in the given number-pairs is obtained by performing certain mathematical operation(s) on the first number. The same operation(s) is/are followed in all the number-pairs, except one. Find that odd number-pair. (NOTE: The relation should be found without breaking down the numbers into its constituent digits)"
REA-0824,2024,24 Sep | Shift 2,General Intelligence and Reasoning,Embedded / Completion / Counting,Count geometric figures,systematic enumeration,Count geometric figures,Reasoning MCQ,Easy,Low,Easy,Double counting,Count by size class; sum,Size-class table,Verify against options,45–75s,Class-wise count,How many triangles are there in the given figure?
REA-0825,2024,24 Sep | Shift 2,General Intelligence and Reasoning,Analogy,Number analogy,operation across pair,Number analogy (a:b :: c:?),Symbolic MCQ,Easy,Medium,Easy,Digit-splitting,Find op mapping first pair; apply,Test squares/cubes first,Test options in mapping,35–60s,Whole-number ops,"22 is related to 176 following a certain logic. Following the same logic, 32 is related to 256. To which of the following is 48 related, following the same logic? (NOTE: Operations should be performed on the whole numbers, without breaking down the numbers into its constituent digits. E.g. 13 – Operations on 13 such as adding /deleting /multiplying etc. to 13 can be performed. Breaking down 13 into 1 and 3 and then performing mathematical operations on 1 and 3 is not allowed)"
REA-0826,2024,24 Sep | Shift 3,General Intelligence and Reasoning,Mirror / Water Images,Mirror image,left-right flip,Mirror image (lateral inversion),Reasoning MCQ,Easy,Low,Easy,Water-flip confusion,Flip L-R; keep top-bottom,L-R flip only,Eliminate non-flipped,20–35s,Lateral inversion,Select the correct mirror image of the given figure when the mirror is placed at MN.
REA-0827,2024,24 Sep | Shift 3,General Intelligence and Reasoning,Analogy,Number analogy,operation across pair,Number analogy (a:b :: c:?),Symbolic MCQ,Easy,Medium,Easy,Digit-splitting,Find op mapping first pair; apply,Test squares/cubes first,Test options in mapping,35–60s,Whole-number ops,"7 is related to 40 by certain logic. Following the same logic, 5 is related to 16. To which of the following is 9 related, following the same logic? (NOTE : Operations should be performed on the whole numbers, without breaking down the numbers into its constituent digits. E.g. 13 – Operations on 13 such as adding /deleting /multiplying etc., to 13 can be performed. Breaking down 13 into 1 and 3 and then performing mathematical operations on 1 and 3 is not allowed.)"
REA-0828,2024,24 Sep | Shift 3,General Intelligence and Reasoning,Analogy,Number analogy,operation across pair,Number analogy (a:b :: c:?),Symbolic MCQ,Easy,Medium,Easy,Digit-splitting,Find op mapping first pair; apply,Test squares/cubes first,Test options in mapping,35–60s,Whole-number ops,"64 is related to 4 following a certain logic. Following the same logic, 216 is related to 6. To which of the following is 729 related, following the same logic? (NOTE: Operations should be performed on the whole numbers, without breaking down the numbers into its constituent digits. E.g. 13 – Operations on 13 such as adding /deleting /multiplying etc. to 13 can be performed. Breaking down 13 into 1 and 3 and then performing mathematical operations on 1 and 3 is not allowed)"
REA-0829,2024,24 Sep | Shift 3,General Intelligence and Reasoning,Number / Alphabet Series,Letter-blank fill series,slot completion,Letter-blank fill series (A_BB…),Symbolic MCQ,Easy,Low,Easy,Left-to-right guess,Find repeating block; fill,Block-length test,Test block options,30–50s,Repeating blocks,Select the combination of letters that when sequentially placed in the blanks of the given series will complete the series. B_DE_GDGBK_IB_DK
REA-0830,2024,24 Sep | Shift 3,General Intelligence and Reasoning,Coding-Decoding,Letter-shift transform,equal shift +1 per letter,Letter-shift transform (uniform),Symbolic MCQ,Easy,Low,Easy,First-letter only,Compute per-position shift; apply,First-letter shift only,Verify all positions,30–50s,A1Z26 shifts,"In a certain code language, ‘ZCJV’ is coded as ‘YBIU’ and ‘GKMD’ is coded as ‘FJLC’. How will ‘EYOR’ be coded in that language?"
REA-0831,2024,24 Sep | Shift 3,General Intelligence and Reasoning,Blood Relations,Chained relation,multi-hop traversal,Chained relation (3+ links),Reasoning MCQ,Easy,Low,Easy,Skipping a hop,Collapse inside-out; track gender,Innermost-first,Check gender at each hop,45–70s,Hop collapsing,Q is the mother of T. R is the husband of P. S is the father of Q. T is the brother of P. How is P related to S?
REA-0832,2024,24 Sep | Shift 3,General Intelligence and Reasoning,Dictionary & Word Formation,Dictionary order,letter-by-letter compare,Dictionary order,Reasoning MCQ,Easy,Medium,Easy,Whole-word guess,Compare 1st differing letter,First-difference only,Sort pairwise,25–40s,Lexicographic compare,"Based on the English alphabetical order, three of the following four letter-clusters are alike in a certain way and thus form a group. Which is the one that DOES NOT belong to that group? (Note: The odd man out is not based on the number of consonants/vowels or their position in the letter-cluster.)"
REA-0833,2024,24 Sep | Shift 3,General Intelligence and Reasoning,Embedded / Completion / Counting,Count geometric figures,systematic enumeration,Count geometric figures,Reasoning MCQ,Easy,Low,Easy,Double counting,Count by size class; sum,Size-class table,Verify against options,45–75s,Class-wise count,How many squares are there in the figure shown below?
REA-0834,2024,24 Sep | Shift 3,General Intelligence and Reasoning,Dice & Cubes,Standard dice opposite-face,adjacent-never-opposite,Standard dice opposite-face,Reasoning MCQ,Easy,Low,Easy,Opposite adjacency,Common-face rotation / adjacency elimination,Adjacency kills opposite,Check adjacency claims,30–50s,Dice nets,Two different positions of the same dice are given below. Which is the number on the face opposite the face containing 5?
REA-0835,2024,24 Sep | Shift 3,General Intelligence and Reasoning,Syllogism & Conclusions,Three-statement syllogism,Venn chains,Three-statement syllogism,Statement battery,Medium,Medium,Easy,Middle-term leap,Draw overlapping circles; test each conclusion,Universal-first diagram,Kill false conclusions,45–75s,Venn method,"In this question, three statements are given, followed by two conclusions numbered I and II. Assuming the statements to be true, even if they seem to be at variance with commonly known facts, decide which of the conclusion(s) logically follows/follow from the statements. Statements: All grains are cereals. Some cereals are fruits. No fruit is a vegetable. Conclusions: I. All cereals can be vegetables. II. All grains are fruits."
REA-0836,2024,24 Sep | Shift 3,General Intelligence and Reasoning,Analogy,Number analogy,operation across pair,Number analogy (a:b :: c:?),Symbolic MCQ,Medium,High,Easy,Digit-splitting,Find op mapping first pair; apply,Test squares/cubes first,Test options in mapping,35–60s,Whole-number ops,"In the following number-pairs, the second number is obtained by applying certain mathematical operations to the first number. Select the set in which the numbers are related in the same way as are the numbers of the following sets. (NOTE : Operations should be performed on the whole numbers, without breaking down the numbers into its constituent digits. E.g. 13 – Operations on 13 such as adding /deleting /multiplying etc., to 13 can be performed. Breaking down 13 into 1 and 3 and then performing mathematical operations on 1 and 3 is not allowed.) (26, 114) (47, 198)"
REA-0837,2024,24 Sep | Shift 3,General Intelligence and Reasoning,Blood Relations,Direct relation,single-hop map,Direct relation (1–2 links),Reasoning MCQ,Medium,Medium,Easy,Gender flip,Direct map; check gender,Same,Verify gender,25–40s,Relation map,Select the word pair that best represents a similar relationship to the one expressed in the pair of words given below. (The words must be considered as meaningful English words and must not be related to each other based on the number of letters/number of consonants/vowels in the word) Love : Harmony
REA-0838,2024,24 Sep | Shift 3,General Intelligence and Reasoning,Dictionary & Word Formation,Dictionary order,letter-by-letter compare,Dictionary order,Reasoning MCQ,Easy,Low,Easy,Whole-word guess,Compare 1st differing letter,First-difference only,Sort pairwise,25–40s,Lexicographic compare,The position of how many letters will remain unchanged if each of the letters in the word ‘SIGNATURE’ is re-arranged in the English alphabetical order from left to right?
REA-0839,2024,24 Sep | Shift 3,General Intelligence and Reasoning,Number / Alphabet Series,Mixed-operation series,combined rules,Mixed-operation series,Symbolic MCQ,Easy,Low,Easy,Single-rule force,Try halves/alternation/split,Option back-fit,Test options in sequence,45–75s,Multi-rule toolkit,"Which of the following numbers will replace the question marks (?) in the given series? 61, ?, ?, 73, 79, 83, 89"
REA-0840,2024,24 Sep | Shift 3,General Intelligence and Reasoning,Coding-Decoding,Alphanumeric / position-sum coding,letters ↔ numbers,Alphanumeric / position-sum coding,Symbolic MCQ,Easy,Low,Easy,A=0 indexing,Sum positions / reverse-sum; test,Position sums first,Verify sums match,30–50s,A1Z26 sums,"In a certain code language, ‘BLEACHERS’ is coded as ‘63’ and ‘ABACAS’ is coded as ‘42’. How will ‘FIZZY’ be coded in the same language?"
REA-0841,2024,24 Sep | Shift 3,General Intelligence and Reasoning,Paper Folding & Cutting,Fold-punch-unfold trace,symmetric replication,Fold-punch-unfold trace,Reasoning MCQ,Easy,Low,Easy,Single-hole answer,Replay folds in reverse,Symmetry replication,Check symmetry axes,40–65s,Unfold reversal,A paper is folded and cut as shown below. How will it appear when unfolded?
REA-0842,2024,24 Sep | Shift 3,General Intelligence and Reasoning,Mathematical Operators,Sign-swap to balance,swap two operators,Sign-swap to balance,Symbolic MCQ,Easy,Low,Easy,No-bracket evaluation,Try option swaps; evaluate (BODMAS),Estimate-then-verify,Kill non-balancing fast,35–60s,BODMAS,Which number will come in the place of the question mark (?) in the following equation if ‘+’ and ‘−’ are interchanged and ‘×’ and ‘÷’ are interchanged? 7 ÷ 5 − 30 × 6 + 4 = ?
REA-0843,2024,24 Sep | Shift 3,General Intelligence and Reasoning,Embedded / Completion / Counting,Figure completion,symmetry fill,Figure completion,Reasoning MCQ,Easy,Low,Easy,Random fill,Mirror/rotate given part,Symmetry fill,Check symmetry fit,25–45s,Symmetry,Identify the figure from among the given options which when put in place of the question mark (?) will logically complete the series.
REA-0844,2024,24 Sep | Shift 3,General Intelligence and Reasoning,Figure Series,Figure series completion,visual rule per step,Figure series completion (?),Reasoning MCQ,Easy,Low,Easy,Single-feature lock,Test rotation/count/shading/element rules stepwise,One-change scan,Test options in slot,50–80s,Visual rules,Select the figure from among the given options that can replace the question mark (?) in the following series.
REA-0845,2024,24 Sep | Shift 3,General Intelligence and Reasoning,Venn Diagram,Venn class diagram,set inclusion,Venn class diagram,Reasoning MCQ,Easy,Medium,Easy,Partial overlap default,Separate vs overlap vs subset,Subset-first test,Check overlap logic,25–40s,Set relations,Study the given diagram carefully and answer the question that follows. The numbers in different sections indicate the number of persons who can drive different vehicles. What is the difference between the number of persons who can drive all the three vehicles and that of persons who can drive any two of these vehicles?
REA-0846,2024,24 Sep | Shift 3,General Intelligence and Reasoning,Mathematical Operators,Sign-swap to balance,swap two operators,Sign-swap to balance,Symbolic MCQ,Easy,Low,Easy,No-bracket evaluation,Try option swaps; evaluate (BODMAS),Estimate-then-verify,Kill non-balancing fast,35–60s,BODMAS,"What will come in place of the question mark (?) in the following equation, if ‘+’ and ‘–’ are interchanged and ‘×’ and ‘÷’ are interchanged? 1604 × 4 + 87 – 16 ÷ 16 = ?"
REA-0847,2024,24 Sep | Shift 3,General Intelligence and Reasoning,Analogy,Word analogy,relation type,Word analogy (semantic),Symbolic MCQ,Easy,Medium,Easy,Association vagueness,Name relation (function/part/cause); apply,Relation naming,Eliminate unrelated,20–35s,Relation vocabulary,Select the option that is related to the third word in the same way as the second word is related to the first word. (The words must be considered as meaningful English words and must not be related to each other based on the number of letters/number of consonants/vowels in the word) Botany : Plants : : Conchology : ?
REA-0848,2024,24 Sep | Shift 3,General Intelligence and Reasoning,Number / Alphabet Series,Constant-shift alphabet series,"shift [3, 3, 3] per step",Constant-shift alphabet series,Symbolic MCQ,Easy,Low,Easy,Reading as words,Shift each letter,Same,Check first-letter options,20–35s,A1Z26 shifts,"Which of the following letter-clusters will replace the question mark (?) in the given series to make it logically complete? JAL, MDO, PGR, SJU, ?"
REA-0849,2024,24 Sep | Shift 3,General Intelligence and Reasoning,Classification / Odd-One-Out,Group-of-four odd-out,arithmetic property,Group-of-four odd-out (content in options),Symbolic MCQ,Easy,Medium,Easy,Single-option focus,Test divisibility/parity/squares per option,Parity/divisibility first,Kill three alike,30–50s,Number properties,"Three of the following numbers are alike in a certain way and one is different. Pick the odd one out. (NOTE : Operations should be performed on the whole numbers, without breaking down the numbers into its constituent digits. E.g. 13 – Operations on 13 such as adding /deleting /multiplying etc. to 13 can be performed. Breaking down 13 into 1 and 3 and then performing mathematical operations on 1 and 3 is not allowed.)"
REA-0850,2024,24 Sep | Shift 3,General Intelligence and Reasoning,Mirror / Water Images,Mirror image,left-right flip,Mirror image (lateral inversion),Reasoning MCQ,Easy,Low,Easy,Water-flip confusion,Flip L-R; keep top-bottom,L-R flip only,Eliminate non-flipped,20–35s,Lateral inversion,Select the correct mirror image of the given figure when the mirror is placed at MN.
REA-0851,2024,25 Sep | Shift 1,General Intelligence and Reasoning,Number / Alphabet Series,Constant-difference series,AP with d=-3,Constant-difference series,Symbolic MCQ,Easy,Low,Easy,Assuming +1,Add d each step,Extend one step,Eliminate non-AP options,15–30s,AP extension,"Select the term from among the given options that can replace the question mark (?) in the given series. HM71, JP68, LS65, NV62, ?"
REA-0852,2024,25 Sep | Shift 1,General Intelligence and Reasoning,Analogy,Number analogy,operation across pair,Number analogy (a:b :: c:?),Symbolic MCQ,Easy,Medium,Easy,Digit-splitting,Find op mapping first pair; apply,Test squares/cubes first,Test options in mapping,35–60s,Whole-number ops,"Select the set in which the numbers are related in the same way as are the numbers of the following set. (24, 15, 120) (21, 19, 133) (NOTE: Operations should be performed on the whole numbers, without breaking down the numbers into its constituent digits. E.g. 13 – Operations on 13 such as adding/deleting/multiplying etc. to 13 can be performed. Breaking down 13 into 1 and 3 and then performing mathematical operations on 1 and 3 is not allowed.)"
REA-0853,2024,25 Sep | Shift 1,General Intelligence and Reasoning,Embedded / Completion / Counting,Count geometric figures,systematic enumeration,Count geometric figures,Reasoning MCQ,Easy,Low,Easy,Double counting,Count by size class; sum,Size-class table,Verify against options,45–75s,Class-wise count,How many squares are there in the figure shown below?
REA-0854,2024,25 Sep | Shift 1,General Intelligence and Reasoning,Embedded / Completion / Counting,Embedded,part-whole spotting,Embedded (hidden) figure,Reasoning MCQ,Easy,Low,Easy,Rotated blindness,Match lines/angles inventory,Distinctive-part hunt,Eliminate size-mismatch,30–50s,Line inventory,Select the option figure in which the given figure (X) is embedded (rotation is NOT allowed).
REA-0855,2024,25 Sep | Shift 1,General Intelligence and Reasoning,Analogy,Letter/term analogy,positional mapping,Letter/term analogy (positional),Symbolic MCQ,Easy,Low,Easy,Reading as words,Map shifts pair 1; apply to pair 2,Shift-map once,Check first-letter options,35–60s,A1Z26 shifts,Select the option that is related to the fifth letter-cluster in the same way as the second letter-cluster is related to the first letter-cluster and the fourth letter-cluster is related to the third letter-cluster. CRW: TIN :: DOZ: UFQ :: ALW:?
REA-0856,2024,25 Sep | Shift 1,General Intelligence and Reasoning,Figure-Based (Image),Figure task,visual reasoning,Figure task (needs PDF),Figure-based,Easy,Low,Easy,—,Refer original PDF figure,Same,As applicable,60–90s,—,[image/figure-based content -- see original PDF]
REA-0857,2024,25 Sep | Shift 1,General Intelligence and Reasoning,Classification / Odd-One-Out,Letter-cluster classification,positional property,Letter-cluster classification,Symbolic MCQ,Easy,Low,Easy,Reading as words,Convert to numbers; find property break,Vowel/consonant + shift scan,Kill three alike,30–50s,A1Z26 + parity,"Four letter-clusters have been given, out of which three are alike in some manner and one is different. Select the one that is different. Note : The odd one out is not based on the number of consonants/vowels or their position in the letter cluster."
REA-0858,2024,25 Sep | Shift 1,General Intelligence and Reasoning,Coding-Decoding,Letter-shift transform,equal shift +1 per letter,Letter-shift transform (uniform),Symbolic MCQ,Easy,Low,Easy,First-letter only,Compute per-position shift; apply,First-letter shift only,Verify all positions,30–50s,A1Z26 shifts,"In a certain code language, ‘EAGLE’ is written as ‘DZFKD’ and ‘DREAM’ is written as ‘CQDZL’. How will ‘SINCE’ be written in that language?"
REA-0859,2024,25 Sep | Shift 1,General Intelligence and Reasoning,Mathematical Operators,General operator fill,BODMAS trial,General operator fill,Symbolic MCQ,Easy,Low,Hard,No-bracket math,Try options with BODMAS,Estimate first,Kill by size,40–65s,BODMAS,Select the correct combination of mathematical signs to sequentially place from left to right in the blanks below to balance the given equation. 75 _ 3 _ 17 _ 8 = 0
REA-0860,2024,25 Sep | Shift 1,General Intelligence and Reasoning,Dice & Cubes,Standard dice opposite-face,adjacent-never-opposite,Standard dice opposite-face,Reasoning MCQ,Easy,Low,Easy,Opposite adjacency,Common-face rotation / adjacency elimination,Adjacency kills opposite,Check adjacency claims,30–50s,Dice nets,"Six letters J, K, L, M, N and O are written on different faces of a dice. Two positions of this dice are shown in the figure below. Find the letter on the face opposite to N."
REA-0861,2024,25 Sep | Shift 1,General Intelligence and Reasoning,Blood Relations,Chained relation,multi-hop traversal,Chained relation (3+ links),Reasoning MCQ,Medium,Medium,Easy,Skipping a hop,Collapse inside-out; track gender,Innermost-first,Check gender at each hop,45–70s,Hop collapsing,"All the six members of a family, 1, 2, 3, 4, 5 and 6, live together. 2 is the daughter of 3, but 3 is not the mother of 2. 1 and 3 are a married couple. 5 is the sister of 3. 4 is the daughter of 1. 6 is the brother of 2. Who is the mother of 2?"
REA-0862,2024,25 Sep | Shift 1,General Intelligence and Reasoning,Mirror / Water Images,Mirror image,left-right flip,Mirror image (lateral inversion),Reasoning MCQ,Easy,Low,Easy,Water-flip confusion,Flip L-R; keep top-bottom,L-R flip only,Eliminate non-flipped,20–35s,Lateral inversion,Select the correct mirror image of the given figure when the mirror is placed at MN as shown below.
REA-0863,2024,25 Sep | Shift 1,General Intelligence and Reasoning,Blood Relations,Direct relation,single-hop map,Direct relation (1–2 links),Reasoning MCQ,Medium,Medium,Easy,Gender flip,Direct map; check gender,Same,Verify gender,25–40s,Relation map,The question contains pairs of words that are related to each other in a certain way. Three of the following four word pairs are alike as these have the same relationship and thus form a group. Which word pair is the one that DOES NOT belong to that group? (The words must be considered as meaningful English words and must not be related to each other based on the number of letters / number of consonants/vowels in the word.)
REA-0864,2024,25 Sep | Shift 1,General Intelligence and Reasoning,Number / Alphabet Series,General series completion,pattern extension,General series completion,Symbolic MCQ,Easy,Low,Easy,Random guess,List candidates; test,Option test,Check fit,30–60s,Pattern toolkit,Select the figure from among the given option that can replace the question mark (?) in the following series.
REA-0865,2024,25 Sep | Shift 1,General Intelligence and Reasoning,Number / Alphabet Series,Second-order AP,second diff=11,Second-order AP (increasing differences),Symbolic MCQ,Easy,Low,Easy,Constant-diff guess,Build difference table,Last gap + last diff,Check last-gap options,30–50s,Difference tables,"Select the number from among the given options that can replace the question mark (?) in the following series. 35, 46, 68, 101, 145, ?"
REA-0866,2024,25 Sep | Shift 1,General Intelligence and Reasoning,Number / Alphabet Series,Alphabet-position series,A1Z26 logic,Alphabet-position series,Symbolic MCQ,Easy,Low,Easy,Reading letters,Convert; find numeric rule,Same,Test numeric fit,30–55s,A1Z26 map,Select the option that represents the letters that when sequentially placed from left to right in the blanks below will complete the letter series. Z _ A _ Z _ _ Z A _ Z _
REA-0867,2024,25 Sep | Shift 1,General Intelligence and Reasoning,Dictionary & Word Formation,Dictionary order,letter-by-letter compare,Dictionary order,Reasoning MCQ,Easy,Low,Easy,Whole-word guess,Compare 1st differing letter,First-difference only,Sort pairwise,25–40s,Lexicographic compare,The position of how many letters will change if each of the letters in the word ‘CORNFLAKES’ is re-arranged in the English alphabetical order from left to right?
REA-0868,2024,25 Sep | Shift 1,General Intelligence and Reasoning,Paper Folding & Cutting,Fold-punch-unfold trace,symmetric replication,Fold-punch-unfold trace,Reasoning MCQ,Easy,Low,Easy,Single-hole answer,Replay folds in reverse,Symmetry replication,Check symmetry axes,40–65s,Unfold reversal,A paper is folded and cut as shown below. How will it appear when unfolded?
REA-0869,2024,25 Sep | Shift 1,General Intelligence and Reasoning,Syllogism & Conclusions,Standard syllogism,Venn chains,Standard syllogism (statements + conclusions),Statement battery,Medium,Medium,Easy,Middle-term leap,Draw overlapping circles; test each conclusion,Universal-first diagram,Kill absolute-word conclusions,45–75s,Venn method,"Read the given statements and conclusions carefully. Assuming that the information given in the statements is true, even if it appears to be at variance with commonly known facts, decide which of the given conclusions logically follow(s) from the statements. Statements: Some vegetables are fruits. Some fruits are flowers. All flowers are garlands. Conclusions: I. Some garlands are fruits. II. Some vegetables are flowers. III. Some vegetables are garlands."
REA-0870,2024,25 Sep | Shift 1,General Intelligence and Reasoning,Coding-Decoding,Alphanumeric / position-sum coding,letters ↔ numbers,Alphanumeric / position-sum coding,Symbolic MCQ,Easy,Low,Easy,A=0 indexing,Sum positions / reverse-sum; test,Position sums first,Verify sums match,30–50s,A1Z26 sums,"In a certain code language, 'EXCESS' is written as '726572121', 'ENERGY' is written as '716720927', how will 'ESCAPE' be written in that language?"
REA-0871,2024,25 Sep | Shift 1,General Intelligence and Reasoning,Number / Alphabet Series,Alternating alphabet pattern,two interleaved rules,Alternating alphabet pattern,Symbolic MCQ,Easy,Low,Easy,Single rule,Split odd/even terms,Parity check,Check parity fit,35–55s,Interleaving,"Which letter-cluster will replace the question mark (?) to complete the given series? CQJG, ERMJ, ?, ITSP, KUVS"
REA-0872,2024,25 Sep | Shift 1,General Intelligence and Reasoning,Mathematical Operators,Sign-swap to balance,swap two operators,Sign-swap to balance,Symbolic MCQ,Easy,Low,Easy,No-bracket evaluation,Try option swaps; evaluate (BODMAS),Estimate-then-verify,Kill non-balancing fast,35–60s,BODMAS,Which number will come in the place of the question mark (?) in the following equation if ‘+’ and ‘−’ are interchanged and ‘×’ and ‘÷’ are interchanged? 27 × 3 + 4 ÷ 2 − 7 = ?
REA-0873,2024,25 Sep | Shift 1,General Intelligence and Reasoning,Analogy,Number analogy,operation across pair,Number analogy (a:b :: c:?),Symbolic MCQ,Easy,Medium,Easy,Digit-splitting,Find op mapping first pair; apply,Test squares/cubes first,Test options in mapping,35–60s,Whole-number ops,"11 is related to 121 following a certain logic. Following the same logic, 22 is related to 484. To which of the following is 31 related, following the same logic? (NOTE: Operations should be performed on the whole numbers, without breaking down the numbers into its constituent digits. E.g. 13 – Operations on 13 such as adding /deleting /multiplying etc. to 13 can be performed. Breaking down 13 into 1 and 3 and then performing mathematical operations on 1 and 3 is not allowed)"
REA-0874,2024,25 Sep | Shift 1,General Intelligence and Reasoning,Mathematical Operators,Odd operation-pair out,common operation,Odd operation-pair out,Symbolic MCQ,Easy,Medium,Easy,Single-pair rule,Extract op from two pairs; test rest,Difference/ratio scan,Test candidate odd,35–60s,Operation scan,"The same operation(s) are followed in all the given number pairs except one. Find that odd number pair. (NOTE : Operations should be performed on the whole numbers, without breaking down the numbers into its constituent digits. E.g. 13 – Operations on 13 such as adding /deleting /multiplying etc., to 13 can be performed. Breaking down 13 into 1 and 3 and then performing mathematical operations on 1 and 3 is not allowed.)"
REA-0875,2024,25 Sep | Shift 1,General Intelligence and Reasoning,Analogy,Number analogy,operation across pair,Number analogy (a:b :: c:?),Symbolic MCQ,Medium,High,Easy,Digit-splitting,Find op mapping first pair; apply,Test squares/cubes first,Test options in mapping,35–60s,Whole-number ops,"Select the option that is related to the fifth number in the same way as the second number is related to the first number and the fourth number is related to the third number. 4 : 68 :: 8 : 136 :: 9 : ? (NOTE : Operations should be performed on the whole numbers, without breaking down the numbers into its constituent digits. E.g. 13 – Operations on 13 such as adding /deleting /multiplying etc., to 13 can be performed. Breaking down 13 into 1 and 3 and then performing mathematical operations on 1 and 3 is not allowed.)"
REA-0876,2024,25 Sep | Shift 2,General Intelligence and Reasoning,Number / Alphabet Series,Second-order AP,second diff=2,Second-order AP (increasing differences),Symbolic MCQ,Easy,Low,Easy,Constant-diff guess,Build difference table,Last gap + last diff,Check last-gap options,30–50s,Difference tables,"Select the number from among the given options that can replace the question mark (?) in the following series. 66, 75, 86, 99, 114, ?"
REA-0877,2024,25 Sep | Shift 2,General Intelligence and Reasoning,Mathematical Operators,Sign-swap to balance,swap two operators,Sign-swap to balance,Symbolic MCQ,Easy,Low,Easy,No-bracket evaluation,Try option swaps; evaluate (BODMAS),Estimate-then-verify,Kill non-balancing fast,35–60s,BODMAS,Which two signs should be interchanged to make the following equation correct? 139 + 40 ÷ 5 − 168 × 3 = 283
REA-0878,2024,25 Sep | Shift 2,General Intelligence and Reasoning,Mirror / Water Images,Mirror image,left-right flip,Mirror image (lateral inversion),Reasoning MCQ,Easy,Low,Easy,Water-flip confusion,Flip L-R; keep top-bottom,L-R flip only,Eliminate non-flipped,20–35s,Lateral inversion,Select the correct mirror image of the given figure when the mirror is placed at MN as shown.
REA-0879,2024,25 Sep | Shift 2,General Intelligence and Reasoning,Embedded / Completion / Counting,Count geometric figures,systematic enumeration,Count geometric figures,Reasoning MCQ,Easy,Low,Easy,Double counting,Count by size class; sum,Size-class table,Verify against options,45–75s,Class-wise count,How many triangles are there in the given figure?
REA-0880,2024,25 Sep | Shift 2,General Intelligence and Reasoning,Embedded / Completion / Counting,Figure completion,symmetry fill,Figure completion,Reasoning MCQ,Easy,Low,Easy,Random fill,Mirror/rotate given part,Symmetry fill,Check symmetry fit,25–45s,Symmetry,Identify the figure from among the given options which when put in place of the question mark (?) will logically complete the series.
REA-0881,2024,25 Sep | Shift 2,General Intelligence and Reasoning,Number / Alphabet Series,Letter-blank fill series,slot completion,Letter-blank fill series (A_BB…),Symbolic MCQ,Easy,Low,Easy,Left-to-right guess,Find repeating block; fill,Block-length test,Test block options,30–50s,Repeating blocks,Select the correct combination of letters that when sequentially filled in the blanks of the given series will make the series logically complete. B_FH_LNP_T_X
REA-0882,2024,25 Sep | Shift 2,General Intelligence and Reasoning,Analogy,Word analogy,relation type,Word analogy (semantic),Symbolic MCQ,Easy,Low,Easy,Association vagueness,Name relation (function/part/cause); apply,Relation naming,Eliminate unrelated,20–35s,Relation vocabulary,‘Obstinate’ is related to ‘Stubborn’ in the same way as ‘Resolute’ is related to ‘________’. (The words must be considered as meaningful English words and must not be related to each other based on the number of letters/number of consonants/vowels in the word.)
REA-0883,2024,25 Sep | Shift 2,General Intelligence and Reasoning,Dictionary & Word Formation,Dictionary order,letter-by-letter compare,Dictionary order,Reasoning MCQ,Easy,Low,Easy,Whole-word guess,Compare 1st differing letter,First-difference only,Sort pairwise,25–40s,Lexicographic compare,The position of how many letters will remain unchanged if all the letters in the word RICKET are arranged in English alphabetical order?
REA-0884,2024,25 Sep | Shift 2,General Intelligence and Reasoning,Mathematical Operators,Odd operation-pair out,common operation,Odd operation-pair out,Symbolic MCQ,Medium,High,Easy,Single-pair rule,Extract op from two pairs; test rest,Difference/ratio scan,Test candidate odd,35–60s,Operation scan,"Two sets of numbers are given below. In each set of numbers, certain mathematical operation(s) on the first number result(s) in the second number. Similarly, certain mathematical operation(s) on the second number result(s) in the third number and so on. Which of the given options follows the same set of operations as in the given sets? (NOTE: Operations should be performed on the whole numbers, without breaking down the numbers into their constituent digits. E.g. 13 – Operations on 13 such as adding/subtracting/multiplying to 13 can be performed. Breaking down 13 into 1 and 3 and then performing mathematical operations on 1 and 3 is not allowed.) 8 – 33 – 66 – 81; 11 – 36 – 72– 87"
REA-0885,2024,25 Sep | Shift 2,General Intelligence and Reasoning,Paper Folding & Cutting,Fold-punch-unfold trace,symmetric replication,Fold-punch-unfold trace,Reasoning MCQ,Easy,Low,Easy,Single-hole answer,Replay folds in reverse,Symmetry replication,Check symmetry axes,40–65s,Unfold reversal,A paper is folded and cut as shown below. How will it appear when unfolded?
REA-0886,2024,25 Sep | Shift 2,General Intelligence and Reasoning,Analogy,Number analogy,operation across pair,Number analogy (a:b :: c:?),Symbolic MCQ,Easy,Medium,Easy,Digit-splitting,Find op mapping first pair; apply,Test squares/cubes first,Test options in mapping,35–60s,Whole-number ops,"18 is related to 90 following a certain logic. Following the same logic, 31 is related to 155. To which of the following is 52 related, following the same logic? (NOTE: Operations should be performed on the whole numbers, without breaking down the numbers into its constituent digits. E.g. 13 – Operations on 13 such as adding /deleting /multiplying etc. to 13 can be performed. Breaking down 13 into 1 and 3 and then performing mathematical operations on 1 and 3 is not allowed)"
REA-0887,2024,25 Sep | Shift 2,General Intelligence and Reasoning,Embedded / Completion / Counting,Figure completion,symmetry fill,Figure completion,Reasoning MCQ,Easy,Low,Easy,Random fill,Mirror/rotate given part,Symmetry fill,Check symmetry fit,25–45s,Symmetry,Select the figure from among the given options that can replace the question mark (?) and logically complete the series.
REA-0888,2024,25 Sep | Shift 2,General Intelligence and Reasoning,Analogy,Number analogy,operation across pair,Number analogy (a:b :: c:?),Symbolic MCQ,Easy,Medium,Easy,Digit-splitting,Find op mapping first pair; apply,Test squares/cubes first,Test options in mapping,35–60s,Whole-number ops,"17 is related to 102 following a certain logic. Following the same logic, 29 is related to 174. To which of the following is 39 related, following the same logic? (NOTE: Operations should be performed on the whole numbers, without breaking down the numbers into its constituent digits. E.g. 13 – Operations on 13 such as adding /deleting /multiplying etc. to 13 can be performed. Breaking down 13 into 1 and 3 and then performing mathematical operations on 1 and 3 is not allowed)"
REA-0889,2024,25 Sep | Shift 2,General Intelligence and Reasoning,Dictionary & Word Formation,Dictionary order,letter-by-letter compare,Dictionary order,Reasoning MCQ,Easy,Medium,Easy,Whole-word guess,Compare 1st differing letter,First-difference only,Sort pairwise,25–40s,Lexicographic compare,All the alphabets in the word ‘CARDBOARD’ are arranged in the alphabetical order. How many alphabets are there in the English alphabetical series between the alphabet which is fourth from the left end and the one which is second from the right end in the newly formed cluster of nine letters?
REA-0890,2024,25 Sep | Shift 2,General Intelligence and Reasoning,Classification / Odd-One-Out,Group-of-four odd-out,arithmetic property,Group-of-four odd-out (content in options),Symbolic MCQ,Easy,Medium,Easy,Single-option focus,Test divisibility/parity/squares per option,Parity/divisibility first,Kill three alike,30–50s,Number properties,"Three of the following four options are alike in a certain way and thus form a group. Which is the one that does NOT belong to that group? (NOTE: Operations should be performed on the whole numbers, without breaking down the numbers into its constituent digits. E.g. 13 – Operations on 13 such as adding/subtracting/multiplying etc. to 13 can be performed. Breaking down 13 into 1 and 3 and then performing mathematical operations on 1 and 3 is not allowed.)"
REA-0891,2024,25 Sep | Shift 2,General Intelligence and Reasoning,Syllogism & Conclusions,Standard syllogism,Venn chains,Standard syllogism (statements + conclusions),Statement battery,Medium,Medium,Easy,Middle-term leap,Draw overlapping circles; test each conclusion,Universal-first diagram,Kill absolute-word conclusions,45–75s,Venn method,"Read the given statements and conclusions carefully. Assuming that the information given in the statements is true, even if it appears to be at variance with commonly known facts, decide which of the given conclusions logically follow from the statements. Statements: All papers are pencils. All pencils are erasers. All erasers are pens. Conclusions: I. All pens are papers. II. Some papers are erasers. III. Some pens are pencils."
REA-0892,2024,25 Sep | Shift 2,General Intelligence and Reasoning,Coding-Decoding,General code transform,encode/decode map,General code transform,Symbolic MCQ,Easy,Low,Hard,Assuming shift,Map Q→option transforms,Position map,Verify mapping,35–60s,Transform inventory,"In a certain code language, ‘CLERK’ is written as ‘BKEQJ’ and ‘OFFICE’ is written as ‘OEEIBE’. How will ‘POST’ be written in that language?"
REA-0893,2024,25 Sep | Shift 2,General Intelligence and Reasoning,Dictionary & Word Formation,Dictionary order,letter-by-letter compare,Dictionary order,Reasoning MCQ,Easy,Medium,Easy,Whole-word guess,Compare 1st differing letter,First-difference only,Sort pairwise,25–40s,Lexicographic compare,"Based on the English alphabetical order, three of the following four letter-clusters are alike in a certain way and thus form a group. Which is the one that DOES NOT belong to that group? (Note: The odd man out is not based on the number of consonants/vowels or their position in the letter-cluster.)"
REA-0894,2024,25 Sep | Shift 2,General Intelligence and Reasoning,Dice & Cubes,Standard dice opposite-face,adjacent-never-opposite,Standard dice opposite-face,Reasoning MCQ,Easy,Low,Easy,Opposite adjacency,Common-face rotation / adjacency elimination,Adjacency kills opposite,Check adjacency claims,30–50s,Dice nets,Two different positions of the same dice are given below. Which is the number on the face opposite the face containing 5?
REA-0895,2024,25 Sep | Shift 2,General Intelligence and Reasoning,Blood Relations,Coded relation,decode then traverse,Coded relation (symbol map),Reasoning MCQ,Medium,Medium,Easy,Gender assumption,Substitute meanings; walk the tree,Draw tree top-down,Check gender markers,45–75s,Tree drawing,"In a certain code language, A + B means ‘A is the son of B’, A − B means ‘A is the wife of B’, A × B means ‘A is the brother of B’ and A ÷ B means ‘A is the mother of B’. Based on the above, how is T related to P if ‘P − M + R ÷ T × S’?"
REA-0896,2024,25 Sep | Shift 2,General Intelligence and Reasoning,Mirror / Water Images,Mirror image,left-right flip,Mirror image (lateral inversion),Reasoning MCQ,Easy,Low,Easy,Water-flip confusion,Flip L-R; keep top-bottom,L-R flip only,Eliminate non-flipped,20–35s,Lateral inversion,Select the correct mirror image of the given figure when the mirror is placed at MN as shown below.
REA-0897,2024,25 Sep | Shift 2,General Intelligence and Reasoning,Mathematical Operators,Sign-swap to balance,swap two operators,Sign-swap to balance,Symbolic MCQ,Easy,Low,Easy,No-bracket evaluation,Try option swaps; evaluate (BODMAS),Estimate-then-verify,Kill non-balancing fast,35–60s,BODMAS,Which two numbers (not digits) should be interchanged to make the given equation correct? 15 + 5 × 8 – 72 ÷ 4 + 16 × 3 = 101
REA-0898,2024,25 Sep | Shift 2,General Intelligence and Reasoning,Analogy,Letter/term analogy,positional mapping,Letter/term analogy (positional),Symbolic MCQ,Easy,Low,Easy,Reading as words,Map shifts pair 1; apply to pair 2,Shift-map once,Check first-letter options,35–60s,A1Z26 shifts,Select the option that is related to the fifth term in the same way as the second term is related to the first term and the fourth term is related to the third term. EYES : FTFZ :: MIND : OENJ :: REST : ?
REA-0899,2024,25 Sep | Shift 2,General Intelligence and Reasoning,Number / Alphabet Series,Alphabet-position series,A1Z26 logic,Alphabet-position series,Symbolic MCQ,Easy,Low,Easy,Reading letters,Convert; find numeric rule,Same,Test numeric fit,30–55s,A1Z26 map,"In the following series, only one letter-cluster is incorrect. Select the incorrect letter- cluster. ZXU SQN LKI ECZ XVS"
REA-0900,2024,25 Sep | Shift 2,General Intelligence and Reasoning,Coding-Decoding,Alphanumeric / position-sum coding,letters ↔ numbers,Alphanumeric / position-sum coding,Symbolic MCQ,Easy,Low,Easy,A=0 indexing,Sum positions / reverse-sum; test,Position sums first,Verify sums match,30–50s,A1Z26 sums,"In a certain code language, ‘DRAPE’ is coded as ‘65432’ and ‘TAPED’ is coded as ‘24596’. What is the code for ‘R’ in that language?"
REA-0901,2024,25 Sep | Shift 3,General Intelligence and Reasoning,Dictionary & Word Formation,Dictionary order,letter-by-letter compare,Dictionary order,Reasoning MCQ,Easy,Low,Easy,Whole-word guess,Compare 1st differing letter,First-difference only,Sort pairwise,25–40s,Lexicographic compare,"‘LISP’ is related to ‘ORHK’ in a certain way based on the English alphabetical order. In the same way, ‘WAND’ is related to ‘DZMW’. To which of the following is ‘BOTE’ related, following the same logic?"
REA-0902,2024,25 Sep | Shift 3,General Intelligence and Reasoning,Dictionary & Word Formation,Dictionary order,letter-by-letter compare,Dictionary order,Reasoning MCQ,Easy,Low,Easy,Whole-word guess,Compare 1st differing letter,First-difference only,Sort pairwise,25–40s,Lexicographic compare,The position of how many letters will remain unchanged if each of the letters in the word ‘DOWNSIZE’ is re-arranged in the English alphabetical order from left to right?
REA-0903,2024,25 Sep | Shift 3,General Intelligence and Reasoning,Analogy,Number analogy,operation across pair,Number analogy (a:b :: c:?),Symbolic MCQ,Easy,Medium,Easy,Digit-splitting,Find op mapping first pair; apply,Test squares/cubes first,Test options in mapping,35–60s,Whole-number ops,"19 is related to 76 following a certain logic. Following the same logic, 27 is related to 108. To which of the following is 49 related, following the same logic? (NOTE: Operations should be performed on the whole numbers, without breaking down the numbers into its constituent digits. E.g. 13 – Operations on 13 such as adding /deleting /multiplying etc. to 13 can be performed. Breaking down 13 into 1 and 3 and then performing mathematical operations on 1 and 3 is not allowed)"
REA-0904,2024,25 Sep | Shift 3,General Intelligence and Reasoning,Dice & Cubes,Standard dice opposite-face,adjacent-never-opposite,Standard dice opposite-face,Reasoning MCQ,Easy,Low,Easy,Opposite adjacency,Common-face rotation / adjacency elimination,Adjacency kills opposite,Check adjacency claims,30–50s,Dice nets,"Two different positions of the same dice with faces 9, 2, 5, 3, 8 and 6 are shown below. Select the number that will be on the face opposite to the one having 2."
REA-0905,2024,25 Sep | Shift 3,General Intelligence and Reasoning,Classification / Odd-One-Out,Letter-cluster classification,positional property,Letter-cluster classification,Symbolic MCQ,Easy,Low,Easy,Reading as words,Convert to numbers; find property break,Vowel/consonant + shift scan,Kill three alike,30–50s,A1Z26 + parity,"Four letter-clusters have been given, out of which three are alike in some manner and one is different. Select the letter-cluster that is different. Note: The odd one out is not based on the number of consonants/vowels or their position in the letter cluster."
REA-0906,2024,25 Sep | Shift 3,General Intelligence and Reasoning,Analogy,Number analogy,operation across pair,Number analogy (a:b :: c:?),Symbolic MCQ,Easy,Medium,Easy,Digit-splitting,Find op mapping first pair; apply,Test squares/cubes first,Test options in mapping,35–60s,Whole-number ops,"14 is related to 42 following a certain logic. Following the same logic, 26 is related to 78. To which of the following is 47 related, following the same logic? (NOTE: Operations should be performed on the whole numbers, without breaking down the numbers into its constituent digits. E.g. 13 – Operations on 13 such as adding /deleting /multiplying etc. to 13 can be performed. Breaking down 13 into 1 and 3 and then performing mathematical operations on 1 and 3 is not allowed)"
REA-0907,2024,25 Sep | Shift 3,General Intelligence and Reasoning,Mirror / Water Images,Mirror image,left-right flip,Mirror image (lateral inversion),Reasoning MCQ,Easy,Low,Easy,Water-flip confusion,Flip L-R; keep top-bottom,L-R flip only,Eliminate non-flipped,20–35s,Lateral inversion,Select the correct mirror image of the given figure when the mirror is placed at MN as shown.
REA-0908,2024,25 Sep | Shift 3,General Intelligence and Reasoning,Embedded / Completion / Counting,Count geometric figures,systematic enumeration,Count geometric figures,Reasoning MCQ,Easy,Low,Easy,Double counting,Count by size class; sum,Size-class table,Verify against options,45–75s,Class-wise count,How many triangles are there in the given figure?
REA-0909,2024,25 Sep | Shift 3,General Intelligence and Reasoning,Mathematical Operators,Sign-swap to balance,swap two operators,Sign-swap to balance,Symbolic MCQ,Easy,Low,Easy,No-bracket evaluation,Try option swaps; evaluate (BODMAS),Estimate-then-verify,Kill non-balancing fast,35–60s,BODMAS,What will come in place of the question mark (?) in the following equation if ‘÷’ and ‘−’ are interchanged and ‘×’ and ‘+’ are interchanged? 2 × 16 ÷ 36 + 42 − 6 = ?
REA-0910,2024,25 Sep | Shift 3,General Intelligence and Reasoning,Mirror / Water Images,Mirror image,left-right flip,Mirror image (lateral inversion),Reasoning MCQ,Easy,Low,Easy,Water-flip confusion,Flip L-R; keep top-bottom,L-R flip only,Eliminate non-flipped,20–35s,Lateral inversion,Select the correct mirror image of the given figure when the mirror is placed at MN as shown below.
REA-0911,2024,25 Sep | Shift 3,General Intelligence and Reasoning,Mathematical Operators,Sign-swap to balance,swap two operators,Sign-swap to balance,Symbolic MCQ,Easy,Low,Easy,No-bracket evaluation,Try option swaps; evaluate (BODMAS),Estimate-then-verify,Kill non-balancing fast,35–60s,BODMAS,"Select the number that will come in the place of the question mark(?), if ‘+’ and ‘ – ‘ are interchanged and ‘×’ and ‘÷’ are interchanged 61 – 42 × 6 ÷ 9 + 27 = ?"
REA-0912,2024,25 Sep | Shift 3,General Intelligence and Reasoning,Coding-Decoding,Letter transform,per-position mapping,Letter transform (mixed shifts),Symbolic MCQ,Easy,Low,Easy,Assuming uniform shift,Map every position 1:1; apply,Ends-first check,Verify full mapping,40–65s,Position mapping,"In a certain code language, 'CASE' is written as 'FTBD' and 'CAKE' is written as 'FLBD'. How will 'CALF’ be written in that language?"
REA-0913,2024,25 Sep | Shift 3,General Intelligence and Reasoning,Analogy,Number analogy,operation across pair,Number analogy (a:b :: c:?),Symbolic MCQ,Medium,High,Easy,Digit-splitting,Find op mapping first pair; apply,Test squares/cubes first,Test options in mapping,35–60s,Whole-number ops,"Select the option that is related to the fifth number in the same way as the second number is related to the first number and the fourth number is related to the third number. 45 : 56 :: 62 : 73 :: 19 : ? (NOTE : Operations should be performed on the whole numbers, without breaking down the numbers into its constituent digits. E.g. 13 – Operations on 13 such as adding /deleting /multiplying etc., to 13 can be performed. Breaking down 13 into 1 and 3 and then performing mathematical operations on 1 and 3 is not allowed.)"
REA-0914,2024,25 Sep | Shift 3,General Intelligence and Reasoning,Figure Series,Figure series completion,visual rule per step,Figure series completion (?),Reasoning MCQ,Easy,Low,Easy,Single-feature lock,Test rotation/count/shading/element rules stepwise,One-change scan,Test options in slot,50–80s,Visual rules,Select the figure from among the given options that can replace the question mark (?) in the following series.
REA-0915,2024,25 Sep | Shift 3,General Intelligence and Reasoning,Number / Alphabet Series,Second-order AP,second diff=2,Second-order AP (increasing differences),Symbolic MCQ,Easy,Low,Easy,Constant-diff guess,Build difference table,Last gap + last diff,Check last-gap options,30–50s,Difference tables,"Which of the following numbers will replace the question marks (?) in the given series? 88, 78, 70, 64, 60, ?, ?"
REA-0916,2024,25 Sep | Shift 3,General Intelligence and Reasoning,Paper Folding & Cutting,Fold-punch-unfold trace,symmetric replication,Fold-punch-unfold trace,Reasoning MCQ,Easy,Low,Easy,Single-hole answer,Replay folds in reverse,Symmetry replication,Check symmetry axes,40–65s,Unfold reversal,A paper is folded and cut as shown below. How will it appear when unfolded?
REA-0917,2024,25 Sep | Shift 3,General Intelligence and Reasoning,Number / Alphabet Series,Alternating alphabet pattern,two interleaved rules,Alternating alphabet pattern,Symbolic MCQ,Easy,Low,Easy,Single rule,Split odd/even terms,Parity check,Check parity fit,35–55s,Interleaving,"Which of the following terms will replace the question mark (?) in the given series? AEYT, CGWR, EIUP, ? , IMQL"
REA-0918,2024,25 Sep | Shift 3,General Intelligence and Reasoning,Number / Alphabet Series,Alphabet-position series,A1Z26 logic,Alphabet-position series,Symbolic MCQ,Easy,Medium,Easy,Reading letters,Convert; find numeric rule,Same,Test numeric fit,30–55s,A1Z26 map,Select the option that represents the letters that when placed from left to right in the blanks below will complete the given letter series. C A R E T _ R C A _ E T C R C A R _ T C R _ A R E T _ R C A
REA-0919,2024,25 Sep | Shift 3,General Intelligence and Reasoning,Figure Series,Figure series completion,visual rule per step,Figure series completion (?),Reasoning MCQ,Easy,Low,Easy,Single-feature lock,Test rotation/count/shading/element rules stepwise,One-change scan,Test options in slot,50–80s,Visual rules,Select the figure from among the given options that can replace the question mark (?) in the following series.
REA-0920,2024,25 Sep | Shift 3,General Intelligence and Reasoning,Venn Diagram,Venn class diagram,set inclusion,Venn class diagram,Reasoning MCQ,Easy,Medium,Easy,Partial overlap default,Separate vs overlap vs subset,Subset-first test,Check overlap logic,25–40s,Set relations,Study the given diagram carefully and answer the question that follows. The numbers in different sections indicate the number of students who like to study different subjects. What is the difference between the number of students who like to study all the three subjects and that of students who like to study biology only?
REA-0921,2024,25 Sep | Shift 3,General Intelligence and Reasoning,Analogy,Word analogy,relation type,Word analogy (semantic),Symbolic MCQ,Easy,Low,Easy,Association vagueness,Name relation (function/part/cause); apply,Relation naming,Eliminate unrelated,20–35s,Relation vocabulary,‘Tame’ is related to ‘Wild’ in the same way as ‘Adjacent’ is related to ‘________’. (The words must be considered as meaningful English words and must not be related to each other based on the number of letters/number of consonants/vowels in the word.)
REA-0922,2024,25 Sep | Shift 3,General Intelligence and Reasoning,Blood Relations,Coded relation,decode then traverse,Coded relation (symbol map),Reasoning MCQ,Medium,Medium,Easy,Gender assumption,Substitute meanings; walk the tree,Draw tree top-down,Check gender markers,45–75s,Tree drawing,"In a certain code language, A + B means ‘A is the husband of B’, A − B means ‘B is the mother of A’, A × B means ‘B is the sister of A’ and A ÷ B means ‘A is the daughter of B’. Based on the above, how is Q related to T if ‘P + Q × R − S ÷ T’?"
REA-0923,2024,25 Sep | Shift 3,General Intelligence and Reasoning,Coding-Decoding,Alphanumeric / position-sum coding,letters ↔ numbers,Alphanumeric / position-sum coding,Symbolic MCQ,Easy,Low,Easy,A=0 indexing,Sum positions / reverse-sum; test,Position sums first,Verify sums match,30–50s,A1Z26 sums,"In a certain code language, ‘BREAK’ is coded as ‘57123’ and ‘BROKE’ is coded as ‘91753’. What is the code for ‘A’ in that language?"
REA-0924,2024,25 Sep | Shift 3,General Intelligence and Reasoning,Mathematical Operators,Odd operation-pair out,common operation,Odd operation-pair out,Symbolic MCQ,Easy,Medium,Easy,Single-pair rule,Extract op from two pairs; test rest,Difference/ratio scan,Test candidate odd,35–60s,Operation scan,"The same operation(s) are followed in all the given number pairs except one. Find that odd number pair. (NOTE : Operations should be performed on the whole numbers, without breaking down the numbers into its constituent digits. E.g. 13 – Operations on 13 such as adding /deleting /multiplying etc., to 13 can be performed. Breaking down 13 into 1 and 3 and then performing mathematical operations on 1 and 3 is not allowed.)"
REA-0925,2024,25 Sep | Shift 3,General Intelligence and Reasoning,Venn Diagram,Venn class diagram,set inclusion,Venn class diagram,Reasoning MCQ,Easy,Low,Easy,Partial overlap default,Separate vs overlap vs subset,Subset-first test,Check overlap logic,25–40s,Set relations,"Study the given diagram carefully and answer the question that follows. The numbers in different sections indicate the number of persons travelling by different modes of transport. How many people travel by bus and car both, but NOT by train?"
REA-0926,2024,26 Sep | Shift 1,General Intelligence and Reasoning,Syllogism & Conclusions,Standard syllogism,Venn chains,Standard syllogism (statements + conclusions),Statement battery,Medium,Medium,Easy,Middle-term leap,Draw overlapping circles; test each conclusion,Universal-first diagram,Kill absolute-word conclusions,45–75s,Venn method,"Read the given statements and conclusions carefully. Assuming that the information given in the statements is true, even if it appears to be at variance with commonly known facts, decide which of the given conclusion(s) logically follow(s) from the statements. Statements: All pastries are chocolates. Some chocolates are cookies. All cookies are cakes. Conclusions: (I) No pastry is a cake. (II) Some cakes are chocolates."
REA-0927,2024,26 Sep | Shift 1,General Intelligence and Reasoning,Mathematical Operators,Sign-swap to balance,swap two operators,Sign-swap to balance,Symbolic MCQ,Easy,Low,Easy,No-bracket evaluation,Try option swaps; evaluate (BODMAS),Estimate-then-verify,Kill non-balancing fast,35–60s,BODMAS,"What will come in place of the question mark (?) in the following equation, if ‘+’ and ‘–’ are interchanged and ‘×’ and ‘÷’ are interchanged? 229 ÷ 41 + 502 × 2 – 44 = ?"
REA-0928,2024,26 Sep | Shift 1,General Intelligence and Reasoning,Number / Alphabet Series,Alternating alphabet pattern,two interleaved rules,Alternating alphabet pattern,Symbolic MCQ,Easy,Low,Easy,Single rule,Split odd/even terms,Parity check,Check parity fit,35–55s,Interleaving,"Which of the following terms will replace the question mark (?) in the given series? OPOR, NOPS, ?, LMRU, KLSV"
REA-0929,2024,26 Sep | Shift 1,General Intelligence and Reasoning,Embedded / Completion / Counting,Count geometric figures,systematic enumeration,Count geometric figures,Reasoning MCQ,Easy,Low,Easy,Double counting,Count by size class; sum,Size-class table,Verify against options,45–75s,Class-wise count,How many triangles are there in the given figure?
REA-0930,2024,26 Sep | Shift 1,General Intelligence and Reasoning,Analogy,General analogy,relation mapping,General analogy,Symbolic MCQ,Easy,Low,Hard,Vague association,Name relation in pair 1; apply,Relation naming,Eliminate unrelated,30–55s,Relation vocabulary,‘Simple’ is related to ‘Basic’ in the same way as ‘Difficult’ is related to ‘________’.
REA-0931,2024,26 Sep | Shift 1,General Intelligence and Reasoning,Number / Alphabet Series,Alphabet-position series,A1Z26 logic,Alphabet-position series,Symbolic MCQ,Easy,Low,Easy,Reading letters,Convert; find numeric rule,Same,Test numeric fit,30–55s,A1Z26 map,Select the option that represents the letters that when sequentially placed from left to right in the blanks below will complete the letter series. Y _ Y _ _ Y _ T _ Y _ Y
REA-0932,2024,26 Sep | Shift 1,General Intelligence and Reasoning,Syllogism & Conclusions,Three-statement syllogism,Venn chains,Three-statement syllogism,Statement battery,Medium,Medium,Easy,Middle-term leap,Draw overlapping circles; test each conclusion,Universal-first diagram,Kill false conclusions,45–75s,Venn method,"In this question, three statements are given, followed by two conclusions numbered I and II. Assuming the statements to be true, even if they seem to be at variance with commonly known facts, decide which of the conclusions logically follows/follow from the statements. Statements: All red are green. All green are pink. No pink is blue. Conclusions: I. No green is blue. II. Some blue are red."
REA-0933,2024,26 Sep | Shift 1,General Intelligence and Reasoning,Coding-Decoding,Alphanumeric / position-sum coding,letters ↔ numbers,Alphanumeric / position-sum coding,Symbolic MCQ,Easy,Low,Easy,A=0 indexing,Sum positions / reverse-sum; test,Position sums first,Verify sums match,30–50s,A1Z26 sums,"In a certain code language, ‘FRAMED’ is coded as ‘497621’ and ‘DREAMT’ is coded as ‘769542’. What is the code for ‘T’ in that language?"
REA-0934,2024,26 Sep | Shift 1,General Intelligence and Reasoning,Dictionary & Word Formation,Dictionary order,letter-by-letter compare,Dictionary order,Reasoning MCQ,Easy,Medium,Easy,Whole-word guess,Compare 1st differing letter,First-difference only,Sort pairwise,25–40s,Lexicographic compare,"Based on the position in the English alphabetical order, three of the following letter- clusters are alike in some manner and one is different. Select the odd letter-cluster. Note: The odd one out is not based on the number of consonants/vowels or their position in the letter cluster."
REA-0935,2024,26 Sep | Shift 1,General Intelligence and Reasoning,Figure Series,Figure series completion,visual rule per step,Figure series completion (?),Reasoning MCQ,Easy,Low,Easy,Single-feature lock,Test rotation/count/shading/element rules stepwise,One-change scan,Test options in slot,50–80s,Visual rules,Select the figure from among the given options that can replace the question mark (?) in the following series.
REA-0936,2024,26 Sep | Shift 1,General Intelligence and Reasoning,Coding-Decoding,Letter transform,per-position mapping,Letter transform (mixed shifts),Symbolic MCQ,Easy,Low,Easy,Assuming uniform shift,Map every position 1:1; apply,Ends-first check,Verify full mapping,40–65s,Position mapping,"In a certain code language, FIGURE is coded as ‘VSUGJW’ and COPIED is coded as ‘YMLSWX’. What will be the code for BLANKET?"
REA-0937,2024,26 Sep | Shift 1,General Intelligence and Reasoning,Dictionary & Word Formation,Dictionary order,letter-by-letter compare,Dictionary order,Reasoning MCQ,Easy,Low,Easy,Whole-word guess,Compare 1st differing letter,First-difference only,Sort pairwise,25–40s,Lexicographic compare,The position of how many letters will remain unchanged if each of the letters in the word ‘SPIDER’ is arranged in the English alphabetical order?
REA-0938,2024,26 Sep | Shift 1,General Intelligence and Reasoning,Mathematical Operators,Odd operation-pair out,common operation,Odd operation-pair out,Symbolic MCQ,Medium,High,Easy,Single-pair rule,Extract op from two pairs; test rest,Difference/ratio scan,Test candidate odd,35–60s,Operation scan,"Two sets of numbers are given below. In each set of numbers, certain mathematical operation(s) on the first number result(s) in the second number. Similarly, certain mathematical operation(s) on the second number result(s) in the third number and so on. Which of the given options follows the same set of operations as in the given sets? (NOTE: Operations should be performed on the whole numbers, without breaking down the numbers into their constituent digits. E.g. 13 – Operations on 13 such as adding/subtracting/multiplying to 13 can be performed. Breaking down 13 into 1 and 3 and then performing mathematical operations on 1 and 3 is not allowed.) 17 – 19 – 16 – 20; 22 – 24 – 21 – 25"
REA-0939,2024,26 Sep | Shift 1,General Intelligence and Reasoning,Paper Folding & Cutting,Fold-punch-unfold trace,symmetric replication,Fold-punch-unfold trace,Reasoning MCQ,Easy,Low,Easy,Single-hole answer,Replay folds in reverse,Symmetry replication,Check symmetry axes,40–65s,Unfold reversal,A paper is folded and cut as shown below. How will it appear when unfolded?
REA-0940,2024,26 Sep | Shift 1,General Intelligence and Reasoning,Embedded / Completion / Counting,Figure completion,symmetry fill,Figure completion,Reasoning MCQ,Easy,Low,Easy,Random fill,Mirror/rotate given part,Symmetry fill,Check symmetry fit,25–45s,Symmetry,Identify the figure given in the options which when put in place of ? will logically complete the series.
REA-0941,2024,26 Sep | Shift 1,General Intelligence and Reasoning,Analogy,Number analogy,operation across pair,Number analogy (a:b :: c:?),Symbolic MCQ,Easy,Medium,Easy,Digit-splitting,Find op mapping first pair; apply,Test squares/cubes first,Test options in mapping,35–60s,Whole-number ops,"Select the set in which the numbers are related in the same way as are the numbers of the following sets. (NOTE : Operations should be performed on the whole numbers, without breaking down the numbers into its constituent digits. E.g. 13 – Operations on 13 such as adding /deleting /multiplying etc., to 13 can be performed. Breaking down 13 into 1 and 3 and then performing mathematical operations on 1 and 3 is not allowed.) (108, 12, 9) (114, 19, 6)"
REA-0942,2024,26 Sep | Shift 1,General Intelligence and Reasoning,Mirror / Water Images,Mirror image,left-right flip,Mirror image (lateral inversion),Reasoning MCQ,Easy,Low,Easy,Water-flip confusion,Flip L-R; keep top-bottom,L-R flip only,Eliminate non-flipped,20–35s,Lateral inversion,Select the correct mirror image of the given figure when the mirror is placed at MN.
REA-0943,2024,26 Sep | Shift 1,General Intelligence and Reasoning,Blood Relations,Coded relation,decode then traverse,Coded relation (symbol map),Reasoning MCQ,Medium,Medium,Easy,Gender assumption,Substitute meanings; walk the tree,Draw tree top-down,Check gender markers,45–75s,Tree drawing,"In a certain code language, ‘A + B’ means ‘A is the son of B’; ‘A # B’ means ‘A is the sister of B’; ‘A × B’ means ‘A is the wife of B’; and, ‘A @ B’ means ‘A is the father of B’. Based on the above, how is M related to T if ‘M # N @ L × P + T’?"
REA-0944,2024,26 Sep | Shift 1,General Intelligence and Reasoning,Analogy,Number analogy,operation across pair,Number analogy (a:b :: c:?),Symbolic MCQ,Easy,Medium,Easy,Digit-splitting,Find op mapping first pair; apply,Test squares/cubes first,Test options in mapping,35–60s,Whole-number ops,"Select the triad in which the numbers are related in the same way as are the numbers of the given triads. (NOTE: Operations should be performed on the whole numbers, without breaking down the numbers into its constituent digits. E.g., 13 – Operations on 13 such as adding/deleting/multiplying etc. to 13 can be performed. Breaking down 13 into 1 and 3 and then performing mathematical operations on 1 and 3 is not allowed.) (3, 5, 32) (9, 1, 26)"
REA-0945,2024,26 Sep | Shift 1,General Intelligence and Reasoning,Number / Alphabet Series,Mixed-operation series,combined rules,Mixed-operation series,Symbolic MCQ,Easy,Low,Easy,Single-rule force,Try halves/alternation/split,Option back-fit,Test options in sequence,45–75s,Multi-rule toolkit,"Select the number from among the given options that can replace the question mark (?) in the following series. 30, 22, 36, 75, 178, ?"
REA-0946,2024,26 Sep | Shift 1,General Intelligence and Reasoning,Number / Alphabet Series,Constant-difference series,AP with d=3,Constant-difference series,Symbolic MCQ,Easy,Low,Easy,Assuming +1,Add d each step,Extend one step,Eliminate non-AP options,15–30s,AP extension,"Select the option that can replace the question mark (?) in the following series. OA33, RD36, UG39, XJ42, ?"
REA-0947,2024,26 Sep | Shift 1,General Intelligence and Reasoning,Embedded / Completion / Counting,Embedded,part-whole spotting,Embedded (hidden) figure,Reasoning MCQ,Easy,Low,Easy,Rotated blindness,Match lines/angles inventory,Distinctive-part hunt,Eliminate size-mismatch,30–50s,Line inventory,Select the option figure in which the given figure (X) is embedded (rotation is NOT allowed).
REA-0948,2024,26 Sep | Shift 1,General Intelligence and Reasoning,Paper Folding & Cutting,Fold-punch-unfold trace,symmetric replication,Fold-punch-unfold trace,Reasoning MCQ,Easy,Low,Easy,Single-hole answer,Replay folds in reverse,Symmetry replication,Check symmetry axes,40–65s,Unfold reversal,A paper is folded and cut as shown below. How will it appear when unfolded?
REA-0949,2024,26 Sep | Shift 1,General Intelligence and Reasoning,Mathematical Operators,Sign-swap to balance,swap two operators,Sign-swap to balance,Symbolic MCQ,Easy,Low,Easy,No-bracket evaluation,Try option swaps; evaluate (BODMAS),Estimate-then-verify,Kill non-balancing fast,35–60s,BODMAS,"What will come in the place of ‘?’ in the following equation, if ‘+’ and ‘–‘ are interchanged and ‘×’ and ‘÷’ are interchanged? 4 – 5 ÷ 9 + 6 × 2 = ?"
REA-0950,2024,26 Sep | Shift 1,General Intelligence and Reasoning,Classification / Odd-One-Out,Group-of-four odd-out,arithmetic property,Group-of-four odd-out (content in options),Symbolic MCQ,Easy,Medium,Easy,Single-option focus,Test divisibility/parity/squares per option,Parity/divisibility first,Kill three alike,30–50s,Number properties,"Three of the following four options are alike in a certain way and thus form a group. Which is the one that does NOT belong to that group? (NOTE: Operations should be performed on the whole numbers, without breaking down the numbers into its constituent digits. E.g. 13 – Operations on 13 such as adding/subtracting/multiplying etc. to 13 can be performed. Breaking down 13 into 1 and 3 and then performing mathematical operations on 1 and 3 is not allowed.)"
REA-0951,2024,26 Sep | Shift 2,General Intelligence and Reasoning,Number / Alphabet Series,Letter-blank fill series,slot completion,Letter-blank fill series (A_BB…),Symbolic MCQ,Easy,Low,Easy,Left-to-right guess,Find repeating block; fill,Block-length test,Test block options,30–50s,Repeating blocks,Select the combination of letters that when sequentially placed in the blanks of the given series will complete the series. ABC_FG_JK_MOPQ_TUV_Y
REA-0952,2024,26 Sep | Shift 2,General Intelligence and Reasoning,Coding-Decoding,Letter-shift transform,equal shift -3 per letter,Letter-shift transform (uniform),Symbolic MCQ,Easy,Low,Easy,First-letter only,Compute per-position shift; apply,First-letter shift only,Verify all positions,30–50s,A1Z26 shifts,"In a certain code language, ‘FUTURE’ is written as ‘IXWXUH’ and ‘ISLAND’ is written as ‘LVODQG’. How will ‘JERSEY’ be written in that language?"
REA-0953,2024,26 Sep | Shift 2,General Intelligence and Reasoning,Syllogism & Conclusions,Standard syllogism,Venn chains,Standard syllogism (statements + conclusions),Statement battery,Medium,Medium,Easy,Middle-term leap,Draw overlapping circles; test each conclusion,Universal-first diagram,Kill absolute-word conclusions,45–75s,Venn method,Read the given statements and conclusions carefully. You have to take the given statements to be true even if they seem to be at variance from commonly known facts. You have to decide which conclusion(s) logically follow(s) from the given statements. Statements: All Grapes are Berries. Some Berries are Juices. All Juices are Sodas. Conclusions: (I) Some Berries are Grapes. (II) Some Sodas are Berries.
REA-0954,2024,26 Sep | Shift 2,General Intelligence and Reasoning,Embedded / Completion / Counting,Embedded,part-whole spotting,Embedded (hidden) figure,Reasoning MCQ,Easy,Low,Easy,Rotated blindness,Match lines/angles inventory,Distinctive-part hunt,Eliminate size-mismatch,30–50s,Line inventory,Select the option figure in which the given figure (X) is embedded (rotation is NOT allowed).
REA-0955,2024,26 Sep | Shift 2,General Intelligence and Reasoning,Dictionary & Word Formation,Dictionary order,letter-by-letter compare,Dictionary order,Reasoning MCQ,Easy,Medium,Easy,Whole-word guess,Compare 1st differing letter,First-difference only,Sort pairwise,25–40s,Lexicographic compare,Each of the letters in the word ‘DARKEN’ is arranged in the English alphabetical order. How many letters are there in the English alphabetical series between the letter which is second from the left end and the one which is third from the right end in the new letter-cluster thus formed?
REA-0956,2024,26 Sep | Shift 2,General Intelligence and Reasoning,Paper Folding & Cutting,Fold-punch-unfold trace,symmetric replication,Fold-punch-unfold trace,Reasoning MCQ,Easy,Low,Easy,Single-hole answer,Replay folds in reverse,Symmetry replication,Check symmetry axes,40–65s,Unfold reversal,A sheet of paper is folded along the dotted line successively along the directions shown and is then punched in the last. How would this paper look when unfolded?
REA-0957,2024,26 Sep | Shift 2,General Intelligence and Reasoning,Embedded / Completion / Counting,Count geometric figures,systematic enumeration,Count geometric figures,Reasoning MCQ,Easy,Low,Easy,Double counting,Count by size class; sum,Size-class table,Verify against options,45–75s,Class-wise count,How many triangles are there in the figure given below?
REA-0958,2024,26 Sep | Shift 2,General Intelligence and Reasoning,Dice & Cubes,Standard dice opposite-face,adjacent-never-opposite,Standard dice opposite-face,Reasoning MCQ,Easy,Low,Easy,Opposite adjacency,Common-face rotation / adjacency elimination,Adjacency kills opposite,Check adjacency claims,30–50s,Dice nets,"Six numbers 5, 3, 6, 7, 9 and 2 are written on different faces of a dice. Two positions of this dice are shown in the figure below. Find the number on the face opposite to the one having 5."
REA-0959,2024,26 Sep | Shift 2,General Intelligence and Reasoning,Analogy,Word analogy,relation type,Word analogy (semantic),Symbolic MCQ,Easy,Low,Easy,Association vagueness,Name relation (function/part/cause); apply,Relation naming,Eliminate unrelated,20–35s,Relation vocabulary,‘Conceal’ is related to ‘Disclose’ in the same way as ‘Identical’ is related to ‘________’. (The words must be considered as meaningful English words and must not be related to each other based on the number of letters/number of consonants/vowels in the word.)
REA-0960,2024,26 Sep | Shift 2,General Intelligence and Reasoning,Mathematical Operators,Sign-swap to balance,swap two operators,Sign-swap to balance,Symbolic MCQ,Easy,Low,Easy,No-bracket evaluation,Try option swaps; evaluate (BODMAS),Estimate-then-verify,Kill non-balancing fast,35–60s,BODMAS,"Select the number that will come in the place of the question mark(?), if ‘+’ and ‘ – ‘ are interchanged and ‘×’ and ‘÷’ are interchanged 11 ÷ 8 – 78 × 6 + 37 = ?"
REA-0961,2024,26 Sep | Shift 2,General Intelligence and Reasoning,Analogy,Set/triad analogy,common rule across triple,Set/triad analogy,Symbolic MCQ,Easy,Medium,Easy,Pairwise only,Extract rule from two given sets,Test divide/square forms,Test option sets,40–65s,Rule extraction,"Select the set in which the numbers are related in the same way as are the numbers of the following set. 3 — 20 — 5 4 — 17 — 3 NOTE: Operations should be performed on the whole numbers, without breaking down the numbers into its constituent digits. E.g. 13 – Operations on 13 such as adding/subtracting/multiplying etc. to 13 can be performed. Breaking down 13 into 1 and 3 and then performing mathematical operations on 1 and 3 is not allowed)"
REA-0962,2024,26 Sep | Shift 2,General Intelligence and Reasoning,Analogy,Number analogy,operation across pair,Number analogy (a:b :: c:?),Symbolic MCQ,Easy,Medium,Easy,Digit-splitting,Find op mapping first pair; apply,Test squares/cubes first,Test options in mapping,35–60s,Whole-number ops,"Select the set in which the numbers are related in the same way as are the numbers of the following sets. (NOTE : Operations should be performed on the whole numbers, without breaking down the numbers into its constituent digits. E.g. 13 – Operations on 13 such as adding /deleting /multiplying etc., to 13 can be performed. Breaking down 13 into 1 and 3 and then performing mathematical operations on 1 and 3 is not allowed.) (16, 7, 112) (8, 12, 96)"
REA-0963,2024,26 Sep | Shift 2,General Intelligence and Reasoning,Figure Series,Figure series completion,visual rule per step,Figure series completion (?),Reasoning MCQ,Easy,Low,Easy,Single-feature lock,Test rotation/count/shading/element rules stepwise,One-change scan,Test options in slot,50–80s,Visual rules,Which figure should replace the question mark (?) if the following series were to be continued?
REA-0964,2024,26 Sep | Shift 2,General Intelligence and Reasoning,Blood Relations,Coded relation,decode then traverse,Coded relation (symbol map),Reasoning MCQ,Medium,Medium,Easy,Gender assumption,Substitute meanings; walk the tree,Draw tree top-down,Check gender markers,45–75s,Tree drawing,"In a certain code language, ‘A + B’ means ‘A is the mother of B’; ‘A − B’ means ‘A is the brother of B’; ‘A × B’ means ‘A is the wife of B’ and ‘A ÷ B’ means ‘A is the father of B’. Based on the above, how is I related to H if ‘B + R × I − T ÷ H’?"
REA-0965,2024,26 Sep | Shift 2,General Intelligence and Reasoning,Embedded / Completion / Counting,Figure completion,symmetry fill,Figure completion,Reasoning MCQ,Easy,Low,Easy,Random fill,Mirror/rotate given part,Symmetry fill,Check symmetry fit,25–45s,Symmetry,Identify the figure given in the options which when put in place of the question mark (?) will logically complete the series?
REA-0966,2024,26 Sep | Shift 2,General Intelligence and Reasoning,Classification / Odd-One-Out,Letter-cluster classification,positional property,Letter-cluster classification,Symbolic MCQ,Easy,Low,Easy,Reading as words,Convert to numbers; find property break,Vowel/consonant + shift scan,Kill three alike,30–50s,A1Z26 + parity,"Four letter-clusters have been given, out of which three are alike in some manner and one is different. Select the letter-cluster that is different. Note: The odd one out is not based on the number of consonants/vowels or their position in the letter cluster"
REA-0967,2024,26 Sep | Shift 2,General Intelligence and Reasoning,Mathematical Operators,Odd operation-pair out,common operation,Odd operation-pair out,Symbolic MCQ,Medium,High,Easy,Single-pair rule,Extract op from two pairs; test rest,Difference/ratio scan,Test candidate odd,35–60s,Operation scan,"The second number in the given number pairs is obtained by performing certain mathematical operation(s) on the first number. The same operation(s) are followed in all the number pairs except one. Find that odd number pair. (NOTE : Operations should be performed on the whole numbers, without breaking down the numbers into its constituent digits. E.g. 13 – Operations on 13 such as adding /deleting /multiplying etc., to 13 can be performed. Breaking down 13 into 1 and 3 and then performing mathematical operations on 1 and 3 is not allowed.)"
REA-0968,2024,26 Sep | Shift 2,General Intelligence and Reasoning,Dice & Cubes,Standard dice opposite-face,adjacent-never-opposite,Standard dice opposite-face,Reasoning MCQ,Easy,Low,Easy,Opposite adjacency,Common-face rotation / adjacency elimination,Adjacency kills opposite,Check adjacency claims,30–50s,Dice nets,"Two different positions of the same dice with faces Z, G, M, F, H and S are shown below. Select the letter that will be on the face opposite to the one having G."
REA-0969,2024,26 Sep | Shift 2,General Intelligence and Reasoning,Mathematical Operators,Odd operation-pair out,common operation,Odd operation-pair out,Symbolic MCQ,Medium,High,Easy,Single-pair rule,Extract op from two pairs; test rest,Difference/ratio scan,Test candidate odd,35–60s,Operation scan,"Two sets of numbers are given below. In each set of numbers, certain mathematical operation(s) on the first number result(s) in the second number. Similarly, certain mathematical operation(s) on the second number result(s) in the third number and so on. Which of the given options follows the same set of operations as in the given sets? (NOTE: Operations should be performed on the whole numbers, without breaking down the numbers into their constituent digits. E.g. 13 – Operations on 13 such as adding/subtracting/multiplying to 13 can be performed. Breaking down 13 into 1 and 3 and then performing mathematical operations on 1 and 3 is not allowed.) 48 – 50 – 46 – 52; 37 – 39 – 35 – 41"
REA-0970,2024,26 Sep | Shift 2,General Intelligence and Reasoning,Number / Alphabet Series,Alternating,even/odd positions separate APs,Alternating (two interleaved) series,Symbolic MCQ,Easy,Low,Easy,Single-sequence fit,Split positions; extend needed one,Parity check,Check position parity,30–50s,Interleaving,"Select the number from among the given options that can replace the question mark (?) in the following series. 176,167,156,147,136, ?"
REA-0971,2024,26 Sep | Shift 2,General Intelligence and Reasoning,Number / Alphabet Series,Constant-difference series,AP with d=6,Constant-difference series,Symbolic MCQ,Easy,Low,Easy,Assuming +1,Add d each step,Extend one step,Eliminate non-AP options,15–30s,AP extension,"Which of the four options will replace the question mark (?) in the following series? FX32, EV38, DT44, CR50, ?"
REA-0972,2024,26 Sep | Shift 2,General Intelligence and Reasoning,Mathematical Operators,Sign-swap to balance,swap two operators,Sign-swap to balance,Symbolic MCQ,Easy,Low,Easy,No-bracket evaluation,Try option swaps; evaluate (BODMAS),Estimate-then-verify,Kill non-balancing fast,35–60s,BODMAS,"What will come in the place of ‘?’ in the following equation, if ‘÷’ and ‘–‘ are interchanged and ‘×’ and ‘+’ are interchanged? 7 + 4 ÷18 – 3 × 2 = ?"
REA-0973,2024,26 Sep | Shift 2,General Intelligence and Reasoning,Number / Alphabet Series,Alternating alphabet pattern,two interleaved rules,Alternating alphabet pattern,Symbolic MCQ,Easy,Low,Easy,Single rule,Split odd/even terms,Parity check,Check parity fit,35–55s,Interleaving,"Which of the following terms will replace the question mark (?) in the given series? QGMW, VCPU, AYSS, ? , KQYO"
REA-0974,2024,26 Sep | Shift 2,General Intelligence and Reasoning,Coding-Decoding,Alphanumeric / position-sum coding,letters ↔ numbers,Alphanumeric / position-sum coding,Symbolic MCQ,Easy,Low,Easy,A=0 indexing,Sum positions / reverse-sum; test,Position sums first,Verify sums match,30–50s,A1Z26 sums,"In a certain code language, ‘D’ is coded as ‘16’, ‘B’ is coded as ‘4’ and ‘T’ is coded as ‘400’. How will ‘H’ be coded in the same language?"
REA-0975,2024,26 Sep | Shift 2,General Intelligence and Reasoning,Coding-Decoding,General code transform,encode/decode map,General code transform,Symbolic MCQ,Easy,Low,Hard,Assuming shift,Map Q→option transforms,Position map,Verify mapping,35–60s,Transform inventory,"In a certain code language, ‘bright colour rainbow’ is coded as ‘mq bj st’ and ‘sunny bright day’ is coded as ‘nv bj fm’. How is ‘bright’ coded in that language?"
REA-0976,2024,26 Sep | Shift 3,General Intelligence and Reasoning,Classification / Odd-One-Out,Letter-cluster classification,positional property,Letter-cluster classification,Symbolic MCQ,Easy,Low,Easy,Reading as words,Convert to numbers; find property break,Vowel/consonant + shift scan,Kill three alike,30–50s,A1Z26 + parity,"Four letter-clusters have been given, out of which three are alike in some manner and one is different. Select the letter-cluster that is different. Note: The odd one out is not based on the number of consonants/vowels or their position in the letter cluster."
REA-0977,2024,26 Sep | Shift 3,General Intelligence and Reasoning,Embedded / Completion / Counting,Figure completion,symmetry fill,Figure completion,Reasoning MCQ,Easy,Low,Easy,Random fill,Mirror/rotate given part,Symmetry fill,Check symmetry fit,25–45s,Symmetry,Identify the figure given in the options which when put in place of the question mark (?) will logically complete the series?
REA-0978,2024,26 Sep | Shift 3,General Intelligence and Reasoning,Analogy,Number analogy,operation across pair,Number analogy (a:b :: c:?),Symbolic MCQ,Easy,Medium,Easy,Digit-splitting,Find op mapping first pair; apply,Test squares/cubes first,Test options in mapping,35–60s,Whole-number ops,"624 is related to 160 following a certain logic. Following the same logic, 448 is related to 116. To which of the following is 528 related, following the same logic? (NOTE : Operations should be performed on the whole numbers, without breaking down the numbers into its constituent digits. E.g. 13 – Operations on 13 such as adding /deleting /multiplying etc., to 13 can be performed. Breaking down 13 into 1 and 3 and then performing mathematical operations on 1 and 3 is not allowed.)"
REA-0979,2024,26 Sep | Shift 3,General Intelligence and Reasoning,Embedded / Completion / Counting,Figure completion,symmetry fill,Figure completion,Reasoning MCQ,Easy,Low,Easy,Random fill,Mirror/rotate given part,Symmetry fill,Check symmetry fit,25–45s,Symmetry,Select the figure from among the given options that can replace the question mark (?) and logically complete the series.
REA-0980,2024,26 Sep | Shift 3,General Intelligence and Reasoning,Mathematical Operators,Sign-swap to balance,swap two operators,Sign-swap to balance,Symbolic MCQ,Easy,Low,Easy,No-bracket evaluation,Try option swaps; evaluate (BODMAS),Estimate-then-verify,Kill non-balancing fast,35–60s,BODMAS,What will come in the place of the question mark (?) in the following equation if ‘+’ and ‘×‘ are interchanged and ‘−’ and ‘÷’ are interchanged? 95 − 19 × 4 + 6 ÷ 16 = ?
REA-0981,2024,26 Sep | Shift 3,General Intelligence and Reasoning,Mirror / Water Images,Mirror image,left-right flip,Mirror image (lateral inversion),Reasoning MCQ,Easy,Low,Easy,Water-flip confusion,Flip L-R; keep top-bottom,L-R flip only,Eliminate non-flipped,20–35s,Lateral inversion,Select the correct mirror image of the given figure when the mirror is placed at MN.
REA-0982,2024,26 Sep | Shift 3,General Intelligence and Reasoning,Analogy,Number analogy,operation across pair,Number analogy (a:b :: c:?),Symbolic MCQ,Easy,Medium,Easy,Digit-splitting,Find op mapping first pair; apply,Test squares/cubes first,Test options in mapping,35–60s,Whole-number ops,"80 is related to 99 following certain logic. Following the same logic, 0 is related to 3. To which of the following numbers is 35 related, following the same logic? (NOTE : Operations should be performed on the whole numbers, without breaking down the numbers into its constituent digits. E.g. 13 – Operations on 13 such as adding /deleting /multiplying etc., to 13 can be performed. Breaking down 13 into 1 and 3 and then performing mathematical operations on 1 and 3 is not allowed.)"
REA-0983,2024,26 Sep | Shift 3,General Intelligence and Reasoning,Paper Folding & Cutting,Fold-punch-unfold trace,symmetric replication,Fold-punch-unfold trace,Reasoning MCQ,Easy,Low,Easy,Single-hole answer,Replay folds in reverse,Symmetry replication,Check symmetry axes,40–65s,Unfold reversal,A square sheet of paper is folded along the dotted line successively along the directions shown and is then punched in the last. How would the paper look when unfolded?
REA-0984,2024,26 Sep | Shift 3,General Intelligence and Reasoning,Mathematical Operators,Sign-swap to balance,swap two operators,Sign-swap to balance,Symbolic MCQ,Easy,Low,Easy,No-bracket evaluation,Try option swaps; evaluate (BODMAS),Estimate-then-verify,Kill non-balancing fast,35–60s,BODMAS,"What will come in place of the question mark (?) in the following equation, if ‘+’ and ‘–’ are interchanged and ‘×’ and ‘÷’ are interchanged? 2736 × 8 – 55 + 105 ÷ 2 = ?"
REA-0985,2024,26 Sep | Shift 3,General Intelligence and Reasoning,Number / Alphabet Series,Constant-shift alphabet series,"shift [3, 2, -3, -2] per step",Constant-shift alphabet series,Symbolic MCQ,Easy,Low,Easy,Reading as words,Shift each letter,Same,Check first-letter options,20–35s,A1Z26 shifts,"Which of the following terms will replace the question mark (?) in the given series? FHVQ, IJSO, LLPM, ONMK, ?"
REA-0986,2024,26 Sep | Shift 3,General Intelligence and Reasoning,Analogy,Letter/term analogy,positional mapping,Letter/term analogy (positional),Symbolic MCQ,Easy,Low,Easy,Reading as words,Map shifts pair 1; apply to pair 2,Shift-map once,Check first-letter options,35–60s,A1Z26 shifts,Select the option that is related to the fifth letter-cluster in the same way as the second letter-cluster is related to the first letter-cluster and the fourth letter-cluster is related to the third letter-cluster. WEL: DVO :: FOR: ULI :: SDX:?
REA-0987,2024,26 Sep | Shift 3,General Intelligence and Reasoning,Coding-Decoding,General code transform,encode/decode map,General code transform,Symbolic MCQ,Easy,Low,Hard,Assuming shift,Map Q→option transforms,Position map,Verify mapping,35–60s,Transform inventory,"In a certain code language, ‘open the door’ is coded as 'wu ko tn' and ‘door is solid’ is coded as ‘ko gk mb’. How is ‘door’ coded in the given language?"
REA-0988,2024,26 Sep | Shift 3,General Intelligence and Reasoning,Number / Alphabet Series,Alphabet-position series,A1Z26 logic,Alphabet-position series,Symbolic MCQ,Easy,Low,Easy,Reading letters,Convert; find numeric rule,Same,Test numeric fit,30–55s,A1Z26 map,"Select the option that represents the letters that, when sequentially placed from left to right in the blanks below, will complete the letter series. _ V D W Y _ D W Y V _ W Y _ D _"
REA-0989,2024,26 Sep | Shift 3,General Intelligence and Reasoning,Blood Relations,Coded relation,decode then traverse,Coded relation (symbol map),Reasoning MCQ,Medium,Medium,Easy,Gender assumption,Substitute meanings; walk the tree,Draw tree top-down,Check gender markers,45–75s,Tree drawing,"In a certain code language, ‘A + B’ means ‘A is the mother of B’; ‘A − B’ means ‘A is the brother of B’; ‘A × B’ means ‘A is the wife of B’ and ‘A ÷ B’ means ‘A is the father of B’. Based on the above, how is 4 related to 1 if ‘4 × 3 − 2 − 1’?"
REA-0990,2024,26 Sep | Shift 3,General Intelligence and Reasoning,Mirror / Water Images,Mirror image,left-right flip,Mirror image (lateral inversion),Reasoning MCQ,Easy,Low,Easy,Water-flip confusion,Flip L-R; keep top-bottom,L-R flip only,Eliminate non-flipped,20–35s,Lateral inversion,Select the correct mirror image of the given figure when the mirror is placed at MN as shown below.
REA-0991,2024,26 Sep | Shift 3,General Intelligence and Reasoning,Dice & Cubes,Standard dice opposite-face,adjacent-never-opposite,Standard dice opposite-face,Reasoning MCQ,Easy,Low,Easy,Opposite adjacency,Common-face rotation / adjacency elimination,Adjacency kills opposite,Check adjacency claims,30–50s,Dice nets,"Six letters I, O, A, Y, Z and X are written on different faces of a dice. Two positions of this dice are shown in the figures below. Find the letter on the face opposite to O."
REA-0992,2024,26 Sep | Shift 3,General Intelligence and Reasoning,Dictionary & Word Formation,Dictionary order,letter-by-letter compare,Dictionary order,Reasoning MCQ,Easy,Low,Easy,Whole-word guess,Compare 1st differing letter,First-difference only,Sort pairwise,25–40s,Lexicographic compare,The position of how many letters will remain unchanged if all the letters in the word MOLTEN are arranged in English alphabetical order?
REA-0993,2024,26 Sep | Shift 3,General Intelligence and Reasoning,Coding-Decoding,Alphanumeric / position-sum coding,letters ↔ numbers,Alphanumeric / position-sum coding,Symbolic MCQ,Easy,Low,Easy,A=0 indexing,Sum positions / reverse-sum; test,Position sums first,Verify sums match,30–50s,A1Z26 sums,"In a certain code language, ‘VTPM’ is coded as ‘37’ and ‘CGNK’ is coded as ‘73’. How will ‘MVLC’ be coded in the same language?"
REA-0994,2024,26 Sep | Shift 3,General Intelligence and Reasoning,Number / Alphabet Series,Second-order AP,second diff=4,Second-order AP (increasing differences),Symbolic MCQ,Easy,Low,Easy,Constant-diff guess,Build difference table,Last gap + last diff,Check last-gap options,30–50s,Difference tables,"Select the number from among the given options that can replace the question mark (?) in the following series. 672, 677, 686, 699, 716, ?"
REA-0995,2024,26 Sep | Shift 3,General Intelligence and Reasoning,Classification / Odd-One-Out,Group-of-four odd-out,arithmetic property,Group-of-four odd-out (content in options),Symbolic MCQ,Easy,Medium,Easy,Single-option focus,Test divisibility/parity/squares per option,Parity/divisibility first,Kill three alike,30–50s,Number properties,"Three of the following number-pairs are alike in some manner and hence form a group. Which number-pair does not belong to that group? (NOTE: Operations should be performed on the whole numbers, without breaking down the numbers into its constituent digits. E.g. 13 – Operations on 13 such as adding/subtracting/multiplying etc. to 13 can be performed. Breaking down 13 into 1 and 3 and then performing mathematical operations on 1 and 3 is not allowed.)"
REA-0996,2024,26 Sep | Shift 3,General Intelligence and Reasoning,Analogy,Letter/term analogy,positional mapping,Letter/term analogy (positional),Symbolic MCQ,Easy,Medium,Easy,Reading as words,Map shifts pair 1; apply to pair 2,Shift-map once,Check first-letter options,35–60s,A1Z26 shifts,Select the option that is related to the fifth letter cluster in the same way as the second letter cluster is related to the first letter cluster and the fourth letter cluster is related to the third letter cluster. IMPROVE : RPMIEVO :: HISTORY : TSIHYRO :: JOURNEY : ?
REA-0997,2024,26 Sep | Shift 3,General Intelligence and Reasoning,Syllogism & Conclusions,Three-statement syllogism,Venn chains,Three-statement syllogism,Statement battery,Medium,Medium,Easy,Middle-term leap,Draw overlapping circles; test each conclusion,Universal-first diagram,Kill false conclusions,45–75s,Venn method,"Three statements are given followed by three conclusions numbered I, II and III. Assuming the statements to be true, even if they seem to be at variance with commonly known facts, decide which of the conclusions logically follow(s) from the statements. Statements: Some cups are glasses. No glass is a stone. All stones are metals. Conclusions: I. All cups can never be stones. II. No cup is a metal. III. All metals can never be glasses."
REA-0998,2024,26 Sep | Shift 3,General Intelligence and Reasoning,Analogy,Number analogy,operation across pair,Number analogy (a:b :: c:?),Symbolic MCQ,Medium,High,Easy,Digit-splitting,Find op mapping first pair; apply,Test squares/cubes first,Test options in mapping,35–60s,Whole-number ops,"In the following number-pairs, the second number is obtained by applying certain mathematical operations to the first number. Select the set in which the numbers are related in the same way as are the numbers of the following sets. (NOTE : Operations should be performed on the whole numbers, without breaking down the numbers into its constituent digits. E.g. 13 – Operations on 13 such as adding /deleting /multiplying etc., to 13 can be performed. Breaking down 13 into 1 and 3 and then performing mathematical operations on 1 and 3 is not allowed.) (96, 29) (112, 33)"
REA-0999,2024,26 Sep | Shift 3,General Intelligence and Reasoning,Syllogism & Conclusions,Three-statement syllogism,Venn chains,Three-statement syllogism,Statement battery,Medium,Medium,Easy,Middle-term leap,Draw overlapping circles; test each conclusion,Universal-first diagram,Kill false conclusions,45–75s,Venn method,"In this question, three statements are given, followed by three conclusions numbered I, II and III. Assuming the statements to be true, even if they seem to be at variance with commonly known facts, decide which of the conclusions logically follow(s) from the statements. Statements: All phones are TVs. Some TVs are big. Some big are cars. Conclusions: I.Some TVs are phones. II.Some big are TVs. III.All big are cars."
REA-1000,2024,26 Sep | Shift 3,General Intelligence and Reasoning,Embedded / Completion / Counting,Count geometric figures,systematic enumeration,Count geometric figures,Reasoning MCQ,Easy,Low,Easy,Double counting,Count by size class; sum,Size-class table,Verify against options,45–75s,Class-wise count,How many triangles are there in the given figure?
REA-1001,2024,9 Sep | Shift 1,General Intelligence and Reasoning,Mathematical Operators,Sign-swap to balance,swap two operators,Sign-swap to balance,Symbolic MCQ,Easy,Low,Easy,No-bracket evaluation,Try option swaps; evaluate (BODMAS),Estimate-then-verify,Kill non-balancing fast,35–60s,BODMAS,"What will come in place of the question mark (?) in the following equation, if ‘+’ and ‘–’ are interchanged and ‘×’ and ‘÷’ are interchanged? 4515 × 5 – 431 ÷ 3 + 821 = ?"
REA-1002,2024,9 Sep | Shift 1,General Intelligence and Reasoning,Analogy,Number analogy,operation across pair,Number analogy (a:b :: c:?),Symbolic MCQ,Easy,Medium,Easy,Digit-splitting,Find op mapping first pair; apply,Test squares/cubes first,Test options in mapping,35–60s,Whole-number ops,"31 is related to 152 by certain logic. Following the same logic, 47 is related to 168. To which of the following is 66 related, following the same logic? (NOTE : Operations should be performed on the whole numbers, without breaking down the numbers into its constituent digits. E.g. 13 – Operations on 13 such as adding /deleting /multiplying etc., to 13 can be performed. Breaking down 13 into 1 and 3 and then performing mathematical operations on 1 and 3 is not allowed.)"
REA-1003,2024,9 Sep | Shift 1,General Intelligence and Reasoning,Dice & Cubes,Standard dice opposite-face,adjacent-never-opposite,Standard dice opposite-face,Reasoning MCQ,Easy,Low,Easy,Opposite adjacency,Common-face rotation / adjacency elimination,Adjacency kills opposite,Check adjacency claims,30–50s,Dice nets,"Six letters Q, Z, V, T, L and A are written on different faces of a dice. Two positions of this dice are shown in the figures below. Find the letter on the face opposite to Q."
REA-1004,2024,9 Sep | Shift 1,General Intelligence and Reasoning,Mathematical Operators,Odd operation-pair out,common operation,Odd operation-pair out,Symbolic MCQ,Medium,High,Easy,Single-pair rule,Extract op from two pairs; test rest,Difference/ratio scan,Test candidate odd,35–60s,Operation scan,"In the following number-pairs, the second number is obtained by applying certain mathematical operations to the first number. In three of the four pairs, the same pattern is applied and hence they form a group. Select the number-pair that DOES NOT belong to this group. (NOTE: Operations should be performed on the whole numbers, without breaking down the numbers into their constituent digits. E.g. 13 – Operations on 13 such as adding/subtracting/multiplying to 13 can be performed. Breaking down 13 into 1 and 3 and then performing mathematical operations on 1 and 3 is not allowed.)"
REA-1005,2024,9 Sep | Shift 1,General Intelligence and Reasoning,Coding-Decoding,Letter transform,per-position mapping,Letter transform (mixed shifts),Symbolic MCQ,Easy,Low,Easy,Assuming uniform shift,Map every position 1:1; apply,Ends-first check,Verify full mapping,40–65s,Position mapping,"In a certain code language, 'NAME’ is written as 'FNBO' and 'NANO' is written as 'POBO’. How will 'NAIL’ be written in that language?"
REA-1006,2024,9 Sep | Shift 1,General Intelligence and Reasoning,Blood Relations,Direct relation,single-hop map,Direct relation (1–2 links),Reasoning MCQ,Medium,Medium,Easy,Gender flip,Direct map; check gender,Same,Verify gender,25–40s,Relation map,The question contains pairs of words that are related to each other in a certain way. Three of the following four word pairs are alike as these have the same relationship and thus form a group. Which word pair is the one that DOES NOT belong to that group? (The words must be considered as meaningful English words and must not be related to each other based on the number of letters/number of consonants/vowels in the word.)
REA-1007,2024,9 Sep | Shift 1,General Intelligence and Reasoning,Dictionary & Word Formation,Dictionary order,letter-by-letter compare,Dictionary order,Reasoning MCQ,Easy,Low,Easy,Whole-word guess,Compare 1st differing letter,First-difference only,Sort pairwise,25–40s,Lexicographic compare,The position of how many letters will remain unchanged if each of the letters in the word ‘NIGHTMARES’ is re-arranged in the English alphabetical order from left to right?
REA-1008,2024,9 Sep | Shift 1,General Intelligence and Reasoning,Mathematical Operators,Sign-swap to balance,swap two operators,Sign-swap to balance,Symbolic MCQ,Easy,Low,Easy,No-bracket evaluation,Try option swaps; evaluate (BODMAS),Estimate-then-verify,Kill non-balancing fast,35–60s,BODMAS,"What will come in the place of ‘?’ in the following equation, if ‘+’ and ‘–‘ are interchanged and ‘×’ and ‘÷’ are interchanged? 5 – 4 ÷ 9 + 80 × 10 = ?"
REA-1009,2024,9 Sep | Shift 1,General Intelligence and Reasoning,Blood Relations,Coded relation,decode then traverse,Coded relation (symbol map),Reasoning MCQ,Medium,Medium,Easy,Gender assumption,Substitute meanings; walk the tree,Draw tree top-down,Check gender markers,45–75s,Tree drawing,"Select the option in which the numbers share the same relationship as that shared by the given pair of numbers. (149, 213) (168, 232) (NOTE: Operations should be performed on the whole numbers, without breaking down the numbers into its constituent digits. E.g. 13 – Operations on 13 such as adding/deleting/multiplying etc. to 13 can be performed. Breaking down 13 into 1 and 3 and then performing mathematical operations on 1 and 3 is not allowed.)"
REA-1010,2024,9 Sep | Shift 1,General Intelligence and Reasoning,Mirror / Water Images,Mirror image,left-right flip,Mirror image (lateral inversion),Reasoning MCQ,Easy,Low,Easy,Water-flip confusion,Flip L-R; keep top-bottom,L-R flip only,Eliminate non-flipped,20–35s,Lateral inversion,Select the correct mirror image of the given figure when the mirror is placed at MN as shown below.
REA-1011,2024,9 Sep | Shift 1,General Intelligence and Reasoning,Analogy,Letter/term analogy,positional mapping,Letter/term analogy (positional),Symbolic MCQ,Easy,Low,Easy,Reading as words,Map shifts pair 1; apply to pair 2,Shift-map once,Check first-letter options,35–60s,A1Z26 shifts,Select the option that is related to the fifth letter-cluster in the same way as the second letter-cluster is related to the first letter-cluster and the fourth letter-cluster is related to the third letter-cluster. MEK: NVP :: GYT: TBG :: JWH:?
REA-1012,2024,9 Sep | Shift 1,General Intelligence and Reasoning,Syllogism & Conclusions,Three-statement syllogism,Venn chains,Three-statement syllogism,Statement battery,Medium,Medium,Easy,Middle-term leap,Draw overlapping circles; test each conclusion,Universal-first diagram,Kill false conclusions,45–75s,Venn method,"Three statements are given followed by three conclusions numbered I, II and III. Assuming the statements to be true, even if they seem to be at variance with commonly known facts, decide which of the conclusions logically follow(s) from the statements. Statements: No card is a parcel. All cards are envelopes. Some envelopes are bags. Conclusions: I. All envelopes can never be parcels. II. No card is a bag. III. At least some bags are postcards."
REA-1013,2024,9 Sep | Shift 1,General Intelligence and Reasoning,Mirror / Water Images,Mirror image,left-right flip,Mirror image (lateral inversion),Reasoning MCQ,Easy,Low,Easy,Water-flip confusion,Flip L-R; keep top-bottom,L-R flip only,Eliminate non-flipped,20–35s,Lateral inversion,Select the correct mirror image of the given figure when the mirror is placed at MN as shown.
REA-1014,2024,9 Sep | Shift 1,General Intelligence and Reasoning,Embedded / Completion / Counting,Figure completion,symmetry fill,Figure completion,Reasoning MCQ,Easy,Low,Easy,Random fill,Mirror/rotate given part,Symmetry fill,Check symmetry fit,25–45s,Symmetry,Identify the option figure that when put in place of the question mark (?) will logically complete the series.
REA-1015,2024,9 Sep | Shift 1,General Intelligence and Reasoning,Number / Alphabet Series,Constant-shift alphabet series,"shift [1, 2] per step",Constant-shift alphabet series,Symbolic MCQ,Easy,Low,Easy,Reading as words,Shift each letter,Same,Check first-letter options,20–35s,A1Z26 shifts,"Which of the four options will replace the question mark (?) in the following series? UE 88, VG 84, WI 80, XK76, ?"
REA-1016,2024,9 Sep | Shift 1,General Intelligence and Reasoning,Number / Alphabet Series,Letter-blank fill series,slot completion,Letter-blank fill series (A_BB…),Symbolic MCQ,Easy,Low,Easy,Left-to-right guess,Find repeating block; fill,Block-length test,Test block options,30–50s,Repeating blocks,Select the option that represents the letters that when placed from left to right in the blanks below will complete the letter series. L_P_QS_K_P_S_KP_Q_L_ _PQS
REA-1017,2024,9 Sep | Shift 1,General Intelligence and Reasoning,Embedded / Completion / Counting,Figure completion,symmetry fill,Figure completion,Reasoning MCQ,Easy,Low,Easy,Random fill,Mirror/rotate given part,Symmetry fill,Check symmetry fit,25–45s,Symmetry,"Identify the figure from the given options, which when put in place of the question mark (?), will logically complete the series."
REA-1018,2024,9 Sep | Shift 1,General Intelligence and Reasoning,Dice & Cubes,Standard dice opposite-face,adjacent-never-opposite,Standard dice opposite-face,Reasoning MCQ,Easy,Low,Easy,Opposite adjacency,Common-face rotation / adjacency elimination,Adjacency kills opposite,Check adjacency claims,30–50s,Dice nets,"Six numbers 21, 22, 23, 24, 25 and 26 are written on different faces of a dice. Three positions of this dice are shown in the figure. Find the number on the face opposite to 24."
REA-1019,2024,9 Sep | Shift 1,General Intelligence and Reasoning,Embedded / Completion / Counting,Count geometric figures,systematic enumeration,Count geometric figures,Reasoning MCQ,Easy,Low,Easy,Double counting,Count by size class; sum,Size-class table,Verify against options,45–75s,Class-wise count,How many triangles are there in the given figure?
REA-1020,2024,9 Sep | Shift 1,General Intelligence and Reasoning,Coding-Decoding,General code transform,encode/decode map,General code transform,Symbolic MCQ,Easy,Low,Hard,Assuming shift,Map Q→option transforms,Position map,Verify mapping,35–60s,Transform inventory,"In a certain code language, ‘what where how’ is written as ‘aa dd ff’; ‘where there that’ is written as ‘dd zz pp’ and ‘which what here’ is written as ‘ff kk ll’. How is ‘how’ written in that language?"
REA-1021,2024,9 Sep | Shift 1,General Intelligence and Reasoning,Syllogism & Conclusions,Three-statement syllogism,Venn chains,Three-statement syllogism,Statement battery,Medium,Medium,Easy,Middle-term leap,Draw overlapping circles; test each conclusion,Universal-first diagram,Kill false conclusions,45–75s,Venn method,"Three statements are given followed by three conclusions numbered I, II and III. Assuming the statements to be true, even if they seem to be at variance with commonly known facts, decide which of the conclusions logically follow(s) from the statements. Statements: Some tears are drops. Some drops are streams. All streams are rivers. Conclusions: I. All tears can never be rivers. II. Some drops are rivers. III. All tears being streams is a possibility."
REA-1022,2024,9 Sep | Shift 1,General Intelligence and Reasoning,Number / Alphabet Series,Alternating alphabet pattern,two interleaved rules,Alternating alphabet pattern,Symbolic MCQ,Easy,Low,Easy,Single rule,Split odd/even terms,Parity check,Check parity fit,35–55s,Interleaving,"Which of the following terms will replace the question mark (?) in the given series? YZUW, ?, QTQU, MQOT, INMS"
REA-1023,2024,9 Sep | Shift 1,General Intelligence and Reasoning,Blood Relations,Coded relation,decode then traverse,Coded relation (symbol map),Reasoning MCQ,Hard,High,Easy,Gender assumption,Substitute meanings; walk the tree,Draw tree top-down,Check gender markers,45–75s,Tree drawing,"In a certain code language, ‘A + B’ means ‘A is the mother of B’, ‘A – B’ means ‘A is the father of B’, ‘A $ B’ means ‘A is the son of B’, ‘A % B’ means ‘A is the sister of B’, ‘A / B’ means ‘A is the wife of B’ and ‘A = B’ means ‘A is the brother of B’. Which of the following means A is the daughter of K? i. A + K / J – P = D ii. J % P = K + A = D iii. K + A / P – D % J iv. D + K = A / P – J"
REA-1024,2024,9 Sep | Shift 1,General Intelligence and Reasoning,Analogy,Number analogy,operation across pair,Number analogy (a:b :: c:?),Symbolic MCQ,Easy,Medium,Easy,Digit-splitting,Find op mapping first pair; apply,Test squares/cubes first,Test options in mapping,35–60s,Whole-number ops,"19 is related to 209 following a certain logic. Following the same logic, 27 is related to 297. To which of the following is 61 related, following the same logic? (NOTE: Operations should be performed on the whole numbers, without breaking down the numbers into its constituent digits. E.g. 13 – Operations on 13 such as adding /deleting /multiplying etc. to 13 can be performed. Breaking down 13 into 1 and 3 and then performing mathematical operations on 1 and 3 is not allowed)"
REA-1025,2024,9 Sep | Shift 1,General Intelligence and Reasoning,Number / Alphabet Series,Mixed-operation series,combined rules,Mixed-operation series,Symbolic MCQ,Easy,Low,Easy,Single-rule force,Try halves/alternation/split,Option back-fit,Test options in sequence,45–75s,Multi-rule toolkit,"Which of the following numbers will replace the question mark (?) in the given series? 1, 3, 10, 41, ?, 1237"
REA-1026,2024,9 Sep | Shift 2,General Intelligence and Reasoning,Embedded / Completion / Counting,Count geometric figures,systematic enumeration,Count geometric figures,Reasoning MCQ,Easy,Low,Easy,Double counting,Count by size class; sum,Size-class table,Verify against options,45–75s,Class-wise count,How many triangles are there in the given figure?
REA-1027,2024,9 Sep | Shift 2,General Intelligence and Reasoning,Mirror / Water Images,Mirror image,left-right flip,Mirror image (lateral inversion),Reasoning MCQ,Easy,Low,Easy,Water-flip confusion,Flip L-R; keep top-bottom,L-R flip only,Eliminate non-flipped,20–35s,Lateral inversion,Select the correct mirror image of the given figure when the mirror is placed at MN as shown.
REA-1028,2024,9 Sep | Shift 2,General Intelligence and Reasoning,Mirror / Water Images,Mirror image,left-right flip,Mirror image (lateral inversion),Reasoning MCQ,Easy,Low,Easy,Water-flip confusion,Flip L-R; keep top-bottom,L-R flip only,Eliminate non-flipped,20–35s,Lateral inversion,Select the correct mirror image of the given figure when the mirror is placed at MN as shown below.
REA-1029,2024,9 Sep | Shift 2,General Intelligence and Reasoning,Analogy,Number analogy,operation across pair,Number analogy (a:b :: c:?),Symbolic MCQ,Easy,Medium,Easy,Digit-splitting,Find op mapping first pair; apply,Test squares/cubes first,Test options in mapping,35–60s,Whole-number ops,"Select the triad in which the numbers are related in the same way as are the numbers of the following triads. (NOTE: Operations should be performed on the whole numbers, without breaking down the numbers into its constituent digits. E.g., 13 – Operations on 13 such as adding/deleting/multiplying etc. to 13 can be performed. Breaking down 13 into 1 and 3 and then performing mathematical operations on 1 and 3 is not allowed.) (2, 3, 17) (5, 2, 21)"
REA-1030,2024,9 Sep | Shift 2,General Intelligence and Reasoning,Number / Alphabet Series,Alphabet-position series,A1Z26 logic,Alphabet-position series,Symbolic MCQ,Easy,Medium,Easy,Reading letters,Convert; find numeric rule,Same,Test numeric fit,30–55s,A1Z26 map,Select the option that represents the letters that when placed from left to right in the blanks below will complete the given letter series. N _ B A N A _ A _ A N A N A B _ N A N A B A _ A N A
REA-1031,2024,9 Sep | Shift 2,General Intelligence and Reasoning,Coding-Decoding,General code transform,encode/decode map,General code transform,Symbolic MCQ,Easy,Low,Hard,Assuming shift,Map Q→option transforms,Position map,Verify mapping,35–60s,Transform inventory,"In a certain code language, ‘let it go’ is coded as ‘vc nt ap’ and ‘this is it’ is coded as ‘mq vc lh’. What is the code for ‘it’ in that language?"
REA-1032,2024,9 Sep | Shift 2,General Intelligence and Reasoning,Syllogism & Conclusions,Three-statement syllogism,Venn chains,Three-statement syllogism,Statement battery,Medium,Medium,Easy,Middle-term leap,Draw overlapping circles; test each conclusion,Universal-first diagram,Kill false conclusions,45–75s,Venn method,"In this question, three statements are given, followed by three conclusions numbered I, II and III. Assuming the statements to be true, even if they seem to be at variance with commonly known facts, decide which of the conclusions logically follow(s) from the statements. Statements: All fans are brown. Some brown are chairs. Some chairs are plastic. Conclusions: I.Some brown are fans. II.Some chairs are brown. III.No chair is plastic."
REA-1033,2024,9 Sep | Shift 2,General Intelligence and Reasoning,Embedded / Completion / Counting,Figure completion,symmetry fill,Figure completion,Reasoning MCQ,Easy,Low,Easy,Random fill,Mirror/rotate given part,Symmetry fill,Check symmetry fit,25–45s,Symmetry,Select the figure from among the given options that can replace the question mark (?) and logically complete the series.
REA-1034,2024,9 Sep | Shift 2,General Intelligence and Reasoning,Blood Relations,Coded relation,decode then traverse,Coded relation (symbol map),Reasoning MCQ,Medium,Medium,Easy,Gender assumption,Substitute meanings; walk the tree,Draw tree top-down,Check gender markers,45–75s,Tree drawing,"In a certain code language, R + T means ‘R is the sister of T’. R – T means ‘R is the father of T’. R * T means ‘R is the wife of T’. R ÷ T means ‘R is the mother of T’. Based on the above, how is F related to C if ‘A + B – C ÷ D * E – F ÷ G’?"
REA-1035,2024,9 Sep | Shift 2,General Intelligence and Reasoning,Blood Relations,Coded relation,decode then traverse,Coded relation (symbol map),Reasoning MCQ,Medium,Medium,Easy,Gender assumption,Substitute meanings; walk the tree,Draw tree top-down,Check gender markers,45–75s,Tree drawing,Select the word-pair that best represents a similar relationship to the one expressed in the pair of words given below. (The words must be considered as meaningful English words and must NOT be related to each other based on the number of letters/number of consonants/vowels in the word) Egypt : Nile
REA-1036,2024,9 Sep | Shift 2,General Intelligence and Reasoning,Coding-Decoding,General code transform,encode/decode map,General code transform,Symbolic MCQ,Easy,Low,Hard,Assuming shift,Map Q→option transforms,Position map,Verify mapping,35–60s,Transform inventory,"In a certain code language, ‘It’s your life’ is written as ‘Ao Bo Co’ and ‘It’s your food’ is written as ‘Ba Co Bo’. How will ‘food’ be written in that language?"
REA-1037,2024,9 Sep | Shift 2,General Intelligence and Reasoning,Dictionary & Word Formation,Dictionary order,letter-by-letter compare,Dictionary order,Reasoning MCQ,Easy,Low,Easy,Whole-word guess,Compare 1st differing letter,First-difference only,Sort pairwise,25–40s,Lexicographic compare,"The position of how many letters will change, if each of the letters in the word ‘SYSTEM’ is arranged in the English alphabetical order?"
REA-1038,2024,9 Sep | Shift 2,General Intelligence and Reasoning,Embedded / Completion / Counting,Figure completion,symmetry fill,Figure completion,Reasoning MCQ,Easy,Low,Easy,Random fill,Mirror/rotate given part,Symmetry fill,Check symmetry fit,25–45s,Symmetry,Identify the figure given in the options which when put in place of the question mark (?) will logically complete the series.
REA-1039,2024,9 Sep | Shift 2,General Intelligence and Reasoning,Number / Alphabet Series,Second-order AP,second diff=3,Second-order AP (increasing differences),Symbolic MCQ,Easy,Low,Easy,Constant-diff guess,Build difference table,Last gap + last diff,Check last-gap options,30–50s,Difference tables,"Select the number from among the given options that can replace the question mark (?) in the following series. 99, 123, 150, 180, 213, ?"
REA-1040,2024,9 Sep | Shift 2,General Intelligence and Reasoning,Syllogism & Conclusions,Standard syllogism,Venn chains,Standard syllogism (statements + conclusions),Statement battery,Medium,Medium,Easy,Middle-term leap,Draw overlapping circles; test each conclusion,Universal-first diagram,Kill absolute-word conclusions,45–75s,Venn method,Read the given statements and conclusions carefully. You have to take the given statements to be true even if they seem to be at variance from commonly known facts. You have to decide which conclusion(s) logically follow(s) from the given statements Statements: No river is a mountain. Some rivers are animals. Some birds are mountains. Conclusions: I: No animal is a mountain. II: No river is a bird.
REA-1041,2024,9 Sep | Shift 2,General Intelligence and Reasoning,Analogy,Number analogy,operation across pair,Number analogy (a:b :: c:?),Symbolic MCQ,Easy,Medium,Easy,Digit-splitting,Find op mapping first pair; apply,Test squares/cubes first,Test options in mapping,35–60s,Whole-number ops,"Select the set in which the numbers are related in the same way as are the numbers of the following sets. (NOTE: Operations should be performed on the whole numbers, without breaking down the numbers into its constituent digits. E.g. 13 – Operations on 13 such as adding /deleting /multiplying etc. to 13 can be performed. Breaking down 13 into 1 and 3 and then performing mathematical operations on 1 and 3 is not allowed.) (18, 378, 7) (14, 210, 5)"
REA-1042,2024,9 Sep | Shift 2,General Intelligence and Reasoning,Analogy,Number analogy,operation across pair,Number analogy (a:b :: c:?),Symbolic MCQ,Easy,Medium,Easy,Digit-splitting,Find op mapping first pair; apply,Test squares/cubes first,Test options in mapping,35–60s,Whole-number ops,"Select the triad in which the numbers are related in the same way as are the numbers of the given triads. (16, 33, 67), (19, 39, 79) (NOTE : Operations should be performed on the whole numbers, without breaking down the numbers into its constituent digits. E.g. 13 – Operations on 13 such as adding /deleting /multiplying etc. to 13 can be performed. Breaking down 13 into 1 and 3 and then performing mathematical operations on 1 and 3 is not allowed)"
REA-1043,2024,9 Sep | Shift 2,General Intelligence and Reasoning,Mathematical Operators,Odd operation-pair out,common operation,Odd operation-pair out,Symbolic MCQ,Easy,Medium,Easy,Single-pair rule,Extract op from two pairs; test rest,Difference/ratio scan,Test candidate odd,35–60s,Operation scan,"The same operation(s) are followed in all the given number pairs except one. Find that odd number pair. (NOTE : Operations should be performed on the whole numbers, without breaking down the numbers into its constituent digits. E.g. 13 – Operations on 13 such as adding /deleting /multiplying etc., to 13 can be performed. Breaking down 13 into 1 and 3 and then performing mathematical operations on 1 and 3 is not allowed.)bxs"
REA-1044,2024,9 Sep | Shift 2,General Intelligence and Reasoning,Paper Folding & Cutting,Fold-punch-unfold trace,symmetric replication,Fold-punch-unfold trace,Reasoning MCQ,Easy,Low,Easy,Single-hole answer,Replay folds in reverse,Symmetry replication,Check symmetry axes,40–65s,Unfold reversal,A paper is folded and cut as shown below. How will it appear when unfolded?
REA-1045,2024,9 Sep | Shift 2,General Intelligence and Reasoning,Paper Folding & Cutting,Fold-punch-unfold trace,symmetric replication,Fold-punch-unfold trace,Reasoning MCQ,Easy,Low,Easy,Single-hole answer,Replay folds in reverse,Symmetry replication,Check symmetry axes,40–65s,Unfold reversal,A square sheet of paper is folded along the dotted lines successively in the directions shown and is then punched in the last. How would the paper look when unfolded?
REA-1046,2024,9 Sep | Shift 2,General Intelligence and Reasoning,Classification / Odd-One-Out,Group-of-four odd-out,arithmetic property,Group-of-four odd-out (content in options),Symbolic MCQ,Easy,Medium,Easy,Single-option focus,Test divisibility/parity/squares per option,Parity/divisibility first,Kill three alike,30–50s,Number properties,Three of the following four letter-cluster pairs are alike in a certain way and thus form a group. Which is the letter-cluster pair that does NOT belong to that group? (Note: The odd one out is not based on the number of consonants/vowels or their positions in the letter-cluster.)
REA-1047,2024,9 Sep | Shift 2,General Intelligence and Reasoning,Mathematical Operators,Sign-swap to balance,swap two operators,Sign-swap to balance,Symbolic MCQ,Easy,Low,Easy,No-bracket evaluation,Try option swaps; evaluate (BODMAS),Estimate-then-verify,Kill non-balancing fast,35–60s,BODMAS,"What will come in place of the question mark (?) in the following equation, if ‘+’ and ‘–’ are interchanged and ‘×’ and ‘÷’ are interchanged? 1604 × 4 – 525 ÷ 5 + 73 = ?"
REA-1048,2024,9 Sep | Shift 2,General Intelligence and Reasoning,Number / Alphabet Series,Alternating alphabet pattern,two interleaved rules,Alternating alphabet pattern,Symbolic MCQ,Easy,Low,Easy,Single rule,Split odd/even terms,Parity check,Check parity fit,35–55s,Interleaving,"Select the letter-cluster from among the given options that can replace the question mark (?) to complete the given series. BVTO, DTVM, ?, HPZI, JNBG"
REA-1049,2024,9 Sep | Shift 2,General Intelligence and Reasoning,Number / Alphabet Series,Constant-difference series,AP with d=-4,Constant-difference series,Symbolic MCQ,Easy,Low,Easy,Assuming +1,Add d each step,Extend one step,Eliminate non-AP options,15–30s,AP extension,"Select the option that can replace the question mark (?) in the following series. VO39, TM35, RK31, PI27, ?"
REA-1050,2024,9 Sep | Shift 2,General Intelligence and Reasoning,Mathematical Operators,Sign-swap to balance,swap two operators,Sign-swap to balance,Symbolic MCQ,Easy,Low,Easy,No-bracket evaluation,Try option swaps; evaluate (BODMAS),Estimate-then-verify,Kill non-balancing fast,35–60s,BODMAS,"What will come in the place of ‘?’ in the following equation, if ‘+’ and ‘–‘ are interchanged and ‘×’ and ‘÷’ are interchanged? 4 ÷ 6 + 91 × 7 − 5 = ?"
REA-1051,2024,9 Sep | Shift 3,General Intelligence and Reasoning,Analogy,Letter/term analogy,positional mapping,Letter/term analogy (positional),Symbolic MCQ,Easy,Low,Easy,Reading as words,Map shifts pair 1; apply to pair 2,Shift-map once,Check first-letter options,35–60s,A1Z26 shifts,Select the option that is related to the fifth letter-cluster in the same way as the second letter-cluster is related to the first letter-cluster and the fourth letter-cluster is related to the third letter-cluster. CWE:ZFX ::PYT:MDI :: KIL:?
REA-1052,2024,9 Sep | Shift 3,General Intelligence and Reasoning,Number / Alphabet Series,Alphabet-position series,A1Z26 logic,Alphabet-position series,Symbolic MCQ,Easy,Low,Easy,Reading letters,Convert; find numeric rule,Same,Test numeric fit,30–55s,A1Z26 map,"Which of the following terms will replace the question mark (?) in the given series? MFT, NIS, PLQ, SON, WRJ, ?"
REA-1053,2024,9 Sep | Shift 3,General Intelligence and Reasoning,Dice & Cubes,Standard dice opposite-face,adjacent-never-opposite,Standard dice opposite-face,Reasoning MCQ,Easy,Low,Easy,Opposite adjacency,Common-face rotation / adjacency elimination,Adjacency kills opposite,Check adjacency claims,30–50s,Dice nets,"Six letters P, Q, R, S, T and U are written on different faces of a dice. Two positions of this dice are shown in the figure below. Find the letter on the face opposite to R."
REA-1054,2024,9 Sep | Shift 3,General Intelligence and Reasoning,Classification / Odd-One-Out,Group-of-four odd-out,arithmetic property,Group-of-four odd-out (content in options),Symbolic MCQ,Easy,Medium,Easy,Single-option focus,Test divisibility/parity/squares per option,Parity/divisibility first,Kill three alike,30–50s,Number properties,"Three of the following numbers are alike in a certain way and one is different. Pick the odd one out. (NOTE : Operations should be performed on the whole numbers, without breaking down the numbers into its constituent digits. E.g. 13 – Operations on 13 such as adding /deleting /multiplying etc., to 13 can be performed. Breaking down 13 into 1 and 3 and then performing mathematical operations on 1 and 3 is not allowed.)"
REA-1055,2024,9 Sep | Shift 3,General Intelligence and Reasoning,Dice & Cubes,Standard dice opposite-face,adjacent-never-opposite,Standard dice opposite-face,Reasoning MCQ,Easy,Low,Easy,Opposite adjacency,Common-face rotation / adjacency elimination,Adjacency kills opposite,Check adjacency claims,30–50s,Dice nets,"Six letters A, M, R, S, Y and Q are written on different faces of a dice. Two positions of this dice are shown in the figures below. Find the letter on the face opposite to S."
REA-1056,2024,9 Sep | Shift 3,General Intelligence and Reasoning,Embedded / Completion / Counting,Embedded,part-whole spotting,Embedded (hidden) figure,Reasoning MCQ,Easy,Low,Easy,Rotated blindness,Match lines/angles inventory,Distinctive-part hunt,Eliminate size-mismatch,30–50s,Line inventory,Select the option figure in which the given figure (X) is embedded (rotation is NOT allowed).
REA-1057,2024,9 Sep | Shift 3,General Intelligence and Reasoning,Mathematical Operators,Sign-swap to balance,swap two operators,Sign-swap to balance,Symbolic MCQ,Easy,Low,Easy,No-bracket evaluation,Try option swaps; evaluate (BODMAS),Estimate-then-verify,Kill non-balancing fast,35–60s,BODMAS,Which two numbers (not digits) should be interchanged to make the given equation correct? 24 ÷ 3 – 4 × 2 + 6 × 5 +12 = 50
REA-1058,2024,9 Sep | Shift 3,General Intelligence and Reasoning,Embedded / Completion / Counting,Count geometric figures,systematic enumeration,Count geometric figures,Reasoning MCQ,Easy,Low,Easy,Double counting,Count by size class; sum,Size-class table,Verify against options,45–75s,Class-wise count,How many triangles are there in the given figure?
REA-1059,2024,9 Sep | Shift 3,General Intelligence and Reasoning,Venn Diagram,Venn class diagram,set inclusion,Venn class diagram,Reasoning MCQ,Easy,Low,Easy,Partial overlap default,Separate vs overlap vs subset,Subset-first test,Check overlap logic,25–40s,Set relations,Study the given diagram carefully and answer the question that follows. The numbers in different sections indicate the number of persons who have applied for different posts. What is the total number of persons who have applied for more than one post?
REA-1060,2024,9 Sep | Shift 3,General Intelligence and Reasoning,Embedded / Completion / Counting,Figure completion,symmetry fill,Figure completion,Reasoning MCQ,Easy,Low,Easy,Random fill,Mirror/rotate given part,Symmetry fill,Check symmetry fit,25–45s,Symmetry,Select the option that will replace the question mark (?) in the figure given below to complete the pattern.
REA-1061,2024,9 Sep | Shift 3,General Intelligence and Reasoning,Figure-Based (Image),Figure task,visual reasoning,Figure task (needs PDF),Figure-based,Easy,Low,Easy,—,Refer original PDF figure,Same,As applicable,60–90s,—,[image/figure-based content -- see original PDF]
REA-1062,2024,9 Sep | Shift 3,General Intelligence and Reasoning,Dictionary & Word Formation,Dictionary order,letter-by-letter compare,Dictionary order,Reasoning MCQ,Easy,Low,Easy,Whole-word guess,Compare 1st differing letter,First-difference only,Sort pairwise,25–40s,Lexicographic compare,The position of how many letters will remain unchanged if each of the letter in the word ‘JANITOR’ is arranged in English alphabetical order?
REA-1063,2024,9 Sep | Shift 3,General Intelligence and Reasoning,Classification / Odd-One-Out,Letter-cluster classification,positional property,Letter-cluster classification,Symbolic MCQ,Easy,Low,Easy,Reading as words,Convert to numbers; find property break,Vowel/consonant + shift scan,Kill three alike,30–50s,A1Z26 + parity,"Four letter-clusters have been given, out of which three are alike in some manner and one is different. Select the letter-cluster that is different. Note: The odd one out is not based on the number of consonants/vowels or their position in the letter cluster."
REA-1064,2024,9 Sep | Shift 3,General Intelligence and Reasoning,Number / Alphabet Series,Alphabet-position series,A1Z26 logic,Alphabet-position series,Symbolic MCQ,Easy,Low,Easy,Reading letters,Convert; find numeric rule,Same,Test numeric fit,30–55s,A1Z26 map,Select the combination of letters that when sequentially placed in the blanks of the given series will complete the series. P _ A A _ _ Z A _V _ _ A _ _
REA-1065,2024,9 Sep | Shift 3,General Intelligence and Reasoning,Number / Alphabet Series,Alternating alphabet pattern,two interleaved rules,Alternating alphabet pattern,Symbolic MCQ,Easy,Low,Easy,Single rule,Split odd/even terms,Parity check,Check parity fit,35–55s,Interleaving,"Which of the four options will replace the question mark (?) in the following series? XF 11 , YI 15, ZL 19 , AO 23, ?"
REA-1066,2024,9 Sep | Shift 3,General Intelligence and Reasoning,Coding-Decoding,General code transform,encode/decode map,General code transform,Symbolic MCQ,Easy,Low,Hard,Assuming shift,Map Q→option transforms,Position map,Verify mapping,35–60s,Transform inventory,"In a certain code language, ‘SILK’ is written as ‘TIML’ and ‘INSECT’ is written as ‘IOTEDU’. How will ‘CHANGE’ be written in that language?"
REA-1067,2024,9 Sep | Shift 3,General Intelligence and Reasoning,Mathematical Operators,Sign-swap to balance,swap two operators,Sign-swap to balance,Symbolic MCQ,Easy,Low,Easy,No-bracket evaluation,Try option swaps; evaluate (BODMAS),Estimate-then-verify,Kill non-balancing fast,35–60s,BODMAS,"What will come in place of the question mark (?) in the following equation, if ‘+’ and ‘–’ are interchanged and ‘×’ and ‘÷’ are interchanged? 321 – 371 ÷ 22 + 216 × 6 = ?"
REA-1068,2024,9 Sep | Shift 3,General Intelligence and Reasoning,Analogy,Number analogy,operation across pair,Number analogy (a:b :: c:?),Symbolic MCQ,Medium,High,Easy,Digit-splitting,Find op mapping first pair; apply,Test squares/cubes first,Test options in mapping,35–60s,Whole-number ops,"In the following number-pairs, the second number is obtained by applying certain mathematical operations to the first number. Select the set in which the numbers are related in the same way as are the numbers of the following sets. (NOTE : Operations should be performed on the whole numbers, without breaking down the numbers into its constituent digits. E.g. 13 – Operations on 13 such as adding /deleting /multiplying etc., to 13 can be performed. Breaking down 13 into 1 and 3 and then performing mathematical operations on 1 and 3 is not allowed.) (12, 145) (9, 82)"
REA-1069,2024,9 Sep | Shift 3,General Intelligence and Reasoning,Blood Relations,Coded relation,decode then traverse,Coded relation (symbol map),Reasoning MCQ,Medium,Medium,Easy,Gender assumption,Substitute meanings; walk the tree,Draw tree top-down,Check gender markers,45–75s,Tree drawing,"In a certain code language, A + B means ‘A is the son of B’, A − B means ‘A is the sister of B’, A × B means ‘A is the brother of B’ and A ÷ B means ‘A is the mother of B’. Based on the above, how is T related to P if ‘P ÷ Q × R − M + T’?"
REA-1070,2024,9 Sep | Shift 3,General Intelligence and Reasoning,Number / Alphabet Series,Second-order AP,second diff=2,Second-order AP (increasing differences),Symbolic MCQ,Easy,Low,Easy,Constant-diff guess,Build difference table,Last gap + last diff,Check last-gap options,30–50s,Difference tables,"Select the number from the given options to complete the series. 35, 38, 43, 50, 59, ___"
REA-1071,2024,9 Sep | Shift 3,General Intelligence and Reasoning,Analogy,Number analogy,operation across pair,Number analogy (a:b :: c:?),Symbolic MCQ,Easy,Medium,Easy,Digit-splitting,Find op mapping first pair; apply,Test squares/cubes first,Test options in mapping,35–60s,Whole-number ops,"Select the set in which the numbers are related in the same way as are the numbers of the following sets. (NOTE: Operations should be performed on the whole numbers, without breaking down the numbers into its constituent digits. E.g. 13 – Operations on 13 such as adding /deleting /multiplying etc. to 13 can be performed. Breaking down 13 into 1 and 3 and then performing mathematical operations on 1 and 3 is not allowed.) (19, 456, 6) (16, 320, 5)"
REA-1072,2024,9 Sep | Shift 3,General Intelligence and Reasoning,Figure Series,Figure series completion,visual rule per step,Figure series completion (?),Reasoning MCQ,Easy,Low,Easy,Single-feature lock,Test rotation/count/shading/element rules stepwise,One-change scan,Test options in slot,50–80s,Visual rules,Which figure should replace the question mark (?) if the following series were to be continued?
REA-1073,2024,9 Sep | Shift 3,General Intelligence and Reasoning,Analogy,Number analogy,operation across pair,Number analogy (a:b :: c:?),Symbolic MCQ,Easy,Medium,Easy,Digit-splitting,Find op mapping first pair; apply,Test squares/cubes first,Test options in mapping,35–60s,Whole-number ops,"Select the set in which the numbers are related in the same way as are the numbers of the following sets. (34, 47, 62) (119, 142, 167) (NOTE: Operations should be performed on the whole numbers, without breaking down the numbers into its constituent digits. E.g. 13 – Operations on 13 such as adding /deleting /multiplying etc. to 13 can be performed. Breaking down 13 into 1 and 3 and then performing mathematical operations on 1 and 3 is not allowed)"
REA-1074,2024,9 Sep | Shift 3,General Intelligence and Reasoning,Embedded / Completion / Counting,Figure completion,symmetry fill,Figure completion,Reasoning MCQ,Easy,Low,Easy,Random fill,Mirror/rotate given part,Symmetry fill,Check symmetry fit,25–45s,Symmetry,Identify the figure given in the options which when put in place of the question mark (?) will logically complete the series?
REA-1075,2024,9 Sep | Shift 3,General Intelligence and Reasoning,Coding-Decoding,Alphanumeric / position-sum coding,letters ↔ numbers,Alphanumeric / position-sum coding,Symbolic MCQ,Easy,Low,Easy,A=0 indexing,Sum positions / reverse-sum; test,Position sums first,Verify sums match,30–50s,A1Z26 sums,"In a certain code language, ‘SET’ is coded as ‘37’ and ‘MIX’ is coded as ‘35’. How will ‘WAR’ be coded in that language?"
REA-1076,2025,12 Sep | Shift 1,General Intelligence and Reasoning,Blood Relations,Chained relation,multi-hop traversal,Chained relation (3+ links),Reasoning MCQ,Easy,Low,Easy,Skipping a hop,Collapse inside-out; track gender,Innermost-first,Check gender at each hop,45–70s,Hop collapsing,"A man said, “My father’s wife’s only son is the brother of your mother.” How is the man related to you?"
REA-1077,2025,12 Sep | Shift 1,General Intelligence and Reasoning,Analogy,General analogy,relation mapping,General analogy,Symbolic MCQ,Medium,Medium,Hard,Vague association,Name relation in pair 1; apply,Relation naming,Eliminate unrelated,30–55s,Relation vocabulary,"In the following question, the second word is related to the first word by a specific pattern of letter transformation. Identify the same pattern and apply it to the third word to find the correct option that completes the analogy. COLD : FRPE :: WARM : ?"
REA-1078,2025,12 Sep | Shift 1,General Intelligence and Reasoning,Number / Alphabet Series,Constant-shift alphabet series,"shift [0, -1, -1, 0] per step",Constant-shift alphabet series,Symbolic MCQ,Easy,Low,Easy,Reading as words,Shift each letter,Same,Check first-letter options,20–35s,A1Z26 shifts,"Select the letter-cluster from among the given options that can replace the question mark (?) in the following series. XZYX, XYXX, XXWX, XWVX, ?"
REA-1079,2025,12 Sep | Shift 1,General Intelligence and Reasoning,Blood Relations,Direct relation,single-hop map,Direct relation (1–2 links),Reasoning MCQ,Easy,Low,Easy,Gender flip,Direct map; check gender,Same,Verify gender,25–40s,Relation map,"A woman says, “She is my brother’s wife’s sister.” How is the woman related to the speaker?"
REA-1080,2025,12 Sep | Shift 1,General Intelligence and Reasoning,Attention to Detail,Exact string/address match,character scan,Exact string/address match,Reasoning MCQ,Easy,Medium,Easy,Skim reading,Chunk-wise compare,Chunk compare,Diff-scan options,20–35s,Careful scanning,"Which of the following addresses are identical to each other: Which of the following addresses are identical? Rohit Sharma, Flat 203, Green Park, Delhi, 110016 Rohit Sharma, Flat-203, Green Park, Delhi, 110016 Rohit S., Flat 203, Green Park, Delhi, 110016 Rohit Sharma, Flat 203, Green Park, Delhi, 110015"
REA-1081,2025,12 Sep | Shift 1,General Intelligence and Reasoning,Direction Sense,Turn-and-distance path,cardinal tracking,Turn-and-distance path,Reasoning MCQ,Easy,Low,Easy,Left-right flip,Track N/E/S/W; Pythagoras for displacement,Net displacement sketch,Check turn direction,35–60s,Cardinal tracking,P is facing South. Q is seated third to the left of P. Who is seated immediately to the right of Q?
REA-1082,2025,12 Sep | Shift 1,General Intelligence and Reasoning,Analogy,General analogy,relation mapping,General analogy,Symbolic MCQ,Medium,Medium,Hard,Vague association,Name relation in pair 1; apply,Relation naming,Eliminate unrelated,30–55s,Relation vocabulary,"In each of the following questions, a specific pattern such as reversal or rearrangement has been applied to the first word to get the second. Apply the same pattern to the third word and find the correct answer from the given options. ETAGIROV : VORIGATE :: GNITSET : ?"
REA-1083,2025,12 Sep | Shift 1,General Intelligence and Reasoning,Attention to Detail,Exact string/address match,character scan,Exact string/address match,Reasoning MCQ,Easy,Low,Easy,Skim reading,Chunk-wise compare,Chunk compare,Diff-scan options,20–35s,Careful scanning,"Which option is identical to: Neha Verma 56, Rose Villa, Sector-9, Jaipur, 302017"
REA-1084,2025,12 Sep | Shift 1,General Intelligence and Reasoning,Classification / Odd-One-Out,Bare odd-one-out,option-driven,Bare odd-one-out (inspect options),Symbolic MCQ,Easy,Low,Easy,First-option bias,Test number letter word property per option,Kill three alike,Check all options,30-50s,Property scan,Which of the following is the odd one out?
REA-1085,2025,12 Sep | Shift 1,General Intelligence and Reasoning,Analogy,Word analogy,relation type,Word analogy (semantic),Symbolic MCQ,Easy,Low,Easy,Association vagueness,Name relation (function/part/cause); apply,Relation naming,Eliminate unrelated,20–35s,Relation vocabulary,"In the following question, select the related word from the given alternatives. Joule : Energy :: Newton : ?"
REA-1086,2025,12 Sep | Shift 1,General Intelligence and Reasoning,Mathematical Operators,Custom-operator substitution,symbol remap,Custom-operator substitution,Symbolic MCQ,Easy,Low,Easy,Original meaning kept,Remap symbols; BODMAS evaluate,Remap inline,Check remap direction,40–65s,Remap + BODMAS,"If @ = ×, # = -, $ = ÷ and % = +, then evaluate: 8 @ 3 # 4 % 6 $ 2"
REA-1087,2025,12 Sep | Shift 1,General Intelligence and Reasoning,Blood Relations,Chained relation,multi-hop traversal,Chained relation (3+ links),Reasoning MCQ,Easy,Low,Easy,Skipping a hop,Collapse inside-out; track gender,Innermost-first,Check gender at each hop,45–70s,Hop collapsing,"A man said, “The person is my wife’s father’s only son.” How is the person related to the man?"
REA-1088,2025,12 Sep | Shift 1,General Intelligence and Reasoning,Analogy,General analogy,relation mapping,General analogy,Symbolic MCQ,Easy,Low,Hard,Vague association,Name relation in pair 1; apply,Relation naming,Eliminate unrelated,30–55s,Relation vocabulary,"In each of the following questions, a group of three numbers/symbols is given in each option. Identify the group that does NOT follow the same pattern as the others."
REA-1089,2025,12 Sep | Shift 1,General Intelligence and Reasoning,Number / Alphabet Series,Alternating,even/odd positions separate APs,Alternating (two interleaved) series,Symbolic MCQ,Easy,Low,Easy,Single-sequence fit,Split positions; extend needed one,Parity check,Check position parity,30–50s,Interleaving,"What comes next: 5, 14, 9, 18, 13, 22, 17, ?"
REA-1090,2025,12 Sep | Shift 1,General Intelligence and Reasoning,Analogy,General analogy,relation mapping,General analogy,Symbolic MCQ,Easy,Low,Hard,Vague association,Name relation in pair 1; apply,Relation naming,Eliminate unrelated,30–55s,Relation vocabulary,Find the option that best completes the analogy. BF : KL :: DK : ?
REA-1091,2025,12 Sep | Shift 1,General Intelligence and Reasoning,Number / Alphabet Series,Constant-shift alphabet series,"shift [3, 3, 3] per step",Constant-shift alphabet series,Symbolic MCQ,Easy,Low,Easy,Reading as words,Shift each letter,Same,Check first-letter options,20–35s,A1Z26 shifts,"Select the letter-cluster from among the given options that can replace the question mark (?) in the following series. ACE, DFH, GIK, JLN, ?"
REA-1092,2025,12 Sep | Shift 1,General Intelligence and Reasoning,Analogy,General analogy,relation mapping,General analogy,Symbolic MCQ,Medium,Medium,Hard,Vague association,Name relation in pair 1; apply,Relation naming,Eliminate unrelated,30–55s,Relation vocabulary,"In each of the following questions, the first word is coded to form the second word using a specific rearrangement and/or substitution rule. Apply the same rule to the third word to determine the correct corresponding word from the given alternatives. QWERTY : YTREWQ:: ASDFGH : ?"
REA-1093,2025,12 Sep | Shift 1,General Intelligence and Reasoning,Blood Relations,Direct relation,single-hop map,Direct relation (1–2 links),Reasoning MCQ,Easy,Low,Easy,Gender flip,Direct map; check gender,Same,Verify gender,25–40s,Relation map,"Pointing to a boy, a man said, “He is the son of the only daughter of my mother.” How is the boy related to the man?"
REA-1094,2025,12 Sep | Shift 1,General Intelligence and Reasoning,Number / Alphabet Series,Constant-shift alphabet series,"shift [1, 1, 1, 1] per step",Constant-shift alphabet series,Symbolic MCQ,Easy,Low,Easy,Reading as words,Shift each letter,Same,Check first-letter options,20–35s,A1Z26 shifts,"Select the letter-cluster from among the given options that can replace the question mark (?) in the following series. BDHJ, CEIK, DFJL, EGKM, ?"
REA-1095,2025,12 Sep | Shift 1,General Intelligence and Reasoning,Number / Alphabet Series,Constant-shift alphabet series,"shift [4, 4, 4] per step",Constant-shift alphabet series,Symbolic MCQ,Easy,Low,Easy,Reading as words,Shift each letter,Same,Check first-letter options,20–35s,A1Z26 shifts,"Select the letter-cluster from among the given options that can replace the question mark (?) in the following series. DHL, HLP, LPT, PTX, ?"
REA-1096,2025,12 Sep | Shift 1,General Intelligence and Reasoning,Number / Alphabet Series,Constant-shift alphabet series,"shift [5, 4, 3] per step",Constant-shift alphabet series,Symbolic MCQ,Easy,Low,Easy,Reading as words,Shift each letter,Same,Check first-letter options,20–35s,A1Z26 shifts,"Select the letter-cluster from among the given options that can replace the question mark (?) in the following series. CFI, HJL, MNO, RRR, ?"
REA-1097,2025,12 Sep | Shift 1,General Intelligence and Reasoning,Analogy,General analogy,relation mapping,General analogy,Symbolic MCQ,Easy,Low,Hard,Vague association,Name relation in pair 1; apply,Relation naming,Eliminate unrelated,30–55s,Relation vocabulary,"In each of the following questions, a group of three numbers/symbols is given in each option. Identify the group that does NOT follow the same pattern as the others."
REA-1098,2025,12 Sep | Shift 1,General Intelligence and Reasoning,Analogy,Word analogy,relation type,Word analogy (semantic),Symbolic MCQ,Easy,Low,Easy,Association vagueness,Name relation (function/part/cause); apply,Relation naming,Eliminate unrelated,20–35s,Relation vocabulary,"In the following question, select the related word from the given alternatives. Nile : Africa :: Danube : ?"
REA-1099,2025,12 Sep | Shift 1,General Intelligence and Reasoning,Classification / Odd-One-Out,General odd-one-out,property break,General odd-one-out,Symbolic MCQ,Easy,Low,Hard,Single focus,Test each option for the odd property,Kill three alike,Check all options,30–50s,Property scan,"Identify the odd one: 3, 5, 7, 11, 13, 17, 19, 21"
REA-1100,2025,12 Sep | Shift 1,General Intelligence and Reasoning,Dictionary & Word Formation,Dictionary order,letter-by-letter compare,Dictionary order,Reasoning MCQ,Easy,Low,Easy,Whole-word guess,Compare 1st differing letter,First-difference only,Sort pairwise,25–40s,Lexicographic compare,Letters of the word TEACHING are arranged alphabetically. How many letters are between the 3rd from left and 2nd from right?
REA-1101,2025,12 Sep | Shift 2,General Intelligence and Reasoning,Miscellaneous (Reasoning),Unclassified reasoning item,mixed skill,Unclassified reasoning item,Reasoning MCQ,Easy,Low,Hard,Misclassification,Classify by stem first,Same,As applicable,30–60s,Stem patterns,Two numbers are in the ratio 5 : 7 and their sum is 144. Find the numbers.
REA-1102,2025,12 Sep | Shift 2,General Intelligence and Reasoning,Number / Alphabet Series,Second-order AP,second diff=6,Second-order AP (increasing differences),Symbolic MCQ,Easy,Low,Easy,Constant-diff guess,Build difference table,Last gap + last diff,Check last-gap options,30–50s,Difference tables,"Find the missing term in the series. ?, 132, 165, 204, 249"
REA-1103,2025,12 Sep | Shift 2,General Intelligence and Reasoning,Dictionary & Word Formation,Dictionary order,letter-by-letter compare,Dictionary order,Reasoning MCQ,Easy,Low,Easy,Whole-word guess,Compare 1st differing letter,First-difference only,Sort pairwise,25–40s,Lexicographic compare,"How many letters are between the 1st from left and 2nd from right in the word COMPETITION, when arranged alphabetically?"
REA-1104,2025,12 Sep | Shift 2,General Intelligence and Reasoning,Blood Relations,Direct relation,single-hop map,Direct relation (1–2 links),Reasoning MCQ,Easy,Low,Easy,Gender flip,Direct map; check gender,Same,Verify gender,25–40s,Relation map,"If X is the daughter of Y and Y is the brother of Z, how is X related to Z?"
REA-1105,2025,12 Sep | Shift 2,General Intelligence and Reasoning,Analogy,General analogy,relation mapping,General analogy,Symbolic MCQ,Easy,Low,Hard,Vague association,Name relation in pair 1; apply,Relation naming,Eliminate unrelated,30–55s,Relation vocabulary,Apply the same pattern used in the following group and find the correct option. NUMBER : ERBMUN :: SCHOOL : ?
REA-1106,2025,12 Sep | Shift 2,General Intelligence and Reasoning,Number / Alphabet Series,Geometric series,ratio=3.0,Geometric series,Symbolic MCQ,Easy,Low,Easy,Adding instead,Multiply by ratio,Same,Eliminate non-multiples,20–35s,Ratio test,"Find the missing term in the series. 2, 6, 18, 54, ?"
REA-1107,2025,12 Sep | Shift 2,General Intelligence and Reasoning,Miscellaneous (Reasoning),Unclassified reasoning item,mixed skill,Unclassified reasoning item,Reasoning MCQ,Easy,Low,Hard,Misclassification,Classify by stem first,Same,As applicable,30–60s,Stem patterns,"If the sum of 36 and 24 is multiplied by 7, what is the result?"
REA-1108,2025,12 Sep | Shift 2,General Intelligence and Reasoning,Syllogism & Conclusions,General syllogism task,Venn/test method,General syllogism task,Statement battery,Medium,Low,Hard,Leap of logic,Diagram or conclusion testing,Universal-first,Kill false ones,45–75s,Venn method,Statement: Most students in the class passed the exam. Conclusions: I. Some students failed the exam. II. All students appeared for the exam.
REA-1109,2025,12 Sep | Shift 2,General Intelligence and Reasoning,Attention to Detail,Exact string/address match,character scan,Exact string/address match,Reasoning MCQ,Easy,Low,Easy,Skim reading,Chunk-wise compare,Chunk compare,Diff-scan options,20–35s,Careful scanning,"Which of the following addresses are exactly identical? Amit Verma, 12A, Green Park, Delhi, 110016 Amit Verma, 12A Green Park, Delhi, 110016 Amit Verma, 12A, Green Park, Delhi, 110018 Amit Verma, 12A, Green Park, Delhi, 110016"
REA-1110,2025,12 Sep | Shift 2,General Intelligence and Reasoning,Analogy,Word analogy,relation type,Word analogy (semantic),Symbolic MCQ,Easy,Low,Easy,Association vagueness,Name relation (function/part/cause); apply,Relation naming,Eliminate unrelated,20–35s,Relation vocabulary,"In the following question, select the related word from the given alternatives. Freedom : Independence :: Poverty : ?"
REA-1111,2025,12 Sep | Shift 2,General Intelligence and Reasoning,Syllogism & Conclusions,Statement,implicit premise,Statement–assumption,Statement battery,Easy,Low,Easy,Stated-as-assumed,Negation test on options,Negation test,Eliminate explicit restatements,40–60s,Negation test,Statement: Online education requires reliable internet access. Assumptions: I. Students have access to the internet. II. Traditional education is outdated.
REA-1112,2025,12 Sep | Shift 2,General Intelligence and Reasoning,Analogy,General analogy,relation mapping,General analogy,Symbolic MCQ,Easy,Low,Hard,Vague association,Name relation in pair 1; apply,Relation naming,Eliminate unrelated,30–55s,Relation vocabulary,Apply the same pattern used in the following group and find the correct option. KLM : NOP :: STU : ?
REA-1113,2025,12 Sep | Shift 2,General Intelligence and Reasoning,Classification / Odd-One-Out,Bare odd-one-out,option-driven,Bare odd-one-out (inspect options),Symbolic MCQ,Easy,Low,Easy,First-option bias,Test number letter word property per option,Kill three alike,Check all options,30-50s,Property scan,"Find the odd one out. Sodium, Calcium, Iron, Oxygen"
REA-1114,2025,12 Sep | Shift 2,General Intelligence and Reasoning,Number / Alphabet Series,Constant-shift alphabet series,"shift [5, 3, 7] per step",Constant-shift alphabet series,Symbolic MCQ,Easy,Low,Easy,Reading as words,Shift each letter,Same,Check first-letter options,20–35s,A1Z26 shifts,"Select the letter-cluster from among the given options that can replace the question mark (?) in the following series. EHF, JKM, ONT, ?"
REA-1115,2025,12 Sep | Shift 2,General Intelligence and Reasoning,Mathematical Operators,General operator fill,BODMAS trial,General operator fill,Symbolic MCQ,Easy,Low,Hard,No-bracket math,Try options with BODMAS,Estimate first,Kill by size,40–65s,BODMAS,"If 8 + 4 = 96 and 7 + 3 = 70, then 6 + 5 = ?"
REA-1116,2025,12 Sep | Shift 2,General Intelligence and Reasoning,Blood Relations,Direct relation,single-hop map,Direct relation (1–2 links),Reasoning MCQ,Easy,Low,Easy,Gender flip,Direct map; check gender,Same,Verify gender,25–40s,Relation map,"A man says, “She is the wife of my father’s only son.” How is the woman related to the man?"
REA-1117,2025,12 Sep | Shift 2,General Intelligence and Reasoning,Mathematical Operators,General operator fill,BODMAS trial,General operator fill,Symbolic MCQ,Easy,Low,Hard,No-bracket math,Try options with BODMAS,Estimate first,Kill by size,40–65s,BODMAS,"If a + b = 20 and a - b = 6, then what is a × b?"
REA-1118,2025,12 Sep | Shift 2,General Intelligence and Reasoning,Analogy,Word analogy,relation type,Word analogy (semantic),Symbolic MCQ,Easy,Low,Easy,Association vagueness,Name relation (function/part/cause); apply,Relation naming,Eliminate unrelated,20–35s,Relation vocabulary,"In the following question, select the related word from the given alternatives. Cell : Tissue :: Tissue : ?"
REA-1119,2025,12 Sep | Shift 2,General Intelligence and Reasoning,Ranking & Order,Rank / position in row,ends counting,Rank / position in row,Reasoning MCQ,Easy,Low,Easy,Zero-indexing,Total = L + R − 1 forms,Ends formula,Check 1-indexing,25–40s,Rank formulas,"In a row of 60 students, P is 18th from the left and Q is 25th from the right. How many students are between P and Q?"
REA-1120,2025,12 Sep | Shift 2,General Intelligence and Reasoning,Dictionary & Word Formation,Meaningful-word formation,anagram search,Meaningful-word formation,Reasoning MCQ,Easy,Low,Easy,Non-word acceptance,Fix first letter; test,Vowel anchor,Try option words,30–55s,Anagram skill,"How many meaningful 4-letter English words can be formed using 2nd, 3rd, 4th and 5th letters of the word TEACHER, without repetition?"
REA-1121,2025,12 Sep | Shift 2,General Intelligence and Reasoning,Classification / Odd-One-Out,Bare odd-one-out,option-driven,Bare odd-one-out (inspect options),Symbolic MCQ,Easy,Low,Easy,First-option bias,Test number letter word property per option,Kill three alike,Check all options,30-50s,Property scan,"Find the odd one out. 729, 1331, 2197, 3125"
REA-1122,2025,12 Sep | Shift 2,General Intelligence and Reasoning,Number / Alphabet Series,Alphabet-position series,A1Z26 logic,Alphabet-position series,Symbolic MCQ,Easy,Low,Easy,Reading letters,Convert; find numeric rule,Same,Test numeric fit,30–55s,A1Z26 map,"Select the letter-cluster from among the given options that can replace the question mark (?) in the following series. BDH, EJM, IPR, ?"
REA-1123,2025,12 Sep | Shift 2,General Intelligence and Reasoning,Number / Alphabet Series,Mixed-operation series,combined rules,Mixed-operation series,Symbolic MCQ,Easy,Low,Easy,Single-rule force,Try halves/alternation/split,Option back-fit,Test options in sequence,45–75s,Multi-rule toolkit,"Find the number that breaks the pattern: 3, 7, 15, 31, 63, 120"
REA-1124,2025,12 Sep | Shift 2,General Intelligence and Reasoning,Blood Relations,Direct relation,single-hop map,Direct relation (1–2 links),Reasoning MCQ,Easy,Low,Easy,Gender flip,Direct map; check gender,Same,Verify gender,25–40s,Relation map,"Pointing to a boy, a woman said, “He is the son of my mother’s only son.” How is the boy related to the woman?"
REA-1125,2025,12 Sep | Shift 2,General Intelligence and Reasoning,Coding-Decoding,Alphanumeric / position-sum coding,letters ↔ numbers,Alphanumeric / position-sum coding,Symbolic MCQ,Easy,Low,Easy,A=0 indexing,Sum positions / reverse-sum; test,Position sums first,Verify sums match,30–50s,A1Z26 sums,"If BALL = 211212 and CALL = 311212, then DOLL = ?"
REA-1126,2025,12 Sep | Shift 3,General Intelligence and Reasoning,Mathematical Operators,General operator fill,BODMAS trial,General operator fill,Symbolic MCQ,Easy,Low,Hard,No-bracket math,Try options with BODMAS,Estimate first,Kill by size,40–65s,BODMAS,"If a % b = a² - b² and a % b = 63, find a and b."
REA-1127,2025,12 Sep | Shift 3,General Intelligence and Reasoning,Dictionary & Word Formation,Dictionary order,letter-by-letter compare,Dictionary order,Reasoning MCQ,Easy,Low,Easy,Whole-word guess,Compare 1st differing letter,First-difference only,Sort pairwise,25–40s,Lexicographic compare,How many letters will remain unchanged if the word EDUCATION is arranged alphabetically?
REA-1128,2025,12 Sep | Shift 3,General Intelligence and Reasoning,Number / Alphabet Series,Constant-shift alphabet series,shift [4] per step,Constant-shift alphabet series,Symbolic MCQ,Easy,Low,Easy,Reading as words,Shift each letter,Same,Check first-letter options,20–35s,A1Z26 shifts,"Select the letter-cluster that will replace (?): B, F, J, N, R, V, Z, ?"
REA-1129,2025,12 Sep | Shift 3,General Intelligence and Reasoning,Blood Relations,Direct relation,single-hop map,Direct relation (1–2 links),Reasoning MCQ,Easy,Low,Easy,Gender flip,Direct map; check gender,Same,Verify gender,25–40s,Relation map,"Pointing to a boy, a woman said, “He is the son of my father’s only daughter.” How is the boy related to the woman?"
REA-1130,2025,12 Sep | Shift 3,General Intelligence and Reasoning,Mathematical Operators,General operator fill,BODMAS trial,General operator fill,Symbolic MCQ,Easy,Low,Hard,No-bracket math,Try options with BODMAS,Estimate first,Kill by size,40–65s,BODMAS,"If 4 ⊕ 3 = 19 and 5 ⊕ 2 = 17, then 6 ⊕ 4 = ?"
REA-1131,2025,12 Sep | Shift 3,General Intelligence and Reasoning,Miscellaneous (Reasoning),Unclassified reasoning item,mixed skill,Unclassified reasoning item,Reasoning MCQ,Easy,Low,Hard,Misclassification,Classify by stem first,Same,As applicable,30–60s,Stem patterns,"If 3x + 7 = 28, find x."
REA-1132,2025,12 Sep | Shift 3,General Intelligence and Reasoning,Analogy,General analogy,relation mapping,General analogy,Symbolic MCQ,Easy,Low,Hard,Vague association,Name relation in pair 1; apply,Relation naming,Eliminate unrelated,30–55s,Relation vocabulary,Apply the same pattern used in the following group and find the correct option. METAL : LATEM :: FIBER : ?
REA-1133,2025,12 Sep | Shift 3,General Intelligence and Reasoning,Mathematical Operators,General operator fill,BODMAS trial,General operator fill,Symbolic MCQ,Easy,Low,Hard,No-bracket math,Try options with BODMAS,Estimate first,Kill by size,40–65s,BODMAS,"If '+' = '-' and '-' = '×', find the value of: 12 + 4 - 3 = ?"
REA-1134,2025,12 Sep | Shift 3,General Intelligence and Reasoning,Classification / Odd-One-Out,Bare odd-one-out,option-driven,Bare odd-one-out (inspect options),Symbolic MCQ,Easy,Low,Easy,First-option bias,Test number letter word property per option,Kill three alike,Check all options,30-50s,Property scan,Find the odd one out.
REA-1135,2025,12 Sep | Shift 3,General Intelligence and Reasoning,Seating Arrangement,Circular arrangement,around-table order,Circular arrangement,Reasoning MCQ,Medium,Medium,Easy,Mirror orientation,Fix one seat; place clockwise,Fix + rotate,Test option orders,50–80s,Circular placement,"Eight people P, Q, R, S, T, U, V, W sit around a circle facing the center. P is second right of Q. R is opposite P. S is immediate left of R. T is third to the right of Q. U is sits to the immediate left of S. W is opposite T. Who is immediate right of Q?"
REA-1136,2025,12 Sep | Shift 3,General Intelligence and Reasoning,Number / Alphabet Series,Constant-shift alphabet series,"shift [4, 4, 4] per step",Constant-shift alphabet series,Symbolic MCQ,Easy,Low,Easy,Reading as words,Shift each letter,Same,Check first-letter options,20–35s,A1Z26 shifts,"Find the missing term in the series. ACE, EGI, IKM, MOQ, ?"
REA-1137,2025,12 Sep | Shift 3,General Intelligence and Reasoning,Number / Alphabet Series,Geometric series,ratio=3.0,Geometric series,Symbolic MCQ,Easy,Low,Easy,Adding instead,Multiply by ratio,Same,Eliminate non-multiples,20–35s,Ratio test,"What will come in place of (?) 2, 6, 18, 54, ?"
REA-1138,2025,12 Sep | Shift 3,General Intelligence and Reasoning,Dictionary & Word Formation,General order/formation,lexicographic/anagram,General order/formation,Reasoning MCQ,Easy,Low,Hard,Guessing,Compare/form stepwise,First-difference,Pairwise test,30–50s,Order basics,Which word cannot be formed from DEMOCRACY?
REA-1139,2025,12 Sep | Shift 3,General Intelligence and Reasoning,Number / Alphabet Series,Mixed-operation series,combined rules,Mixed-operation series,Symbolic MCQ,Easy,Low,Easy,Single-rule force,Try halves/alternation/split,Option back-fit,Test options in sequence,45–75s,Multi-rule toolkit,"What comes next? 8, 20, 44, 92, ?"
REA-1140,2025,12 Sep | Shift 3,General Intelligence and Reasoning,Coding-Decoding,General code transform,encode/decode map,General code transform,Symbolic MCQ,Easy,Low,Hard,Assuming shift,Map Q→option transforms,Position map,Verify mapping,35–60s,Transform inventory,"In a certain code language, ""apple is sweet fruit"" is written as ""ka lo mi te"", ""mango is sweet"" is written as ""lo mi ra"" and ""apple mango fresh"" is written as ""ka ra su"". How is ""sweet"" coded?"
REA-1141,2025,12 Sep | Shift 3,General Intelligence and Reasoning,Miscellaneous (Reasoning),Unclassified reasoning item,mixed skill,Unclassified reasoning item,Reasoning MCQ,Easy,Low,Hard,Misclassification,Classify by stem first,Same,As applicable,30–60s,Stem patterns,The ratio of two numbers is 5 : 7 and their sum is 96. Find the numbers.
REA-1142,2025,12 Sep | Shift 3,General Intelligence and Reasoning,Blood Relations,Direct relation,single-hop map,Direct relation (1–2 links),Reasoning MCQ,Easy,Low,Easy,Gender flip,Direct map; check gender,Same,Verify gender,25–40s,Relation map,"If A is the brother of B, and B is the mother of C, how is A related to C?"
REA-1143,2025,12 Sep | Shift 3,General Intelligence and Reasoning,Coding-Decoding,Alphanumeric / position-sum coding,letters ↔ numbers,Alphanumeric / position-sum coding,Symbolic MCQ,Easy,Low,Easy,A=0 indexing,Sum positions / reverse-sum; test,Position sums first,Verify sums match,30–50s,A1Z26 sums,"If “ROAD” is coded as *4@# and “READ” is coded as *7@#, what is the code for “RAOD”?"
REA-1144,2025,12 Sep | Shift 3,General Intelligence and Reasoning,Miscellaneous (Reasoning),Unclassified reasoning item,mixed skill,Unclassified reasoning item,Reasoning MCQ,Easy,Low,Hard,Misclassification,Classify by stem first,Same,As applicable,30–60s,Stem patterns,"In a tournament of 9 players, each plays every other player once. How many matches are played?"
REA-1145,2025,12 Sep | Shift 3,General Intelligence and Reasoning,Attention to Detail,Exact string/address match,character scan,Exact string/address match,Reasoning MCQ,Easy,Low,Easy,Skim reading,Chunk-wise compare,Chunk compare,Diff-scan options,20–35s,Careful scanning,"Identify the similar address: 12, Lake View Road, Anna Nagar, Chennai - 600040"
REA-1146,2025,12 Sep | Shift 3,General Intelligence and Reasoning,Syllogism & Conclusions,Statement,implicit premise,Statement–assumption,Statement battery,Easy,Low,Easy,Stated-as-assumed,Negation test on options,Negation test,Eliminate explicit restatements,40–60s,Negation test,Statement: Online education is expanding rapidly; hence quality standards must be maintained. Assumptions: I. Online education affects learning outcomes. II. Quality control is necessary in education.
REA-1147,2025,12 Sep | Shift 3,General Intelligence and Reasoning,Mathematical Operators,General operator fill,BODMAS trial,General operator fill,Symbolic MCQ,Easy,Low,Hard,No-bracket math,Try options with BODMAS,Estimate first,Kill by size,40–65s,BODMAS,"If 8 $ 3 = 32 and 6 $ 4 = 30, then 5 $ 4 = ?"
REA-1148,2025,12 Sep | Shift 3,General Intelligence and Reasoning,Mathematical Operators,General operator fill,BODMAS trial,General operator fill,Symbolic MCQ,Easy,Low,Hard,No-bracket math,Try options with BODMAS,Estimate first,Kill by size,40–65s,BODMAS,"If + means × and - means ÷, which is incorrect?"
REA-1149,2025,12 Sep | Shift 3,General Intelligence and Reasoning,Analogy,General analogy,relation mapping,General analogy,Symbolic MCQ,Easy,Low,Hard,Vague association,Name relation in pair 1; apply,Relation naming,Eliminate unrelated,30–55s,Relation vocabulary,Apply the same pattern used in the following group and find the correct option. COUNTRY : FRXQWUB :: SCHOOL : ?
REA-1150,2025,12 Sep | Shift 3,General Intelligence and Reasoning,Number / Alphabet Series,Multiply-add,×2+1,Multiply-add (×k±c) series,Symbolic MCQ,Easy,Low,Easy,Pure multiply,Apply ×k±c,Same,Test last step,30–50s,×k±c test,"Find the missing term: 3, 7, 15, 31, ?"
REA-1151,2025,13 Sep | Shift 1,General Intelligence and Reasoning,Number / Alphabet Series,General series completion,pattern extension,General series completion,Symbolic MCQ,Easy,Low,Easy,Random guess,List candidates; test,Option test,Check fit,30–60s,Pattern toolkit,"Which of the following words does not belong to the given group? Rose, Lotus, Jasmine, Mango"
REA-1152,2025,13 Sep | Shift 1,General Intelligence and Reasoning,Number / Alphabet Series,Mixed-operation series,combined rules,Mixed-operation series,Symbolic MCQ,Easy,Low,Easy,Single-rule force,Try halves/alternation/split,Option back-fit,Test options in sequence,45–75s,Multi-rule toolkit,"One number does not fit into the given factorial series. Identify it. 3, 6, 24, 120, 720, 800"
REA-1153,2025,13 Sep | Shift 1,General Intelligence and Reasoning,Blood Relations,Direct relation,single-hop map,Direct relation (1–2 links),Reasoning MCQ,Easy,Low,Easy,Gender flip,Direct map; check gender,Same,Verify gender,25–40s,Relation map,"Ramesh said, “That boy is the son of the only daughter of my grandfather.” How is the boy related to Ramesh?"
REA-1154,2025,13 Sep | Shift 1,General Intelligence and Reasoning,Analogy,General analogy,relation mapping,General analogy,Symbolic MCQ,Easy,Low,Hard,Vague association,Name relation in pair 1; apply,Relation naming,Eliminate unrelated,30–55s,Relation vocabulary,Find the option that best completes the analogy. AC : FH :: BD : ?
REA-1155,2025,13 Sep | Shift 1,General Intelligence and Reasoning,Classification / Odd-One-Out,Number-based classification,arithmetic property,Number-based classification,Symbolic MCQ,Easy,Low,Easy,Single-option focus,Test divisibility/parity/squares per option,Parity/divisibility first,Kill three alike,30–50s,Number properties,"Which of the following number sets is different from the others? (9, 18, 36) (12, 24, 48) (7, 14, 29) (5, 10, 20)"
REA-1156,2025,13 Sep | Shift 1,General Intelligence and Reasoning,Blood Relations,Direct relation,single-hop map,Direct relation (1–2 links),Reasoning MCQ,Easy,Low,Easy,Gender flip,Direct map; check gender,Same,Verify gender,25–40s,Relation map,"Introducing a man, a woman said, “He is the brother of the daughter of my father.” How is the man related to the woman?"
REA-1157,2025,13 Sep | Shift 1,General Intelligence and Reasoning,Dictionary & Word Formation,Alphabet-position gap count,A1Z26 spans,Alphabet-position gap count,Reasoning MCQ,Easy,Low,Easy,Off-by-one,Convert to numbers; count exclusives,Number line,Check inclusive/exclusive,25–40s,Position counting,How many letters in the given word are between the first vowel and the last consonant? “COMMUNICATION”
REA-1158,2025,13 Sep | Shift 1,General Intelligence and Reasoning,Attention to Detail,Exact string/address match,character scan,Exact string/address match,Reasoning MCQ,Easy,Medium,Easy,Skim reading,Chunk-wise compare,Chunk compare,Diff-scan options,20–35s,Careful scanning,"Which of the following address(es) is/are exactly the same as the given address? Given Address: Amit Sharma, Flat 21A, Green Residency, Bhopal, 462016 1. Amit Sharma, Flat 21A, Green Residency, Bhopal, 462016 2. Amit Sharma, Flat 21, Green Residency, Bhopal, 462016 3. Amit Sharma, Flat 21A, Green Residencies, Bhopal, 462016 4. Amit Sharma, Flat 21A, Green Residency, Bhopal, 462018"
REA-1159,2025,13 Sep | Shift 1,General Intelligence and Reasoning,Coding-Decoding,General code transform,encode/decode map,General code transform,Symbolic MCQ,Easy,Low,Hard,Assuming shift,Map Q→option transforms,Position map,Verify mapping,35–60s,Transform inventory,"If CLOUD is coded as ENQWF, how is RAIN coded?"
REA-1160,2025,13 Sep | Shift 1,General Intelligence and Reasoning,Miscellaneous (Reasoning),Unclassified reasoning item,mixed skill,Unclassified reasoning item,Reasoning MCQ,Easy,Low,Hard,Misclassification,Classify by stem first,Same,As applicable,30–60s,Stem patterns,"A mixture contains milk and water in the ratio 3 : 5. If the total quantity is 40 litres, how much milk should be added to make the ratio 1 : 1?"
REA-1161,2025,13 Sep | Shift 1,General Intelligence and Reasoning,Syllogism & Conclusions,Single-statement conclusion,direct inference,Single-statement conclusion,Statement battery,Easy,Low,Easy,Outside info,Test conclusion against statement only,Same,Kill overreach,30-45s,Strict reading,Read the following statement carefully and identify the conclusion(s) that follow. Statement: All registered voters received voter ID cards. Conclusions: I. Some people received voter ID cards. II. No unregistered person received a voter ID card.
REA-1162,2025,13 Sep | Shift 1,General Intelligence and Reasoning,Dictionary & Word Formation,Dictionary order,letter-by-letter compare,Dictionary order,Reasoning MCQ,Easy,Low,Easy,Whole-word guess,Compare 1st differing letter,First-difference only,Sort pairwise,25–40s,Lexicographic compare,Each letter of the word given below is arranged in alphabetical order. How many letters are there between the 4th letter from the left and the 3rd letter from the right in the new arrangement? HOSPITAL
REA-1163,2025,13 Sep | Shift 1,General Intelligence and Reasoning,Number / Alphabet Series,Mixed-operation series,combined rules,Mixed-operation series,Symbolic MCQ,Easy,Low,Easy,Single-rule force,Try halves/alternation/split,Option back-fit,Test options in sequence,45–75s,Multi-rule toolkit,"What should come at the place of the question mark (?) in the following series? 2, 3, 8, 9, 26, 27, ?"
REA-1164,2025,13 Sep | Shift 1,General Intelligence and Reasoning,Number / Alphabet Series,Constant-shift alphabet series,"shift [1, 1, -1] per step",Constant-shift alphabet series,Symbolic MCQ,Easy,Low,Easy,Reading as words,Shift each letter,Same,Check first-letter options,20–35s,A1Z26 shifts,"Select the letter-cluster from the given options that will replace the question mark (?) in the following series. ABZ, BCY, CDX, DEW, ?"
REA-1165,2025,13 Sep | Shift 1,General Intelligence and Reasoning,Analogy,General analogy,relation mapping,General analogy,Symbolic MCQ,Easy,Low,Hard,Vague association,Name relation in pair 1; apply,Relation naming,Eliminate unrelated,30–55s,Relation vocabulary,"In the following question, the second word is formed by rearranging the letters of the first word using a specific pattern. Apply the same pattern to the third word. PLANET : LPAENT :: ORANGE : ?"
REA-1166,2025,13 Sep | Shift 1,General Intelligence and Reasoning,Number / Alphabet Series,Constant-shift alphabet series,"shift [2, 2, 2] per step",Constant-shift alphabet series,Symbolic MCQ,Easy,Low,Easy,Reading as words,Shift each letter,Same,Check first-letter options,20–35s,A1Z26 shifts,"Select the letter-cluster that can replace the question mark (?) in the given series. LMP, NOR, PQT, ?"
REA-1167,2025,13 Sep | Shift 1,General Intelligence and Reasoning,Mathematical Operators,General operator fill,BODMAS trial,General operator fill,Symbolic MCQ,Easy,Low,Hard,No-bracket math,Try options with BODMAS,Estimate first,Kill by size,40–65s,BODMAS,"If 9/11 = A and 3/7 = B, then find the value of A - B."
REA-1168,2025,13 Sep | Shift 1,General Intelligence and Reasoning,Blood Relations,Direct relation,single-hop map,Direct relation (1–2 links),Reasoning MCQ,Easy,Low,Easy,Gender flip,Direct map; check gender,Same,Verify gender,25–40s,Relation map,"Pointing to a woman, Rahul said, “She is the wife of my father’s only son.”How is the woman related to Rahul?"
REA-1169,2025,13 Sep | Shift 1,General Intelligence and Reasoning,Dictionary & Word Formation,Meaningful-word formation,anagram search,Meaningful-word formation,Reasoning MCQ,Easy,Low,Easy,Non-word acceptance,Fix first letter; test,Vowel anchor,Try option words,30–55s,Anagram skill,"How many meaningful four-letter English words can be formed using the 1st, 3rd, 5th and 6th letters of the word “TEACHER”, using each letter only once in each word?"
REA-1170,2025,13 Sep | Shift 1,General Intelligence and Reasoning,Number / Alphabet Series,Mixed-operation series,combined rules,Mixed-operation series,Symbolic MCQ,Easy,Low,Easy,Single-rule force,Try halves/alternation/split,Option back-fit,Test options in sequence,45–75s,Multi-rule toolkit,"What comes next in the given number series? 1, 8, 27, 64, 125, ?"
REA-1171,2025,13 Sep | Shift 1,General Intelligence and Reasoning,Number / Alphabet Series,General series completion,pattern extension,General series completion,Symbolic MCQ,Easy,Low,Easy,Random guess,List candidates; test,Option test,Check fit,30–60s,Pattern toolkit,"Which of the following alternatives will replace the question mark? Ignition, Acceleration, Motion, Deceleration, ?"
REA-1172,2025,13 Sep | Shift 1,General Intelligence and Reasoning,Analogy,Word analogy,relation type,Word analogy (semantic),Symbolic MCQ,Easy,Low,Easy,Association vagueness,Name relation (function/part/cause); apply,Relation naming,Eliminate unrelated,20–35s,Relation vocabulary,"In the following question, select the related word from the given alternatives. Ontology : Being :: Aesthetics : ?"
REA-1173,2025,13 Sep | Shift 1,General Intelligence and Reasoning,Miscellaneous (Reasoning),Unclassified reasoning item,mixed skill,Unclassified reasoning item,Reasoning MCQ,Easy,Low,Hard,Misclassification,Classify by stem first,Same,As applicable,30–60s,Stem patterns,"If the sum of 48 and 52 is multiplied by 3, what will be the result?"
REA-1174,2025,13 Sep | Shift 1,General Intelligence and Reasoning,Syllogism & Conclusions,Statement,implicit premise,Statement–assumption,Statement battery,Easy,Low,Easy,Stated-as-assumed,Negation test on options,Negation test,Eliminate explicit restatements,40–60s,Negation test,"Identify the assumptions that must be implicit for the statement to be valid. Statement: Despite improved internet speeds, cybersecurity threats continue to increase globally. Assumptions: I. Faster internet increases digital exposure. II. Cyber threats are unaffected by internet speed. III. Cybersecurity measures are inadequate worldwide."
REA-1175,2025,13 Sep | Shift 1,General Intelligence and Reasoning,Mathematical Operators,General operator fill,BODMAS trial,General operator fill,Symbolic MCQ,Easy,Low,Hard,No-bracket math,Try options with BODMAS,Estimate first,Kill by size,40–65s,BODMAS,"If 4 @ 2 = 12 and 6 @ 3 = 27, then what is the value of 8 @ 4?"
REA-1176,2025,13 Sep | Shift 2,General Intelligence and Reasoning,Blood Relations,Direct relation,single-hop map,Direct relation (1–2 links),Reasoning MCQ,Easy,Low,Easy,Gender flip,Direct map; check gender,Same,Verify gender,25–40s,Relation map,A's father's wife's only daughter is B. How is A related to B?
REA-1177,2025,13 Sep | Shift 2,General Intelligence and Reasoning,Blood Relations,Direct relation,single-hop map,Direct relation (1–2 links),Reasoning MCQ,Easy,Low,Easy,Gender flip,Direct map; check gender,Same,Verify gender,25–40s,Relation map,A is the wife of B. B is the brother of C. C is the father of D. How is A related to D?
REA-1178,2025,13 Sep | Shift 2,General Intelligence and Reasoning,Number / Alphabet Series,Alphabet-position series,A1Z26 logic,Alphabet-position series,Symbolic MCQ,Easy,Low,Easy,Reading letters,Convert; find numeric rule,Same,Test numeric fit,30–55s,A1Z26 map,"Select the letters from among the given options that can replace the question mark (?) in the following series. K, M, O, ?, S, U, ?, Y"
REA-1179,2025,13 Sep | Shift 2,General Intelligence and Reasoning,Classification / Odd-One-Out,General odd-one-out,property break,General odd-one-out,Symbolic MCQ,Easy,Low,Hard,Single focus,Test each option for the odd property,Kill three alike,Check all options,30–50s,Property scan,Choose the odd one:
REA-1180,2025,13 Sep | Shift 2,General Intelligence and Reasoning,Mathematical Operators,General operator fill,BODMAS trial,General operator fill,Symbolic MCQ,Easy,Low,Hard,No-bracket math,Try options with BODMAS,Estimate first,Kill by size,40–65s,BODMAS,"If 'X' means '+', 'Y' means '-', 'Z' means 'x', and 'W' means '÷' what is the value of the following expression? 15 W 3 X 2 Y 4 = ?"
REA-1181,2025,13 Sep | Shift 2,General Intelligence and Reasoning,Number / Alphabet Series,Numeric arrangement / analogy set,relation across numbers,Numeric arrangement / analogy set,Symbolic MCQ,Easy,Low,Easy,Digit-splitting (banned by SSC),"Test +,−,×,÷, squares on whole numbers",Try squaring first,Test option sets,35–60s,Whole-number ops,"Complete the pattern: 120, 96, 76.8, 61.44, ?"
REA-1182,2025,13 Sep | Shift 2,General Intelligence and Reasoning,Number / Alphabet Series,Constant-shift alphabet series,"shift [-3, -3, -3] per step",Constant-shift alphabet series,Symbolic MCQ,Easy,Low,Easy,Reading as words,Shift each letter,Same,Check first-letter options,20–35s,A1Z26 shifts,"Select the letter-cluster from among the given options that can replace the question mark (?) in the following series. YMW, VJT, SGQ, PDN, ?"
REA-1183,2025,13 Sep | Shift 2,General Intelligence and Reasoning,Direction Sense,Turn-and-distance path,cardinal tracking,Turn-and-distance path,Reasoning MCQ,Medium,High,Easy,Left-right flip,Track N/E/S/W; Pythagoras for displacement,Net displacement sketch,Check turn direction,35–60s,Cardinal tracking,"Ten persons are sitting in two parallel rows containing five persons each, such that there is an equal distance between adjacent persons. Line 1: Five men (A-E) are seated and all of them are facing South. Line 2: Five women (M-Q) are seated and all of them are facing North. Based on the arrangement, answer the question: D is opposite to M. M is at one of the extreme ends of Line 2. O is at the center position of Line 2. Who is second to the right of M in Line 2 (facing North)?"
REA-1184,2025,13 Sep | Shift 2,General Intelligence and Reasoning,Attention to Detail,Exact string/address match,character scan,Exact string/address match,Reasoning MCQ,Easy,Medium,Easy,Skim reading,Chunk-wise compare,Chunk compare,Diff-scan options,20–35s,Careful scanning,"Which of the following is/are identical to the address given: Sunil Kumar 21/4, Ashok Vihar, Delhi, 110052 1. Sunil Kumar 21/4, Ashok Vihar, Delhi, 1100522 2. Sunil Kumar 21/4, Ashok Vihar, Delhi, 110052 3. Sunil Kumar 21/4, Ashok Vihar, New Delhi, 110052 4. Sunil Kumar 21/4, Ashok Vihar, Delhi, 110053"
REA-1185,2025,13 Sep | Shift 2,General Intelligence and Reasoning,Analogy,General analogy,relation mapping,General analogy,Symbolic MCQ,Easy,Low,Hard,Vague association,Name relation in pair 1; apply,Relation naming,Eliminate unrelated,30–55s,Relation vocabulary,"In each of the following questions, a group of three numbers/symbols is given in each option. Identify the group that does NOT follow the same pattern as the others."
REA-1186,2025,13 Sep | Shift 2,General Intelligence and Reasoning,Analogy,General analogy,relation mapping,General analogy,Symbolic MCQ,Easy,Low,Hard,Vague association,Name relation in pair 1; apply,Relation naming,Eliminate unrelated,30–55s,Relation vocabulary,Find the best option that best completes the analogy. CAB : EDF :: GIH : ?
REA-1187,2025,13 Sep | Shift 2,General Intelligence and Reasoning,Number / Alphabet Series,Alternating alphabet pattern,two interleaved rules,Alternating alphabet pattern,Symbolic MCQ,Easy,Low,Easy,Single rule,Split odd/even terms,Parity check,Check parity fit,35–55s,Interleaving,"Select the letter-cluster from among the given options that can replace the question mark (?) in the following series: RBEH, RGOW, RLYL, RQIA, ?"
REA-1188,2025,13 Sep | Shift 2,General Intelligence and Reasoning,Blood Relations,Direct relation,single-hop map,Direct relation (1–2 links),Reasoning MCQ,Easy,Low,Easy,Gender flip,Direct map; check gender,Same,Verify gender,25–40s,Relation map,"Introducing a boy, a girl says, ""He is the son of my mother's only son."" Who is the boy to the girl?"
REA-1189,2025,13 Sep | Shift 2,General Intelligence and Reasoning,Number / Alphabet Series,Alternating alphabet pattern,two interleaved rules,Alternating alphabet pattern,Symbolic MCQ,Easy,Low,Easy,Single rule,Split odd/even terms,Parity check,Check parity fit,35–55s,Interleaving,"Select the letter-cluster from among the given options that can replace the question mark (?) in the following series: CDEF, CKSA, CRGV, CYUQ, ?"
REA-1190,2025,13 Sep | Shift 2,General Intelligence and Reasoning,Dictionary & Word Formation,Dictionary order,letter-by-letter compare,Dictionary order,Reasoning MCQ,Easy,Medium,Easy,Whole-word guess,Compare 1st differing letter,First-difference only,Sort pairwise,25–40s,Lexicographic compare,Each of the letters in the word CONTRAST is arranged in alphabetical order. How many letters are there in the English alphabetical series between the letter that is first from the left and the one that is fifth from the right in the new letter-cluster formed?
REA-1191,2025,13 Sep | Shift 2,General Intelligence and Reasoning,Analogy,General analogy,relation mapping,General analogy,Symbolic MCQ,Easy,Low,Hard,Vague association,Name relation in pair 1; apply,Relation naming,Eliminate unrelated,30–55s,Relation vocabulary,Find the option that best completes the analogy. DP: XZ :: EN:?
REA-1192,2025,13 Sep | Shift 2,General Intelligence and Reasoning,Analogy,General analogy,relation mapping,General analogy,Symbolic MCQ,Medium,Medium,Hard,Vague association,Name relation in pair 1; apply,Relation naming,Eliminate unrelated,30–55s,Relation vocabulary,"In each of the following questions, a specific rearrangement pattern is applied to the first word to form the second. Identify the same pattern and apply it to the third word to determine the correct answer from the given alternatives. AROUND : RAUODN :: GROUND : ?"
REA-1193,2025,13 Sep | Shift 2,General Intelligence and Reasoning,Attention to Detail,Exact string/address match,character scan,Exact string/address match,Reasoning MCQ,Easy,Low,Easy,Skim reading,Chunk-wise compare,Chunk compare,Diff-scan options,20–35s,Careful scanning,"Which of the following addresses are identical to each other: 1. S. lyer 17-D, Coral Residency, Thiruvananthapuram, 695014 2. S. lyer 17-D, Coral Residency, Thiruvananthapuram, 695014 3. S. lyer 17-D Coral Residency, Thiruvananthapuram, 695014 4. S. Iyer 17-D Coral Residency, Thiruvananthapuram, 695013"
REA-1194,2025,13 Sep | Shift 2,General Intelligence and Reasoning,Analogy,General analogy,relation mapping,General analogy,Symbolic MCQ,Easy,Low,Hard,Vague association,Name relation in pair 1; apply,Relation naming,Eliminate unrelated,30–55s,Relation vocabulary,"In each of the following questions, a group of three numbers/symbols is given in each option. Identify the group that does NOT follow the same pattern as the others."
REA-1195,2025,13 Sep | Shift 2,General Intelligence and Reasoning,Dictionary & Word Formation,Dictionary order,letter-by-letter compare,Dictionary order,Reasoning MCQ,Easy,Low,Easy,Whole-word guess,Compare 1st differing letter,First-difference only,Sort pairwise,25–40s,Lexicographic compare,"In each of the following questions, the second group of letters is formed from the first using a specific alphabetical transformation. Apply the same pattern to the third group and find the correct option that completes the analogy. QDXM : SFYN :: UIOZ : ?"
REA-1196,2025,13 Sep | Shift 2,General Intelligence and Reasoning,Analogy,Word analogy,relation type,Word analogy (semantic),Symbolic MCQ,Easy,Low,Easy,Association vagueness,Name relation (function/part/cause); apply,Relation naming,Eliminate unrelated,20–35s,Relation vocabulary,"In the following question, select the related word from the given alternatives. Architect : Design :: Chef : ?"
REA-1197,2025,13 Sep | Shift 2,General Intelligence and Reasoning,Analogy,Word analogy,relation type,Word analogy (semantic),Symbolic MCQ,Easy,Low,Easy,Association vagueness,Name relation (function/part/cause); apply,Relation naming,Eliminate unrelated,20–35s,Relation vocabulary,"In the following question, select the related word from the given alternatives. Utilitarianism : Consequence :: Deontology : ?"
REA-1198,2025,13 Sep | Shift 2,General Intelligence and Reasoning,Number / Alphabet Series,Constant-shift alphabet series,"shift [3, 3, 3] per step",Constant-shift alphabet series,Symbolic MCQ,Easy,Low,Easy,Reading as words,Shift each letter,Same,Check first-letter options,20–35s,A1Z26 shifts,"Select the letter-cluster from among the given options that can replace the question mark (?) in the following series. PQR, STU, VWX, ?"
REA-1199,2025,13 Sep | Shift 2,General Intelligence and Reasoning,Blood Relations,Direct relation,single-hop map,Direct relation (1–2 links),Reasoning MCQ,Easy,Low,Easy,Gender flip,Direct map; check gender,Same,Verify gender,25–40s,Relation map,B is the daughter of A. C is the husband of B. D is the son of C. How is A related to D?
REA-1200,2025,13 Sep | Shift 2,General Intelligence and Reasoning,Mathematical Operators,General operator fill,BODMAS trial,General operator fill,Symbolic MCQ,Easy,Low,Hard,No-bracket math,Try options with BODMAS,Estimate first,Kill by size,40–65s,BODMAS,"If '+' means '–', '–' means '+', 'x' means '÷', then 50 + 10 – 5 × 5 = ?"
REA-1201,2025,13 Sep | Shift 3,General Intelligence and Reasoning,Blood Relations,Direct relation,single-hop map,Direct relation (1–2 links),Reasoning MCQ,Easy,Low,Easy,Gender flip,Direct map; check gender,Same,Verify gender,25–40s,Relation map,A says: “She is the daughter of my father’s only son.” How is the girl related to A?
REA-1202,2025,13 Sep | Shift 3,General Intelligence and Reasoning,Mathematical Operators,General operator fill,BODMAS trial,General operator fill,Symbolic MCQ,Easy,Low,Hard,No-bracket math,Try options with BODMAS,Estimate first,Kill by size,40–65s,BODMAS,"If 4 # 3 = 19 and 6 # 5 = 41, then 8 # 7 = ?"
REA-1203,2025,13 Sep | Shift 3,General Intelligence and Reasoning,Coding-Decoding,General code transform,encode/decode map,General code transform,Symbolic MCQ,Easy,Low,Hard,Assuming shift,Map Q→option transforms,Position map,Verify mapping,35–60s,Transform inventory,"If LIGHT is coded as KJFIS, then HEAVY is coded as?"
REA-1204,2025,13 Sep | Shift 3,General Intelligence and Reasoning,Miscellaneous (Reasoning),Unclassified reasoning item,mixed skill,Unclassified reasoning item,Reasoning MCQ,Easy,Low,Hard,Misclassification,Classify by stem first,Same,As applicable,30–60s,Stem patterns,"If 7x + 5 = 61, then x = ?"
REA-1205,2025,13 Sep | Shift 3,General Intelligence and Reasoning,Syllogism & Conclusions,Statement,implicit premise,Statement–assumption,Statement battery,Easy,Low,Easy,Stated-as-assumed,Negation test on options,Negation test,Eliminate explicit restatements,40–60s,Negation test,Statement: “The government should regulate plastic usage strictly.” Assumptions: I. Plastic causes environmental damage. II. Regulations can reduce plastic usage.
REA-1206,2025,13 Sep | Shift 3,General Intelligence and Reasoning,Classification / Odd-One-Out,General odd-one-out,property break,General odd-one-out,Symbolic MCQ,Easy,Low,Hard,Single focus,Test each option for the odd property,Kill three alike,Check all options,30–50s,Property scan,"Choose the option similar to the following numbers: 21, 34, 55, ?"
REA-1207,2025,13 Sep | Shift 3,General Intelligence and Reasoning,Dictionary & Word Formation,Dictionary order,letter-by-letter compare,Dictionary order,Reasoning MCQ,Easy,Low,Easy,Whole-word guess,Compare 1st differing letter,First-difference only,Sort pairwise,25–40s,Lexicographic compare,How many letters will remain unchanged if the word MOBILE is arranged alphabetically?
REA-1208,2025,13 Sep | Shift 3,General Intelligence and Reasoning,Mathematical Operators,General operator fill,BODMAS trial,General operator fill,Symbolic MCQ,Easy,Low,Hard,No-bracket math,Try options with BODMAS,Estimate first,Kill by size,40–65s,BODMAS,"If + is ×, × is -, - is ÷ and ÷ is +, then 6 + 4 × 24 - 8 ÷ 4 = ?"
REA-1209,2025,13 Sep | Shift 3,General Intelligence and Reasoning,Ranking & Order,Rank / position in row,ends counting,Rank / position in row,Reasoning MCQ,Easy,Low,Easy,Zero-indexing,Total = L + R − 1 forms,Ends formula,Check 1-indexing,25–40s,Rank formulas,"In a row of students, R is 10th from left and S is 12th from right. If they interchange positions, R becomes 14th from left. Total students?"
REA-1210,2025,13 Sep | Shift 3,General Intelligence and Reasoning,Number / Alphabet Series,General series completion,pattern extension,General series completion,Symbolic MCQ,Easy,Low,Easy,Random guess,List candidates; test,Option test,Check fit,30–60s,Pattern toolkit,Select the incorrect term from the given options.
REA-1211,2025,13 Sep | Shift 3,General Intelligence and Reasoning,Blood Relations,Direct relation,single-hop map,Direct relation (1–2 links),Reasoning MCQ,Easy,Low,Easy,Gender flip,Direct map; check gender,Same,Verify gender,25–40s,Relation map,P is brother of Q. Q is mother of R. How is P related to R?
REA-1212,2025,13 Sep | Shift 3,General Intelligence and Reasoning,Number / Alphabet Series,Second-order AP,second diff=2,Second-order AP (increasing differences),Symbolic MCQ,Easy,Low,Easy,Constant-diff guess,Build difference table,Last gap + last diff,Check last-gap options,30–50s,Difference tables,"Complete the series: 2, 5, 10, 17, ?"
REA-1213,2025,13 Sep | Shift 3,General Intelligence and Reasoning,Classification / Odd-One-Out,Bare odd-one-out,option-driven,Bare odd-one-out (inspect options),Symbolic MCQ,Easy,Low,Easy,First-option bias,Test number letter word property per option,Kill three alike,Check all options,30-50s,Property scan,Find the odd one out.
REA-1214,2025,13 Sep | Shift 3,General Intelligence and Reasoning,Coding-Decoding,General code transform,encode/decode map,General code transform,Symbolic MCQ,Easy,Low,Hard,Assuming shift,Map Q→option transforms,Position map,Verify mapping,35–60s,Transform inventory,"If PEARL is coded as RGCUN, how is STONE coded?"
REA-1215,2025,13 Sep | Shift 3,General Intelligence and Reasoning,Mathematical Operators,Custom-operator substitution,symbol remap,Custom-operator substitution,Symbolic MCQ,Easy,Low,Easy,Original meaning kept,Remap symbols; BODMAS evaluate,Remap inline,Check remap direction,40–65s,Remap + BODMAS,"If ‘$’ means +, ‘@’ means ×, then 8 @ 3 $ 4 = ?"
REA-1216,2025,13 Sep | Shift 3,General Intelligence and Reasoning,Number / Alphabet Series,Mixed-operation series,combined rules,Mixed-operation series,Symbolic MCQ,Easy,Low,Easy,Single-rule force,Try halves/alternation/split,Option back-fit,Test options in sequence,45–75s,Multi-rule toolkit,"Complete the series: 3, 6, 13, 28, ?"
REA-1217,2025,13 Sep | Shift 3,General Intelligence and Reasoning,Miscellaneous (Reasoning),Unclassified reasoning item,mixed skill,Unclassified reasoning item,Reasoning MCQ,Easy,Low,Hard,Misclassification,Classify by stem first,Same,As applicable,30–60s,Stem patterns,"If the sum of 48 and 32 is multiplied by 6, the result is:"
REA-1218,2025,13 Sep | Shift 3,General Intelligence and Reasoning,Attention to Detail,Exact string/address match,character scan,Exact string/address match,Reasoning MCQ,Easy,Low,Easy,Skim reading,Chunk-wise compare,Chunk compare,Diff-scan options,20–35s,Careful scanning,Apply the same pattern used in the following group and find the correct option. WRITE → UQGSC BREAK → ?
REA-1219,2025,13 Sep | Shift 3,General Intelligence and Reasoning,Dictionary & Word Formation,Meaningful-word formation,anagram search,Meaningful-word formation,Reasoning MCQ,Easy,Low,Easy,Non-word acceptance,Fix first letter; test,Vowel anchor,Try option words,30–55s,Anagram skill,"How many meaningful English words can be formed using letters of PLANT, each letter used once?"
REA-1220,2025,13 Sep | Shift 3,General Intelligence and Reasoning,Number / Alphabet Series,Constant-shift alphabet series,"shift [2, 3, 3, 2] per step",Constant-shift alphabet series,Symbolic MCQ,Easy,Low,Easy,Reading as words,Shift each letter,Same,Check first-letter options,20–35s,A1Z26 shifts,"Select the option that will replace the question mark. ABDF, CEGH, EHJJ, ?"
REA-1221,2025,13 Sep | Shift 3,General Intelligence and Reasoning,Coding-Decoding,General code transform,encode/decode map,General code transform,Symbolic MCQ,Easy,Low,Hard,Assuming shift,Map Q→option transforms,Position map,Verify mapping,35–60s,Transform inventory,"If CAT = DBU, then DOG = ?"
REA-1222,2025,13 Sep | Shift 3,General Intelligence and Reasoning,Mathematical Operators,General operator fill,BODMAS trial,General operator fill,Symbolic MCQ,Easy,Low,Hard,No-bracket math,Try options with BODMAS,Estimate first,Kill by size,40–65s,BODMAS,"If 6 @ 4 = 40, 5 @ 3 = 24, then 8 @ 5 = ?"
REA-1223,2025,13 Sep | Shift 3,General Intelligence and Reasoning,Attention to Detail,Exact string/address match,character scan,Exact string/address match,Reasoning MCQ,Easy,Low,Easy,Skim reading,Chunk-wise compare,Chunk compare,Diff-scan options,20–35s,Careful scanning,"Choose the option exactly similar to: Flat No. 45, Block C, Sector 18, Noida, UP – 201301"
REA-1224,2025,13 Sep | Shift 3,General Intelligence and Reasoning,Miscellaneous (Reasoning),Unclassified reasoning item,mixed skill,Unclassified reasoning item,Reasoning MCQ,Easy,Low,Hard,Misclassification,Classify by stem first,Same,As applicable,30–60s,Stem patterns,How many diagonals does a pentagon have?
REA-1225,2025,13 Sep | Shift 3,General Intelligence and Reasoning,Mathematical Operators,General operator fill,BODMAS trial,General operator fill,Symbolic MCQ,Easy,Low,Hard,No-bracket math,Try options with BODMAS,Estimate first,Kill by size,40–65s,BODMAS,"If 14 + 6 = 84 and 10 + 8 = 80, then 12 + 8 = ?"
REA-1226,2025,14 Sep | Shift 1,General Intelligence and Reasoning,Classification / Odd-One-Out,Bare odd-one-out,option-driven,Bare odd-one-out (inspect options),Symbolic MCQ,Easy,Low,Easy,First-option bias,Test number letter word property per option,Kill three alike,Check all options,30-50s,Property scan,Identify the odd one out:
REA-1227,2025,14 Sep | Shift 1,General Intelligence and Reasoning,Number / Alphabet Series,General series completion,pattern extension,General series completion,Symbolic MCQ,Easy,Low,Easy,Random guess,List candidates; test,Option test,Check fit,30–60s,Pattern toolkit,Identify the group that does NOT follow the same pattern:
REA-1228,2025,14 Sep | Shift 1,General Intelligence and Reasoning,Coding-Decoding,General code transform,encode/decode map,General code transform,Symbolic MCQ,Easy,Low,Hard,Assuming shift,Map Q→option transforms,Position map,Verify mapping,35–60s,Transform inventory,"If FLOWER is coded as GMPXFS, then GARDEN is coded as:"
REA-1229,2025,14 Sep | Shift 1,General Intelligence and Reasoning,Blood Relations,Direct relation,single-hop map,Direct relation (1–2 links),Reasoning MCQ,Easy,Low,Easy,Gender flip,Direct map; check gender,Same,Verify gender,25–40s,Relation map,"A man says, “She is the daughter of my father’s only son.” How is the woman related to the man?"
REA-1230,2025,14 Sep | Shift 1,General Intelligence and Reasoning,Blood Relations,Direct relation,single-hop map,Direct relation (1–2 links),Reasoning MCQ,Easy,Low,Easy,Gender flip,Direct map; check gender,Same,Verify gender,25–40s,Relation map,"Introducing a woman, Ravi says, “She is the wife of my father’s only son.” How is the woman related to Ravi?"
REA-1231,2025,14 Sep | Shift 1,General Intelligence and Reasoning,Blood Relations,Direct relation,single-hop map,Direct relation (1–2 links),Reasoning MCQ,Easy,Low,Easy,Gender flip,Direct map; check gender,Same,Verify gender,25–40s,Relation map,"A says, “My mother’s brother is the father of B.” How is B related to A?"
REA-1232,2025,14 Sep | Shift 1,General Intelligence and Reasoning,Ranking & Order,Rank / position in row,ends counting,Rank / position in row,Reasoning MCQ,Easy,Low,Easy,Zero-indexing,Total = L + R − 1 forms,Ends formula,Check 1-indexing,25–40s,Rank formulas,There are 45 students in a row. Rohan is 18th from the left and Aman is 20th from the right. How many students are between them?
REA-1233,2025,14 Sep | Shift 1,General Intelligence and Reasoning,Attention to Detail,Exact string/address match,character scan,Exact string/address match,Reasoning MCQ,Easy,Low,Easy,Skim reading,Chunk-wise compare,Chunk compare,Diff-scan options,20–35s,Careful scanning,"Which of the following pairs of addresses are identical? 1. Mr. Arun, 54/B Lake View, Bhopal, 462016 2. Mr Arun, 54-B, Lake View, Bhopal - 462016 3. Mr. Arun, 54/B Lakeview, Bhopal, 462016 4. Mr. Arjun, 54/B Lake View, Bhopal, 462016"
REA-1234,2025,14 Sep | Shift 1,General Intelligence and Reasoning,Analogy,General analogy,relation mapping,General analogy,Symbolic MCQ,Easy,Low,Hard,Vague association,Name relation in pair 1; apply,Relation naming,Eliminate unrelated,30–55s,Relation vocabulary,Find the missing term: SHOP : TIPQ :: MEGA : ?
REA-1235,2025,14 Sep | Shift 1,General Intelligence and Reasoning,Attention to Detail,Exact string/address match,character scan,Exact string/address match,Reasoning MCQ,Easy,Low,Easy,Skim reading,Chunk-wise compare,Chunk compare,Diff-scan options,20–35s,Careful scanning,"Which of the following pairs are exactly the same? 1. Dr. Neha Jain, 21 Park Street, Jaipur-302001 2. Dr. Neha Jain, 21 Park Street, Jaipur-302001 3. Dr. Neha Jain, 21 Park St., Jaipur, 302001 4. Dr. Neha Jaiswal, 21 Park Street, Jaipur, 302001"
REA-1236,2025,14 Sep | Shift 1,General Intelligence and Reasoning,Mathematical Operators,General operator fill,BODMAS trial,General operator fill,Symbolic MCQ,Easy,Low,Hard,No-bracket math,Try options with BODMAS,Estimate first,Kill by size,40–65s,BODMAS,"If + means ×, - means ÷, × means + and ÷ means -, then: 12 + 6 × 4 - 2 ÷ 2 = ?"
REA-1237,2025,14 Sep | Shift 1,General Intelligence and Reasoning,Analogy,General analogy,relation mapping,General analogy,Symbolic MCQ,Easy,Low,Hard,Vague association,Name relation in pair 1; apply,Relation naming,Eliminate unrelated,30–55s,Relation vocabulary,Apply the same rearrangement pattern: PLAYING : GNIYALP :: READING : ?
REA-1238,2025,14 Sep | Shift 1,General Intelligence and Reasoning,Number / Alphabet Series,Constant-shift alphabet series,"shift [3, 3, 2] per step",Constant-shift alphabet series,Symbolic MCQ,Easy,Low,Easy,Reading as words,Shift each letter,Same,Check first-letter options,20–35s,A1Z26 shifts,"Find the missing term: BDF, EGH, HJJ, ?"
REA-1239,2025,14 Sep | Shift 1,General Intelligence and Reasoning,Analogy,General analogy,relation mapping,General analogy,Symbolic MCQ,Easy,Low,Hard,Vague association,Name relation in pair 1; apply,Relation naming,Eliminate unrelated,30–55s,Relation vocabulary,Watch : Time :: Barometer : ?
REA-1240,2025,14 Sep | Shift 1,General Intelligence and Reasoning,Number / Alphabet Series,Mixed-operation series,combined rules,Mixed-operation series,Symbolic MCQ,Easy,Low,Easy,Single-rule force,Try halves/alternation/split,Option back-fit,Test options in sequence,45–75s,Multi-rule toolkit,"Find the missing number: 2, 6, 12, 20, ?, 42"
REA-1241,2025,14 Sep | Shift 1,General Intelligence and Reasoning,Number / Alphabet Series,Increasing-shift alphabet series,shift grows each step,Increasing-shift alphabet series,Symbolic MCQ,Easy,Low,Easy,Constant shift,Track shift growth,Same,Check growth fit,30–50s,Shift growth,"Find the missing group: EFG, HIJ, LMN, ?"
REA-1242,2025,14 Sep | Shift 1,General Intelligence and Reasoning,Analogy,General analogy,relation mapping,General analogy,Symbolic MCQ,Easy,Low,Hard,Vague association,Name relation in pair 1; apply,Relation naming,Eliminate unrelated,30–55s,Relation vocabulary,Accused : Crime :: Student : ?
REA-1243,2025,14 Sep | Shift 1,General Intelligence and Reasoning,Number / Alphabet Series,Alphabet-position series,A1Z26 logic,Alphabet-position series,Symbolic MCQ,Easy,Low,Easy,Reading letters,Convert; find numeric rule,Same,Test numeric fit,30–55s,A1Z26 map,"Complete the series: B E H, D G J, F I L, ?"
REA-1244,2025,14 Sep | Shift 1,General Intelligence and Reasoning,Blood Relations,Direct relation,single-hop map,Direct relation (1–2 links),Reasoning MCQ,Easy,Low,Easy,Gender flip,Direct map; check gender,Same,Verify gender,25–40s,Relation map,"A says to B, “The woman I met is the daughter of your mother.” How is the woman related to B?"
REA-1245,2025,14 Sep | Shift 1,General Intelligence and Reasoning,Number / Alphabet Series,Mixed-operation series,combined rules,Mixed-operation series,Symbolic MCQ,Easy,Low,Easy,Single-rule force,Try halves/alternation/split,Option back-fit,Test options in sequence,45–75s,Multi-rule toolkit,"What comes next? 2, 6, 14, 30, ?"
REA-1246,2025,14 Sep | Shift 1,General Intelligence and Reasoning,Number / Alphabet Series,Constant-shift alphabet series,"shift [4, 4, 4] per step",Constant-shift alphabet series,Symbolic MCQ,Easy,Low,Easy,Reading as words,Shift each letter,Same,Check first-letter options,20–35s,A1Z26 shifts,"Find the missing term: MNO, QRS, UVW, ?"
REA-1247,2025,14 Sep | Shift 1,General Intelligence and Reasoning,Dictionary & Word Formation,Dictionary order,letter-by-letter compare,Dictionary order,Reasoning MCQ,Easy,Low,Easy,Whole-word guess,Compare 1st differing letter,First-difference only,Sort pairwise,25–40s,Lexicographic compare,"If the letters of the word COMPUTER are arranged alphabetically, how many letters will have the same position as in the original word?"
REA-1248,2025,14 Sep | Shift 1,General Intelligence and Reasoning,Dictionary & Word Formation,Dictionary order,letter-by-letter compare,Dictionary order,Reasoning MCQ,Easy,Low,Easy,Whole-word guess,Compare 1st differing letter,First-difference only,Sort pairwise,25–40s,Lexicographic compare,A set of letters is followed by the product of their alphabetical positions. ACE : 15 :: BDF : ?
REA-1249,2025,14 Sep | Shift 1,General Intelligence and Reasoning,Number / Alphabet Series,Alphabet-position series,A1Z26 logic,Alphabet-position series,Symbolic MCQ,Easy,Low,Easy,Reading letters,Convert; find numeric rule,Same,Test numeric fit,30–55s,A1Z26 map,Complete the series: XZB - UWY - RTV - ?
REA-1250,2025,14 Sep | Shift 1,General Intelligence and Reasoning,Classification / Odd-One-Out,General odd-one-out,property break,General odd-one-out,Symbolic MCQ,Easy,Low,Hard,Single focus,Test each option for the odd property,Kill three alike,Check all options,30–50s,Property scan,Identify the number which does NOT satisfy: Sum of digits is a factor of the number.
REA-1251,2025,14 Sep | Shift 2,General Intelligence and Reasoning,Analogy,General analogy,relation mapping,General analogy,Symbolic MCQ,Easy,Low,Hard,Vague association,Name relation in pair 1; apply,Relation naming,Eliminate unrelated,30–55s,Relation vocabulary,BOOK : CPPL :: DEAR : ?
REA-1252,2025,14 Sep | Shift 2,General Intelligence and Reasoning,Mathematical Operators,General operator fill,BODMAS trial,General operator fill,Symbolic MCQ,Easy,Low,Hard,No-bracket math,Try options with BODMAS,Estimate first,Kill by size,40–65s,BODMAS,"If 8 @ 4 = 32 and 6 @ 5 = 30, then 9 @ 3 = ?"
REA-1253,2025,14 Sep | Shift 2,General Intelligence and Reasoning,Number / Alphabet Series,Mixed-operation series,combined rules,Mixed-operation series,Symbolic MCQ,Easy,Low,Easy,Single-rule force,Try halves/alternation/split,Option back-fit,Test options in sequence,45–75s,Multi-rule toolkit,"Complete the series: 9, 13, 21, 37, ?"
REA-1254,2025,14 Sep | Shift 2,General Intelligence and Reasoning,Mathematical Operators,General operator fill,BODMAS trial,General operator fill,Symbolic MCQ,Easy,Low,Hard,No-bracket math,Try options with BODMAS,Estimate first,Kill by size,40–65s,BODMAS,"If 7 # 4 = 15 and 9 # 6 = 21, then 8 # 5 = ?"
REA-1255,2025,14 Sep | Shift 2,General Intelligence and Reasoning,Number / Alphabet Series,Multiply-add,×2+1,Multiply-add (×k±c) series,Symbolic MCQ,Easy,Low,Easy,Pure multiply,Apply ×k±c,Same,Test last step,30–50s,×k±c test,"What comes next? 5, 11, 23, 47, ?"
REA-1256,2025,14 Sep | Shift 2,General Intelligence and Reasoning,Blood Relations,Direct relation,single-hop map,Direct relation (1–2 links),Reasoning MCQ,Easy,Low,Easy,Gender flip,Direct map; check gender,Same,Verify gender,25–40s,Relation map,Ravi is brother of Aman. Aman is brother of Sita. How is Ravi related to Sita?
REA-1257,2025,14 Sep | Shift 2,General Intelligence and Reasoning,Blood Relations,Direct relation,single-hop map,Direct relation (1–2 links),Reasoning MCQ,Easy,Low,Easy,Gender flip,Direct map; check gender,Same,Verify gender,25–40s,Relation map,"Seema says, “He is the son of the only daughter of my father.” How is the man related to Seema?"
REA-1258,2025,14 Sep | Shift 2,General Intelligence and Reasoning,Classification / Odd-One-Out,Bare odd-one-out,option-driven,Bare odd-one-out (inspect options),Symbolic MCQ,Easy,Low,Easy,First-option bias,Test number letter word property per option,Kill three alike,Check all options,30-50s,Property scan,Find the odd one out:
REA-1259,2025,14 Sep | Shift 2,General Intelligence and Reasoning,Mathematical Operators,Sign-swap to balance,swap two operators,Sign-swap to balance,Symbolic MCQ,Easy,Low,Easy,No-bracket evaluation,Try option swaps; evaluate (BODMAS),Estimate-then-verify,Kill non-balancing fast,35–60s,BODMAS,"A two-digit number is 4 times the sum of its digits. If the digits are interchanged, the new number is 18 more than the original. Find the number."
REA-1260,2025,14 Sep | Shift 2,General Intelligence and Reasoning,Number / Alphabet Series,Constant-shift alphabet series,"shift [3, 3, 3] per step",Constant-shift alphabet series,Symbolic MCQ,Easy,Low,Easy,Reading as words,Shift each letter,Same,Check first-letter options,20–35s,A1Z26 shifts,"Select the letter-cluster that will replace the question mark: JKL, MNO, PQR, ?"
REA-1261,2025,14 Sep | Shift 2,General Intelligence and Reasoning,Mathematical Operators,Custom-operator substitution,symbol remap,Custom-operator substitution,Symbolic MCQ,Easy,Low,Easy,Original meaning kept,Remap symbols; BODMAS evaluate,Remap inline,Check remap direction,40–65s,Remap + BODMAS,"If ‘+’ means ‘×’, ‘×’ means ‘-’, ‘-’ means ‘÷’ and ‘÷’ means ‘+’, then: 16 + 4 × 18 - 2 ÷ 2 = ?"
REA-1262,2025,14 Sep | Shift 2,General Intelligence and Reasoning,Blood Relations,Coded relation,decode then traverse,Coded relation (symbol map),Reasoning MCQ,Easy,Low,Easy,Gender assumption,Substitute meanings; walk the tree,Draw tree top-down,Check gender markers,45–75s,Tree drawing,Symbols meaning: P + Q → P is father of Q and P - Q → P is sister of Q Statements: A + B - C. How A related to C?
REA-1263,2025,14 Sep | Shift 2,General Intelligence and Reasoning,Dictionary & Word Formation,Dictionary order,letter-by-letter compare,Dictionary order,Reasoning MCQ,Easy,Low,Easy,Whole-word guess,Compare 1st differing letter,First-difference only,Sort pairwise,25–40s,Lexicographic compare,"If the letters of the word NOTEBOOK are arranged alphabetically, how many letters are between the 2nd from left and 2nd from right in the new arrangement?"
REA-1264,2025,14 Sep | Shift 2,General Intelligence and Reasoning,Number / Alphabet Series,Constant-shift alphabet series,"shift [1, 1, 1] per step",Constant-shift alphabet series,Symbolic MCQ,Easy,Low,Easy,Reading as words,Shift each letter,Same,Check first-letter options,20–35s,A1Z26 shifts,"Select the letter-cluster that will replace the question mark: ABB, BCC, CDD, ?"
REA-1265,2025,14 Sep | Shift 2,General Intelligence and Reasoning,Syllogism & Conclusions,Statement,implicit premise,Statement–assumption,Statement battery,Easy,Low,Easy,Stated-as-assumed,Negation test on options,Negation test,Eliminate explicit restatements,40–60s,Negation test,Statement: Online education is growing rapidly across the country. Assumptions: I. Internet access is increasing. II. Traditional education will disappear completely.
REA-1266,2025,14 Sep | Shift 2,General Intelligence and Reasoning,Mathematical Operators,General operator fill,BODMAS trial,General operator fill,Symbolic MCQ,Easy,Low,Hard,No-bracket math,Try options with BODMAS,Estimate first,Kill by size,40–65s,BODMAS,"After interchanging ‘+’ and ‘×’, which equation is true?"
REA-1267,2025,14 Sep | Shift 2,General Intelligence and Reasoning,Coding-Decoding,Letter transform,per-position mapping,Letter transform (mixed shifts),Symbolic MCQ,Easy,Low,Easy,Assuming uniform shift,Map every position 1:1; apply,Ends-first check,Verify full mapping,40–65s,Position mapping,"If ‘ABCDE’ is coded as ‘EDCBA’ and ‘LMNOP’ is coded as ‘PONML’, then ‘QRSTU’ will be coded as:"
REA-1268,2025,14 Sep | Shift 2,General Intelligence and Reasoning,Calendar & Clock,Clock hands / angle,relative speed 360/11,Clock hands / angle,Reasoning MCQ,Easy,Low,Easy,Hour freeze,Minute angle = 6m; hour = 30h + m/2,|30h − 11m/2|,Check reflex option,30–50s,Hand formulas,CLOCK : ENQEM :: TABLE : ?
REA-1269,2025,14 Sep | Shift 2,General Intelligence and Reasoning,Miscellaneous (Reasoning),Unclassified reasoning item,mixed skill,Unclassified reasoning item,Reasoning MCQ,Easy,Low,Hard,Misclassification,Classify by stem first,Same,As applicable,30–60s,Stem patterns,"A mixture contains milk and water in the ratio 3:2. If 20 litres of milk is added, what is the new ratio?"
REA-1270,2025,14 Sep | Shift 2,General Intelligence and Reasoning,Coding-Decoding,General code transform,encode/decode map,General code transform,Symbolic MCQ,Easy,Low,Hard,Assuming shift,Map Q→option transforms,Position map,Verify mapping,35–60s,Transform inventory,"In a code language: “The food tastes good” → ta na ka pa, “This movie was good” → la ta sa ra. What is the code for “good”?"
REA-1271,2025,14 Sep | Shift 2,General Intelligence and Reasoning,Number / Alphabet Series,General series completion,pattern extension,General series completion,Symbolic MCQ,Easy,Low,Easy,Random guess,List candidates; test,Option test,Check fit,30–60s,Pattern toolkit,Identify the group that does NOT follow the same pattern:
REA-1272,2025,14 Sep | Shift 2,General Intelligence and Reasoning,Dictionary & Word Formation,Dictionary order,letter-by-letter compare,Dictionary order,Reasoning MCQ,Easy,Low,Easy,Whole-word guess,Compare 1st differing letter,First-difference only,Sort pairwise,25–40s,Lexicographic compare,"If the letters of the word MARKET are arranged alphabetically, how many letters remain in the same position?"
REA-1273,2025,14 Sep | Shift 2,General Intelligence and Reasoning,Miscellaneous (Reasoning),Unclassified reasoning item,mixed skill,Unclassified reasoning item,Reasoning MCQ,Easy,Low,Hard,Misclassification,Classify by stem first,Same,As applicable,30–60s,Stem patterns,"A box has 4 red, 5 blue and 6 green balls. What is the probability of drawing a non-blue ball?"
REA-1274,2025,14 Sep | Shift 2,General Intelligence and Reasoning,Attention to Detail,Exact string/address match,character scan,Exact string/address match,Reasoning MCQ,Easy,Low,Easy,Skim reading,Chunk-wise compare,Chunk compare,Diff-scan options,20–35s,Careful scanning,"Identify the similar address: Mr. Rohit, A-12 Green Park, Delhi, 110016"
REA-1275,2025,14 Sep | Shift 2,General Intelligence and Reasoning,Mathematical Operators,Custom-operator substitution,symbol remap,Custom-operator substitution,Symbolic MCQ,Easy,Low,Easy,Original meaning kept,Remap symbols; BODMAS evaluate,Remap inline,Check remap direction,40–65s,Remap + BODMAS,"If ‘+’ means ‘-’, ‘-’ means ‘×’, ‘×’ means ‘÷’ and ‘÷’ means ‘+’, then which equation is correct?"
REA-1276,2025,14 Sep | Shift 3,General Intelligence and Reasoning,Dictionary & Word Formation,Dictionary order,letter-by-letter compare,Dictionary order,Reasoning MCQ,Easy,Low,Easy,Whole-word guess,Compare 1st differing letter,First-difference only,Sort pairwise,25–40s,Lexicographic compare,Find the group of letters that best completes the analogy. Use alphabetical positions and reverse position logic where necessary. BEKQ : YVPJ :: CFGL : ?
REA-1277,2025,14 Sep | Shift 3,General Intelligence and Reasoning,Classification / Odd-One-Out,Bare odd-one-out,option-driven,Bare odd-one-out (inspect options),Symbolic MCQ,Easy,Low,Easy,First-option bias,Test number letter word property per option,Kill three alike,Check all options,30-50s,Property scan,"Choose the odd one out: (17, P, #), (13, J, !), (19, R, %), (23, V, @)"
REA-1278,2025,14 Sep | Shift 3,General Intelligence and Reasoning,Blood Relations,Direct relation,single-hop map,Direct relation (1–2 links),Reasoning MCQ,Easy,Low,Easy,Gender flip,Direct map; check gender,Same,Verify gender,25–40s,Relation map,A's father's wife's only daughter is B. How is A related to B? (Assuming A is a male member)
REA-1279,2025,14 Sep | Shift 3,General Intelligence and Reasoning,Analogy,General analogy,relation mapping,General analogy,Symbolic MCQ,Easy,Low,Hard,Vague association,Name relation in pair 1; apply,Relation naming,Eliminate unrelated,30–55s,Relation vocabulary,Choose the correct option to complete the series. Growth : Stagnation :: Success : ?
REA-1280,2025,14 Sep | Shift 3,General Intelligence and Reasoning,Number / Alphabet Series,Constant-shift alphabet series,"shift [-1, -1, -1] per step",Constant-shift alphabet series,Symbolic MCQ,Easy,Low,Easy,Reading as words,Shift each letter,Same,Check first-letter options,20–35s,A1Z26 shifts,"Select the letter-cluster from among the given options that can replace the question mark (?) in the following series. PRT, OQS, NPR, ?"
REA-1281,2025,14 Sep | Shift 3,General Intelligence and Reasoning,Syllogism & Conclusions,Single-statement conclusion,direct inference,Single-statement conclusion,Statement battery,Easy,Low,Easy,Outside info,Test conclusion against statement only,Same,Kill overreach,30-45s,Strict reading,Read the following statement carefully and identify the conclusion that follows. Statement: Smoking is prohibited in public places as per the new law. Conclusions: I. People can smoke in private spaces. II. Smoking harms public health.
REA-1282,2025,14 Sep | Shift 3,General Intelligence and Reasoning,Mathematical Operators,General operator fill,BODMAS trial,General operator fill,Symbolic MCQ,Easy,Low,Hard,No-bracket math,Try options with BODMAS,Estimate first,Kill by size,40–65s,BODMAS,"If a $ b = 2, where a $ b = a² – b, what is the value of a and b?"
REA-1283,2025,14 Sep | Shift 3,General Intelligence and Reasoning,Blood Relations,Coded relation,decode then traverse,Coded relation (symbol map),Reasoning MCQ,Easy,Low,Easy,Gender assumption,Substitute meanings; walk the tree,Draw tree top-down,Check gender markers,45–75s,Tree drawing,"P + Q means P is the husband of Q, P – Q means P is the sister of Q, P × Q means P is the mother of Q. Then what does A × B + C mean?"
REA-1284,2025,14 Sep | Shift 3,General Intelligence and Reasoning,Miscellaneous (Reasoning),Unclassified reasoning item,mixed skill,Unclassified reasoning item,Reasoning MCQ,Easy,Low,Hard,Misclassification,Classify by stem first,Same,As applicable,30–60s,Stem patterns,"Identify the odd number: 1, 8, 27, 64, 121, 216"
REA-1285,2025,14 Sep | Shift 3,General Intelligence and Reasoning,Dictionary & Word Formation,Dictionary order,letter-by-letter compare,Dictionary order,Reasoning MCQ,Easy,Medium,Easy,Whole-word guess,Compare 1st differing letter,First-difference only,Sort pairwise,25–40s,Lexicographic compare,Each of the letters in the word HARMONIOUS is arranged in alphabetical order. How many letters are there in the English alphabetical series between the letter that is first from the left and the one that is fourth from the right in the new letter-cluster formed?
REA-1286,2025,14 Sep | Shift 3,General Intelligence and Reasoning,Number / Alphabet Series,Mixed-operation series,combined rules,Mixed-operation series,Symbolic MCQ,Easy,Low,Easy,Single-rule force,Try halves/alternation/split,Option back-fit,Test options in sequence,45–75s,Multi-rule toolkit,"Complete the series: 24, 120, 720, 5040, 40320, __________ ?"
REA-1287,2025,14 Sep | Shift 3,General Intelligence and Reasoning,Number / Alphabet Series,Constant-shift alphabet series,"shift [1, 3, -1] per step",Constant-shift alphabet series,Symbolic MCQ,Easy,Low,Easy,Reading as words,Shift each letter,Same,Check first-letter options,20–35s,A1Z26 shifts,"Select the letter-cluster from among the given options that can replace the question mark (?) in the following series. XJL, YMK, ZPJ, ?"
REA-1288,2025,14 Sep | Shift 3,General Intelligence and Reasoning,Analogy,General analogy,relation mapping,General analogy,Symbolic MCQ,Easy,Low,Hard,Vague association,Name relation in pair 1; apply,Relation naming,Eliminate unrelated,30–55s,Relation vocabulary,"In each of the following questions, a word is transformed by rearranging its letters according to a specific pattern. Apply the same pattern to the third word and choose the correct answer from the given alternatives. EXCUSE : CXEESU :: ERODES : ?"
REA-1289,2025,14 Sep | Shift 3,General Intelligence and Reasoning,Blood Relations,Chained relation,multi-hop traversal,Chained relation (3+ links),Reasoning MCQ,Easy,Low,Easy,Skipping a hop,Collapse inside-out; track gender,Innermost-first,Check gender at each hop,45–70s,Hop collapsing,X and Y are brothers. Z is the wife of Y. A is the father of X. B is the daughter of Z. How is B related to A?
REA-1290,2025,14 Sep | Shift 3,General Intelligence and Reasoning,Syllogism & Conclusions,Statement,implicit premise,Statement–assumption,Statement battery,Medium,Medium,Easy,Stated-as-assumed,Negation test on options,Negation test,Eliminate explicit restatements,40–60s,Negation test,"Instruction: Identify the assumptions that must hold for the statement to be valid, then choose the correct option. Statement: The Himalayas act as a natural barrier that prevents the monsoon winds from reaching the northern plains, thereby creating a dry region in the rain shadow area. Assumptions: I. The Himalayas prevent monsoon winds from reaching certain areas. II. The rain shadow effect leads to dry conditions in specific regions. III. Monsoon winds are the sole cause of rainfall in the northern plains."
REA-1291,2025,14 Sep | Shift 3,General Intelligence and Reasoning,Miscellaneous (Reasoning),Unclassified reasoning item,mixed skill,Unclassified reasoning item,Reasoning MCQ,Easy,Low,Hard,Misclassification,Classify by stem first,Same,As applicable,30–60s,Stem patterns,A sum becomes 2.5 times in 10 years under simple interest. Find the rate.
REA-1292,2025,14 Sep | Shift 3,General Intelligence and Reasoning,Miscellaneous (Reasoning),Unclassified reasoning item,mixed skill,Unclassified reasoning item,Reasoning MCQ,Easy,Low,Hard,Misclassification,Classify by stem first,Same,As applicable,30–60s,Stem patterns,Which letter in the word “TREATMENT” is equidistant from both ends?
REA-1293,2025,14 Sep | Shift 3,General Intelligence and Reasoning,Miscellaneous (Reasoning),Unclassified reasoning item,mixed skill,Unclassified reasoning item,Reasoning MCQ,Easy,Low,Hard,Misclassification,Classify by stem first,Same,As applicable,30–60s,Stem patterns,Which one is different from the rest?
REA-1294,2025,14 Sep | Shift 3,General Intelligence and Reasoning,Number / Alphabet Series,General series completion,pattern extension,General series completion,Symbolic MCQ,Easy,Low,Easy,Random guess,List candidates; test,Option test,Check fit,30–60s,Pattern toolkit,"Find the word that does not fit in the series: Silent, Muted, Tranquil, Clamorous, Calm"
REA-1295,2025,14 Sep | Shift 3,General Intelligence and Reasoning,Attention to Detail,Exact string/address match,character scan,Exact string/address match,Reasoning MCQ,Easy,Medium,Easy,Skim reading,Chunk-wise compare,Chunk compare,Diff-scan options,20–35s,Careful scanning,"Which of the following is/are identical to the address given: Priya Yadav B-22, Rosewood Heights, Sector 15, Gurgaon, 122002 1. Priya Yadav B-22, Rosewood Heights, Sector 15, Gurgaon, 122002 2. Priya Yadav B-22, Rosewood Heights, Sector 15, Gurugram, 122002 3. Priya Yadav B-22, Rosewood Heights, Sector 15, Gurgaon, 122003 4. Priya Yadav B-22, Rosewood Heights, Sector 15, Gurgaon, 122001"
REA-1296,2025,14 Sep | Shift 3,General Intelligence and Reasoning,Dictionary & Word Formation,Dictionary order,letter-by-letter compare,Dictionary order,Reasoning MCQ,Easy,Medium,Easy,Whole-word guess,Compare 1st differing letter,First-difference only,Sort pairwise,25–40s,Lexicographic compare,Each of the letters in the word LAPTOP is arranged in alphabetical order. How many letters are there in the English alphabetical series between the letter that is fourth from the left and the one that is first from the right in the new letter-cluster formed?
REA-1297,2025,14 Sep | Shift 3,General Intelligence and Reasoning,Miscellaneous (Reasoning),Unclassified reasoning item,mixed skill,Unclassified reasoning item,Reasoning MCQ,Easy,Low,Hard,Misclassification,Classify by stem first,Same,As applicable,30–60s,Stem patterns,"If the sum of 42 and 42 is multiplied by 4, what is the result?"
REA-1298,2025,14 Sep | Shift 3,General Intelligence and Reasoning,Mathematical Operators,General operator fill,BODMAS trial,General operator fill,Symbolic MCQ,Easy,Low,Hard,No-bracket math,Try options with BODMAS,Estimate first,Kill by size,40–65s,BODMAS,"If 2 @ 3 = 25 and 3 @ 4 = 49, what is 4 @ 5?"
REA-1299,2025,14 Sep | Shift 3,General Intelligence and Reasoning,Coding-Decoding,Letter-shift transform,equal shift -1 per letter,Letter-shift transform (uniform),Symbolic MCQ,Easy,Low,Easy,First-letter only,Compute per-position shift; apply,First-letter shift only,Verify all positions,30–50s,A1Z26 shifts,"If 'READ' is coded as 'SFBE', how is 'BOOK' coded?"
REA-1300,2025,14 Sep | Shift 3,General Intelligence and Reasoning,Number / Alphabet Series,Mixed-operation series,combined rules,Mixed-operation series,Symbolic MCQ,Easy,Low,Easy,Single-rule force,Try halves/alternation/split,Option back-fit,Test options in sequence,45–75s,Multi-rule toolkit,"What will come at the place of question mark? 1, 9, 31, 73, 141, ?"
REA-1301,2025,15 Sep | Shift 1,General Intelligence and Reasoning,Miscellaneous (Reasoning),Unclassified reasoning item,mixed skill,Unclassified reasoning item,Reasoning MCQ,Easy,Low,Hard,Misclassification,Classify by stem first,Same,As applicable,30–60s,Stem patterns,Evaluate: (4 + 5) × (7 - 2) = ?
REA-1302,2025,15 Sep | Shift 1,General Intelligence and Reasoning,Attention to Detail,Exact string/address match,character scan,Exact string/address match,Reasoning MCQ,Easy,Low,Easy,Skim reading,Chunk-wise compare,Chunk compare,Diff-scan options,20–35s,Careful scanning,"Which of the following addresses are identical? 1. Vill. Rampur, PO Rampur, Dist. Aligarh - 202001 2. Vill Rampur, PO Rampur, Dist Aligarh - 202010 3. Vill. Rampur, PO Rampur, Dist. Aligarh - 202001"
REA-1303,2025,15 Sep | Shift 1,General Intelligence and Reasoning,Miscellaneous (Reasoning),Unclassified reasoning item,mixed skill,Unclassified reasoning item,Reasoning MCQ,Easy,Low,Hard,Misclassification,Classify by stem first,Same,As applicable,30–60s,Stem patterns,"“Science advances rapidly with innovation.” If the 2nd letter of every 2nd word is written in order, what word is formed?"
REA-1304,2025,15 Sep | Shift 1,General Intelligence and Reasoning,Miscellaneous (Reasoning),Unclassified reasoning item,mixed skill,Unclassified reasoning item,Reasoning MCQ,Easy,Low,Hard,Misclassification,Classify by stem first,Same,As applicable,30–60s,Stem patterns,A shopkeeper buys 5 pens at ₹12 each and 3 pencils at ₹8 each. What is the total cost?
REA-1305,2025,15 Sep | Shift 1,General Intelligence and Reasoning,Blood Relations,Direct relation,single-hop map,Direct relation (1–2 links),Reasoning MCQ,Easy,Low,Easy,Gender flip,Direct map; check gender,Same,Verify gender,25–40s,Relation map,"Rani said, “The man in the photo is my mother’s brother.” How is the man related to Rani?"
REA-1306,2025,15 Sep | Shift 1,General Intelligence and Reasoning,Mathematical Operators,Custom-operator substitution,symbol remap,Custom-operator substitution,Symbolic MCQ,Easy,Low,Easy,Original meaning kept,Remap symbols; BODMAS evaluate,Remap inline,Check remap direction,40–65s,Remap + BODMAS,"If # = +, @ = ×, % = -, then find the value of: (6 @ 3) % 4 # 5?"
REA-1307,2025,15 Sep | Shift 1,General Intelligence and Reasoning,Number / Alphabet Series,Mixed-operation series,combined rules,Mixed-operation series,Symbolic MCQ,Easy,Low,Easy,Single-rule force,Try halves/alternation/split,Option back-fit,Test options in sequence,45–75s,Multi-rule toolkit,"What will come at the place of question mark (?) 1, 2, 6, 21, 88, ?"
REA-1308,2025,15 Sep | Shift 1,General Intelligence and Reasoning,Syllogism & Conclusions,Statement,implicit premise,Statement–assumption,Statement battery,Easy,Low,Easy,Stated-as-assumed,Negation test on options,Negation test,Eliminate explicit restatements,40–60s,Negation test,Identify the assumptions that must hold true. Statement: Online education has expanded access to learning worldwide. Assumptions: I. Internet access is widely available. II. Learners are willing to adapt to digital platforms.
REA-1309,2025,15 Sep | Shift 1,General Intelligence and Reasoning,Number / Alphabet Series,Alphabet-position series,A1Z26 logic,Alphabet-position series,Symbolic MCQ,Easy,Low,Easy,Reading letters,Convert; find numeric rule,Same,Test numeric fit,30–55s,A1Z26 map,"Select the letter-cluster that can replace (?) HLPT, HOUA, HRZH, ?"
REA-1310,2025,15 Sep | Shift 1,General Intelligence and Reasoning,Classification / Odd-One-Out,Bare odd-one-out,option-driven,Bare odd-one-out (inspect options),Symbolic MCQ,Easy,Low,Easy,First-option bias,Test number letter word property per option,Kill three alike,Check all options,30-50s,Property scan,Find the odd one out.
REA-1311,2025,15 Sep | Shift 1,General Intelligence and Reasoning,Number / Alphabet Series,Mixed-operation series,combined rules,Mixed-operation series,Symbolic MCQ,Easy,Low,Easy,Single-rule force,Try halves/alternation/split,Option back-fit,Test options in sequence,45–75s,Multi-rule toolkit,"Which term is wrong in the series? 3, 6, 13, 18, 27, 38"
REA-1312,2025,15 Sep | Shift 1,General Intelligence and Reasoning,Mathematical Operators,General operator fill,BODMAS trial,General operator fill,Symbolic MCQ,Easy,Low,Hard,No-bracket math,Try options with BODMAS,Estimate first,Kill by size,40–65s,BODMAS,"If 6 # 3 = 18 and 8 # 4 = 32, then 10 # 5 = ?"
REA-1313,2025,15 Sep | Shift 1,General Intelligence and Reasoning,Dictionary & Word Formation,Meaningful-word formation,anagram search,Meaningful-word formation,Reasoning MCQ,Easy,Low,Easy,Non-word acceptance,Fix first letter; test,Vowel anchor,Try option words,30–55s,Anagram skill,"How many meaningful four-letter English words can be formed using the first, second, third and fourth letters of the word “PLANT”, using each letter once?"
REA-1314,2025,15 Sep | Shift 1,General Intelligence and Reasoning,Mathematical Operators,Custom-operator substitution,symbol remap,Custom-operator substitution,Symbolic MCQ,Easy,Low,Easy,Original meaning kept,Remap symbols; BODMAS evaluate,Remap inline,Check remap direction,40–65s,Remap + BODMAS,"If ‘×’ means ‘-’, ‘-’ means ‘+’, ‘+’ means ‘÷’ and ‘÷’ means ‘×’, which of the following is correct?"
REA-1315,2025,15 Sep | Shift 1,General Intelligence and Reasoning,Dictionary & Word Formation,Dictionary order,letter-by-letter compare,Dictionary order,Reasoning MCQ,Easy,Low,Easy,Whole-word guess,Compare 1st differing letter,First-difference only,Sort pairwise,25–40s,Lexicographic compare,"In the following question, a pair of letters is given with its product of alphabetical positions. Identify the correct product. CD : 12 :: EF : ?"
REA-1316,2025,15 Sep | Shift 1,General Intelligence and Reasoning,Coding-Decoding,General code transform,encode/decode map,General code transform,Symbolic MCQ,Easy,Low,Hard,Assuming shift,Map Q→option transforms,Position map,Verify mapping,35–60s,Transform inventory,"If “APPLE” is coded as “CRRNG”, how is “GRAPE” written?"
REA-1317,2025,15 Sep | Shift 1,General Intelligence and Reasoning,Mathematical Operators,Custom-operator substitution,symbol remap,Custom-operator substitution,Symbolic MCQ,Easy,Low,Easy,Original meaning kept,Remap symbols; BODMAS evaluate,Remap inline,Check remap direction,40–65s,Remap + BODMAS,"If ‘+’ means ‘×’, ‘-’ means ‘÷’, ‘×’ means ‘+’ and ‘÷’ means ‘-’, find the value of: 16 + 4 - 2 × 3"
REA-1318,2025,15 Sep | Shift 1,General Intelligence and Reasoning,Mathematical Operators,Custom-operator substitution,symbol remap,Custom-operator substitution,Symbolic MCQ,Easy,Low,Easy,Original meaning kept,Remap symbols; BODMAS evaluate,Remap inline,Check remap direction,40–65s,Remap + BODMAS,"If ‘+’ means ‘÷’, ‘-’ means ‘×’, ‘×’ means ‘+’ and ‘÷’ means ‘-’, then find the value of: 8 + 4 - 2 × 3 ÷ 1?"
REA-1319,2025,15 Sep | Shift 1,General Intelligence and Reasoning,Coding-Decoding,General code transform,encode/decode map,General code transform,Symbolic MCQ,Easy,Low,Hard,Assuming shift,Map Q→option transforms,Position map,Verify mapping,35–60s,Transform inventory,"If FLOWER is written as GMPXFS, how is GARDEN written in the same code?"
REA-1320,2025,15 Sep | Shift 1,General Intelligence and Reasoning,Number / Alphabet Series,Constant-shift alphabet series,"shift [5, 4, 7] per step",Constant-shift alphabet series,Symbolic MCQ,Easy,Low,Easy,Reading as words,Shift each letter,Same,Check first-letter options,20–35s,A1Z26 shifts,"Select the letter-cluster that can replace (?) GEA, LIH, QMO, ?"
REA-1321,2025,15 Sep | Shift 1,General Intelligence and Reasoning,Syllogism & Conclusions,Single-statement conclusion,direct inference,Single-statement conclusion,Statement battery,Easy,Low,Easy,Outside info,Test conclusion against statement only,Same,Kill overreach,30-45s,Strict reading,Read the statement and identify the conclusion. Statement: The company doubled its profits this year. Conclusions: I. The company performed better than last year. II. Profits were lower in previous years.
REA-1322,2025,15 Sep | Shift 1,General Intelligence and Reasoning,Blood Relations,Direct relation,single-hop map,Direct relation (1–2 links),Reasoning MCQ,Easy,Low,Easy,Gender flip,Direct map; check gender,Same,Verify gender,25–40s,Relation map,A is the brother of B. C is the father of A. D is the son of C. How is D related to B?
REA-1323,2025,15 Sep | Shift 1,General Intelligence and Reasoning,Miscellaneous (Reasoning),Unclassified reasoning item,mixed skill,Unclassified reasoning item,Reasoning MCQ,Easy,Low,Hard,Misclassification,Classify by stem first,Same,As applicable,30–60s,Stem patterns,"If ‘#’ means addition, ‘@’ means subtraction, ‘$’ means multiplication and ‘%’ means division, then find the value of: 5 # 3 $ 2 @ 4 % 2?"
REA-1324,2025,15 Sep | Shift 1,General Intelligence and Reasoning,Miscellaneous (Reasoning),Unclassified reasoning item,mixed skill,Unclassified reasoning item,Reasoning MCQ,Easy,Low,Hard,Misclassification,Classify by stem first,Same,As applicable,30–60s,Stem patterns,"If a geometric progression starts at 4 and the common ratio is 2, what is the 4th term?"
REA-1325,2025,15 Sep | Shift 1,General Intelligence and Reasoning,Syllogism & Conclusions,General syllogism task,Venn/test method,General syllogism task,Statement battery,Medium,Low,Hard,Leap of logic,Diagram or conclusion testing,Universal-first,Kill false ones,45–75s,Venn method,Statements: 1. No cats are dogs. 2. Some dogs are animals. Conclusions: I. Some animals are not cats. II. No dog is a cat.
REA-1326,2025,15 Sep | Shift 2,General Intelligence and Reasoning,Mathematical Operators,General operator fill,BODMAS trial,General operator fill,Symbolic MCQ,Easy,Low,Hard,No-bracket math,Try options with BODMAS,Estimate first,Kill by size,40–65s,BODMAS,"If 6 * 4 = 40 and 8 * 3 = 33, then 5 * 6 = ?"
REA-1327,2025,15 Sep | Shift 2,General Intelligence and Reasoning,Coding-Decoding,General code transform,encode/decode map,General code transform,Symbolic MCQ,Easy,Low,Hard,Assuming shift,Map Q→option transforms,Position map,Verify mapping,35–60s,Transform inventory,"In a certain code, SCHOOL is written as XHMTTQ. How is TEACHER written?"
REA-1328,2025,15 Sep | Shift 2,General Intelligence and Reasoning,Attention to Detail,Exact string/address match,character scan,Exact string/address match,Reasoning MCQ,Easy,Low,Easy,Skim reading,Chunk-wise compare,Chunk compare,Diff-scan options,20–35s,Careful scanning,"Choose the address that is exactly the same as the one given below. A-27, Green Valley, Sector-5, Noida, Uttar Pradesh - 201301"
REA-1329,2025,15 Sep | Shift 2,General Intelligence and Reasoning,Miscellaneous (Reasoning),Unclassified reasoning item,mixed skill,Unclassified reasoning item,Reasoning MCQ,Easy,Low,Hard,Misclassification,Classify by stem first,Same,As applicable,30–60s,Stem patterns,"Which of the following will fill the blanks? mn, op, __, st, uv"
REA-1330,2025,15 Sep | Shift 2,General Intelligence and Reasoning,Dictionary & Word Formation,Dictionary order,letter-by-letter compare,Dictionary order,Reasoning MCQ,Easy,Low,Easy,Whole-word guess,Compare 1st differing letter,First-difference only,Sort pairwise,25–40s,Lexicographic compare,"Arrange the following words in dictionary order and choose the second word. apple, ape, april, ant"
REA-1331,2025,15 Sep | Shift 2,General Intelligence and Reasoning,Attention to Detail,Exact string/address match,character scan,Exact string/address match,Reasoning MCQ,Easy,Low,Easy,Skim reading,Chunk-wise compare,Chunk compare,Diff-scan options,20–35s,Careful scanning,Apply the same pattern: DOG → FQI CAT → ?
REA-1332,2025,15 Sep | Shift 2,General Intelligence and Reasoning,Analogy,General analogy,relation mapping,General analogy,Symbolic MCQ,Easy,Low,Hard,Vague association,Name relation in pair 1; apply,Relation naming,Eliminate unrelated,30–55s,Relation vocabulary,Complete the analogy: Write : Pen :: Draw : ?
REA-1333,2025,15 Sep | Shift 2,General Intelligence and Reasoning,Miscellaneous (Reasoning),Unclassified reasoning item,mixed skill,Unclassified reasoning item,Reasoning MCQ,Easy,Low,Hard,Misclassification,Classify by stem first,Same,As applicable,30–60s,Stem patterns,P is Q’s mother. R is P’s brother. How is R related to Q?
REA-1334,2025,15 Sep | Shift 2,General Intelligence and Reasoning,Dictionary & Word Formation,Dictionary order,letter-by-letter compare,Dictionary order,Reasoning MCQ,Easy,Low,Easy,Whole-word guess,Compare 1st differing letter,First-difference only,Sort pairwise,25–40s,Lexicographic compare,"If the letters of the word IMPORTANT are arranged alphabetically, how many letters are between P and T (1st from left) ?"
REA-1335,2025,15 Sep | Shift 2,General Intelligence and Reasoning,Coding-Decoding,Alphanumeric / position-sum coding,letters ↔ numbers,Alphanumeric / position-sum coding,Symbolic MCQ,Easy,Low,Easy,A=0 indexing,Sum positions / reverse-sum; test,Position sums first,Verify sums match,30–50s,A1Z26 sums,"Using the same logic: If A = 1, Z = 26, then CAT = ?"
REA-1336,2025,15 Sep | Shift 2,General Intelligence and Reasoning,Mathematical Operators,Custom-operator substitution,symbol remap,Custom-operator substitution,Symbolic MCQ,Easy,Low,Easy,Original meaning kept,Remap symbols; BODMAS evaluate,Remap inline,Check remap direction,40–65s,Remap + BODMAS,"If ‘+’ means ‘-’, ‘-’ means ‘×’, ‘×’ means ‘÷’ and ‘÷’ means ‘+’, then find the value of: 8 + 4 - 12 × 6 ÷ 3"
REA-1337,2025,15 Sep | Shift 2,General Intelligence and Reasoning,Syllogism & Conclusions,General syllogism task,Venn/test method,General syllogism task,Statement battery,Medium,Low,Hard,Leap of logic,Diagram or conclusion testing,Universal-first,Kill false ones,45–75s,Venn method,Statement: The office remains open from 10 AM to 6 PM. Conclusions: I. Employees cannot enter before 10 AM. II. Office is closed after 6 PM.
REA-1338,2025,15 Sep | Shift 2,General Intelligence and Reasoning,Syllogism & Conclusions,Statement,implicit premise,Statement–assumption,Statement battery,Easy,Low,Easy,Stated-as-assumed,Negation test on options,Negation test,Eliminate explicit restatements,40–60s,Negation test,Statement: Online education is growing rapidly because of easy internet access. Assumptions: I. Internet access is available to many people. II. People prefer online education over traditional methods.
REA-1339,2025,15 Sep | Shift 2,General Intelligence and Reasoning,Classification / Odd-One-Out,Bare odd-one-out,option-driven,Bare odd-one-out (inspect options),Symbolic MCQ,Easy,Low,Easy,First-option bias,Test number letter word property per option,Kill three alike,Check all options,30-50s,Property scan,Find the odd one out.
REA-1340,2025,15 Sep | Shift 2,General Intelligence and Reasoning,Classification / Odd-One-Out,Bare odd-one-out,option-driven,Bare odd-one-out (inspect options),Symbolic MCQ,Easy,Low,Easy,First-option bias,Test number letter word property per option,Kill three alike,Check all options,30-50s,Property scan,Find the odd one out.
REA-1341,2025,15 Sep | Shift 2,General Intelligence and Reasoning,Number / Alphabet Series,General series completion,pattern extension,General series completion,Symbolic MCQ,Easy,Low,Easy,Random guess,List candidates; test,Option test,Check fit,30–60s,Pattern toolkit,Find the person who does not belong to the group:
REA-1342,2025,15 Sep | Shift 2,General Intelligence and Reasoning,Mathematical Operators,Custom-operator substitution,symbol remap,Custom-operator substitution,Symbolic MCQ,Easy,Low,Easy,Original meaning kept,Remap symbols; BODMAS evaluate,Remap inline,Check remap direction,40–65s,Remap + BODMAS,"If ‘×’ means ‘+’ and ‘+’ means ‘-’, which equation is incorrect?"
REA-1343,2025,15 Sep | Shift 2,General Intelligence and Reasoning,Coding-Decoding,Alphanumeric / position-sum coding,letters ↔ numbers,Alphanumeric / position-sum coding,Symbolic MCQ,Easy,Low,Easy,A=0 indexing,Sum positions / reverse-sum; test,Position sums first,Verify sums match,30–50s,A1Z26 sums,"In a zoo, there are only deer and birds. Total heads = 36 and total legs = 100. How many birds are there?"
REA-1344,2025,15 Sep | Shift 2,General Intelligence and Reasoning,Number / Alphabet Series,Multiply-add,×2+1,Multiply-add (×k±c) series,Symbolic MCQ,Easy,Low,Easy,Pure multiply,Apply ×k±c,Same,Test last step,30–50s,×k±c test,"Complete the pattern: 5, 11, 23, 47, ?"
REA-1345,2025,15 Sep | Shift 2,General Intelligence and Reasoning,Number / Alphabet Series,General series completion,pattern extension,General series completion,Symbolic MCQ,Easy,Low,Easy,Random guess,List candidates; test,Option test,Check fit,30–60s,Pattern toolkit,"Which of the following will replace the question mark? Alpha, Beta, Gamma, Delta, ?"
REA-1346,2025,15 Sep | Shift 2,General Intelligence and Reasoning,Blood Relations,Direct relation,single-hop map,Direct relation (1–2 links),Reasoning MCQ,Easy,Low,Easy,Gender flip,Direct map; check gender,Same,Verify gender,25–40s,Relation map,"A says, “My father’s only daughter is B.” How is A related to B?"
REA-1347,2025,15 Sep | Shift 2,General Intelligence and Reasoning,Number / Alphabet Series,Numeric arrangement / analogy set,relation across numbers,Numeric arrangement / analogy set,Symbolic MCQ,Easy,Low,Easy,Digit-splitting (banned by SSC),"Test +,−,×,÷, squares on whole numbers",Try squaring first,Test option sets,35–60s,Whole-number ops,"What comes next? 2, 8, 64, ?"
REA-1348,2025,15 Sep | Shift 2,General Intelligence and Reasoning,Miscellaneous (Reasoning),Unclassified reasoning item,mixed skill,Unclassified reasoning item,Reasoning MCQ,Easy,Low,Hard,Misclassification,Classify by stem first,Same,As applicable,30–60s,Stem patterns,"Which is the 3rd last word in the sentence: ""Learning new skills improves confidence steadily""?"
REA-1349,2025,15 Sep | Shift 2,General Intelligence and Reasoning,Coding-Decoding,Alphanumeric / position-sum coding,letters ↔ numbers,Alphanumeric / position-sum coding,Symbolic MCQ,Easy,Low,Easy,A=0 indexing,Sum positions / reverse-sum; test,Position sums first,Verify sums match,30–50s,A1Z26 sums,"What is the value of middle if Left = 10, Right = 26, and Middle is the average of both?"
REA-1350,2025,15 Sep | Shift 2,General Intelligence and Reasoning,Mathematical Operators,Custom-operator substitution,symbol remap,Custom-operator substitution,Symbolic MCQ,Easy,Low,Easy,Original meaning kept,Remap symbols; BODMAS evaluate,Remap inline,Check remap direction,40–65s,Remap + BODMAS,"If ‘@’ means ‘+’, ‘#’ means ‘×’, then find the value of: 6 @ 4 # 3?"
REA-1351,2025,15 Sep | Shift 3,General Intelligence and Reasoning,Analogy,Word analogy,relation type,Word analogy (semantic),Symbolic MCQ,Easy,Low,Easy,Association vagueness,Name relation (function/part/cause); apply,Relation naming,Eliminate unrelated,20–35s,Relation vocabulary,"In the following question, select the related word from the given alternatives: HAPPY : PYHAP :: CLEAN : ?"
REA-1352,2025,15 Sep | Shift 3,General Intelligence and Reasoning,Blood Relations,Direct relation,single-hop map,Direct relation (1–2 links),Reasoning MCQ,Easy,Low,Easy,Gender flip,Direct map; check gender,Same,Verify gender,25–40s,Relation map,"Looking at a boy, a woman says, “He is the son of my only daughter.” How is the boy related to the woman?"
REA-1353,2025,15 Sep | Shift 3,General Intelligence and Reasoning,Ranking & Order,Rank / position in row,ends counting,Rank / position in row,Reasoning MCQ,Easy,Low,Easy,Zero-indexing,Total = L + R − 1 forms,Ends formula,Check 1-indexing,25–40s,Rank formulas,"In a row of 50 students, Riya is 18th from the left and Neha is 15th from the right. How many students are between them?"
REA-1354,2025,15 Sep | Shift 3,General Intelligence and Reasoning,Attention to Detail,Exact string/address match,character scan,Exact string/address match,Reasoning MCQ,Easy,Low,Easy,Skim reading,Chunk-wise compare,Chunk compare,Diff-scan options,20–35s,Careful scanning,"Which of the following are identical? 1. Sunita Jain, H.No. 45, Green Park, Jaipur, 302017 2. Sunita Jain, H.No. 45, Green Park, Jaipur, 302017 3. Sunita Jain, H.No. 54, Green Park, Jaipur, 302017 4. Sunita Jaim, H.No. 45, Green Park, Jaipur, 302017"
REA-1355,2025,15 Sep | Shift 3,General Intelligence and Reasoning,Number / Alphabet Series,Constant-shift alphabet series,"shift [5, 5, 5] per step",Constant-shift alphabet series,Symbolic MCQ,Easy,Low,Easy,Reading as words,Shift each letter,Same,Check first-letter options,20–35s,A1Z26 shifts,"Select the letter-cluster that will replace the question mark. BCF, GHK, LMP, ?"
REA-1356,2025,15 Sep | Shift 3,General Intelligence and Reasoning,Attention to Detail,Exact string/address match,character scan,Exact string/address match,Reasoning MCQ,Easy,Medium,Easy,Skim reading,Chunk-wise compare,Chunk compare,Diff-scan options,20–35s,Careful scanning,"Which of the following are identical? 1. Rahul Verma, Flat 21, Rose Apartments, Sector 10, Noida, 201301 2. Rahul Verma, Flat 21, Rose Apartments, Sector 10, Noida, 201301 3. Rahul Verma, Flat 12, Rose Apartments, Sector 10, Noida, 201301 4. Rahul Verma, Flat 21, Rose Apartment, Sector 10, Noida, 201301"
REA-1357,2025,15 Sep | Shift 3,General Intelligence and Reasoning,Blood Relations,Direct relation,single-hop map,Direct relation (1–2 links),Reasoning MCQ,Easy,Low,Easy,Gender flip,Direct map; check gender,Same,Verify gender,25–40s,Relation map,"Introducing a girl, a man said, “She is the daughter of my mother’s only son.” How is the girl related to the man?"
REA-1358,2025,15 Sep | Shift 3,General Intelligence and Reasoning,Analogy,Word analogy,relation type,Word analogy (semantic),Symbolic MCQ,Easy,Low,Easy,Association vagueness,Name relation (function/part/cause); apply,Relation naming,Eliminate unrelated,20–35s,Relation vocabulary,"In the following question, select the related word from the given alternatives: BOOK : CPPL :: LAMP : ?"
REA-1359,2025,15 Sep | Shift 3,General Intelligence and Reasoning,Number / Alphabet Series,Geometric series,ratio=2.0,Geometric series,Symbolic MCQ,Easy,Low,Easy,Adding instead,Multiply by ratio,Same,Eliminate non-multiples,20–35s,Ratio test,"What comes next? 5, 10, 20, 40, ?"
REA-1360,2025,15 Sep | Shift 3,General Intelligence and Reasoning,Analogy,Word analogy,relation type,Word analogy (semantic),Symbolic MCQ,Easy,Low,Easy,Association vagueness,Name relation (function/part/cause); apply,Relation naming,Eliminate unrelated,20–35s,Relation vocabulary,"In the following question, select the related word from the given alternatives: Copper : Wire :: Iron : ?"
REA-1361,2025,15 Sep | Shift 3,General Intelligence and Reasoning,Number / Alphabet Series,Geometric series,ratio=3.0,Geometric series,Symbolic MCQ,Easy,Low,Easy,Adding instead,Multiply by ratio,Same,Eliminate non-multiples,20–35s,Ratio test,"Complete the series: 3, 9, 27, 81, ?"
REA-1362,2025,15 Sep | Shift 3,General Intelligence and Reasoning,Number / Alphabet Series,Constant-shift alphabet series,"shift [1, 1, 1] per step",Constant-shift alphabet series,Symbolic MCQ,Easy,Low,Easy,Reading as words,Shift each letter,Same,Check first-letter options,20–35s,A1Z26 shifts,"Select the letter-cluster that will replace the question mark. ACE, BDF, CEG, ?"
REA-1363,2025,15 Sep | Shift 3,General Intelligence and Reasoning,Miscellaneous (Reasoning),Unclassified reasoning item,mixed skill,Unclassified reasoning item,Reasoning MCQ,Easy,Low,Hard,Misclassification,Classify by stem first,Same,As applicable,30–60s,Stem patterns,Which group does not match the pattern?
REA-1364,2025,15 Sep | Shift 3,General Intelligence and Reasoning,Number / Alphabet Series,Constant-shift alphabet series,"shift [3, 3, 3] per step",Constant-shift alphabet series,Symbolic MCQ,Easy,Low,Easy,Reading as words,Shift each letter,Same,Check first-letter options,20–35s,A1Z26 shifts,"Select the letter-cluster that will replace the question mark. RST, UVW, XYZ, ?"
REA-1365,2025,15 Sep | Shift 3,General Intelligence and Reasoning,Blood Relations,Direct relation,single-hop map,Direct relation (1–2 links),Reasoning MCQ,Easy,Low,Easy,Gender flip,Direct map; check gender,Same,Verify gender,25–40s,Relation map,A introduces B as the daughter of the only sister of his father. How is B related to A?
REA-1366,2025,15 Sep | Shift 3,General Intelligence and Reasoning,Number / Alphabet Series,General series completion,pattern extension,General series completion,Symbolic MCQ,Easy,Low,Easy,Random guess,List candidates; test,Option test,Check fit,30–60s,Pattern toolkit,Identify the group that does NOT follow the same pattern.
REA-1367,2025,15 Sep | Shift 3,General Intelligence and Reasoning,Analogy,Word analogy,relation type,Word analogy (semantic),Symbolic MCQ,Easy,Low,Easy,Association vagueness,Name relation (function/part/cause); apply,Relation naming,Eliminate unrelated,20–35s,Relation vocabulary,"In the following question, select the related word from the given alternatives: Justice : Law :: Medicine : ?"
REA-1368,2025,15 Sep | Shift 3,General Intelligence and Reasoning,Analogy,Word analogy,relation type,Word analogy (semantic),Symbolic MCQ,Easy,Low,Easy,Association vagueness,Name relation (function/part/cause); apply,Relation naming,Eliminate unrelated,20–35s,Relation vocabulary,"In the following question, select the related word from the given alternatives: LIGHT : TGHIL :: SOUND : ?"
REA-1369,2025,15 Sep | Shift 3,General Intelligence and Reasoning,Classification / Odd-One-Out,Bare odd-one-out,option-driven,Bare odd-one-out (inspect options),Symbolic MCQ,Easy,Low,Easy,First-option bias,Test number letter word property per option,Kill three alike,Check all options,30-50s,Property scan,Find the odd one out.
REA-1370,2025,15 Sep | Shift 3,General Intelligence and Reasoning,Analogy,General analogy,relation mapping,General analogy,Symbolic MCQ,Easy,Low,Hard,Vague association,Name relation in pair 1; apply,Relation naming,Eliminate unrelated,30–55s,Relation vocabulary,"If (A = 1, B = 2, … Z = 26) DOG : 4×15×7 :: CAT : ?"
REA-1371,2025,15 Sep | Shift 3,General Intelligence and Reasoning,Number / Alphabet Series,Constant-shift alphabet series,"shift [1, 1, 1] per step",Constant-shift alphabet series,Symbolic MCQ,Easy,Low,Easy,Reading as words,Shift each letter,Same,Check first-letter options,20–35s,A1Z26 shifts,"Select the letter-cluster that will replace the question mark. BDF, CEG, DFH, ?"
REA-1372,2025,15 Sep | Shift 3,General Intelligence and Reasoning,Blood Relations,Coded relation,decode then traverse,Coded relation (symbol map),Reasoning MCQ,Easy,Low,Easy,Gender assumption,Substitute meanings; walk the tree,Draw tree top-down,Check gender markers,45–75s,Tree drawing,"A + B means A is the father of B, A - B means A is the sister of B, A × B means A is the husband of B. What does P × Q - R mean?"
REA-1373,2025,15 Sep | Shift 3,General Intelligence and Reasoning,Number / Alphabet Series,Constant-shift alphabet series,"shift [3, 3, 3] per step",Constant-shift alphabet series,Symbolic MCQ,Easy,Low,Easy,Reading as words,Shift each letter,Same,Check first-letter options,20–35s,A1Z26 shifts,"Select the letter-cluster that will replace the question mark. JKL, MNO, PQR, ?"
REA-1374,2025,15 Sep | Shift 3,General Intelligence and Reasoning,Dictionary & Word Formation,Dictionary order,letter-by-letter compare,Dictionary order,Reasoning MCQ,Easy,Low,Easy,Whole-word guess,Compare 1st differing letter,First-difference only,Sort pairwise,25–40s,Lexicographic compare,"If the letters of the word GARDEN are arranged alphabetically, how many letters will be between A and N?"
REA-1375,2025,15 Sep | Shift 3,General Intelligence and Reasoning,Mathematical Operators,Custom-operator substitution,symbol remap,Custom-operator substitution,Symbolic MCQ,Easy,Low,Easy,Original meaning kept,Remap symbols; BODMAS evaluate,Remap inline,Check remap direction,40–65s,Remap + BODMAS,"If ‘+’ means ‘−’, ‘−’ means ‘×’, ‘×’ means ‘÷’, ‘÷’ means ‘+’ Find the value of: 12 + 6 − 3 × 4 ÷ 2?"
REA-1376,2025,16 Sep | Shift 1,General Intelligence and Reasoning,Blood Relations,Direct relation,single-hop map,Direct relation (1–2 links),Reasoning MCQ,Easy,Low,Easy,Gender flip,Direct map; check gender,Same,Verify gender,25–40s,Relation map,"Pointing to a girl, Suresh says, “She is the daughter of the only daughter of my father.” How is the girl related to Suresh?"
REA-1377,2025,16 Sep | Shift 1,General Intelligence and Reasoning,Attention to Detail,Exact string/address match,character scan,Exact string/address match,Reasoning MCQ,Easy,Low,Easy,Skim reading,Chunk-wise compare,Chunk compare,Diff-scan options,20–35s,Careful scanning,"Choose the address that is exactly the same as the one given below: Flat 18, Emerald Tower, MG Road, Pune, Maharashtra - 411001"
REA-1378,2025,16 Sep | Shift 1,General Intelligence and Reasoning,Dictionary & Word Formation,Meaningful-word formation,anagram search,Meaningful-word formation,Reasoning MCQ,Easy,Low,Easy,Non-word acceptance,Fix first letter; test,Vowel anchor,Try option words,30–55s,Anagram skill,"How many meaningful four-letter English words can be formed using the first, second, third and sixth letters of the word “SILENT”, using each letter once?"
REA-1379,2025,16 Sep | Shift 1,General Intelligence and Reasoning,Number / Alphabet Series,Alternating alphabet pattern,two interleaved rules,Alternating alphabet pattern,Symbolic MCQ,Easy,Low,Easy,Single rule,Split odd/even terms,Parity check,Check parity fit,35–55s,Interleaving,"Complete the series: A, D, I, P, ?"
REA-1380,2025,16 Sep | Shift 1,General Intelligence and Reasoning,Miscellaneous (Reasoning),Unclassified reasoning item,mixed skill,Unclassified reasoning item,Reasoning MCQ,Easy,Low,Hard,Misclassification,Classify by stem first,Same,As applicable,30–60s,Stem patterns,"If CAT → 24 and DOG → 26, then how is BIRD coded?"
REA-1381,2025,16 Sep | Shift 1,General Intelligence and Reasoning,Syllogism & Conclusions,General syllogism task,Venn/test method,General syllogism task,Statement battery,Medium,Low,Hard,Leap of logic,Diagram or conclusion testing,Universal-first,Kill false ones,45–75s,Venn method,Statements: 1. All pens are books. 2. Some books are papers. Conclusions: I. Some pens are papers. II. Some books are pens.
REA-1382,2025,16 Sep | Shift 1,General Intelligence and Reasoning,Miscellaneous (Reasoning),Unclassified reasoning item,mixed skill,Unclassified reasoning item,Reasoning MCQ,Easy,Low,Hard,Misclassification,Classify by stem first,Same,As applicable,30–60s,Stem patterns,What is the average of 6 consecutive odd numbers starting from 15?
REA-1383,2025,16 Sep | Shift 1,General Intelligence and Reasoning,Blood Relations,Direct relation,single-hop map,Direct relation (1–2 links),Reasoning MCQ,Easy,Low,Easy,Gender flip,Direct map; check gender,Same,Verify gender,25–40s,Relation map,A is the daughter of B. B is the brother of C. C is the daughter of D. How is C related to A?
REA-1384,2025,16 Sep | Shift 1,General Intelligence and Reasoning,Mathematical Operators,Custom-operator substitution,symbol remap,Custom-operator substitution,Symbolic MCQ,Easy,Low,Easy,Original meaning kept,Remap symbols; BODMAS evaluate,Remap inline,Check remap direction,40–65s,Remap + BODMAS,"If ‘#’ means ‘+’, ‘@’ means ‘-’, ‘$’ means ‘×’, find the value of: 8 $ 3 @ 4 # 2 ?"
REA-1385,2025,16 Sep | Shift 1,General Intelligence and Reasoning,Miscellaneous (Reasoning),Unclassified reasoning item,mixed skill,Unclassified reasoning item,Reasoning MCQ,Easy,Low,Hard,Misclassification,Classify by stem first,Same,As applicable,30–60s,Stem patterns,Evaluate: (6 + 4) × (8 - 3)
REA-1386,2025,16 Sep | Shift 1,General Intelligence and Reasoning,Syllogism & Conclusions,General syllogism task,Venn/test method,General syllogism task,Statement battery,Medium,Low,Hard,Leap of logic,Diagram or conclusion testing,Universal-first,Kill false ones,45–75s,Venn method,Statement: The city received the highest rainfall in 20 years. Conclusions: I. The city experienced flooding. II. Rainfall in previous years was lower.
REA-1387,2025,16 Sep | Shift 1,General Intelligence and Reasoning,Syllogism & Conclusions,Statement,implicit premise,Statement–assumption,Statement battery,Easy,Low,Easy,Stated-as-assumed,Negation test on options,Negation test,Eliminate explicit restatements,40–60s,Negation test,Statement: Digital payments reduce dependency on cash transactions. Assumptions: I. People have access to digital devices. II. Internet connectivity is reliable.
REA-1388,2025,16 Sep | Shift 1,General Intelligence and Reasoning,Classification / Odd-One-Out,Bare odd-one-out,option-driven,Bare odd-one-out (inspect options),Symbolic MCQ,Easy,Low,Easy,First-option bias,Test number letter word property per option,Kill three alike,Check all options,30-50s,Property scan,Find the odd one out.
REA-1389,2025,16 Sep | Shift 1,General Intelligence and Reasoning,Number / Alphabet Series,Constant-shift alphabet series,"shift [3, 3, 3, 3] per step",Constant-shift alphabet series,Symbolic MCQ,Easy,Low,Easy,Reading as words,Shift each letter,Same,Check first-letter options,20–35s,A1Z26 shifts,"Select the letter-cluster that can replace (?) CDGH, FGJK, IJMN, ?"
REA-1390,2025,16 Sep | Shift 1,General Intelligence and Reasoning,Mathematical Operators,Custom-operator substitution,symbol remap,Custom-operator substitution,Symbolic MCQ,Easy,Low,Easy,Original meaning kept,Remap symbols; BODMAS evaluate,Remap inline,Check remap direction,40–65s,Remap + BODMAS,"If ‘$’ denotes addition, ‘×’ denotes multiplication, ‘÷’ denotes division, and ‘-’ denotes subtraction, find the value of: 36 ÷ 6 × 2 - 4 $ 3?"
REA-1391,2025,16 Sep | Shift 1,General Intelligence and Reasoning,Number / Alphabet Series,Multiply-add,×2+1,Multiply-add (×k±c) series,Symbolic MCQ,Easy,Low,Easy,Pure multiply,Apply ×k±c,Same,Test last step,30–50s,×k±c test,"What will come at the place of question mark (?) 2, 5, 11, 23, ?"
REA-1392,2025,16 Sep | Shift 1,General Intelligence and Reasoning,Number / Alphabet Series,Constant-difference series,AP with d=11,Constant-difference series,Symbolic MCQ,Easy,Low,Easy,Assuming +1,Add d each step,Extend one step,Eliminate non-AP options,15–30s,AP extension,"Find the missing term in series. 11, 22, 33, 44, ?"
REA-1393,2025,16 Sep | Shift 1,General Intelligence and Reasoning,Mathematical Operators,Custom-operator substitution,symbol remap,Custom-operator substitution,Symbolic MCQ,Easy,Low,Easy,Original meaning kept,Remap symbols; BODMAS evaluate,Remap inline,Check remap direction,40–65s,Remap + BODMAS,"If ‘+’ means ‘×’, ‘-’ means ‘÷’, ‘×’ means ‘+’, and ‘÷’ means ‘-’, find the value of: 10 + 4 - 2 × 3 ÷ 1?"
REA-1394,2025,16 Sep | Shift 1,General Intelligence and Reasoning,Classification / Odd-One-Out,Bare odd-one-out,option-driven,Bare odd-one-out (inspect options),Symbolic MCQ,Easy,Low,Easy,First-option bias,Test number letter word property per option,Kill three alike,Check all options,30-50s,Property scan,Find the odd one out.
REA-1395,2025,16 Sep | Shift 1,General Intelligence and Reasoning,Miscellaneous (Reasoning),Unclassified reasoning item,mixed skill,Unclassified reasoning item,Reasoning MCQ,Easy,Low,Hard,Misclassification,Classify by stem first,Same,As applicable,30–60s,Stem patterns,"If ‘+’ = ‘÷’, ‘-’ = ‘×’, ‘×’ = ‘+’, ‘÷’ = ‘-’, which equation is incorrect?"
REA-1396,2025,16 Sep | Shift 1,General Intelligence and Reasoning,Miscellaneous (Reasoning),Unclassified reasoning item,mixed skill,Unclassified reasoning item,Reasoning MCQ,Easy,Low,Hard,Misclassification,Classify by stem first,Same,As applicable,30–60s,Stem patterns,The ratio of two numbers is 7 : 9 and their sum is 160. Find the numbers.
REA-1397,2025,16 Sep | Shift 1,General Intelligence and Reasoning,Mathematical Operators,General operator fill,BODMAS trial,General operator fill,Symbolic MCQ,Easy,Low,Hard,No-bracket math,Try options with BODMAS,Estimate first,Kill by size,40–65s,BODMAS,"If 7 × 3 = 24 and 9 × 4 = 40, then 11 × 5 = ?"
REA-1398,2025,16 Sep | Shift 1,General Intelligence and Reasoning,Coding-Decoding,Alphanumeric / position-sum coding,letters ↔ numbers,Alphanumeric / position-sum coding,Symbolic MCQ,Easy,Low,Easy,A=0 indexing,Sum positions / reverse-sum; test,Position sums first,Verify sums match,30–50s,A1Z26 sums,"If “COLD” is coded as 3@15@12@4, how is “WARM” coded?"
REA-1399,2025,16 Sep | Shift 1,General Intelligence and Reasoning,Dictionary & Word Formation,Dictionary order,letter-by-letter compare,Dictionary order,Reasoning MCQ,Easy,Low,Easy,Whole-word guess,Compare 1st differing letter,First-difference only,Sort pairwise,25–40s,Lexicographic compare,"Sentence: “Knowledge grows with experience.” If each letter is mirrored using alphabetical symmetry (A↔Z, B↔Y, …), what is the 2nd letter of the 3rd word after coding?"
REA-1400,2025,16 Sep | Shift 1,General Intelligence and Reasoning,Blood Relations,Direct relation,single-hop map,Direct relation (1–2 links),Reasoning MCQ,Easy,Low,Easy,Gender flip,Direct map; check gender,Same,Verify gender,25–40s,Relation map,"In the following question, a pair of letters is related to a number by a certain logic. Identify the same relation for the next pair. AB → 2 CD → ?"
REA-1401,2025,16 Sep | Shift 2,General Intelligence and Reasoning,Number / Alphabet Series,Letter-blank fill series,slot completion,Letter-blank fill series (A_BB…),Symbolic MCQ,Easy,Low,Easy,Left-to-right guess,Find repeating block; fill,Block-length test,Test block options,30–50s,Repeating blocks,Select the option that will correctly fill all the blanks in the series. m _ n m _ n _ _ n m _ _
REA-1402,2025,16 Sep | Shift 2,General Intelligence and Reasoning,Mathematical Operators,General operator fill,BODMAS trial,General operator fill,Symbolic MCQ,Easy,Low,Hard,No-bracket math,Try options with BODMAS,Estimate first,Kill by size,40–65s,BODMAS,"If 5 + 3 = 16 and 7 + 4 = 33, then 6 + 2 = ?"
REA-1403,2025,16 Sep | Shift 2,General Intelligence and Reasoning,Number / Alphabet Series,Mixed-operation series,combined rules,Mixed-operation series,Symbolic MCQ,Easy,Low,Easy,Single-rule force,Try halves/alternation/split,Option back-fit,Test options in sequence,45–75s,Multi-rule toolkit,"What number will replace the question mark? 2, 6, 14, 30, ?, 126"
REA-1404,2025,16 Sep | Shift 2,General Intelligence and Reasoning,Syllogism & Conclusions,Statement,implicit premise,Statement–assumption,Statement battery,Easy,Low,Easy,Stated-as-assumed,Negation test on options,Negation test,Eliminate explicit restatements,40–60s,Negation test,Statement: Excessive use of plastic bags harms the environment. Assumptions: I. Plastic bags are non-biodegradable. II. People are aware of environmental damage caused by plastic. Choose the correct option.
REA-1405,2025,16 Sep | Shift 2,General Intelligence and Reasoning,Number / Alphabet Series,Mixed-operation series,combined rules,Mixed-operation series,Symbolic MCQ,Easy,Low,Easy,Single-rule force,Try halves/alternation/split,Option back-fit,Test options in sequence,45–75s,Multi-rule toolkit,"Complete the series: 3, 9, 27, ?, 243"
REA-1406,2025,16 Sep | Shift 2,General Intelligence and Reasoning,Classification / Odd-One-Out,Bare odd-one-out,option-driven,Bare odd-one-out (inspect options),Symbolic MCQ,Easy,Low,Easy,First-option bias,Test number letter word property per option,Kill three alike,Check all options,30-50s,Property scan,Find the odd one out.
REA-1407,2025,16 Sep | Shift 2,General Intelligence and Reasoning,Classification / Odd-One-Out,Bare odd-one-out,option-driven,Bare odd-one-out (inspect options),Symbolic MCQ,Easy,Low,Easy,First-option bias,Test number letter word property per option,Kill three alike,Check all options,30-50s,Property scan,Find the odd one out.
REA-1408,2025,16 Sep | Shift 2,General Intelligence and Reasoning,Syllogism & Conclusions,General syllogism task,Venn/test method,General syllogism task,Statement battery,Medium,Low,Hard,Leap of logic,Diagram or conclusion testing,Universal-first,Kill false ones,45–75s,Venn method,Statement: The company reported its highest profit in a decade. Conclusions: I. The company performed poorly in previous years. II. The company’s recent strategies were effective.
REA-1409,2025,16 Sep | Shift 2,General Intelligence and Reasoning,Coding-Decoding,Alphanumeric / position-sum coding,letters ↔ numbers,Alphanumeric / position-sum coding,Symbolic MCQ,Easy,Low,Easy,A=0 indexing,Sum positions / reverse-sum; test,Position sums first,Verify sums match,30–50s,A1Z26 sums,"If in a certain code, CAT is written as 3-1-20 and DOG as 4-15-7, then how will PIG be written?"
REA-1410,2025,16 Sep | Shift 2,General Intelligence and Reasoning,Dictionary & Word Formation,Meaningful-word formation,anagram search,Meaningful-word formation,Reasoning MCQ,Easy,Low,Easy,Non-word acceptance,Fix first letter; test,Vowel anchor,Try option words,30–55s,Anagram skill,"How many meaningful four-letter words can be formed using the letters of the word “CLOUD”, using each letter only once?"
REA-1411,2025,16 Sep | Shift 2,General Intelligence and Reasoning,Mathematical Operators,Custom-operator substitution,symbol remap,Custom-operator substitution,Symbolic MCQ,Easy,Low,Easy,Original meaning kept,Remap symbols; BODMAS evaluate,Remap inline,Check remap direction,40–65s,Remap + BODMAS,"If ‘+’ means ‘×’, ‘−’ means ‘+’, ‘×’ means ‘÷’, and ‘÷’ means ‘−’, then find the value of: 18 − 6 + 12 × 3 ÷ 2"
REA-1412,2025,16 Sep | Shift 2,General Intelligence and Reasoning,Attention to Detail,Exact string/address match,character scan,Exact string/address match,Reasoning MCQ,Easy,Low,Easy,Skim reading,Chunk-wise compare,Chunk compare,Diff-scan options,20–35s,Careful scanning,"Choose the address that is exactly identical to the one given below. Flat 402, Emerald Residency, Lake View Road, Pune, Maharashtra – 411016"
REA-1413,2025,16 Sep | Shift 2,General Intelligence and Reasoning,Miscellaneous (Reasoning),Unclassified reasoning item,mixed skill,Unclassified reasoning item,Reasoning MCQ,Easy,Low,Hard,Misclassification,Classify by stem first,Same,As applicable,30–60s,Stem patterns,What is the average of the first 7 odd numbers?
REA-1414,2025,16 Sep | Shift 2,General Intelligence and Reasoning,Miscellaneous (Reasoning),Unclassified reasoning item,mixed skill,Unclassified reasoning item,Reasoning MCQ,Easy,Low,Hard,Misclassification,Classify by stem first,Same,As applicable,30–60s,Stem patterns,The ratio of two numbers is 7 : 9 and their sum is 256. Find the numbers.
REA-1415,2025,16 Sep | Shift 2,General Intelligence and Reasoning,Blood Relations,Direct relation,single-hop map,Direct relation (1–2 links),Reasoning MCQ,Easy,Low,Easy,Gender flip,Direct map; check gender,Same,Verify gender,25–40s,Relation map,A is the brother of
REA-1416,2025,16 Sep | Shift 2,General Intelligence and Reasoning,Mathematical Operators,General operator fill,BODMAS trial,General operator fill,Symbolic MCQ,Easy,Low,Hard,No-bracket math,Try options with BODMAS,Estimate first,Kill by size,40–65s,BODMAS,"If 8 + 7 = 56 and 7 + 5 = 35, then 9 + 5 = ?"
REA-1417,2025,16 Sep | Shift 2,General Intelligence and Reasoning,Coding-Decoding,Alphanumeric / position-sum coding,letters ↔ numbers,Alphanumeric / position-sum coding,Symbolic MCQ,Easy,Low,Easy,A=0 indexing,Sum positions / reverse-sum; test,Position sums first,Verify sums match,30–50s,A1Z26 sums,"If “LION” is coded as 12@9@15@14 and “TIGER” as 20@9@7@5@18, how will “BEAR” be coded?"
REA-1418,2025,16 Sep | Shift 2,General Intelligence and Reasoning,Mathematical Operators,Custom-operator substitution,symbol remap,Custom-operator substitution,Symbolic MCQ,Easy,Low,Easy,Original meaning kept,Remap symbols; BODMAS evaluate,Remap inline,Check remap direction,40–65s,Remap + BODMAS,"If ‘%’ means ‘+’, ‘+’ means ‘÷’, ‘÷’ means ‘×’, and ‘×’ means ‘−’, then find the value of: 20 ÷ (5 % 3) + 4"
REA-1419,2025,16 Sep | Shift 2,General Intelligence and Reasoning,Mathematical Operators,General operator fill,BODMAS trial,General operator fill,Symbolic MCQ,Easy,Low,Hard,No-bracket math,Try options with BODMAS,Estimate first,Kill by size,40–65s,BODMAS,"If ‘@’ = ‘×’, ‘#’ = ‘−’, ‘$’ = ‘+’, and ‘&’ = ‘÷’, which equation is correct?"
REA-1420,2025,16 Sep | Shift 2,General Intelligence and Reasoning,Number / Alphabet Series,Alternating alphabet pattern,two interleaved rules,Alternating alphabet pattern,Symbolic MCQ,Easy,Low,Easy,Single rule,Split odd/even terms,Parity check,Check parity fit,35–55s,Interleaving,"Find the missing term in the series: HDF, JFH, LHJ, ?, PLN"
REA-1421,2025,16 Sep | Shift 2,General Intelligence and Reasoning,Mathematical Operators,Custom-operator substitution,symbol remap,Custom-operator substitution,Symbolic MCQ,Easy,Low,Easy,Original meaning kept,Remap symbols; BODMAS evaluate,Remap inline,Check remap direction,40–65s,Remap + BODMAS,"If ‘+’ means ‘−’, ‘−’ means ‘×’, ‘×’ means ‘÷’, and ‘÷’ means ‘+’, then find the value of: 16 + 8 − 4 × 2"
REA-1422,2025,16 Sep | Shift 2,General Intelligence and Reasoning,Blood Relations,Direct relation,single-hop map,Direct relation (1–2 links),Reasoning MCQ,Easy,Low,Easy,Gender flip,Direct map; check gender,Same,Verify gender,25–40s,Relation map,"Pointing to a photograph, a woman says, “He is the only son of my mother.” How is the person in the photograph related to the woman?"
REA-1423,2025,16 Sep | Shift 2,General Intelligence and Reasoning,Syllogism & Conclusions,Standard syllogism,Venn chains,Standard syllogism (statements + conclusions),Statement battery,Medium,Medium,Easy,Middle-term leap,Draw overlapping circles; test each conclusion,Universal-first diagram,Kill absolute-word conclusions,45–75s,Venn method,"Read the given statements carefully and assume them to be true, even if they seem to be at variance with commonly known facts. Based only on the given statements, decide which of the conclusions logically follow. Statements: All images are papers. Some papers are files. Conclusions: I. Some images are files. II. Some files are papers."
REA-1424,2025,16 Sep | Shift 2,General Intelligence and Reasoning,Coding-Decoding,Alphanumeric / position-sum coding,letters ↔ numbers,Alphanumeric / position-sum coding,Symbolic MCQ,Easy,Low,Easy,A=0 indexing,Sum positions / reverse-sum; test,Position sums first,Verify sums match,30–50s,A1Z26 sums,"In a certain code, PEN is written as 16-5-14, and BOOK is written as 2-15-15-11. How is NOTE written in the same code?"
REA-1425,2025,16 Sep | Shift 2,General Intelligence and Reasoning,Dictionary & Word Formation,Dictionary order,letter-by-letter compare,Dictionary order,Reasoning MCQ,Easy,Low,Easy,Whole-word guess,Compare 1st differing letter,First-difference only,Sort pairwise,25–40s,Lexicographic compare,"In the sentence “Still waters run deep”, if each letter is coded using reverse alphabetical order (A→Z, B→Y, …), what will be the code for the 3rd letter of the 1st word?"
REA-1426,2025,16 Sep | Shift 3,General Intelligence and Reasoning,Miscellaneous (Reasoning),Unclassified reasoning item,mixed skill,Unclassified reasoning item,Reasoning MCQ,Easy,Low,Hard,Misclassification,Classify by stem first,Same,As applicable,30–60s,Stem patterns,"If + = -, - = ×, × = +, evaluate: 6 + 3 × 2 - 4?"
REA-1427,2025,16 Sep | Shift 3,General Intelligence and Reasoning,Mathematical Operators,General operator fill,BODMAS trial,General operator fill,Symbolic MCQ,Easy,Low,Hard,No-bracket math,Try options with BODMAS,Estimate first,Kill by size,40–65s,BODMAS,"If 5 @ 2 = 25, 4 @ 3 = 64, then 3 @ 4 = ?"
REA-1428,2025,16 Sep | Shift 3,General Intelligence and Reasoning,Number / Alphabet Series,Constant-shift alphabet series,"shift [1, 1, 5, 5] per step",Constant-shift alphabet series,Symbolic MCQ,Easy,Low,Easy,Reading as words,Shift each letter,Same,Check first-letter options,20–35s,A1Z26 shifts,"Select the correct letter-cluster to replace (?). AEEI, BFJN, CGOS, DHTX, ?"
REA-1429,2025,16 Sep | Shift 3,General Intelligence and Reasoning,Analogy,General analogy,relation mapping,General analogy,Symbolic MCQ,Easy,Low,Hard,Vague association,Name relation in pair 1; apply,Relation naming,Eliminate unrelated,30–55s,Relation vocabulary,Complete the analogy: BDGK : YWTP :: CEHL : ?
REA-1430,2025,16 Sep | Shift 3,General Intelligence and Reasoning,Attention to Detail,Exact string/address match,character scan,Exact string/address match,Reasoning MCQ,Easy,Low,Easy,Skim reading,Chunk-wise compare,Chunk compare,Diff-scan options,20–35s,Careful scanning,"Choose the address that is exactly the same as the one given below. B-45, Green Park Extension, New Delhi, Delhi - 110016"
REA-1431,2025,16 Sep | Shift 3,General Intelligence and Reasoning,Coding-Decoding,Alphanumeric / position-sum coding,letters ↔ numbers,Alphanumeric / position-sum coding,Symbolic MCQ,Easy,Low,Easy,A=0 indexing,Sum positions / reverse-sum; test,Position sums first,Verify sums match,30–50s,A1Z26 sums,"If A = +, B = -, C = ×, D = ÷ Find the value of: 20 B 5 C 2 A 10 D 5?"
REA-1432,2025,16 Sep | Shift 3,General Intelligence and Reasoning,Miscellaneous (Reasoning),Unclassified reasoning item,mixed skill,Unclassified reasoning item,Reasoning MCQ,Easy,Low,Hard,Misclassification,Classify by stem first,Same,As applicable,30–60s,Stem patterns,Compute: √169 + ³√64 = ?
REA-1433,2025,16 Sep | Shift 3,General Intelligence and Reasoning,Miscellaneous (Reasoning),Unclassified reasoning item,mixed skill,Unclassified reasoning item,Reasoning MCQ,Easy,Low,Hard,Misclassification,Classify by stem first,Same,As applicable,30–60s,Stem patterns,Delhi is a busy city and Paris is a famous capital. What is the total number of words that begin with a consonant? Delhi is a busy city and Paris is a famous capital.
REA-1434,2025,16 Sep | Shift 3,General Intelligence and Reasoning,Syllogism & Conclusions,General syllogism task,Venn/test method,General syllogism task,Statement battery,Medium,Low,Hard,Leap of logic,Diagram or conclusion testing,Universal-first,Kill false ones,45–75s,Venn method,Statement: A ≥ B < C = D > E ; C ≥ F Conclusions: I. B < D II. F ≤ D
REA-1435,2025,16 Sep | Shift 3,General Intelligence and Reasoning,Number / Alphabet Series,Geometric series,ratio=3.0,Geometric series,Symbolic MCQ,Easy,Low,Easy,Adding instead,Multiply by ratio,Same,Eliminate non-multiples,20–35s,Ratio test,"Complete the pattern: 5, 15, 45, 135, 405, ?"
REA-1436,2025,16 Sep | Shift 3,General Intelligence and Reasoning,Miscellaneous (Reasoning),Unclassified reasoning item,mixed skill,Unclassified reasoning item,Reasoning MCQ,Easy,Low,Hard,Misclassification,Classify by stem first,Same,As applicable,30–60s,Stem patterns,"If the sum of 18 and 32 is multiplied by 4, what is the result?"
REA-1437,2025,16 Sep | Shift 3,General Intelligence and Reasoning,Mathematical Operators,Custom-operator substitution,symbol remap,Custom-operator substitution,Symbolic MCQ,Easy,Low,Easy,Original meaning kept,Remap symbols; BODMAS evaluate,Remap inline,Check remap direction,40–65s,Remap + BODMAS,"A pen costs ₹12 and a notebook costs ₹35. If a customer buys 4 pens and 2 notebooks, what is the total cost?"
REA-1438,2025,16 Sep | Shift 3,General Intelligence and Reasoning,Number / Alphabet Series,Constant-shift alphabet series,"shift [3, 3, 3] per step",Constant-shift alphabet series,Symbolic MCQ,Easy,Low,Easy,Reading as words,Shift each letter,Same,Check first-letter options,20–35s,A1Z26 shifts,"Select the letter-cluster that will replace the question mark (?). CHI, FKL, INO, LQR, ?"
REA-1439,2025,16 Sep | Shift 3,General Intelligence and Reasoning,Syllogism & Conclusions,General syllogism task,Venn/test method,General syllogism task,Statement battery,Medium,Low,Hard,Leap of logic,Diagram or conclusion testing,Universal-first,Kill false ones,45–75s,Venn method,Statement: The company introduced a flexible work-from-home policy. Conclusions: I. The company wants to improve employee satisfaction. II. All employees will work from home daily.
REA-1440,2025,16 Sep | Shift 3,General Intelligence and Reasoning,Syllogism & Conclusions,General syllogism task,Venn/test method,General syllogism task,Statement battery,Medium,Low,Hard,Leap of logic,Diagram or conclusion testing,Universal-first,Kill false ones,45–75s,Venn method,Statement: 1. Some teachers are writers. 2. Some writers are poets. Conclusions: I. Some teachers are poets. II. All poets are teachers.
REA-1441,2025,16 Sep | Shift 3,General Intelligence and Reasoning,Syllogism & Conclusions,Statement,implicit premise,Statement–assumption,Statement battery,Easy,Low,Easy,Stated-as-assumed,Negation test on options,Negation test,Eliminate explicit restatements,40–60s,Negation test,Statement: The increasing use of artificial intelligence in healthcare improves diagnosis accuracy but raises concerns about data privacy. Assumptions: I. AI can improve medical diagnosis. II. Data privacy is a concern in healthcare technology. III. AI benefits outweigh privacy concerns.
REA-1442,2025,16 Sep | Shift 3,General Intelligence and Reasoning,Coding-Decoding,General code transform,encode/decode map,General code transform,Symbolic MCQ,Easy,Low,Hard,Assuming shift,Map Q→option transforms,Position map,Verify mapping,35–60s,Transform inventory,"If MONEY is written as NPOFZ, how will PAPER be written?"
REA-1443,2025,16 Sep | Shift 3,General Intelligence and Reasoning,Blood Relations,Direct relation,single-hop map,Direct relation (1–2 links),Reasoning MCQ,Easy,Low,Easy,Gender flip,Direct map; check gender,Same,Verify gender,25–40s,Relation map,M is the father of N. N is the brother of P. How is M related to P?
REA-1444,2025,16 Sep | Shift 3,General Intelligence and Reasoning,Coding-Decoding,Alphanumeric / position-sum coding,letters ↔ numbers,Alphanumeric / position-sum coding,Symbolic MCQ,Easy,Low,Easy,A=0 indexing,Sum positions / reverse-sum; test,Position sums first,Verify sums match,30–50s,A1Z26 sums,In a code language: TRAIN → 59321 and COLD → 4826. How is CARD coded?
REA-1445,2025,16 Sep | Shift 3,General Intelligence and Reasoning,Mathematical Operators,Custom-operator substitution,symbol remap,Custom-operator substitution,Symbolic MCQ,Easy,Low,Easy,Original meaning kept,Remap symbols; BODMAS evaluate,Remap inline,Check remap direction,40–65s,Remap + BODMAS,"If ‘+’ means ‘×’, ‘×’ means ‘-’, ‘-’ means ‘÷’, ‘÷’ means ‘+’, then which is correct?"
REA-1446,2025,16 Sep | Shift 3,General Intelligence and Reasoning,Miscellaneous (Reasoning),Unclassified reasoning item,mixed skill,Unclassified reasoning item,Reasoning MCQ,Easy,Low,Hard,Misclassification,Classify by stem first,Same,As applicable,30–60s,Stem patterns,The 4th term of a GP is 81 and the first term is 3. Find the common ratio.
REA-1447,2025,16 Sep | Shift 3,General Intelligence and Reasoning,Blood Relations,Coded relation,decode then traverse,Coded relation (symbol map),Reasoning MCQ,Medium,Medium,Easy,Gender assumption,Substitute meanings; walk the tree,Draw tree top-down,Check gender markers,45–75s,Tree drawing,"A + B means A is the sister of B, A - B means A is the father of B, A × B means A is the brother of B, A ÷ B means A is the mother of B. What does X - Y + Z mean?"
REA-1448,2025,16 Sep | Shift 3,General Intelligence and Reasoning,Classification / Odd-One-Out,Bare odd-one-out,option-driven,Bare odd-one-out (inspect options),Symbolic MCQ,Easy,Low,Easy,First-option bias,Test number letter word property per option,Kill three alike,Check all options,30-50s,Property scan,Find the odd one out:
REA-1449,2025,16 Sep | Shift 3,General Intelligence and Reasoning,Classification / Odd-One-Out,Bare odd-one-out,option-driven,Bare odd-one-out (inspect options),Symbolic MCQ,Easy,Low,Easy,First-option bias,Test number letter word property per option,Kill three alike,Check all options,30-50s,Property scan,Find the odd one out:
REA-1450,2025,16 Sep | Shift 3,General Intelligence and Reasoning,Dictionary & Word Formation,General order/formation,lexicographic/anagram,General order/formation,Reasoning MCQ,Easy,Low,Hard,Guessing,Compare/form stepwise,First-difference,Pairwise test,30–50s,Order basics,Select the word which cannot be formed using the letters of the given word: COMMUNICATION
REA-1451,2025,17 Sep | Shift 1,General Intelligence and Reasoning,Blood Relations,Direct relation,single-hop map,Direct relation (1–2 links),Reasoning MCQ,Easy,Low,Easy,Gender flip,Direct map; check gender,Same,Verify gender,25–40s,Relation map,P is the sister of Q. R is the father of Q. How is R related to P?
REA-1452,2025,17 Sep | Shift 1,General Intelligence and Reasoning,Classification / Odd-One-Out,Bare odd-one-out,option-driven,Bare odd-one-out (inspect options),Symbolic MCQ,Easy,Low,Easy,First-option bias,Test number letter word property per option,Kill three alike,Check all options,30-50s,Property scan,Find the odd one out:
REA-1453,2025,17 Sep | Shift 1,General Intelligence and Reasoning,Miscellaneous (Reasoning),Unclassified reasoning item,mixed skill,Unclassified reasoning item,Reasoning MCQ,Easy,Low,Hard,Misclassification,Classify by stem first,Same,As applicable,30–60s,Stem patterns,A 20 L mixture contains milk and water in the ratio 2:3. How much milk must be added to make the ratio 4:3?
REA-1454,2025,17 Sep | Shift 1,General Intelligence and Reasoning,Miscellaneous (Reasoning),Unclassified reasoning item,mixed skill,Unclassified reasoning item,Reasoning MCQ,Easy,Low,Hard,Misclassification,Classify by stem first,Same,As applicable,30–60s,Stem patterns,"If + = ×, - = ÷, × = +, ÷ = -, then find: 24 + 6 - 2 × 4 ÷ 2 = ?"
REA-1455,2025,17 Sep | Shift 1,General Intelligence and Reasoning,Number / Alphabet Series,Constant-shift alphabet series,"shift [2, 2, 2] per step",Constant-shift alphabet series,Symbolic MCQ,Easy,Low,Easy,Reading as words,Shift each letter,Same,Check first-letter options,20–35s,A1Z26 shifts,"Select the letter-cluster from among the given options that can replace the question mark (?) in the following series. CFG, EHI, GJK, ILM, ?"
REA-1456,2025,17 Sep | Shift 1,General Intelligence and Reasoning,Direction Sense,General direction-distance,path tracking,General direction-distance,Reasoning MCQ,Medium,Medium,Hard,Sign error,Track N/E/S/W steps; net displacement,Net vector,Check scale,30–50s,Cardinal tracking,"Which of the following is/are identical to the address given? 1. Rohit Kumar, Flat 12A, Sunrise Apartments, Andheri East, Mumbai - 400069 2. Rohit Kumar, Flat 12A, Sunrise Apartments, Andheri East, Mumbai - 400069 3. Rohit Kumar, Flat 12-A, Sunrise Apartments, Andheri East, Mumbai - 400069 4. Rohit Kumar, Flat 12A, Sunrise Apartment, Andheri East, Mumbai - 400069"
REA-1457,2025,17 Sep | Shift 1,General Intelligence and Reasoning,Mathematical Operators,Custom-operator substitution,symbol remap,Custom-operator substitution,Symbolic MCQ,Easy,Low,Easy,Original meaning kept,Remap symbols; BODMAS evaluate,Remap inline,Check remap direction,40–65s,Remap + BODMAS,"If ‘+’ means ‘×’, ‘-’ means ‘÷’, ‘×’ means ‘+’ and ‘÷’ means ‘-’. Find the value of: 10 ÷ 4 + 6 × 32 - 8 = ?"
REA-1458,2025,17 Sep | Shift 1,General Intelligence and Reasoning,Mathematical Operators,Sign-swap to balance,swap two operators,Sign-swap to balance,Symbolic MCQ,Easy,Low,Easy,No-bracket evaluation,Try option swaps; evaluate (BODMAS),Estimate-then-verify,Kill non-balancing fast,35–60s,BODMAS,The following equation is correct. Which two signs should be interchanged to correct it? 24 - 6 ÷ 3 × 2 + 4 = 24
REA-1459,2025,17 Sep | Shift 1,General Intelligence and Reasoning,Coding-Decoding,General code transform,encode/decode map,General code transform,Symbolic MCQ,Easy,Low,Hard,Assuming shift,Map Q→option transforms,Position map,Verify mapping,35–60s,Transform inventory,ROADMAP is to ORADPAM as JOURNEY is to:
REA-1460,2025,17 Sep | Shift 1,General Intelligence and Reasoning,Miscellaneous (Reasoning),Unclassified reasoning item,mixed skill,Unclassified reasoning item,Reasoning MCQ,Easy,Low,Hard,Misclassification,Classify by stem first,Same,As applicable,30–60s,Stem patterns,"If 3 # 2 = 13, 4 # 3 = 25, then 5 # 4 = ?"
REA-1461,2025,17 Sep | Shift 1,General Intelligence and Reasoning,Syllogism & Conclusions,General syllogism task,Venn/test method,General syllogism task,Statement battery,Medium,Low,Hard,Leap of logic,Diagram or conclusion testing,Universal-first,Kill false ones,45–75s,Venn method,"Statements: A > B = C, D ≤ E < B, F > A Conclusions: I. F > C II. D < A"
REA-1462,2025,17 Sep | Shift 1,General Intelligence and Reasoning,Miscellaneous (Reasoning),Unclassified reasoning item,mixed skill,Unclassified reasoning item,Reasoning MCQ,Easy,Low,Hard,Misclassification,Classify by stem first,Same,As applicable,30–60s,Stem patterns,Rearrange the letters to form the name of a fruit:
REA-1463,2025,17 Sep | Shift 1,General Intelligence and Reasoning,Syllogism & Conclusions,General syllogism task,Venn/test method,General syllogism task,Statement battery,Medium,Low,Hard,Leap of logic,Diagram or conclusion testing,Universal-first,Kill false ones,45–75s,Venn method,Statement: The price of petrol has increased. Conclusions: I. Transportation costs may rise. II. People will stop using vehicles.
REA-1464,2025,17 Sep | Shift 1,General Intelligence and Reasoning,Syllogism & Conclusions,Statement,implicit premise,Statement–assumption,Statement battery,Easy,Low,Easy,Stated-as-assumed,Negation test on options,Negation test,Eliminate explicit restatements,40–60s,Negation test,Statement: Online education provides flexibility but requires reliable internet access. Assumptions: I. Students have access to the internet. II. Flexibility improves learning outcomes. III. Internet connectivity is essential for online education.
REA-1465,2025,17 Sep | Shift 1,General Intelligence and Reasoning,Blood Relations,Direct relation,single-hop map,Direct relation (1–2 links),Reasoning MCQ,Easy,Low,Easy,Gender flip,Direct map; check gender,Same,Verify gender,25–40s,Relation map,"Pointing to a girl, a woman said, “She is the daughter of my brother’s wife.” How is the girl related to the woman?"
REA-1466,2025,17 Sep | Shift 1,General Intelligence and Reasoning,Blood Relations,Direct relation,single-hop map,Direct relation (1–2 links),Reasoning MCQ,Easy,Low,Easy,Gender flip,Direct map; check gender,Same,Verify gender,25–40s,Relation map,Identify the relation between Statement I and Statement II. Statement I: The company’s sales increased this year. Statement II: The company expanded its distribution network.
REA-1467,2025,17 Sep | Shift 1,General Intelligence and Reasoning,Number / Alphabet Series,Multiply-add,×2-1,Multiply-add (×k±c) series,Symbolic MCQ,Easy,Low,Easy,Pure multiply,Apply ×k±c,Same,Test last step,30–50s,×k±c test,"What will come at the place of question mark? 7, 13, 25, 49, ?"
REA-1468,2025,17 Sep | Shift 1,General Intelligence and Reasoning,Miscellaneous (Reasoning),Unclassified reasoning item,mixed skill,Unclassified reasoning item,Reasoning MCQ,Easy,Low,Hard,Misclassification,Classify by stem first,Same,As applicable,30–60s,Stem patterns,"If 20% of a number is 40, what is the number?"
REA-1469,2025,17 Sep | Shift 1,General Intelligence and Reasoning,Attention to Detail,Exact string/address match,character scan,Exact string/address match,Reasoning MCQ,Easy,Low,Easy,Skim reading,Chunk-wise compare,Chunk compare,Diff-scan options,20–35s,Careful scanning,"Choose the address that is the same as the one given below. No. 21, Green Park Residency, Bhopal, Madhya Pradesh - 462001"
REA-1470,2025,17 Sep | Shift 1,General Intelligence and Reasoning,Mathematical Operators,General operator fill,BODMAS trial,General operator fill,Symbolic MCQ,Easy,Low,Hard,No-bracket math,Try options with BODMAS,Estimate first,Kill by size,40–65s,BODMAS,"If 7 * 2 = 98 and 9 * 3 = 243, then 5 * 4 = ?"
REA-1471,2025,17 Sep | Shift 1,General Intelligence and Reasoning,Number / Alphabet Series,Mixed-operation series,combined rules,Mixed-operation series,Symbolic MCQ,Easy,Low,Easy,Single-rule force,Try halves/alternation/split,Option back-fit,Test options in sequence,45–75s,Multi-rule toolkit,"What comes next? 2, 4, 12, 48, ?"
REA-1472,2025,17 Sep | Shift 1,General Intelligence and Reasoning,Syllogism & Conclusions,General syllogism task,Venn/test method,General syllogism task,Statement battery,Medium,Low,Hard,Leap of logic,Diagram or conclusion testing,Universal-first,Kill false ones,45–75s,Venn method,Statement: Crime rates decreased after better street lighting. Conclusions: I. Visibility reduces crime. II. Criminals prefer darkness.
REA-1473,2025,17 Sep | Shift 1,General Intelligence and Reasoning,Coding-Decoding,General code transform,encode/decode map,General code transform,Symbolic MCQ,Easy,Low,Hard,Assuming shift,Map Q→option transforms,Position map,Verify mapping,35–60s,Transform inventory,"If CAT is coded as BZS, how is DOG coded?"
REA-1474,2025,17 Sep | Shift 1,General Intelligence and Reasoning,Number / Alphabet Series,Constant-shift alphabet series,"shift [3, 3, 3] per step",Constant-shift alphabet series,Symbolic MCQ,Easy,Low,Easy,Reading as words,Shift each letter,Same,Check first-letter options,20–35s,A1Z26 shifts,"What comes next? BDF, EGI, HJL, ?"
REA-1475,2025,17 Sep | Shift 1,General Intelligence and Reasoning,Classification / Odd-One-Out,Bare odd-one-out,option-driven,Bare odd-one-out (inspect options),Symbolic MCQ,Easy,Low,Easy,First-option bias,Test number letter word property per option,Kill three alike,Check all options,30-50s,Property scan,"Find the odd one out: Mahatma Gandhi, Subhash Chandra Bose, Jawaharlal Nehru, Bhagat Singh, Rani Lakshmibai"
REA-1476,2025,17 Sep | Shift 2,General Intelligence and Reasoning,Number / Alphabet Series,Constant-difference series,AP with d=2,Constant-difference series,Symbolic MCQ,Easy,Low,Easy,Assuming +1,Add d each step,Extend one step,Eliminate non-AP options,15–30s,AP extension,"Complete the series. B2, D4, F6, H8, ?"
REA-1477,2025,17 Sep | Shift 2,General Intelligence and Reasoning,Number / Alphabet Series,Mixed-operation series,combined rules,Mixed-operation series,Symbolic MCQ,Easy,Low,Easy,Single-rule force,Try halves/alternation/split,Option back-fit,Test options in sequence,45–75s,Multi-rule toolkit,"Find the missing term: 5, 18, 77, ___, 2361"
REA-1478,2025,17 Sep | Shift 2,General Intelligence and Reasoning,Mathematical Operators,Custom-operator substitution,symbol remap,Custom-operator substitution,Symbolic MCQ,Easy,Low,Easy,Original meaning kept,Remap symbols; BODMAS evaluate,Remap inline,Check remap direction,40–65s,Remap + BODMAS,"If ‘A’ means ‘×’, ‘B’ means ‘÷’, ‘C’ means ‘+’, and ‘D’ means ‘-’, find the value of: 20 B 5 C 6 A 2?"
REA-1479,2025,17 Sep | Shift 2,General Intelligence and Reasoning,Coding-Decoding,Alphanumeric / position-sum coding,letters ↔ numbers,Alphanumeric / position-sum coding,Symbolic MCQ,Easy,Low,Easy,A=0 indexing,Sum positions / reverse-sum; test,Position sums first,Verify sums match,30–50s,A1Z26 sums,"If each letter is coded as its position in reverse (Z = 1, Y = 2, …, A = 26), what is COLD?"
REA-1480,2025,17 Sep | Shift 2,General Intelligence and Reasoning,Coding-Decoding,Alphanumeric / position-sum coding,letters ↔ numbers,Alphanumeric / position-sum coding,Symbolic MCQ,Easy,Low,Easy,A=0 indexing,Sum positions / reverse-sum; test,Position sums first,Verify sums match,30–50s,A1Z26 sums,"If PLANE is coded as 47826 and CAR is coded as 189, how is PLACE coded?"
REA-1481,2025,17 Sep | Shift 2,General Intelligence and Reasoning,Classification / Odd-One-Out,Bare odd-one-out,option-driven,Bare odd-one-out (inspect options),Symbolic MCQ,Easy,Low,Easy,First-option bias,Test number letter word property per option,Kill three alike,Check all options,30-50s,Property scan,Find the odd one out.
REA-1482,2025,17 Sep | Shift 2,General Intelligence and Reasoning,Miscellaneous (Reasoning),Unclassified reasoning item,mixed skill,Unclassified reasoning item,Reasoning MCQ,Easy,Low,Hard,Misclassification,Classify by stem first,Same,As applicable,30–60s,Stem patterns,"In a class of 60 students, 40% are boys. If 75% of the boys passed, how many boys failed?"
REA-1483,2025,17 Sep | Shift 2,General Intelligence and Reasoning,Syllogism & Conclusions,Statement,implicit premise,Statement–assumption,Statement battery,Easy,Low,Easy,Stated-as-assumed,Negation test on options,Negation test,Eliminate explicit restatements,40–60s,Negation test,"Statement: Online education has increased access to learning, but it also raises concerns about the quality of student engagement. Assumptions: I. Online education allows more people to learn. II. Student engagement is important for quality education. III. Online education completely replaces traditional education."
REA-1484,2025,17 Sep | Shift 2,General Intelligence and Reasoning,Mathematical Operators,Sign-swap to balance,swap two operators,Sign-swap to balance,Symbolic MCQ,Easy,Low,Easy,No-bracket evaluation,Try option swaps; evaluate (BODMAS),Estimate-then-verify,Kill non-balancing fast,35–60s,BODMAS,Find the two signs to interchange to make the equation correct. 24 + 6 ÷ 3 × 4 - 2 = 24
REA-1485,2025,17 Sep | Shift 2,General Intelligence and Reasoning,Classification / Odd-One-Out,Bare odd-one-out,option-driven,Bare odd-one-out (inspect options),Symbolic MCQ,Easy,Low,Easy,First-option bias,Test number letter word property per option,Kill three alike,Check all options,30-50s,Property scan,Find the odd one out.
REA-1486,2025,17 Sep | Shift 2,General Intelligence and Reasoning,Blood Relations,Direct relation,single-hop map,Direct relation (1–2 links),Reasoning MCQ,Easy,Low,Easy,Gender flip,Direct map; check gender,Same,Verify gender,25–40s,Relation map,A is the son of B. B is the daughter of C. D is the husband of C. How is D related to A?
REA-1487,2025,17 Sep | Shift 2,General Intelligence and Reasoning,Blood Relations,Coded relation,decode then traverse,Coded relation (symbol map),Reasoning MCQ,Easy,Low,Easy,Gender assumption,Substitute meanings; walk the tree,Draw tree top-down,Check gender markers,45–75s,Tree drawing,"A + B means A is the father of B, A - B means A is the sister of B, A × B means A is the mother of B. What does P - Q + R mean?"
REA-1488,2025,17 Sep | Shift 2,General Intelligence and Reasoning,Attention to Detail,Exact string/address match,character scan,Exact string/address match,Reasoning MCQ,Easy,Low,Easy,Skim reading,Chunk-wise compare,Chunk compare,Diff-scan options,20–35s,Careful scanning,"Choose the address that is exactly the same as the one given below. B-12, Green Valley, Ashok Nagar, Ranchi, Jharkhand - 834002"
REA-1489,2025,17 Sep | Shift 2,General Intelligence and Reasoning,Mathematical Operators,Custom-operator substitution,symbol remap,Custom-operator substitution,Symbolic MCQ,Easy,Low,Easy,Original meaning kept,Remap symbols; BODMAS evaluate,Remap inline,Check remap direction,40–65s,Remap + BODMAS,"If @ = +, $ = ÷, % = ×, then find the value of: 12 % 2 $ 3 @ 4?"
REA-1490,2025,17 Sep | Shift 2,General Intelligence and Reasoning,Syllogism & Conclusions,General syllogism task,Venn/test method,General syllogism task,Statement battery,Medium,Low,Hard,Leap of logic,Diagram or conclusion testing,Universal-first,Kill false ones,45–75s,Venn method,Statement: 1. All fruits are healthy. 2. Some healthy things are expensive. Conclusions: I. Some fruits are expensive. II. All expensive things are fruits.
REA-1491,2025,17 Sep | Shift 2,General Intelligence and Reasoning,Number / Alphabet Series,Constant-shift alphabet series,"shift [3, 3, 3, 3] per step",Constant-shift alphabet series,Symbolic MCQ,Easy,Low,Easy,Reading as words,Shift each letter,Same,Check first-letter options,20–35s,A1Z26 shifts,"Select the letter-cluster that can replace the question mark (?). BDFH, EGIK, HJLN, KMOQ, ?"
REA-1492,2025,17 Sep | Shift 2,General Intelligence and Reasoning,Mathematical Operators,General operator fill,BODMAS trial,General operator fill,Symbolic MCQ,Easy,Low,Hard,No-bracket math,Try options with BODMAS,Estimate first,Kill by size,40–65s,BODMAS,"If 1 % 2 = 27 and 2 % 3 = 125, then 3 % 1 = ?"
REA-1493,2025,17 Sep | Shift 2,General Intelligence and Reasoning,Syllogism & Conclusions,General syllogism task,Venn/test method,General syllogism task,Statement battery,Medium,Low,Hard,Leap of logic,Diagram or conclusion testing,Universal-first,Kill false ones,45–75s,Venn method,Statement: The number of applicants for engineering courses has declined this year. Conclusions: I. Students are choosing other career options. II. Engineering has lost all its value.
REA-1494,2025,17 Sep | Shift 2,General Intelligence and Reasoning,Miscellaneous (Reasoning),Unclassified reasoning item,mixed skill,Unclassified reasoning item,Reasoning MCQ,Easy,Low,Hard,Misclassification,Classify by stem first,Same,As applicable,30–60s,Stem patterns,"In a 48 L mixture, the ratio of milk to water is 3 : 5. How much water must be removed to make the ratio 1 : 1?"
REA-1495,2025,17 Sep | Shift 2,General Intelligence and Reasoning,Coding-Decoding,Alphanumeric / position-sum coding,letters ↔ numbers,Alphanumeric / position-sum coding,Symbolic MCQ,Easy,Low,Easy,A=0 indexing,Sum positions / reverse-sum; test,Position sums first,Verify sums match,30–50s,A1Z26 sums,"If ‘NOTE’ is written as ‘O5@F’ and ‘TONE’ is written as ‘@5OF’, how is ‘EONT’ written?"
REA-1496,2025,17 Sep | Shift 2,General Intelligence and Reasoning,Number / Alphabet Series,Constant-shift alphabet series,"shift [3, 3, 3] per step",Constant-shift alphabet series,Symbolic MCQ,Easy,Low,Easy,Reading as words,Shift each letter,Same,Check first-letter options,20–35s,A1Z26 shifts,"Select the letter-cluster that can replace the question mark (?). BFG, EIJ, HLM, KOP, ?"
REA-1497,2025,17 Sep | Shift 2,General Intelligence and Reasoning,Miscellaneous (Reasoning),Unclassified reasoning item,mixed skill,Unclassified reasoning item,Reasoning MCQ,Easy,Low,Hard,Misclassification,Classify by stem first,Same,As applicable,30–60s,Stem patterns,Triangle : USJBOHMF ∷ Rectangle : ?
REA-1498,2025,17 Sep | Shift 2,General Intelligence and Reasoning,Mathematical Operators,General operator fill,BODMAS trial,General operator fill,Symbolic MCQ,Easy,Low,Hard,No-bracket math,Try options with BODMAS,Estimate first,Kill by size,40–65s,BODMAS,"If 3 # 4 = 25 and 5 # 2 = 29, then 7 # 6 = ?"
REA-1499,2025,17 Sep | Shift 2,General Intelligence and Reasoning,Dictionary & Word Formation,Dictionary order,letter-by-letter compare,Dictionary order,Reasoning MCQ,Easy,Low,Easy,Whole-word guess,Compare 1st differing letter,First-difference only,Sort pairwise,25–40s,Lexicographic compare,Which letter lies between the 3rd and 4th letters of the word below if we arranged in English alphabetical order? WORD
REA-1500,2025,17 Sep | Shift 2,General Intelligence and Reasoning,Miscellaneous (Reasoning),Unclassified reasoning item,mixed skill,Unclassified reasoning item,Reasoning MCQ,Easy,Low,Hard,Misclassification,Classify by stem first,Same,As applicable,30–60s,Stem patterns,"If ‘L’ = +, ‘M’ = -, ‘N’ = ×, ‘O’ = ÷, which equation is incorrect?"
REA-1501,2025,17 Sep | Shift 3,General Intelligence and Reasoning,Analogy,General analogy,relation mapping,General analogy,Symbolic MCQ,Easy,Low,Hard,Vague association,Name relation in pair 1; apply,Relation naming,Eliminate unrelated,30–55s,Relation vocabulary,Complete the analogy: CD : OP :: GH : ?
REA-1502,2025,17 Sep | Shift 3,General Intelligence and Reasoning,Syllogism & Conclusions,General syllogism task,Venn/test method,General syllogism task,Statement battery,Medium,Low,Hard,Leap of logic,Diagram or conclusion testing,Universal-first,Kill false ones,45–75s,Venn method,Statement: The government has increased toll charges on highways. Conclusions: I. The cost of road travel will increase. II. People will completely stop using highways.
REA-1503,2025,17 Sep | Shift 3,General Intelligence and Reasoning,Coding-Decoding,Letter-shift transform,equal shift -1 per letter,Letter-shift transform (uniform),Symbolic MCQ,Easy,Low,Easy,First-letter only,Compute per-position shift; apply,First-letter shift only,Verify all positions,30–50s,A1Z26 shifts,"If ‘PLANE’ is written as ‘QMBOF’, how is ‘TRAIN’ written?"
REA-1504,2025,17 Sep | Shift 3,General Intelligence and Reasoning,Number / Alphabet Series,Constant-shift alphabet series,"shift [1, 1, 1] per step",Constant-shift alphabet series,Symbolic MCQ,Easy,Low,Easy,Reading as words,Shift each letter,Same,Check first-letter options,20–35s,A1Z26 shifts,"What comes next? LMN, MNO, NOP, OPQ, ?"
REA-1505,2025,17 Sep | Shift 3,General Intelligence and Reasoning,Miscellaneous (Reasoning),Unclassified reasoning item,mixed skill,Unclassified reasoning item,Reasoning MCQ,Easy,Low,Hard,Misclassification,Classify by stem first,Same,As applicable,30–60s,Stem patterns,A car covers 240 m in 12 seconds. Find its speed.
REA-1506,2025,17 Sep | Shift 3,General Intelligence and Reasoning,Coding-Decoding,General code transform,encode/decode map,General code transform,Symbolic MCQ,Easy,Low,Hard,Assuming shift,Map Q→option transforms,Position map,Verify mapping,35–60s,Transform inventory,"If “DELHI” is written as “IHLED”, how is “MUMBAI” written?"
REA-1507,2025,17 Sep | Shift 3,General Intelligence and Reasoning,Blood Relations,Direct relation,single-hop map,Direct relation (1–2 links),Reasoning MCQ,Easy,Low,Easy,Gender flip,Direct map; check gender,Same,Verify gender,25–40s,Relation map,"Pointing to a man, Rita said, “He is the son of the only brother of my mother.” How is the man related to Rita?"
REA-1508,2025,17 Sep | Shift 3,General Intelligence and Reasoning,Direction Sense,General direction-distance,path tracking,General direction-distance,Reasoning MCQ,Easy,Low,Hard,Sign error,Track N/E/S/W steps; net displacement,Net vector,Check scale,30–50s,Cardinal tracking,"Choose the address that is the same as the one given below. Flat No. 512, Green Valley Apartments, Andheri East, Mumbai, Maharashtra - 400069"
REA-1509,2025,17 Sep | Shift 3,General Intelligence and Reasoning,Mathematical Operators,Custom-operator substitution,symbol remap,Custom-operator substitution,Symbolic MCQ,Easy,Low,Easy,Original meaning kept,Remap symbols; BODMAS evaluate,Remap inline,Check remap direction,40–65s,Remap + BODMAS,"If ‘+’ means ‘÷’, ‘÷’ means ‘×’, ‘×’ means ‘-’, then find: 12 × 6 + 3 ÷ 2 = ?"
REA-1510,2025,17 Sep | Shift 3,General Intelligence and Reasoning,Syllogism & Conclusions,General syllogism task,Venn/test method,General syllogism task,Statement battery,Medium,Low,Hard,Leap of logic,Diagram or conclusion testing,Universal-first,Kill false ones,45–75s,Venn method,"Statements: A ≥ B = C < D, E > C ≤ F Conclusions: I. D > B II. A ≥ C"
REA-1511,2025,17 Sep | Shift 3,General Intelligence and Reasoning,Mathematical Operators,General operator fill,BODMAS trial,General operator fill,Symbolic MCQ,Easy,Low,Hard,No-bracket math,Try options with BODMAS,Estimate first,Kill by size,40–65s,BODMAS,"If 4@3 = 13, 7@2 = 11 and 9@4 = 25. Then 6@5 = ?"
REA-1512,2025,17 Sep | Shift 3,General Intelligence and Reasoning,Number / Alphabet Series,Mixed-operation series,combined rules,Mixed-operation series,Symbolic MCQ,Easy,Low,Easy,Single-rule force,Try halves/alternation/split,Option back-fit,Test options in sequence,45–75s,Multi-rule toolkit,"Complete the series: 125, 1000, 3375, 8000, ?"
REA-1513,2025,17 Sep | Shift 3,General Intelligence and Reasoning,Number / Alphabet Series,Mixed-operation series,combined rules,Mixed-operation series,Symbolic MCQ,Easy,Low,Easy,Single-rule force,Try halves/alternation/split,Option back-fit,Test options in sequence,45–75s,Multi-rule toolkit,"Find the next number in the series: 2, 6, 14, 30, 62, ?"
REA-1514,2025,17 Sep | Shift 3,General Intelligence and Reasoning,Mathematical Operators,Custom-operator substitution,symbol remap,Custom-operator substitution,Symbolic MCQ,Easy,Low,Easy,Original meaning kept,Remap symbols; BODMAS evaluate,Remap inline,Check remap direction,40–65s,Remap + BODMAS,"If ‘A’ means ‘+’, ‘B’ means ‘-’, ‘C’ means ‘×’, and ‘D’ means ‘÷’, then find the value of: (40 D 5 A 6 C 2) B (18 D 3 C 2)?"
REA-1515,2025,17 Sep | Shift 3,General Intelligence and Reasoning,Syllogism & Conclusions,Statement,implicit premise,Statement–assumption,Statement battery,Easy,Low,Easy,Stated-as-assumed,Negation test on options,Negation test,Eliminate explicit restatements,40–60s,Negation test,Statement: Online education platforms are increasingly being adopted by students. Assumptions: I. Students have access to the internet. II. Traditional education has become irrelevant. III. Online platforms offer flexible learning.
REA-1516,2025,17 Sep | Shift 3,General Intelligence and Reasoning,Mathematical Operators,General operator fill,BODMAS trial,General operator fill,Symbolic MCQ,Easy,Low,Hard,No-bracket math,Try options with BODMAS,Estimate first,Kill by size,40–65s,BODMAS,"If 5&3 = 40 and 6&4 = 60, then 7&5 = ?"
REA-1517,2025,17 Sep | Shift 3,General Intelligence and Reasoning,Syllogism & Conclusions,Argument / course-of-action,strength test,Argument / course-of-action,Statement battery,Easy,Low,Easy,Emotional appeal,Core-issue + desirability test,Core-issue filter,Kill side-issue options,40–60s,Core-issue test,Problem: Rising traffic congestion in metro cities. Course of Action: I. Authorities should promote public transport. II. Private vehicles should be completely banned.
REA-1518,2025,17 Sep | Shift 3,General Intelligence and Reasoning,Number / Alphabet Series,Constant-shift alphabet series,"shift [-3, -3, -3] per step",Constant-shift alphabet series,Symbolic MCQ,Easy,Low,Easy,Reading as words,Shift each letter,Same,Check first-letter options,20–35s,A1Z26 shifts,"Select the letter-cluster from among the given options that can replace the question mark (?) in the following series. PQR, MNO, JKL, GHI, ?"
REA-1519,2025,17 Sep | Shift 3,General Intelligence and Reasoning,Mathematical Operators,General operator fill,BODMAS trial,General operator fill,Symbolic MCQ,Easy,Low,Hard,No-bracket math,Try options with BODMAS,Estimate first,Kill by size,40–65s,BODMAS,"If 9#2 = 83 and 8#3 = 67, then 7#4 = ?"
REA-1520,2025,17 Sep | Shift 3,General Intelligence and Reasoning,Number / Alphabet Series,Constant-difference series,AP with d=6,Constant-difference series,Symbolic MCQ,Easy,Low,Easy,Assuming +1,Add d each step,Extend one step,Eliminate non-AP options,15–30s,AP extension,"The following series has one incorrect number. Identify it. 11, 17, 23, 29, 35"
REA-1521,2025,17 Sep | Shift 3,General Intelligence and Reasoning,Syllogism & Conclusions,General syllogism task,Venn/test method,General syllogism task,Statement battery,Medium,Low,Hard,Leap of logic,Diagram or conclusion testing,Universal-first,Kill false ones,45–75s,Venn method,Statement: Enrollment in fitness centers has increased. Conclusions: I. People are becoming health conscious. II. Medical expenses have reduced.
REA-1522,2025,17 Sep | Shift 3,General Intelligence and Reasoning,Classification / Odd-One-Out,Bare odd-one-out,option-driven,Bare odd-one-out (inspect options),Symbolic MCQ,Easy,Low,Easy,First-option bias,Test number letter word property per option,Kill three alike,Check all options,30-50s,Property scan,Find the odd one out.
REA-1523,2025,17 Sep | Shift 3,General Intelligence and Reasoning,Blood Relations,Direct relation,single-hop map,Direct relation (1–2 links),Reasoning MCQ,Easy,Low,Easy,Gender flip,Direct map; check gender,Same,Verify gender,25–40s,Relation map,M is the sister of N. N is the father of P. P is the son of Q. How is Q related to M?
REA-1524,2025,17 Sep | Shift 3,General Intelligence and Reasoning,Miscellaneous (Reasoning),Unclassified reasoning item,mixed skill,Unclassified reasoning item,Reasoning MCQ,Easy,Low,Hard,Misclassification,Classify by stem first,Same,As applicable,30–60s,Stem patterns,"If 12 men can complete a work in 8 days, how many days will 16 men take?"
REA-1525,2025,17 Sep | Shift 3,General Intelligence and Reasoning,Direction Sense,General direction-distance,path tracking,General direction-distance,Reasoning MCQ,Easy,Low,Hard,Sign error,Track N/E/S/W steps; net displacement,Net vector,Check scale,30–50s,Cardinal tracking,"Choose the address that is the same as the one given below. 22, Park Street, Kolkata, West Bengal - 700016"
REA-1526,2025,18 Sep | Shift 1,General Intelligence and Reasoning,Syllogism & Conclusions,General syllogism task,Venn/test method,General syllogism task,Statement battery,Medium,Low,Hard,Leap of logic,Diagram or conclusion testing,Universal-first,Kill false ones,45–75s,Venn method,Statement: All employees must follow office rules. Conclusions: I. Employees who break office rules should be penalized. II. Following office rules reflects discipline.
REA-1527,2025,18 Sep | Shift 1,General Intelligence and Reasoning,Syllogism & Conclusions,General syllogism task,Venn/test method,General syllogism task,Statement battery,Medium,Low,Hard,Leap of logic,Diagram or conclusion testing,Universal-first,Kill false ones,45–75s,Venn method,Statement: 1. All pens are tools. 2. Some tools are machines. 3. All machines are metal objects. Conclusions: I. Some tools are metal objects. II. Some pens are machines.
REA-1528,2025,18 Sep | Shift 1,General Intelligence and Reasoning,Coding-Decoding,General code transform,encode/decode map,General code transform,Symbolic MCQ,Easy,Low,Hard,Assuming shift,Map Q→option transforms,Position map,Verify mapping,35–60s,Transform inventory,"If TIGER is coded as SHFDQ, how is LION written?"
REA-1529,2025,18 Sep | Shift 1,General Intelligence and Reasoning,Number / Alphabet Series,Mixed-operation series,combined rules,Mixed-operation series,Symbolic MCQ,Easy,Low,Easy,Single-rule force,Try halves/alternation/split,Option back-fit,Test options in sequence,45–75s,Multi-rule toolkit,"Find the incorrect number in the series: 3, 7, 15, 31, 63, 127, 250"
REA-1530,2025,18 Sep | Shift 1,General Intelligence and Reasoning,Syllogism & Conclusions,General syllogism task,Venn/test method,General syllogism task,Statement battery,Medium,Low,Hard,Leap of logic,Diagram or conclusion testing,Universal-first,Kill false ones,45–75s,Venn method,A statement is given followed by two conclusions. Find which conclusion is TRUE. Statement: P ≥ Q; R = S ≤ T; Q ≥ R; T ≥ P Conclusions: I. P ≥ R II. S ≤ Q
REA-1531,2025,18 Sep | Shift 1,General Intelligence and Reasoning,Syllogism & Conclusions,Statement,implicit premise,Statement–assumption,Statement battery,Easy,Low,Easy,Stated-as-assumed,Negation test on options,Negation test,Eliminate explicit restatements,40–60s,Negation test,"Statement: To improve fitness, people should exercise daily despite busy schedules. Assumptions: I. Exercise improves fitness. II. People can manage time for exercise. III. Busy schedules reduce health."
REA-1532,2025,18 Sep | Shift 1,General Intelligence and Reasoning,Classification / Odd-One-Out,Bare odd-one-out,option-driven,Bare odd-one-out (inspect options),Symbolic MCQ,Easy,Low,Easy,First-option bias,Test number letter word property per option,Kill three alike,Check all options,30-50s,Property scan,"Find the odd one out: Apple, Mango, Banana, Carrot, Orange"
REA-1533,2025,18 Sep | Shift 1,General Intelligence and Reasoning,Coding-Decoding,General code transform,encode/decode map,General code transform,Symbolic MCQ,Easy,Low,Hard,Assuming shift,Map Q→option transforms,Position map,Verify mapping,35–60s,Transform inventory,In a code language: “Red flower blooms” → ta ka la “Blue flower blooms” → sa ka la “Red plant grows” → ta ma na. What is the code for “Blue plant grows”?
REA-1534,2025,18 Sep | Shift 1,General Intelligence and Reasoning,Classification / Odd-One-Out,Bare odd-one-out,option-driven,Bare odd-one-out (inspect options),Symbolic MCQ,Easy,Low,Easy,First-option bias,Test number letter word property per option,Kill three alike,Check all options,30-50s,Property scan,Find the odd one out:
REA-1535,2025,18 Sep | Shift 1,General Intelligence and Reasoning,Number / Alphabet Series,Constant-shift alphabet series,"shift [1, 1, 1] per step",Constant-shift alphabet series,Symbolic MCQ,Easy,Low,Easy,Reading as words,Shift each letter,Same,Check first-letter options,20–35s,A1Z26 shifts,"What comes next? ABC, BCD, CDE, DEF, ?"
REA-1536,2025,18 Sep | Shift 1,General Intelligence and Reasoning,Mathematical Operators,Custom-operator substitution,symbol remap,Custom-operator substitution,Symbolic MCQ,Easy,Low,Easy,Original meaning kept,Remap symbols; BODMAS evaluate,Remap inline,Check remap direction,40–65s,Remap + BODMAS,"If ‘÷’ means ‘+’, ‘+’ means ‘×’, ‘×’ means ‘-’, then 8 + 4 × 2 ÷ 6 = ?"
REA-1537,2025,18 Sep | Shift 1,General Intelligence and Reasoning,Number / Alphabet Series,Constant-shift alphabet series,"shift [3, 4, 5] per step",Constant-shift alphabet series,Symbolic MCQ,Easy,Low,Easy,Reading as words,Shift each letter,Same,Check first-letter options,20–35s,A1Z26 shifts,"Select the letter-cluster from among the given options that can replace the question mark (?) in the following series. BDH, EHM, HLR, ?"
REA-1538,2025,18 Sep | Shift 1,General Intelligence and Reasoning,Number / Alphabet Series,General series completion,pattern extension,General series completion,Symbolic MCQ,Easy,Low,Easy,Random guess,List candidates; test,Option test,Check fit,30–60s,Pattern toolkit,Which group does NOT follow the same rule?
REA-1539,2025,18 Sep | Shift 1,General Intelligence and Reasoning,Classification / Odd-One-Out,Bare odd-one-out,option-driven,Bare odd-one-out (inspect options),Symbolic MCQ,Easy,Low,Easy,First-option bias,Test number letter word property per option,Kill three alike,Check all options,30-50s,Property scan,Find the odd one out:
REA-1540,2025,18 Sep | Shift 1,General Intelligence and Reasoning,Mathematical Operators,General operator fill,BODMAS trial,General operator fill,Symbolic MCQ,Easy,Low,Hard,No-bracket math,Try options with BODMAS,Estimate first,Kill by size,40–65s,BODMAS,"If 7 * 3 = 25 and 9 * 2 = 22, then 5 * 4 = ?"
REA-1541,2025,18 Sep | Shift 1,General Intelligence and Reasoning,Number / Alphabet Series,Mixed-operation series,combined rules,Mixed-operation series,Symbolic MCQ,Easy,Low,Easy,Single-rule force,Try halves/alternation/split,Option back-fit,Test options in sequence,45–75s,Multi-rule toolkit,"Complete the series: 4, 7, 14, 17, 34, 37, ?"
REA-1542,2025,18 Sep | Shift 1,General Intelligence and Reasoning,Syllogism & Conclusions,General syllogism task,Venn/test method,General syllogism task,Statement battery,Medium,Low,Hard,Leap of logic,Diagram or conclusion testing,Universal-first,Kill false ones,45–75s,Venn method,Statement: Hundreds of candidates applied for the job. Conclusions: I. The job is in demand. II. All applicants will be selected.
REA-1543,2025,18 Sep | Shift 1,General Intelligence and Reasoning,Blood Relations,Direct relation,single-hop map,Direct relation (1–2 links),Reasoning MCQ,Easy,Low,Easy,Gender flip,Direct map; check gender,Same,Verify gender,25–40s,Relation map,A is the brother of B. B is the mother of C. D is the son of A. How is D related to C?
REA-1544,2025,18 Sep | Shift 1,General Intelligence and Reasoning,Calendar & Clock,Clock hands / angle,relative speed 360/11,Clock hands / angle,Reasoning MCQ,Easy,Low,Easy,Hour freeze,Minute angle = 6m; hour = 30h + m/2,|30h − 11m/2|,Check reflex option,30–50s,Hand formulas,CLOCK : KCOLC :: PAPER : ?
REA-1545,2025,18 Sep | Shift 1,General Intelligence and Reasoning,Miscellaneous (Reasoning),Unclassified reasoning item,mixed skill,Unclassified reasoning item,Reasoning MCQ,Easy,Low,Hard,Misclassification,Classify by stem first,Same,As applicable,30–60s,Stem patterns,"If the sum of 28 and 12 is multiplied by 11, what is the result?"
REA-1546,2025,18 Sep | Shift 1,General Intelligence and Reasoning,Dictionary & Word Formation,Meaningful-word formation,anagram search,Meaningful-word formation,Reasoning MCQ,Easy,Low,Easy,Non-word acceptance,Fix first letter; test,Vowel anchor,Try option words,30–55s,Anagram skill,Rearrange the letters of the word “CHEAT” to form the name of a profession.
REA-1547,2025,18 Sep | Shift 1,General Intelligence and Reasoning,Analogy,General analogy,relation mapping,General analogy,Symbolic MCQ,Easy,Low,Hard,Vague association,Name relation in pair 1; apply,Relation naming,Eliminate unrelated,30–55s,Relation vocabulary,Solve: STAR : ? :: LIVE : EVIL
REA-1548,2025,18 Sep | Shift 1,General Intelligence and Reasoning,Number / Alphabet Series,Mixed-operation series,combined rules,Mixed-operation series,Symbolic MCQ,Easy,Low,Easy,Single-rule force,Try halves/alternation/split,Option back-fit,Test options in sequence,45–75s,Multi-rule toolkit,"What comes next? 2, 6, 24, 120, ?"
REA-1549,2025,18 Sep | Shift 1,General Intelligence and Reasoning,Miscellaneous (Reasoning),Unclassified reasoning item,mixed skill,Unclassified reasoning item,Reasoning MCQ,Easy,Low,Hard,Misclassification,Classify by stem first,Same,As applicable,30–60s,Stem patterns,A car travels 120 km in 2 hours and the same distance in 3 hours on return. Find speed in still condition.
REA-1550,2025,18 Sep | Shift 1,General Intelligence and Reasoning,Blood Relations,Direct relation,single-hop map,Direct relation (1–2 links),Reasoning MCQ,Easy,Low,Easy,Gender flip,Direct map; check gender,Same,Verify gender,25–40s,Relation map,"A man says, “My mother’s father’s only son is my _____.”"
REA-1551,2025,18 Sep | Shift 2,General Intelligence and Reasoning,Attention to Detail,Exact string/address match,character scan,Exact string/address match,Reasoning MCQ,Easy,Low,Easy,Skim reading,Chunk-wise compare,Chunk compare,Diff-scan options,20–35s,Careful scanning,"Choose the address that is exactly the same as the one given below. #210, Pearl Heights, Banjara Hills, Hyderabad, Telangana - 500034"
REA-1552,2025,18 Sep | Shift 2,General Intelligence and Reasoning,Coding-Decoding,General code transform,encode/decode map,General code transform,Symbolic MCQ,Easy,Low,Hard,Assuming shift,Map Q→option transforms,Position map,Verify mapping,35–60s,Transform inventory,"If ENGLISH is written as HSILGNE, then FRENCH is written as:"
REA-1553,2025,18 Sep | Shift 2,General Intelligence and Reasoning,Attention to Detail,Exact string/address match,character scan,Exact string/address match,Reasoning MCQ,Easy,Low,Easy,Skim reading,Chunk-wise compare,Chunk compare,Diff-scan options,20–35s,Careful scanning,"Choose the address that is exactly the same as the one given below. Flat No. 45C, Green Residency, MG Road, Pune, Maharashtra - 411001"
REA-1554,2025,18 Sep | Shift 2,General Intelligence and Reasoning,Number / Alphabet Series,Constant-shift alphabet series,"shift [1, 1, 1] per step",Constant-shift alphabet series,Symbolic MCQ,Easy,Low,Easy,Reading as words,Shift each letter,Same,Check first-letter options,20–35s,A1Z26 shifts,"Select the letter-cluster that can replace the question mark (?) in the series: LAF, MBG, NCH, ODI, ?"
REA-1555,2025,18 Sep | Shift 2,General Intelligence and Reasoning,Number / Alphabet Series,Mixed-operation series,combined rules,Mixed-operation series,Symbolic MCQ,Easy,Low,Easy,Single-rule force,Try halves/alternation/split,Option back-fit,Test options in sequence,45–75s,Multi-rule toolkit,"Identify the incorrect term in the series: 2, 6, 14, 30, 63"
REA-1556,2025,18 Sep | Shift 2,General Intelligence and Reasoning,Mathematical Operators,General operator fill,BODMAS trial,General operator fill,Symbolic MCQ,Easy,Low,Hard,No-bracket math,Try options with BODMAS,Estimate first,Kill by size,40–65s,BODMAS,"By interchanging + and -, which equation will NOT be correct? I. 16 ÷ 4 + 6 × 2 - 5 = 15 II. 9 + 8 × 3 ÷ 4 - 2 = 5"
REA-1557,2025,18 Sep | Shift 2,General Intelligence and Reasoning,Blood Relations,Direct relation,single-hop map,Direct relation (1–2 links),Reasoning MCQ,Easy,Low,Easy,Gender flip,Direct map; check gender,Same,Verify gender,25–40s,Relation map,"If A is the mother of B, C is the brother of B, and D is the father of A, how is D related to C?"
REA-1558,2025,18 Sep | Shift 2,General Intelligence and Reasoning,Coding-Decoding,General code transform,encode/decode map,General code transform,Symbolic MCQ,Easy,Low,Hard,Assuming shift,Map Q→option transforms,Position map,Verify mapping,35–60s,Transform inventory,"In a certain code language: If β α λ λ is coded as BALL and κ ε ψ is coded as KEY, then what is α κ λ ?"
REA-1559,2025,18 Sep | Shift 2,General Intelligence and Reasoning,Mathematical Operators,General operator fill,BODMAS trial,General operator fill,Symbolic MCQ,Easy,Low,Hard,No-bracket math,Try options with BODMAS,Estimate first,Kill by size,40–65s,BODMAS,"If 6 @ 4 = 28 and 9 @ 2 = 22, then 7 @ 3 = ?"
REA-1560,2025,18 Sep | Shift 2,General Intelligence and Reasoning,Mathematical Operators,Special-character replacement,symbol remap,Special-character replacement,Symbolic MCQ,Easy,Low,Easy,Original meaning kept,Map each symbol then apply BODMAS,Remap inline,Check mapping,40-65s,Remap plus BODMAS,Replace the special characters with mathematical signs to make the equation correct: 20 $ 5 # 2 = 10.
REA-1561,2025,18 Sep | Shift 2,General Intelligence and Reasoning,Analogy,General analogy,relation mapping,General analogy,Symbolic MCQ,Easy,Low,Hard,Vague association,Name relation in pair 1; apply,Relation naming,Eliminate unrelated,30–55s,Relation vocabulary,CF : UX :: DG : ?
REA-1562,2025,18 Sep | Shift 2,General Intelligence and Reasoning,Miscellaneous (Reasoning),Unclassified reasoning item,mixed skill,Unclassified reasoning item,Reasoning MCQ,Easy,Low,Hard,Misclassification,Classify by stem first,Same,As applicable,30–60s,Stem patterns,"Find the next term: ABC, CDE, EFG, GHI, ?"
REA-1563,2025,18 Sep | Shift 2,General Intelligence and Reasoning,Number / Alphabet Series,Mixed-operation series,combined rules,Mixed-operation series,Symbolic MCQ,Easy,Low,Easy,Single-rule force,Try halves/alternation/split,Option back-fit,Test options in sequence,45–75s,Multi-rule toolkit,"Find the missing number: 5, 11, 23, 47, ?, 191"
REA-1564,2025,18 Sep | Shift 2,General Intelligence and Reasoning,Miscellaneous (Reasoning),Unclassified reasoning item,mixed skill,Unclassified reasoning item,Reasoning MCQ,Easy,Low,Hard,Misclassification,Classify by stem first,Same,As applicable,30–60s,Stem patterns,A man’s present age is three times his age 12 years ago. What is his present age?
REA-1565,2025,18 Sep | Shift 2,General Intelligence and Reasoning,Miscellaneous (Reasoning),Unclassified reasoning item,mixed skill,Unclassified reasoning item,Reasoning MCQ,Easy,Low,Hard,Misclassification,Classify by stem first,Same,As applicable,30–60s,Stem patterns,Which two signs should be swapped to make the equation correct? 24 ÷ 6 + 4 × 3 - 2 = 2
REA-1566,2025,18 Sep | Shift 2,General Intelligence and Reasoning,Syllogism & Conclusions,General syllogism task,Venn/test method,General syllogism task,Statement battery,Medium,Low,Hard,Leap of logic,Diagram or conclusion testing,Universal-first,Kill false ones,45–75s,Venn method,Statement: The school will remain closed tomorrow due to heavy rain. Conclusions: I. Classes will not be held tomorrow. II. The weather forecast predicts rain.
REA-1567,2025,18 Sep | Shift 2,General Intelligence and Reasoning,Number / Alphabet Series,Mixed-operation series,combined rules,Mixed-operation series,Symbolic MCQ,Easy,Low,Easy,Single-rule force,Try halves/alternation/split,Option back-fit,Test options in sequence,45–75s,Multi-rule toolkit,"Find the WRONG term in the series: 3, 6, 11, 19, 27, 38"
REA-1568,2025,18 Sep | Shift 2,General Intelligence and Reasoning,Miscellaneous (Reasoning),Unclassified reasoning item,mixed skill,Unclassified reasoning item,Reasoning MCQ,Easy,Low,Hard,Misclassification,Classify by stem first,Same,As applicable,30–60s,Stem patterns,Statements: I. Schools have increased online classes. II. There has been a rise in viral infections.
REA-1569,2025,18 Sep | Shift 2,General Intelligence and Reasoning,Classification / Odd-One-Out,Bare odd-one-out,option-driven,Bare odd-one-out (inspect options),Symbolic MCQ,Easy,Low,Easy,First-option bias,Test number letter word property per option,Kill three alike,Check all options,30-50s,Property scan,Find the odd one out:
REA-1570,2025,18 Sep | Shift 2,General Intelligence and Reasoning,Number / Alphabet Series,Squares / cubes pattern,perfect powers in order,Squares / cubes pattern,Symbolic MCQ,Easy,Low,Easy,Linear fit,Root sequence; extend,Root check,Check root fit,25–40s,Power list,"What comes next in the series? 1, 4, 9, 16, 25, ?"
REA-1571,2025,18 Sep | Shift 2,General Intelligence and Reasoning,Syllogism & Conclusions,General syllogism task,Venn/test method,General syllogism task,Statement battery,Medium,Low,Hard,Leap of logic,Diagram or conclusion testing,Universal-first,Kill false ones,45–75s,Venn method,Statement: The price of vegetables increased due to transport strike. Conclusions: I. Transport affects market prices. II. Farmers caused the price rise.
REA-1572,2025,18 Sep | Shift 2,General Intelligence and Reasoning,Coding-Decoding,Alphanumeric / position-sum coding,letters ↔ numbers,Alphanumeric / position-sum coding,Symbolic MCQ,Easy,Low,Easy,A=0 indexing,Sum positions / reverse-sum; test,Position sums first,Verify sums match,30–50s,A1Z26 sums,"In a 40 L mixture, milk : water = 5 : 3. How much water must be added to make the ratio 1 : 1?"
REA-1573,2025,18 Sep | Shift 2,General Intelligence and Reasoning,Blood Relations,Chained relation,multi-hop traversal,Chained relation (3+ links),Reasoning MCQ,Medium,Medium,Easy,Skipping a hop,Collapse inside-out; track gender,Innermost-first,Check gender at each hop,45–70s,Hop collapsing,"In a family of P, Q, R, S, T and U: P and Q are married R is the daughter of Q T is the brother of R S is the son of P U is the father of Q Who is the grandfather of T?"
REA-1574,2025,18 Sep | Shift 2,General Intelligence and Reasoning,Miscellaneous (Reasoning),Unclassified reasoning item,mixed skill,Unclassified reasoning item,Reasoning MCQ,Easy,Low,Hard,Misclassification,Classify by stem first,Same,As applicable,30–60s,Stem patterns,"Find the LCM of 15, 20 and 24."
REA-1575,2025,18 Sep | Shift 2,General Intelligence and Reasoning,Syllogism & Conclusions,Statement,implicit premise,Statement–assumption,Statement battery,Easy,Low,Easy,Stated-as-assumed,Negation test on options,Negation test,Eliminate explicit restatements,40–60s,Negation test,Statement: The company decided to allow work from home twice a week. Assumptions: I. Employees prefer flexible working conditions. II. Productivity will not decrease.
REA-1576,2025,18 Sep | Shift 3,General Intelligence and Reasoning,Blood Relations,Direct relation,single-hop map,Direct relation (1–2 links),Reasoning MCQ,Easy,Low,Easy,Gender flip,Direct map; check gender,Same,Verify gender,25–40s,Relation map,A is the sister of B. B is the brother of C. C is the mother of D. How is A related to D?
REA-1577,2025,18 Sep | Shift 3,General Intelligence and Reasoning,Miscellaneous (Reasoning),Unclassified reasoning item,mixed skill,Unclassified reasoning item,Reasoning MCQ,Easy,Low,Hard,Misclassification,Classify by stem first,Same,As applicable,30–60s,Stem patterns,What is the sum of the first 15 natural numbers?
REA-1578,2025,18 Sep | Shift 3,General Intelligence and Reasoning,Blood Relations,Direct relation,single-hop map,Direct relation (1–2 links),Reasoning MCQ,Easy,Low,Easy,Gender flip,Direct map; check gender,Same,Verify gender,25–40s,Relation map,"Pointing to a man, Rita says, “He is the son of my mother’s brother.” How is the man related to Rita?"
REA-1579,2025,18 Sep | Shift 3,General Intelligence and Reasoning,Classification / Odd-One-Out,Bare odd-one-out,option-driven,Bare odd-one-out (inspect options),Symbolic MCQ,Easy,Low,Easy,First-option bias,Test number letter word property per option,Kill three alike,Check all options,30-50s,Property scan,"Find the odd one out: Mercury, Venus, Earth, Moon, Mars"
REA-1580,2025,18 Sep | Shift 3,General Intelligence and Reasoning,Mathematical Operators,General operator fill,BODMAS trial,General operator fill,Symbolic MCQ,Easy,Low,Hard,No-bracket math,Try options with BODMAS,Estimate first,Kill by size,40–65s,BODMAS,"If 5 @ 3 = 64 and 10 @ 2 = 144, then 7 @ 4 = ?"
REA-1581,2025,18 Sep | Shift 3,General Intelligence and Reasoning,Classification / Odd-One-Out,Bare odd-one-out,option-driven,Bare odd-one-out (inspect options),Symbolic MCQ,Easy,Low,Easy,First-option bias,Test number letter word property per option,Kill three alike,Check all options,30-50s,Property scan,Find the odd one out:
REA-1582,2025,18 Sep | Shift 3,General Intelligence and Reasoning,Number / Alphabet Series,Constant-shift alphabet series,"shift [3, 3, 3] per step",Constant-shift alphabet series,Symbolic MCQ,Easy,Low,Easy,Reading as words,Shift each letter,Same,Check first-letter options,20–35s,A1Z26 shifts,"Select the option that will replace the question mark (?) in the series: EJQ, HMT, KPW, NSZ, ?"
REA-1583,2025,18 Sep | Shift 3,General Intelligence and Reasoning,Seating Arrangement,General arrangement,placement logic,General arrangement,Reasoning MCQ,Hard,Medium,Hard,Floating start,Fix one; place rest,Anchor first,Test orders,50–80s,Anchoring,"Eight persons P, Q, R, S, T, U, V and W live on 8 different floors. Ground floor = 1, top floor = 8. P lives on the lowest floor. Only two persons live between P and Q. R lives on 5th floor. Only one person lives between R and S. T lives on an even-numbered floor. Only three persons live between U and V. Only one person lives between T and U. Who lives immediately above Q?"
REA-1584,2025,18 Sep | Shift 3,General Intelligence and Reasoning,Analogy,General analogy,relation mapping,General analogy,Symbolic MCQ,Easy,Low,Hard,Vague association,Name relation in pair 1; apply,Relation naming,Eliminate unrelated,30–55s,Relation vocabulary,Solve the analogy: GK : NP :: RT : ?
REA-1585,2025,18 Sep | Shift 3,General Intelligence and Reasoning,Miscellaneous (Reasoning),Unclassified reasoning item,mixed skill,Unclassified reasoning item,Reasoning MCQ,Easy,Low,Hard,Misclassification,Classify by stem first,Same,As applicable,30–60s,Stem patterns,"If + = ×, × = -, - = ÷, ÷ = +, then 12 + 4 × 24 - 8 ÷ 4 = ?"
REA-1586,2025,18 Sep | Shift 3,General Intelligence and Reasoning,Number / Alphabet Series,Mixed-operation series,combined rules,Mixed-operation series,Symbolic MCQ,Easy,Low,Easy,Single-rule force,Try halves/alternation/split,Option back-fit,Test options in sequence,45–75s,Multi-rule toolkit,"Find the next number in the series: 8, 14, 26, 50, 98, ?"
REA-1587,2025,18 Sep | Shift 3,General Intelligence and Reasoning,Syllogism & Conclusions,General syllogism task,Venn/test method,General syllogism task,Statement battery,Medium,Low,Hard,Leap of logic,Diagram or conclusion testing,Universal-first,Kill false ones,45–75s,Venn method,Statements: 1. All books are useful. 2. Some useful things are expensive. Conclusions: I. Some books are expensive. II. All expensive things are useful.
REA-1588,2025,18 Sep | Shift 3,General Intelligence and Reasoning,Syllogism & Conclusions,Statement,implicit premise,Statement–assumption,Statement battery,Easy,Low,Easy,Stated-as-assumed,Negation test on options,Negation test,Eliminate explicit restatements,40–60s,Negation test,Statement: Online education improves accessibility but reduces social interaction. Assumptions: I. Online education is widely used. II. Social interaction is important in education. III. Online education is better than offline education.
REA-1589,2025,18 Sep | Shift 3,General Intelligence and Reasoning,Coding-Decoding,General code transform,encode/decode map,General code transform,Symbolic MCQ,Easy,Low,Hard,Assuming shift,Map Q→option transforms,Position map,Verify mapping,35–60s,Transform inventory,DOCTOR is to HOSPITAL as TEACHER is to:
REA-1590,2025,18 Sep | Shift 3,General Intelligence and Reasoning,Coding-Decoding,General code transform,encode/decode map,General code transform,Symbolic MCQ,Easy,Low,Hard,Assuming shift,Map Q→option transforms,Position map,Verify mapping,35–60s,Transform inventory,"If WATER is written as YCVGT, how is FIRE written?"
REA-1591,2025,18 Sep | Shift 3,General Intelligence and Reasoning,Classification / Odd-One-Out,Bare odd-one-out,option-driven,Bare odd-one-out (inspect options),Symbolic MCQ,Easy,Low,Easy,First-option bias,Test number letter word property per option,Kill three alike,Check all options,30-50s,Property scan,Find the odd one out:
REA-1592,2025,18 Sep | Shift 3,General Intelligence and Reasoning,Miscellaneous (Reasoning),Unclassified reasoning item,mixed skill,Unclassified reasoning item,Reasoning MCQ,Easy,Low,Hard,Misclassification,Classify by stem first,Same,As applicable,30–60s,Stem patterns,"If the difference of 48 and 18 is multiplied by 3, what is the result?"
REA-1593,2025,18 Sep | Shift 3,General Intelligence and Reasoning,Analogy,General analogy,relation mapping,General analogy,Symbolic MCQ,Easy,Low,Hard,Vague association,Name relation in pair 1; apply,Relation naming,Eliminate unrelated,30–55s,Relation vocabulary,Find the option that best completes the analogy. BD : JL :: FN : ?
REA-1594,2025,18 Sep | Shift 3,General Intelligence and Reasoning,Syllogism & Conclusions,General syllogism task,Venn/test method,General syllogism task,Statement battery,Medium,Low,Hard,Leap of logic,Diagram or conclusion testing,Universal-first,Kill false ones,45–75s,Venn method,Statement: All airports have security checks. Conclusions: I. Passengers are screened at airports. II. Crimes cannot happen at airports.
REA-1595,2025,18 Sep | Shift 3,General Intelligence and Reasoning,Coding-Decoding,General code transform,encode/decode map,General code transform,Symbolic MCQ,Easy,Low,Hard,Assuming shift,Map Q→option transforms,Position map,Verify mapping,35–60s,Transform inventory,"If MANGO is coded as LZMFN, how is APPLE written?"
REA-1596,2025,18 Sep | Shift 3,General Intelligence and Reasoning,Miscellaneous (Reasoning),Unclassified reasoning item,mixed skill,Unclassified reasoning item,Reasoning MCQ,Easy,Low,Hard,Misclassification,Classify by stem first,Same,As applicable,30–60s,Stem patterns,"Find the next term: ACE, BDF, CEG, ?"
REA-1597,2025,18 Sep | Shift 3,General Intelligence and Reasoning,Number / Alphabet Series,Mixed-operation series,combined rules,Mixed-operation series,Symbolic MCQ,Easy,Low,Easy,Single-rule force,Try halves/alternation/split,Option back-fit,Test options in sequence,45–75s,Multi-rule toolkit,"Identify the incorrect term in the series: 14, 28, 56, 110, 224"
REA-1598,2025,18 Sep | Shift 3,General Intelligence and Reasoning,Classification / Odd-One-Out,Bare odd-one-out,option-driven,Bare odd-one-out (inspect options),Symbolic MCQ,Easy,Low,Easy,First-option bias,Test number letter word property per option,Kill three alike,Check all options,30-50s,Property scan,Identify the odd one out:
REA-1599,2025,18 Sep | Shift 3,General Intelligence and Reasoning,Miscellaneous (Reasoning),Unclassified reasoning item,mixed skill,Unclassified reasoning item,Reasoning MCQ,Easy,Low,Hard,Misclassification,Classify by stem first,Same,As applicable,30–60s,Stem patterns,Choose the correct signs to swap to make the equation correct: 36 ÷ 6 + 8 - 4 × 3 = 35
REA-1600,2025,18 Sep | Shift 3,General Intelligence and Reasoning,Syllogism & Conclusions,General syllogism task,Venn/test method,General syllogism task,Statement battery,Medium,Low,Hard,Leap of logic,Diagram or conclusion testing,Universal-first,Kill false ones,45–75s,Venn method,Statement: Increasing screen time affects children's eyesight. Conclusions: I. Children should reduce screen usage. II. Screens are harmful in all cases.
REA-1601,2025,19 Sep | Shift 1,General Intelligence and Reasoning,Mathematical Operators,General operator fill,BODMAS trial,General operator fill,Symbolic MCQ,Easy,Low,Hard,No-bracket math,Try options with BODMAS,Estimate first,Kill by size,40–65s,BODMAS,"If '+' means '×', '−' means '÷', '×' means '+', and '÷' means '−', then find: 18 + 6 × 16 − 4 ÷ 2 = ?"
REA-1602,2025,19 Sep | Shift 1,General Intelligence and Reasoning,Blood Relations,Direct relation,single-hop map,Direct relation (1–2 links),Reasoning MCQ,Easy,Low,Easy,Gender flip,Direct map; check gender,Same,Verify gender,25–40s,Relation map,A is the mother of B. B is the sister of C. C is the father of D. How is A related to C?
REA-1603,2025,19 Sep | Shift 1,General Intelligence and Reasoning,Classification / Odd-One-Out,Bare odd-one-out,option-driven,Bare odd-one-out (inspect options),Symbolic MCQ,Easy,Low,Easy,First-option bias,Test number letter word property per option,Kill three alike,Check all options,30-50s,Property scan,Find the odd one out.
REA-1604,2025,19 Sep | Shift 1,General Intelligence and Reasoning,Syllogism & Conclusions,General syllogism task,Venn/test method,General syllogism task,Statement battery,Medium,Low,Hard,Leap of logic,Diagram or conclusion testing,Universal-first,Kill false ones,45–75s,Venn method,Statement: A growing number of students are enrolling in online certification courses. Conclusions: I. Students want flexible learning options. II. Traditional colleges are shutting down.
REA-1605,2025,19 Sep | Shift 1,General Intelligence and Reasoning,Syllogism & Conclusions,General syllogism task,Venn/test method,General syllogism task,Statement battery,Medium,Low,Hard,Leap of logic,Diagram or conclusion testing,Universal-first,Kill false ones,45–75s,Venn method,Statement: A ≥ B < C ≤ D = E > F Conclusion: I. C > B II. F < D
REA-1606,2025,19 Sep | Shift 1,General Intelligence and Reasoning,Blood Relations,Direct relation,single-hop map,Direct relation (1–2 links),Reasoning MCQ,Easy,Low,Easy,Gender flip,Direct map; check gender,Same,Verify gender,25–40s,Relation map,P is the only son of Q. Q is the only daughter of R. How is P related to R?
REA-1607,2025,19 Sep | Shift 1,General Intelligence and Reasoning,Number / Alphabet Series,Constant-shift alphabet series,"shift [1, -1] per step",Constant-shift alphabet series,Symbolic MCQ,Easy,Low,Easy,Reading as words,Shift each letter,Same,Check first-letter options,20–35s,A1Z26 shifts,"What comes next? BZ, CY, DX, ?"
REA-1608,2025,19 Sep | Shift 1,General Intelligence and Reasoning,Miscellaneous (Reasoning),Unclassified reasoning item,mixed skill,Unclassified reasoning item,Reasoning MCQ,Easy,Low,Hard,Misclassification,Classify by stem first,Same,As applicable,30–60s,Stem patterns,"If 6 men can complete a work in 10 days, how many men are needed to complete it in 5 days?"
REA-1609,2025,19 Sep | Shift 1,General Intelligence and Reasoning,Number / Alphabet Series,Mixed-operation series,combined rules,Mixed-operation series,Symbolic MCQ,Easy,Low,Easy,Single-rule force,Try halves/alternation/split,Option back-fit,Test options in sequence,45–75s,Multi-rule toolkit,"The series below contains a sequence of numbers. Identify the incorrect number. 5, 20, 80, 310, 1280"
REA-1610,2025,19 Sep | Shift 1,General Intelligence and Reasoning,Number / Alphabet Series,Constant-shift alphabet series,"shift [5, 5, 5] per step",Constant-shift alphabet series,Symbolic MCQ,Easy,Low,Easy,Reading as words,Shift each letter,Same,Check first-letter options,20–35s,A1Z26 shifts,"Select the letter-cluster from among the given options that can replace the question mark (?) in the following series. DGK, ILP, NQU, ?"
REA-1611,2025,19 Sep | Shift 1,General Intelligence and Reasoning,Miscellaneous (Reasoning),Unclassified reasoning item,mixed skill,Unclassified reasoning item,Reasoning MCQ,Easy,Low,Hard,Misclassification,Classify by stem first,Same,As applicable,30–60s,Stem patterns,"A and B invest in a business in the ratio 3:4. If the total profit is ₹14,000, what is B’s share?"
REA-1612,2025,19 Sep | Shift 1,General Intelligence and Reasoning,Miscellaneous (Reasoning),Unclassified reasoning item,mixed skill,Unclassified reasoning item,Reasoning MCQ,Easy,Low,Hard,Misclassification,Classify by stem first,Same,As applicable,30–60s,Stem patterns,Statements: I. The company introduced a work-from-home policy. II. Employee productivity increased.
REA-1613,2025,19 Sep | Shift 1,General Intelligence and Reasoning,Syllogism & Conclusions,General syllogism task,Venn/test method,General syllogism task,Statement battery,Medium,Low,Hard,Leap of logic,Diagram or conclusion testing,Universal-first,Kill false ones,45–75s,Venn method,Statement: Many people prefer electric vehicles over petrol vehicles. Conclusions: I. Electric vehicles are eco-friendly. II. Petrol vehicles are banned.
REA-1614,2025,19 Sep | Shift 1,General Intelligence and Reasoning,Mathematical Operators,General operator fill,BODMAS trial,General operator fill,Symbolic MCQ,Easy,Low,Hard,No-bracket math,Try options with BODMAS,Estimate first,Kill by size,40–65s,BODMAS,"If 7 # 1 = 36 and 6 # 1 = 25, then 5 # 1 = ?"
REA-1615,2025,19 Sep | Shift 1,General Intelligence and Reasoning,Number / Alphabet Series,Alternating,even/odd positions separate APs,Alternating (two interleaved) series,Symbolic MCQ,Easy,Low,Easy,Single-sequence fit,Split positions; extend needed one,Parity check,Check position parity,30–50s,Interleaving,"Find out the WRONG number in the given series. 420, 400, 380, 370, 340"
REA-1616,2025,19 Sep | Shift 1,General Intelligence and Reasoning,Coding-Decoding,Letter-shift transform,equal shift -4 per letter,Letter-shift transform (uniform),Symbolic MCQ,Easy,Low,Easy,First-letter only,Compute per-position shift; apply,First-letter shift only,Verify all positions,30–50s,A1Z26 shifts,"If ""MOON"" is coded as ""QSSR"", how is ""STAR"" coded?"
REA-1617,2025,19 Sep | Shift 1,General Intelligence and Reasoning,Analogy,General analogy,relation mapping,General analogy,Symbolic MCQ,Easy,Low,Hard,Vague association,Name relation in pair 1; apply,Relation naming,Eliminate unrelated,30–55s,Relation vocabulary,"In the following question, find the alternative that will replace the question mark. STOP : TOPS :: DRAW : ?"
REA-1618,2025,19 Sep | Shift 1,General Intelligence and Reasoning,Coding-Decoding,General code transform,encode/decode map,General code transform,Symbolic MCQ,Easy,Low,Hard,Assuming shift,Map Q→option transforms,Position map,Verify mapping,35–60s,Transform inventory,"If COLD is coded as DPME, how is WARM coded?"
REA-1619,2025,19 Sep | Shift 1,General Intelligence and Reasoning,Attention to Detail,Exact string/address match,character scan,Exact string/address match,Reasoning MCQ,Easy,Low,Easy,Skim reading,Chunk-wise compare,Chunk compare,Diff-scan options,20–35s,Careful scanning,"Choose the address that is the same as the one given below. B-22, Shanti Vihar, Ring Road, Bhopal, Madhya Pradesh - 462001"
REA-1620,2025,19 Sep | Shift 1,General Intelligence and Reasoning,Syllogism & Conclusions,General syllogism task,Venn/test method,General syllogism task,Statement battery,Medium,Low,Hard,Leap of logic,Diagram or conclusion testing,Universal-first,Kill false ones,45–75s,Venn method,Statement: Employees are advised to switch off computers after office hours. Conclusions: I. This reduces electricity consumption. II. Computers are unsafe to use.
REA-1621,2025,19 Sep | Shift 1,General Intelligence and Reasoning,Number / Alphabet Series,Squares / cubes pattern,perfect powers in order,Squares / cubes pattern,Symbolic MCQ,Easy,Low,Easy,Linear fit,Root sequence; extend,Root check,Check root fit,25–40s,Power list,"What comes next? 1, 9, 25, 49, 81, ?"
REA-1622,2025,19 Sep | Shift 1,General Intelligence and Reasoning,Mathematical Operators,General operator fill,BODMAS trial,General operator fill,Symbolic MCQ,Easy,Low,Hard,No-bracket math,Try options with BODMAS,Estimate first,Kill by size,40–65s,BODMAS,"If '+' means '÷', '-' means '+', '×' means '-', and '÷' means '×', then find: 16 + 8 × 4 - 2 ÷ 2 = ?"
REA-1623,2025,19 Sep | Shift 1,General Intelligence and Reasoning,Mathematical Operators,General operator fill,BODMAS trial,General operator fill,Symbolic MCQ,Easy,Low,Hard,No-bracket math,Try options with BODMAS,Estimate first,Kill by size,40–65s,BODMAS,"If ""+"" means ""×"", ""-"" means ""+"", ""×"" means ""÷"", and ""÷"" means ""-"", then find: 18 + 6 × 3 - 4 ÷ 2 = ?"
REA-1624,2025,19 Sep | Shift 1,General Intelligence and Reasoning,Attention to Detail,Exact string/address match,character scan,Exact string/address match,Reasoning MCQ,Easy,Low,Easy,Skim reading,Chunk-wise compare,Chunk compare,Diff-scan options,20–35s,Careful scanning,"Choose the address that is the same as the one given below. Sample Address: 14, Blue Lotus Tower, M.G. Road, Pune, Maharashtra - 411001"
REA-1625,2025,19 Sep | Shift 1,General Intelligence and Reasoning,Number / Alphabet Series,Multiply-add,×2+1,Multiply-add (×k±c) series,Symbolic MCQ,Easy,Low,Easy,Pure multiply,Apply ×k±c,Same,Test last step,30–50s,×k±c test,"Find the next number in the series. 3, 7, 15, 31, 63, ?"
REA-1626,2025,19 Sep | Shift 2,General Intelligence and Reasoning,Number / Alphabet Series,Mixed-operation series,combined rules,Mixed-operation series,Symbolic MCQ,Easy,Low,Easy,Single-rule force,Try halves/alternation/split,Option back-fit,Test options in sequence,45–75s,Multi-rule toolkit,"Identify the incorrect term in the series: 4, 10, 22, 46, 94, 192"
REA-1627,2025,19 Sep | Shift 2,General Intelligence and Reasoning,Coding-Decoding,General code transform,encode/decode map,General code transform,Symbolic MCQ,Easy,Low,Hard,Assuming shift,Map Q→option transforms,Position map,Verify mapping,35–60s,Transform inventory,"If DRIVER is coded as ESJWFS, how is ESJWFS coded?"
REA-1628,2025,19 Sep | Shift 2,General Intelligence and Reasoning,Calendar & Clock,General calendar/clock,cycle math,General calendar/clock,Reasoning MCQ,Easy,Low,Hard,Cycle slip,Odd-days / hand formulas,Formula first,Check options,40–65s,Cycle formulas,"If the 5th day of a month is two days after Wednesday, what day will it be on the 18th of the same month?"
REA-1629,2025,19 Sep | Shift 2,General Intelligence and Reasoning,Syllogism & Conclusions,General syllogism task,Venn/test method,General syllogism task,Statement battery,Medium,Low,Hard,Leap of logic,Diagram or conclusion testing,Universal-first,Kill false ones,45–75s,Venn method,Statement: The government launched electric buses to reduce pollution. Conclusions: I. The government is promoting eco-friendly transport. II. Electric buses are cheaper than diesel buses.
REA-1630,2025,19 Sep | Shift 2,General Intelligence and Reasoning,Mathematical Operators,General operator fill,BODMAS trial,General operator fill,Symbolic MCQ,Easy,Low,Hard,No-bracket math,Try options with BODMAS,Estimate first,Kill by size,40–65s,BODMAS,"If × = + and + = -, then find the value of: 18 × 6 + 4?"
REA-1631,2025,19 Sep | Shift 2,General Intelligence and Reasoning,Analogy,General analogy,relation mapping,General analogy,Symbolic MCQ,Easy,Low,Hard,Vague association,Name relation in pair 1; apply,Relation naming,Eliminate unrelated,30–55s,Relation vocabulary,Coding pattern: aabbcc : xxzzww :: bbccaa : ?
REA-1632,2025,19 Sep | Shift 2,General Intelligence and Reasoning,Miscellaneous (Reasoning),Unclassified reasoning item,mixed skill,Unclassified reasoning item,Reasoning MCQ,Easy,Low,Hard,Misclassification,Classify by stem first,Same,As applicable,30–60s,Stem patterns,"Find the next term: CYA, EWC, GUE, ?"
REA-1633,2025,19 Sep | Shift 2,General Intelligence and Reasoning,Coding-Decoding,General code transform,encode/decode map,General code transform,Symbolic MCQ,Easy,Low,Hard,Assuming shift,Map Q→option transforms,Position map,Verify mapping,35–60s,Transform inventory,"If MARKET is written as MRKEAT, then how is SCHOOL written?"
REA-1634,2025,19 Sep | Shift 2,General Intelligence and Reasoning,Classification / Odd-One-Out,Bare odd-one-out,option-driven,Bare odd-one-out (inspect options),Symbolic MCQ,Easy,Low,Easy,First-option bias,Test number letter word property per option,Kill three alike,Check all options,30-50s,Property scan,"Find the odd one out: Cube, Sphere, Cone, Cylinder, Square"
REA-1635,2025,19 Sep | Shift 2,General Intelligence and Reasoning,Number / Alphabet Series,Constant-shift alphabet series,"shift [1, -1] per step",Constant-shift alphabet series,Symbolic MCQ,Easy,Low,Easy,Reading as words,Shift each letter,Same,Check first-letter options,20–35s,A1Z26 shifts,"Select the letter-cluster that replaces the question mark: BX, CW, DV, ?"
REA-1636,2025,19 Sep | Shift 2,General Intelligence and Reasoning,Calendar & Clock,Clock hands / angle,relative speed 360/11,Clock hands / angle,Reasoning MCQ,Easy,Low,Easy,Hour freeze,Minute angle = 6m; hour = 30h + m/2,|30h − 11m/2|,Check reflex option,30–50s,Hand formulas,A group of 16 people sit in a circle. Each person shakes hands with exactly 2 neighbors. How many handshakes take place?
REA-1637,2025,19 Sep | Shift 2,General Intelligence and Reasoning,Miscellaneous (Reasoning),Unclassified reasoning item,mixed skill,Unclassified reasoning item,Reasoning MCQ,Easy,Low,Hard,Misclassification,Classify by stem first,Same,As applicable,30–60s,Stem patterns,"If 5 + 2 = 17, 7 + 7 = 56, then 6 + 5 = ?"
REA-1638,2025,19 Sep | Shift 2,General Intelligence and Reasoning,Classification / Odd-One-Out,Bare odd-one-out,option-driven,Bare odd-one-out (inspect options),Symbolic MCQ,Easy,Low,Easy,First-option bias,Test number letter word property per option,Kill three alike,Check all options,30-50s,Property scan,Find the odd one out:
REA-1639,2025,19 Sep | Shift 2,General Intelligence and Reasoning,Blood Relations,Direct relation,single-hop map,Direct relation (1–2 links),Reasoning MCQ,Easy,Low,Easy,Gender flip,Direct map; check gender,Same,Verify gender,25–40s,Relation map,"Pointing to a man, Ravi said, “He is the brother of the daughter of my mother.” How is the man related to Ravi?"
REA-1640,2025,19 Sep | Shift 2,General Intelligence and Reasoning,Syllogism & Conclusions,General syllogism task,Venn/test method,General syllogism task,Statement battery,Medium,Low,Hard,Leap of logic,Diagram or conclusion testing,Universal-first,Kill false ones,45–75s,Venn method,Statement: 1. All doctors are educated. 2. All educated people are respected. Conclusions: I. All doctors are respected. II. Some respected people are doctors.
REA-1641,2025,19 Sep | Shift 2,General Intelligence and Reasoning,Miscellaneous (Reasoning),Unclassified reasoning item,mixed skill,Unclassified reasoning item,Reasoning MCQ,Medium,Medium,Hard,Misclassification,Classify by stem first,Same,As applicable,30–60s,Stem patterns,"Seven persons P, Q, R, S, T, U and V live on seven different floors (1-7). P is not on the top floor. Q lives immediately above R. S lives on third floor. Three persons live between S and V. R lives on first floor. T lives above U. Two persons live between T and S. Who lives immediately above P?"
REA-1642,2025,19 Sep | Shift 2,General Intelligence and Reasoning,Number / Alphabet Series,Constant-difference series,AP with d=-4,Constant-difference series,Symbolic MCQ,Easy,Low,Easy,Assuming +1,Add d each step,Extend one step,Eliminate non-AP options,15–30s,AP extension,"Complete the series: 72, 68, 64, 60, 56, ?"
REA-1643,2025,19 Sep | Shift 2,General Intelligence and Reasoning,Classification / Odd-One-Out,Bare odd-one-out,option-driven,Bare odd-one-out (inspect options),Symbolic MCQ,Easy,Low,Easy,First-option bias,Test number letter word property per option,Kill three alike,Check all options,30-50s,Property scan,Find the odd one out:
REA-1644,2025,19 Sep | Shift 2,General Intelligence and Reasoning,Syllogism & Conclusions,Argument / course-of-action,strength test,Argument / course-of-action,Statement battery,Easy,Low,Easy,Emotional appeal,Core-issue + desirability test,Core-issue filter,Kill side-issue options,40–60s,Core-issue test,Statement: Road accidents are increasing in the city. Course of Action: 1. Increase traffic police deployment. 2. Remove all traffic signals.
REA-1645,2025,19 Sep | Shift 2,General Intelligence and Reasoning,Blood Relations,Direct relation,single-hop map,Direct relation (1–2 links),Reasoning MCQ,Easy,Low,Easy,Gender flip,Direct map; check gender,Same,Verify gender,25–40s,Relation map,A is the sister of B. B is the son of C. C is the wife of D. How is A related to D?
REA-1646,2025,19 Sep | Shift 2,General Intelligence and Reasoning,Analogy,General analogy,relation mapping,General analogy,Symbolic MCQ,Easy,Low,Hard,Vague association,Name relation in pair 1; apply,Relation naming,Eliminate unrelated,30–55s,Relation vocabulary,Solve the analogy: BD : EG :: FH : ?
REA-1647,2025,19 Sep | Shift 2,General Intelligence and Reasoning,Mathematical Operators,Sign-swap to balance,swap two operators,Sign-swap to balance,Symbolic MCQ,Easy,Low,Easy,No-bracket evaluation,Try option swaps; evaluate (BODMAS),Estimate-then-verify,Kill non-balancing fast,35–60s,BODMAS,Interchange two signs to make the equation correct: 48 ÷ 6 + 10 - 4 × 2 = 46
REA-1648,2025,19 Sep | Shift 2,General Intelligence and Reasoning,Number / Alphabet Series,Multiply-add,×3+1,Multiply-add (×k±c) series,Symbolic MCQ,Easy,Low,Easy,Pure multiply,Apply ×k±c,Same,Test last step,30–50s,×k±c test,"Complete the series: 2, 7, 22, 67, 202, ?"
REA-1649,2025,19 Sep | Shift 2,General Intelligence and Reasoning,Miscellaneous (Reasoning),Unclassified reasoning item,mixed skill,Unclassified reasoning item,Reasoning MCQ,Easy,Low,Hard,Misclassification,Classify by stem first,Same,As applicable,30–60s,Stem patterns,Which word can be formed by changing only one letter in the word “TEACHING”?
REA-1650,2025,19 Sep | Shift 2,General Intelligence and Reasoning,Classification / Odd-One-Out,Bare odd-one-out,option-driven,Bare odd-one-out (inspect options),Symbolic MCQ,Easy,Low,Easy,First-option bias,Test number letter word property per option,Kill three alike,Check all options,30-50s,Property scan,Identify the odd one out:
REA-1651,2025,19 Sep | Shift 3,General Intelligence and Reasoning,Syllogism & Conclusions,Argument / course-of-action,strength test,Argument / course-of-action,Statement battery,Easy,Low,Easy,Emotional appeal,Core-issue + desirability test,Core-issue filter,Kill side-issue options,40–60s,Core-issue test,Problem: Roads in the city are frequently damaged during monsoon. Course of Action: I. Improve drainage systems. II. Use higher-quality construction material.
REA-1652,2025,19 Sep | Shift 3,General Intelligence and Reasoning,Number / Alphabet Series,Alternating alphabet pattern,two interleaved rules,Alternating alphabet pattern,Symbolic MCQ,Easy,Low,Easy,Single rule,Split odd/even terms,Parity check,Check parity fit,35–55s,Interleaving,"What comes next? AXA, BYB, CZC, DAD, ?"
REA-1653,2025,19 Sep | Shift 3,General Intelligence and Reasoning,Blood Relations,Direct relation,single-hop map,Direct relation (1–2 links),Reasoning MCQ,Easy,Low,Easy,Gender flip,Direct map; check gender,Same,Verify gender,25–40s,Relation map,"A says to B, “I am the sister of the son of your mother.” How is B related to A?"
REA-1654,2025,19 Sep | Shift 3,General Intelligence and Reasoning,Syllogism & Conclusions,General syllogism task,Venn/test method,General syllogism task,Statement battery,Medium,Low,Hard,Leap of logic,Diagram or conclusion testing,Universal-first,Kill false ones,45–75s,Venn method,Statement: CCTV cameras are installed at traffic signals. Conclusions: I. Traffic rule violations can be monitored. II. Traffic jams will completely stop.
REA-1655,2025,19 Sep | Shift 3,General Intelligence and Reasoning,Mathematical Operators,Custom-operator substitution,symbol remap,Custom-operator substitution,Symbolic MCQ,Easy,Low,Easy,Original meaning kept,Remap symbols; BODMAS evaluate,Remap inline,Check remap direction,40–65s,Remap + BODMAS,If ‘+’ means ‘minus’ ‘-’ means ‘plus’ ‘×’ means ‘divided by’ ‘÷’ means ‘multiplied by’ Find the value of: 15 + 5 - 10 × 2 ÷ 3 = ?
REA-1656,2025,19 Sep | Shift 3,General Intelligence and Reasoning,Number / Alphabet Series,Mixed-operation series,combined rules,Mixed-operation series,Symbolic MCQ,Easy,Low,Easy,Single-rule force,Try halves/alternation/split,Option back-fit,Test options in sequence,45–75s,Multi-rule toolkit,"The following series has a pattern. Identify the incorrect pair: 4, 7, 14, 17, 35, 37, 74, 78"
REA-1657,2025,19 Sep | Shift 3,General Intelligence and Reasoning,Miscellaneous (Reasoning),Unclassified reasoning item,mixed skill,Unclassified reasoning item,Reasoning MCQ,Easy,Low,Hard,Misclassification,Classify by stem first,Same,As applicable,30–60s,Stem patterns,"If × means subtraction, ÷ means addition, + means division and - means multiplication, then 8 × 4 ÷ 2 - 6 + 3 = ?"
REA-1658,2025,19 Sep | Shift 3,General Intelligence and Reasoning,Syllogism & Conclusions,General syllogism task,Venn/test method,General syllogism task,Statement battery,Medium,Low,Hard,Leap of logic,Diagram or conclusion testing,Universal-first,Kill false ones,45–75s,Venn method,Statement: The government launched an online portal for filing complaints. Conclusions: I. Citizens can submit complaints easily. II. All problems will be solved immediately.
REA-1659,2025,19 Sep | Shift 3,General Intelligence and Reasoning,Coding-Decoding,Letter-shift transform,equal shift -2 per letter,Letter-shift transform (uniform),Symbolic MCQ,Easy,Low,Easy,First-letter only,Compute per-position shift; apply,First-letter shift only,Verify all positions,30–50s,A1Z26 shifts,"If ‘COLD’ is coded as ‘EQNF’, how is ‘WARM’ coded?"
REA-1660,2025,19 Sep | Shift 3,General Intelligence and Reasoning,Number / Alphabet Series,Mixed-operation series,combined rules,Mixed-operation series,Symbolic MCQ,Easy,Low,Easy,Single-rule force,Try halves/alternation/split,Option back-fit,Test options in sequence,45–75s,Multi-rule toolkit,Find the missing number: 6 7 15 5 3 10 2 9 ?
REA-1661,2025,19 Sep | Shift 3,General Intelligence and Reasoning,Mathematical Operators,General operator fill,BODMAS trial,General operator fill,Symbolic MCQ,Easy,Low,Hard,No-bracket math,Try options with BODMAS,Estimate first,Kill by size,40–65s,BODMAS,"If ‘×’ = ‘÷’, ‘÷’ = ‘+’, ‘+’ = ‘-’ and ‘-’ = ‘×’, which equation is correct?"
REA-1662,2025,19 Sep | Shift 3,General Intelligence and Reasoning,Classification / Odd-One-Out,Bare odd-one-out,option-driven,Bare odd-one-out (inspect options),Symbolic MCQ,Easy,Low,Easy,First-option bias,Test number letter word property per option,Kill three alike,Check all options,30-50s,Property scan,Find the odd one out:
REA-1663,2025,19 Sep | Shift 3,General Intelligence and Reasoning,Attention to Detail,Exact string/address match,character scan,Exact string/address match,Reasoning MCQ,Easy,Low,Easy,Skim reading,Chunk-wise compare,Chunk compare,Diff-scan options,20–35s,Careful scanning,"Choose the address that is the same as the one given below. Sample Address: House No. 45, Sector 9, Rohini, Delhi - 110085"
REA-1664,2025,19 Sep | Shift 3,General Intelligence and Reasoning,Miscellaneous (Reasoning),Unclassified reasoning item,mixed skill,Unclassified reasoning item,Reasoning MCQ,Easy,Low,Hard,Misclassification,Classify by stem first,Same,As applicable,30–60s,Stem patterns,"If ""+"" means multiplication, ""-"" means division, ""×"" means subtraction and ""÷"" means addition, then: 18 - 3 + 6 ÷ 2 × 4 = ?"
REA-1665,2025,19 Sep | Shift 3,General Intelligence and Reasoning,Blood Relations,Direct relation,single-hop map,Direct relation (1–2 links),Reasoning MCQ,Easy,Low,Easy,Gender flip,Direct map; check gender,Same,Verify gender,25–40s,Relation map,P is the mother of Q. Q is the father of R. R is the brother of S. How is P related to S?
REA-1666,2025,19 Sep | Shift 3,General Intelligence and Reasoning,Number / Alphabet Series,Second-order AP,second diff=2,Second-order AP (increasing differences),Symbolic MCQ,Easy,Low,Easy,Constant-diff guess,Build difference table,Last gap + last diff,Check last-gap options,30–50s,Difference tables,"Complete the series: 11, 19, 29, 41, 55, ?"
REA-1667,2025,19 Sep | Shift 3,General Intelligence and Reasoning,Coding-Decoding,Alphanumeric / position-sum coding,letters ↔ numbers,Alphanumeric / position-sum coding,Symbolic MCQ,Easy,Low,Easy,A=0 indexing,Sum positions / reverse-sum; test,Position sums first,Verify sums match,30–50s,A1Z26 sums,"If DELHI is coded as 451289, how will MUMBAI be coded?"
REA-1668,2025,19 Sep | Shift 3,General Intelligence and Reasoning,Analogy,General analogy,relation mapping,General analogy,Symbolic MCQ,Easy,Low,Hard,Vague association,Name relation in pair 1; apply,Relation naming,Eliminate unrelated,30–55s,Relation vocabulary,Solve: NOTE : ? :: TIME : EMIT
REA-1669,2025,19 Sep | Shift 3,General Intelligence and Reasoning,Number / Alphabet Series,Mixed-operation series,combined rules,Mixed-operation series,Symbolic MCQ,Easy,Low,Easy,Single-rule force,Try halves/alternation/split,Option back-fit,Test options in sequence,45–75s,Multi-rule toolkit,"Find the missing term: 2, 6, 24, 120, ?"
REA-1670,2025,19 Sep | Shift 3,General Intelligence and Reasoning,Dice & Cubes,General dice/cube,spatial logic,General dice/cube,Reasoning MCQ,Easy,Low,Hard,Opposite adjacency,Opposite-face / net analysis,Net mapping,Check adjacency,30–55s,Spatial rules,A number is increased by 25% and then decreased by 25%. What is the net result?
REA-1671,2025,19 Sep | Shift 3,General Intelligence and Reasoning,Mathematical Operators,Custom-operator substitution,symbol remap,Custom-operator substitution,Symbolic MCQ,Easy,Low,Easy,Original meaning kept,Remap symbols; BODMAS evaluate,Remap inline,Check remap direction,40–65s,Remap + BODMAS,"If ‘+’ means ‘÷’, ‘-’ means ‘×’ and ‘×’ means ‘-’, then find: 9 + 3 - 2 × 1 = ?"
REA-1672,2025,19 Sep | Shift 3,General Intelligence and Reasoning,Number / Alphabet Series,Constant-shift alphabet series,"shift [3, 3, 3] per step",Constant-shift alphabet series,Symbolic MCQ,Easy,Low,Easy,Reading as words,Shift each letter,Same,Check first-letter options,20–35s,A1Z26 shifts,"Select the letter-cluster that can replace the question mark (?). DEF, GHI, JKL, ?"
REA-1673,2025,19 Sep | Shift 3,General Intelligence and Reasoning,Syllogism & Conclusions,General syllogism task,Venn/test method,General syllogism task,Statement battery,Medium,Low,Hard,Leap of logic,Diagram or conclusion testing,Universal-first,Kill false ones,45–75s,Venn method,Statement: The company has introduced flexible working hours. Conclusions: I. Employees may feel more satisfied. II. Productivity will definitely double.
REA-1674,2025,19 Sep | Shift 3,General Intelligence and Reasoning,Miscellaneous (Reasoning),Unclassified reasoning item,mixed skill,Unclassified reasoning item,Reasoning MCQ,Easy,Low,Hard,Misclassification,Classify by stem first,Same,As applicable,30–60s,Stem patterns,"If ‘P’ means addition, ‘D’ means subtraction, ‘S’ means multiplication and ‘V’ means division, find the value of: {24P(18D6)}V(6S2)P12V(6)?"
REA-1675,2025,19 Sep | Shift 3,General Intelligence and Reasoning,Direction Sense,General direction-distance,path tracking,General direction-distance,Reasoning MCQ,Easy,Low,Hard,Sign error,Track N/E/S/W steps; net displacement,Net vector,Check scale,30–50s,Cardinal tracking,"Choose the address that is the same as the one given below. Flat No. 12, Park Street, Kolkata, West Bengal - 700016"
REA-1676,2025,20 Sep | Shift 1,General Intelligence and Reasoning,Classification / Odd-One-Out,Bare odd-one-out,option-driven,Bare odd-one-out (inspect options),Symbolic MCQ,Easy,Low,Easy,First-option bias,Test number letter word property per option,Kill three alike,Check all options,30-50s,Property scan,Find the odd one out:
REA-1677,2025,20 Sep | Shift 1,General Intelligence and Reasoning,Blood Relations,Direct relation,single-hop map,Direct relation (1–2 links),Reasoning MCQ,Easy,Low,Easy,Gender flip,Direct map; check gender,Same,Verify gender,25–40s,Relation map,"Pointing to a woman, Amit said, “She is the daughter of my mother’s only daughter.” How is the woman related to Amit?"
REA-1678,2025,20 Sep | Shift 1,General Intelligence and Reasoning,Blood Relations,Direct relation,single-hop map,Direct relation (1–2 links),Reasoning MCQ,Easy,Low,Easy,Gender flip,Direct map; check gender,Same,Verify gender,25–40s,Relation map,P is the son of Q. Q is the sister of R. R is the father of S. How is P related to S?
REA-1679,2025,20 Sep | Shift 1,General Intelligence and Reasoning,Number / Alphabet Series,Constant-shift alphabet series,"shift [-1, -1, -1] per step",Constant-shift alphabet series,Symbolic MCQ,Easy,Low,Easy,Reading as words,Shift each letter,Same,Check first-letter options,20–35s,A1Z26 shifts,"What comes next? ZYX, YXW, XWV, WVU, ?"
REA-1680,2025,20 Sep | Shift 1,General Intelligence and Reasoning,Coding-Decoding,General code transform,encode/decode map,General code transform,Symbolic MCQ,Easy,Low,Hard,Assuming shift,Map Q→option transforms,Position map,Verify mapping,35–60s,Transform inventory,"If MARKET is written as OCTMGV, how is NATURE written?"
REA-1681,2025,20 Sep | Shift 1,General Intelligence and Reasoning,Number / Alphabet Series,Constant-shift alphabet series,"shift [2, 2] per step",Constant-shift alphabet series,Symbolic MCQ,Easy,Low,Easy,Reading as words,Shift each letter,Same,Check first-letter options,20–35s,A1Z26 shifts,"Complete the series: AB, CD, EF, GH, ?"
REA-1682,2025,20 Sep | Shift 1,General Intelligence and Reasoning,Mathematical Operators,Custom-operator substitution,symbol remap,Custom-operator substitution,Symbolic MCQ,Easy,Low,Easy,Original meaning kept,Remap symbols; BODMAS evaluate,Remap inline,Check remap direction,40–65s,Remap + BODMAS,Symbol meanings: ‘+’ means ‘÷’ ‘-’ means ‘×’ ‘×’ means ‘+’ ‘÷’ means ‘-’. Find the value: 80 + 10 × 4 ÷ 2 - 6 = ?
REA-1683,2025,20 Sep | Shift 1,General Intelligence and Reasoning,Classification / Odd-One-Out,Bare odd-one-out,option-driven,Bare odd-one-out (inspect options),Symbolic MCQ,Easy,Low,Easy,First-option bias,Test number letter word property per option,Kill three alike,Check all options,30-50s,Property scan,"Find the odd one out: India, China, Japan, Nile"
REA-1684,2025,20 Sep | Shift 1,General Intelligence and Reasoning,Dictionary & Word Formation,Meaningful-word formation,anagram search,Meaningful-word formation,Reasoning MCQ,Easy,Low,Easy,Non-word acceptance,Fix first letter; test,Vowel anchor,Try option words,30–55s,Anagram skill,Which meaningful word can be formed from the letters “LAPETOR”?
REA-1685,2025,20 Sep | Shift 1,General Intelligence and Reasoning,Classification / Odd-One-Out,Bare odd-one-out,option-driven,Bare odd-one-out (inspect options),Symbolic MCQ,Easy,Low,Easy,First-option bias,Test number letter word property per option,Kill three alike,Check all options,30-50s,Property scan,Find the odd one out:
REA-1686,2025,20 Sep | Shift 1,General Intelligence and Reasoning,Miscellaneous (Reasoning),Unclassified reasoning item,mixed skill,Unclassified reasoning item,Reasoning MCQ,Easy,Low,Hard,Misclassification,Classify by stem first,Same,As applicable,30–60s,Stem patterns,A lawyer reveals client information without consent. Which principle is violated?
REA-1687,2025,20 Sep | Shift 1,General Intelligence and Reasoning,Coding-Decoding,Alphanumeric / position-sum coding,letters ↔ numbers,Alphanumeric / position-sum coding,Symbolic MCQ,Easy,Low,Easy,A=0 indexing,Sum positions / reverse-sum; test,Position sums first,Verify sums match,30–50s,A1Z26 sums,"If ‘DOG’ is coded as ‘4-15-7’, how will ‘GOD’ be coded?"
REA-1688,2025,20 Sep | Shift 1,General Intelligence and Reasoning,Miscellaneous (Reasoning),Unclassified reasoning item,mixed skill,Unclassified reasoning item,Reasoning MCQ,Easy,Low,Hard,Misclassification,Classify by stem first,Same,As applicable,30–60s,Stem patterns,"Statement: To reduce traffic congestion, the city administration introduced odd-even vehicle rules during peak hours. Judgements: 1. All traffic problems are caused by private vehicles. 2. Regulatory measures can help manage traffic flow."
REA-1689,2025,20 Sep | Shift 1,General Intelligence and Reasoning,Syllogism & Conclusions,General syllogism task,Venn/test method,General syllogism task,Statement battery,Medium,Low,Hard,Leap of logic,Diagram or conclusion testing,Universal-first,Kill false ones,45–75s,Venn method,Statements: 1. All engineers are skilled. 2. No skilled person is careless. Conclusions: I. No engineer is careless. II. Some careless are engineers.
REA-1690,2025,20 Sep | Shift 1,General Intelligence and Reasoning,Mathematical Operators,General operator fill,BODMAS trial,General operator fill,Symbolic MCQ,Easy,Low,Hard,No-bracket math,Try options with BODMAS,Estimate first,Kill by size,40–65s,BODMAS,"If 4 # 3 = 16 and 5 # 2 = 14, then what is 6 # 4?"
REA-1691,2025,20 Sep | Shift 1,General Intelligence and Reasoning,Syllogism & Conclusions,General syllogism task,Venn/test method,General syllogism task,Statement battery,Medium,Low,Hard,Leap of logic,Diagram or conclusion testing,Universal-first,Kill false ones,45–75s,Venn method,Statement: 1. All teachers are educated. 2. Some educated people are researchers. 3. No researcher is careless. Conclusions: I. Some teachers are researchers. II. Some educated people are not careless.
REA-1692,2025,20 Sep | Shift 1,General Intelligence and Reasoning,Mathematical Operators,Sign-swap to balance,swap two operators,Sign-swap to balance,Symbolic MCQ,Easy,Low,Easy,No-bracket evaluation,Try option swaps; evaluate (BODMAS),Estimate-then-verify,Kill non-balancing fast,35–60s,BODMAS,Which two signs should be interchanged to make the following equation correct? [{(18 - 6) + (3 × 2)} - {10 ÷ 5}] × 2 = 40
REA-1693,2025,20 Sep | Shift 1,General Intelligence and Reasoning,Mathematical Operators,Custom-operator substitution,symbol remap,Custom-operator substitution,Symbolic MCQ,Easy,Low,Easy,Original meaning kept,Remap symbols; BODMAS evaluate,Remap inline,Check remap direction,40–65s,Remap + BODMAS,"If # = −, & = × and @ = ÷. Then find the value of: 18 & 2 @ 3 # 4 ?"
REA-1694,2025,20 Sep | Shift 1,General Intelligence and Reasoning,Miscellaneous (Reasoning),Unclassified reasoning item,mixed skill,Unclassified reasoning item,Reasoning MCQ,Easy,Low,Hard,Misclassification,Classify by stem first,Same,As applicable,30–60s,Stem patterns,You notice misuse of public funds in your department. What should you do?
REA-1695,2025,20 Sep | Shift 1,General Intelligence and Reasoning,Miscellaneous (Reasoning),Unclassified reasoning item,mixed skill,Unclassified reasoning item,Reasoning MCQ,Easy,Low,Hard,Misclassification,Classify by stem first,Same,As applicable,30–60s,Stem patterns,A person covers 12 km in 2 hours and returns the same distance in 3 hours. What is the average speed of the entire journey?
REA-1696,2025,20 Sep | Shift 1,General Intelligence and Reasoning,Miscellaneous (Reasoning),Unclassified reasoning item,mixed skill,Unclassified reasoning item,Reasoning MCQ,Easy,Low,Hard,Misclassification,Classify by stem first,Same,As applicable,30–60s,Stem patterns,Which word uses an extra letter not found in the main word? WORD: GOVERNMENT
REA-1697,2025,20 Sep | Shift 1,General Intelligence and Reasoning,Attention to Detail,Exact string/address match,character scan,Exact string/address match,Reasoning MCQ,Easy,Low,Easy,Skim reading,Chunk-wise compare,Chunk compare,Diff-scan options,20–35s,Careful scanning,"Choose the address that is exactly the same as the one given below. Sample Address: Flat No. 22, First Floor, Sunrise Apartments, Sector 45, Gurugram, Haryana - 122003"
REA-1698,2025,20 Sep | Shift 1,General Intelligence and Reasoning,Number / Alphabet Series,Mixed-operation series,combined rules,Mixed-operation series,Symbolic MCQ,Easy,Low,Easy,Single-rule force,Try halves/alternation/split,Option back-fit,Test options in sequence,45–75s,Multi-rule toolkit,"Find the missing number: 1, 8, 27, 64, ?, 216"
REA-1699,2025,20 Sep | Shift 1,General Intelligence and Reasoning,Mathematical Operators,General operator fill,BODMAS trial,General operator fill,Symbolic MCQ,Easy,Low,Hard,No-bracket math,Try options with BODMAS,Estimate first,Kill by size,40–65s,BODMAS,"If 8 $ 2 = 60 and 5 $ 3 = 48, then what is 5 $ 4?"
REA-1700,2025,20 Sep | Shift 1,General Intelligence and Reasoning,Coding-Decoding,General code transform,encode/decode map,General code transform,Symbolic MCQ,Easy,Low,Hard,Assuming shift,Map Q→option transforms,Position map,Verify mapping,35–60s,Transform inventory,"If MOBILE is coded as NPCJMF, how is NPKJMF coded?"
REA-1701,2025,20 Sep | Shift 2,General Intelligence and Reasoning,Syllogism & Conclusions,Single-statement conclusion,direct inference,Single-statement conclusion,Statement battery,Easy,Low,Easy,Outside info,Test conclusion against statement only,Same,Kill overreach,30-45s,Strict reading,Read the following statement carefully and identify the conclusion that follows. Statement: 1. All pens are stationery items. 2. No stationery item is edible. 3. All edible items are perishable. Conclusions: I. No pen is edible. II. Some perishable items are pens.
REA-1702,2025,20 Sep | Shift 2,General Intelligence and Reasoning,Ranking & Order,Rank / position in row,ends counting,Rank / position in row,Reasoning MCQ,Easy,Low,Easy,Zero-indexing,Total = L + R − 1 forms,Ends formula,Check 1-indexing,25–40s,Rank formulas,What is the 3rd consonant from the right in the alphabet?
REA-1703,2025,20 Sep | Shift 2,General Intelligence and Reasoning,Number / Alphabet Series,Additive,each = sum of previous two,Additive (Fibonacci-type) series,Symbolic MCQ,Easy,Low,Easy,Difference fit,Add last two,Same,Check last-two sum,20–35s,Additive scan,"What comes next: 1, 1, 2, 3, 5, 8, 13, 21, ?, ?"
REA-1704,2025,20 Sep | Shift 2,General Intelligence and Reasoning,Mathematical Operators,Sign-swap to balance,swap two operators,Sign-swap to balance,Symbolic MCQ,Easy,Low,Easy,No-bracket evaluation,Try option swaps; evaluate (BODMAS),Estimate-then-verify,Kill non-balancing fast,35–60s,BODMAS,Which interchanges of numbers and signs will make the equation correct? 6 × 2 + 5 = 32
REA-1705,2025,20 Sep | Shift 2,General Intelligence and Reasoning,Miscellaneous (Reasoning),Unclassified reasoning item,mixed skill,Unclassified reasoning item,Reasoning MCQ,Easy,Low,Hard,Misclassification,Classify by stem first,Same,As applicable,30–60s,Stem patterns,"What should come at the place of question mark? 144, 121, 100, 81, ?, 49"
REA-1706,2025,20 Sep | Shift 2,General Intelligence and Reasoning,Miscellaneous (Reasoning),Unclassified reasoning item,mixed skill,Unclassified reasoning item,Reasoning MCQ,Easy,Low,Hard,Misclassification,Classify by stem first,Same,As applicable,30–60s,Stem patterns,"If the centre codes are decided by the initial of States followed by digits like KA12045 for Karnataka, then which roll number is likely to be from Tamil Nadu?"
REA-1707,2025,20 Sep | Shift 2,General Intelligence and Reasoning,Seating Arrangement,General arrangement,placement logic,General arrangement,Reasoning MCQ,Hard,High,Hard,Floating start,Fix one; place rest,Anchor first,Test orders,50–80s,Anchoring,"Directions: Study the following information to answer the question. Eight persons A, B, C, D, E, F, G and H live on eight different floors of an 8-storey building (1 to 8). E lives on an even floor but not on 8th and 6th floor. H lives immediately below C. F lives two floors above B. A lives on an even floor but not adjacent to E. E lives just above D. C lives on 4th floor. F does not live on 1st floor. G’s floor is not adjacent to C. Who lives two floors below G?"
REA-1708,2025,20 Sep | Shift 2,General Intelligence and Reasoning,Miscellaneous (Reasoning),Unclassified reasoning item,mixed skill,Unclassified reasoning item,Reasoning MCQ,Easy,Low,Hard,Misclassification,Classify by stem first,Same,As applicable,30–60s,Stem patterns,"As a manager, you notice an employee leaking confidential data. What should you do?"
REA-1709,2025,20 Sep | Shift 2,General Intelligence and Reasoning,Number / Alphabet Series,Mixed-operation series,combined rules,Mixed-operation series,Symbolic MCQ,Easy,Low,Easy,Single-rule force,Try halves/alternation/split,Option back-fit,Test options in sequence,45–75s,Multi-rule toolkit,"In the following number series, a wrong number is given. Find out the WRONG number. 2, 6, 18, 54, 150"
REA-1710,2025,20 Sep | Shift 2,General Intelligence and Reasoning,Blood Relations,Chained relation,multi-hop traversal,Chained relation (3+ links),Reasoning MCQ,Easy,Low,Easy,Skipping a hop,Collapse inside-out; track gender,Innermost-first,Check gender at each hop,45–70s,Hop collapsing,"In a family of six members P, Q, R, S, T and U. P and Q are a married couple. R is the only daughter of P. S is the son of Q. U is the father of P. Who is the grandfather of R?"
REA-1711,2025,20 Sep | Shift 2,General Intelligence and Reasoning,Miscellaneous (Reasoning),Unclassified reasoning item,mixed skill,Unclassified reasoning item,Reasoning MCQ,Easy,Low,Hard,Misclassification,Classify by stem first,Same,As applicable,30–60s,Stem patterns,"If × stands for subtraction, ÷ stands for addition, + stands for division, and - stands for multiplication, then 15 × 5 ÷ 4 - 2 + 6 = ?"
REA-1712,2025,20 Sep | Shift 2,General Intelligence and Reasoning,Blood Relations,Direct relation,single-hop map,Direct relation (1–2 links),Reasoning MCQ,Easy,Low,Easy,Gender flip,Direct map; check gender,Same,Verify gender,25–40s,Relation map,"Pointing to a man, Ravi said, ""He is my father's only son."" How is the man related to Ravi?"
REA-1713,2025,20 Sep | Shift 2,General Intelligence and Reasoning,Miscellaneous (Reasoning),Unclassified reasoning item,mixed skill,Unclassified reasoning item,Reasoning MCQ,Easy,Low,Hard,Misclassification,Classify by stem first,Same,As applicable,30–60s,Stem patterns,"In a group of 8 players, a team of 3 players is to be formed. How many different teams can be formed?"
REA-1714,2025,20 Sep | Shift 2,General Intelligence and Reasoning,Blood Relations,Coded relation,decode then traverse,Coded relation (symbol map),Reasoning MCQ,Medium,Medium,Easy,Gender assumption,Substitute meanings; walk the tree,Draw tree top-down,Check gender markers,45–75s,Tree drawing,"Directions: These questions are based on the following information: 'X @ Y' means 'X is the father of Y', 'X $ Y' means 'X is the wife of Y', 'X # Y' means 'X is the brother of Y', 'X & Y' means 'X is the daughter of Y'. If 'L # N $ P @ Q # R' then how is N related to R?"
REA-1715,2025,20 Sep | Shift 2,General Intelligence and Reasoning,Miscellaneous (Reasoning),Unclassified reasoning item,mixed skill,Unclassified reasoning item,Reasoning MCQ,Easy,Low,Hard,Misclassification,Classify by stem first,Same,As applicable,30–60s,Stem patterns,Which of the following alternative will fill the blanks? m _ n q _ r m _ n q _ r
REA-1716,2025,20 Sep | Shift 2,General Intelligence and Reasoning,Dictionary & Word Formation,General order/formation,lexicographic/anagram,General order/formation,Reasoning MCQ,Easy,Low,Hard,Guessing,Compare/form stepwise,First-difference,Pairwise test,30–50s,Order basics,Select the word which cannot be formed using the letters of the given word. Butterfly
REA-1717,2025,20 Sep | Shift 2,General Intelligence and Reasoning,Miscellaneous (Reasoning),Unclassified reasoning item,mixed skill,Unclassified reasoning item,Reasoning MCQ,Easy,Low,Hard,Misclassification,Classify by stem first,Same,As applicable,30–60s,Stem patterns,Find the word that does not fit in the group.
REA-1718,2025,20 Sep | Shift 2,General Intelligence and Reasoning,Syllogism & Conclusions,Single-statement conclusion,direct inference,Single-statement conclusion,Statement battery,Easy,Low,Easy,Outside info,Test conclusion against statement only,Same,Kill overreach,30-45s,Strict reading,Consider the following statement and choose the option that follows. Statements: I. Many students are attending online classes. II. Online classes save travel time.
REA-1719,2025,20 Sep | Shift 2,General Intelligence and Reasoning,Classification / Odd-One-Out,Bare odd-one-out,option-driven,Bare odd-one-out (inspect options),Symbolic MCQ,Easy,Low,Easy,First-option bias,Test number letter word property per option,Kill three alike,Check all options,30-50s,Property scan,Find the odd one out.
REA-1720,2025,20 Sep | Shift 2,General Intelligence and Reasoning,Classification / Odd-One-Out,Bare odd-one-out,option-driven,Bare odd-one-out (inspect options),Symbolic MCQ,Easy,Low,Easy,First-option bias,Test number letter word property per option,Kill three alike,Check all options,30-50s,Property scan,Identify the odd one out:
REA-1721,2025,20 Sep | Shift 2,General Intelligence and Reasoning,Mathematical Operators,Sign-swap to balance,swap two operators,Sign-swap to balance,Symbolic MCQ,Easy,Low,Easy,No-bracket evaluation,Try option swaps; evaluate (BODMAS),Estimate-then-verify,Kill non-balancing fast,35–60s,BODMAS,Which two signs need to be interchanged? 18 + 6 × 3 ÷ 3 - 4 = 20
REA-1722,2025,20 Sep | Shift 2,General Intelligence and Reasoning,Direction Sense,General direction-distance,path tracking,General direction-distance,Reasoning MCQ,Easy,Low,Hard,Sign error,Track N/E/S/W steps; net displacement,Net vector,Check scale,30–50s,Cardinal tracking,"Choose the address that is the same as the one given below. Sample Address: Flat No. 12, Rose Garden Apartments, West Patel Nagar, New Delhi - 110008"
REA-1723,2025,20 Sep | Shift 2,General Intelligence and Reasoning,Coding-Decoding,General code transform,encode/decode map,General code transform,Symbolic MCQ,Easy,Low,Hard,Assuming shift,Map Q→option transforms,Position map,Verify mapping,35–60s,Transform inventory,"If SCHOOL is coded as TDIPPM, how is TDIPPM coded?"
REA-1724,2025,20 Sep | Shift 2,General Intelligence and Reasoning,Number / Alphabet Series,Constant-shift alphabet series,"shift [1, 1] per step",Constant-shift alphabet series,Symbolic MCQ,Easy,Low,Easy,Reading as words,Shift each letter,Same,Check first-letter options,20–35s,A1Z26 shifts,"What comes next? EF, FG, GH, HI, ?"
REA-1725,2025,20 Sep | Shift 2,General Intelligence and Reasoning,Miscellaneous (Reasoning),Unclassified reasoning item,mixed skill,Unclassified reasoning item,Reasoning MCQ,Easy,Low,Hard,Misclassification,Classify by stem first,Same,As applicable,30–60s,Stem patterns,"In a certain code, LIGHT becomes NKIJV, how is SOUND written?"
REA-1726,2025,20 Sep | Shift 3,General Intelligence and Reasoning,Syllogism & Conclusions,General syllogism task,Venn/test method,General syllogism task,Statement battery,Medium,Low,Hard,Leap of logic,Diagram or conclusion testing,Universal-first,Kill false ones,45–75s,Venn method,Statement: 1. All pens are stationery. 2. Some stationery are costly. 3. All costly items are taxed. Conclusions: I. Some stationery are taxed. II. Some pens are costly.
REA-1727,2025,20 Sep | Shift 3,General Intelligence and Reasoning,Miscellaneous (Reasoning),Unclassified reasoning item,mixed skill,Unclassified reasoning item,Reasoning MCQ,Easy,Low,Hard,Misclassification,Classify by stem first,Same,As applicable,30–60s,Stem patterns,"Find the next term: ACEG, CEGI, EGIK, ?"
REA-1728,2025,20 Sep | Shift 3,General Intelligence and Reasoning,Classification / Odd-One-Out,Bare odd-one-out,option-driven,Bare odd-one-out (inspect options),Symbolic MCQ,Easy,Low,Easy,First-option bias,Test number letter word property per option,Kill three alike,Check all options,30-50s,Property scan,Find the odd one out:
REA-1729,2025,20 Sep | Shift 3,General Intelligence and Reasoning,Coding-Decoding,General code transform,encode/decode map,General code transform,Symbolic MCQ,Easy,Low,Hard,Assuming shift,Map Q→option transforms,Position map,Verify mapping,35–60s,Transform inventory,“NACHTEN” is to “ENCHANT” as “LPAEYD” is to:
REA-1730,2025,20 Sep | Shift 3,General Intelligence and Reasoning,Number / Alphabet Series,Second-order AP,second diff=2,Second-order AP (increasing differences),Symbolic MCQ,Easy,Low,Easy,Constant-diff guess,Build difference table,Last gap + last diff,Check last-gap options,30–50s,Difference tables,"What should come next? 150, 130, 112, 96, 82, ?"
REA-1731,2025,20 Sep | Shift 3,General Intelligence and Reasoning,Classification / Odd-One-Out,Bare odd-one-out,option-driven,Bare odd-one-out (inspect options),Symbolic MCQ,Easy,Low,Easy,First-option bias,Test number letter word property per option,Kill three alike,Check all options,30-50s,Property scan,Find the odd one out:
REA-1732,2025,20 Sep | Shift 3,General Intelligence and Reasoning,Coding-Decoding,General code transform,encode/decode map,General code transform,Symbolic MCQ,Easy,Low,Hard,Assuming shift,Map Q→option transforms,Position map,Verify mapping,35–60s,Transform inventory,"If BOOK is written as CPPL, how is LAMP written?"
REA-1733,2025,20 Sep | Shift 3,General Intelligence and Reasoning,Attention to Detail,Exact string/address match,character scan,Exact string/address match,Reasoning MCQ,Easy,Low,Easy,Skim reading,Chunk-wise compare,Chunk compare,Diff-scan options,20–35s,Careful scanning,"Choose the address that is the same as the one given below. Sample Address: Tower-3, Flat 904, Sunrise Residency, Sector 12, Noida - 201301"
REA-1734,2025,20 Sep | Shift 3,General Intelligence and Reasoning,Miscellaneous (Reasoning),Unclassified reasoning item,mixed skill,Unclassified reasoning item,Reasoning MCQ,Easy,Low,Hard,Misclassification,Classify by stem first,Same,As applicable,30–60s,Stem patterns,You find a lost mobile phone in a park. What should you do?
REA-1735,2025,20 Sep | Shift 3,General Intelligence and Reasoning,Dictionary & Word Formation,General order/formation,lexicographic/anagram,General order/formation,Reasoning MCQ,Easy,Low,Hard,Guessing,Compare/form stepwise,First-difference,Pairwise test,30–50s,Order basics,"From the given words, select the word which cannot be formed using the letters of the given word. EDUCATION"
REA-1736,2025,20 Sep | Shift 3,General Intelligence and Reasoning,Number / Alphabet Series,Constant-shift alphabet series,"shift [3, 3, 3] per step",Constant-shift alphabet series,Symbolic MCQ,Easy,Low,Easy,Reading as words,Shift each letter,Same,Check first-letter options,20–35s,A1Z26 shifts,"What comes next? BDF, EGI, HJL, ?"
REA-1737,2025,20 Sep | Shift 3,General Intelligence and Reasoning,Miscellaneous (Reasoning),Unclassified reasoning item,mixed skill,Unclassified reasoning item,Reasoning MCQ,Easy,Low,Hard,Misclassification,Classify by stem first,Same,As applicable,30–60s,Stem patterns,You are in charge of a library and notice smoke. What should you do?
REA-1738,2025,20 Sep | Shift 3,General Intelligence and Reasoning,Mathematical Operators,Custom-operator substitution,symbol remap,Custom-operator substitution,Symbolic MCQ,Easy,Low,Easy,Original meaning kept,Remap symbols; BODMAS evaluate,Remap inline,Check remap direction,40–65s,Remap + BODMAS,You are a bank employee. A customer reports fraud. What should you do first?
REA-1739,2025,20 Sep | Shift 3,General Intelligence and Reasoning,Syllogism & Conclusions,General syllogism task,Venn/test method,General syllogism task,Statement battery,Medium,Low,Hard,Leap of logic,Diagram or conclusion testing,Universal-first,Kill false ones,45–75s,Venn method,Statements: 1. No cat is a dog. 2. Some dogs are pets. Conclusions: I. Some pets are not cats. II. No pet is a cat.
REA-1740,2025,20 Sep | Shift 3,General Intelligence and Reasoning,Mathematical Operators,Custom-operator substitution,symbol remap,Custom-operator substitution,Symbolic MCQ,Easy,Low,Easy,Original meaning kept,Remap symbols; BODMAS evaluate,Remap inline,Check remap direction,40–65s,Remap + BODMAS,"If ‘+’ means ‘×’, ‘-’ means ‘÷’, ‘×’ means ‘+’, and ‘÷’ means ‘-’, choose the correct equation:"
REA-1741,2025,20 Sep | Shift 3,General Intelligence and Reasoning,Coding-Decoding,General code transform,encode/decode map,General code transform,Symbolic MCQ,Easy,Low,Hard,Assuming shift,Map Q→option transforms,Position map,Verify mapping,35–60s,Transform inventory,"If PLANE is coded as QMBOF, how is QMBOF coded?"
REA-1742,2025,20 Sep | Shift 3,General Intelligence and Reasoning,Number / Alphabet Series,Geometric series,ratio=3.0,Geometric series,Symbolic MCQ,Easy,Low,Easy,Adding instead,Multiply by ratio,Same,Eliminate non-multiples,20–35s,Ratio test,"In the sequence, what is the next number? 5, 15, 45, 135, 405, ___?"
REA-1743,2025,20 Sep | Shift 3,General Intelligence and Reasoning,Mathematical Operators,Custom-operator substitution,symbol remap,Custom-operator substitution,Symbolic MCQ,Easy,Low,Easy,Original meaning kept,Remap symbols; BODMAS evaluate,Remap inline,Check remap direction,40–65s,Remap + BODMAS,"If ‘+’ means ‘-’, ‘-’ means ‘+’, ‘×’ means ‘÷’, and ‘÷’ means ‘×’, evaluate: 180 + 30 × 6 - 15 ÷ 5 = ?"
REA-1744,2025,20 Sep | Shift 3,General Intelligence and Reasoning,Coding-Decoding,Alphanumeric / position-sum coding,letters ↔ numbers,Alphanumeric / position-sum coding,Symbolic MCQ,Easy,Low,Easy,A=0 indexing,Sum positions / reverse-sum; test,Position sums first,Verify sums match,30–50s,A1Z26 sums,"If “MATH” is coded as “13-1-20-8”, how will “HAMT” be coded?"
REA-1745,2025,20 Sep | Shift 3,General Intelligence and Reasoning,Miscellaneous (Reasoning),Unclassified reasoning item,mixed skill,Unclassified reasoning item,Reasoning MCQ,Easy,Low,Hard,Misclassification,Classify by stem first,Same,As applicable,30–60s,Stem patterns,"If 4 workers take 4 days to build 4 walls, how long will 50 workers take to build 50 walls?"
REA-1746,2025,20 Sep | Shift 3,General Intelligence and Reasoning,Miscellaneous (Reasoning),Unclassified reasoning item,mixed skill,Unclassified reasoning item,Reasoning MCQ,Easy,Low,Hard,Misclassification,Classify by stem first,Same,As applicable,30–60s,Stem patterns,"If “+” means subtraction, “-” means addition, “×” means division, and “÷” means multiplication, evaluate: 20 - 4 × 2 + 6 ÷ 3 = ?"
REA-1747,2025,20 Sep | Shift 3,General Intelligence and Reasoning,Mathematical Operators,Custom-operator substitution,symbol remap,Custom-operator substitution,Symbolic MCQ,Easy,Low,Easy,Original meaning kept,Remap symbols; BODMAS evaluate,Remap inline,Check remap direction,40–65s,Remap + BODMAS,"If ‘+’ means ‘×’, ‘-’ means ‘+’, and ‘×’ means ‘-’, find the value: 12 + 3 - 2 × 1 = ?"
REA-1748,2025,20 Sep | Shift 3,General Intelligence and Reasoning,Mathematical Operators,Sign-swap to balance,swap two operators,Sign-swap to balance,Symbolic MCQ,Easy,Low,Easy,No-bracket evaluation,Try option swaps; evaluate (BODMAS),Estimate-then-verify,Kill non-balancing fast,35–60s,BODMAS,Find the signs to be interchanged. 24 ÷ 6 + 5 - 4 × 3 = 21
REA-1749,2025,20 Sep | Shift 3,General Intelligence and Reasoning,Blood Relations,Direct relation,single-hop map,Direct relation (1–2 links),Reasoning MCQ,Easy,Low,Easy,Gender flip,Direct map; check gender,Same,Verify gender,25–40s,Relation map,A is the father of B. B is the mother of C. D is the daughter of A. How is D related to C?
REA-1750,2025,20 Sep | Shift 3,General Intelligence and Reasoning,Blood Relations,Direct relation,single-hop map,Direct relation (1–2 links),Reasoning MCQ,Easy,Low,Easy,Gender flip,Direct map; check gender,Same,Verify gender,25–40s,Relation map,P is the brother of Q. Q is the sister of R. R is the daughter of S. How is P related to S?
REA-1751,2025,21 Sep | Shift 1,General Intelligence and Reasoning,Coding-Decoding,General code transform,encode/decode map,General code transform,Symbolic MCQ,Easy,Low,Hard,Assuming shift,Map Q→option transforms,Position map,Verify mapping,35–60s,Transform inventory,"If PLANE is coded as QMBOF, how is QMBOF coded?"
REA-1752,2025,21 Sep | Shift 1,General Intelligence and Reasoning,Miscellaneous (Reasoning),Unclassified reasoning item,mixed skill,Unclassified reasoning item,Reasoning MCQ,Easy,Low,Hard,Misclassification,Classify by stem first,Same,As applicable,30–60s,Stem patterns,Your colleague makes a mistake in a report. What should you do?
REA-1753,2025,21 Sep | Shift 1,General Intelligence and Reasoning,Miscellaneous (Reasoning),Unclassified reasoning item,mixed skill,Unclassified reasoning item,Reasoning MCQ,Easy,Low,Hard,Misclassification,Classify by stem first,Same,As applicable,30–60s,Stem patterns,"If 1 = 2, 2 = 6, 3 = 12, 4 = 20, 5 = 30, 6 = 42. Then 7 = ?"
REA-1754,2025,21 Sep | Shift 1,General Intelligence and Reasoning,Dictionary & Word Formation,Meaningful-word formation,anagram search,Meaningful-word formation,Reasoning MCQ,Easy,Low,Easy,Non-word acceptance,Fix first letter; test,Vowel anchor,Try option words,30–55s,Anagram skill,The letters given below when arranged form a meaningful word: LPAEN. What is the position of letter P from the left?
REA-1755,2025,21 Sep | Shift 1,General Intelligence and Reasoning,Ranking & Order,Rank / position in row,ends counting,Rank / position in row,Reasoning MCQ,Easy,Low,Easy,Zero-indexing,Total = L + R − 1 forms,Ends formula,Check 1-indexing,25–40s,Rank formulas,"If in the word COMPUTER, all vowels are removed, which letter will be the 2nd from the right?"
REA-1756,2025,21 Sep | Shift 1,General Intelligence and Reasoning,Mathematical Operators,Sign-swap to balance,swap two operators,Sign-swap to balance,Symbolic MCQ,Easy,Low,Easy,No-bracket evaluation,Try option swaps; evaluate (BODMAS),Estimate-then-verify,Kill non-balancing fast,35–60s,BODMAS,Identify the correct pair of signs to interchange to make the equation correct: 24 + 6 ÷ 3 − 2 × 5 = 32
REA-1757,2025,21 Sep | Shift 1,General Intelligence and Reasoning,Classification / Odd-One-Out,Bare odd-one-out,option-driven,Bare odd-one-out (inspect options),Symbolic MCQ,Easy,Low,Easy,First-option bias,Test number letter word property per option,Kill three alike,Check all options,30-50s,Property scan,Choose the odd one out.
REA-1758,2025,21 Sep | Shift 1,General Intelligence and Reasoning,Blood Relations,Chained relation,multi-hop traversal,Chained relation (3+ links),Reasoning MCQ,Medium,Medium,Easy,Skipping a hop,Collapse inside-out; track gender,Innermost-first,Check gender at each hop,45–70s,Hop collapsing,"There are 6 family members P, Q, R, S, T and U. P is the grandfather of T. Q is the daughter of P. R is the husband of Q. S and T are children of R. U is the wife of T. How many males are there?"
REA-1759,2025,21 Sep | Shift 1,General Intelligence and Reasoning,Miscellaneous (Reasoning),Unclassified reasoning item,mixed skill,Unclassified reasoning item,Reasoning MCQ,Easy,Low,Hard,Misclassification,Classify by stem first,Same,As applicable,30–60s,Stem patterns,What is the remainder when 123456789 is divided by 9 ?
REA-1760,2025,21 Sep | Shift 1,General Intelligence and Reasoning,Number / Alphabet Series,Constant-shift alphabet series,"shift [1, -1] per step",Constant-shift alphabet series,Symbolic MCQ,Easy,Low,Easy,Reading as words,Shift each letter,Same,Check first-letter options,20–35s,A1Z26 shifts,"What comes next? AZ, BY, CX, ?"
REA-1761,2025,21 Sep | Shift 1,General Intelligence and Reasoning,Miscellaneous (Reasoning),Unclassified reasoning item,mixed skill,Unclassified reasoning item,Reasoning MCQ,Easy,Low,Hard,Misclassification,Classify by stem first,Same,As applicable,30–60s,Stem patterns,A is C’s mother. B is C’s brother. D is A’s husband. How is D related to B?
REA-1762,2025,21 Sep | Shift 1,General Intelligence and Reasoning,Syllogism & Conclusions,Single-statement conclusion,direct inference,Single-statement conclusion,Statement battery,Easy,Low,Easy,Outside info,Test conclusion against statement only,Same,Kill overreach,30-45s,Strict reading,Consider the following statement and choose the option that follows. Statement: The prices of petrol have increased sharply. Inferences: I. Transportation costs may rise. II. All people will stop using vehicles.
REA-1763,2025,21 Sep | Shift 1,General Intelligence and Reasoning,Syllogism & Conclusions,General syllogism task,Venn/test method,General syllogism task,Statement battery,Medium,Low,Hard,Leap of logic,Diagram or conclusion testing,Universal-first,Kill false ones,45–75s,Venn method,Statement: 1. All teachers are educated. 2. Some educated are writers. 3. No writer is unemployed. Conclusions: I. Some teachers are not unemployed. II. Some writers are educated.
REA-1764,2025,21 Sep | Shift 1,General Intelligence and Reasoning,Mathematical Operators,Custom-operator substitution,symbol remap,Custom-operator substitution,Symbolic MCQ,Easy,Low,Easy,Original meaning kept,Remap symbols; BODMAS evaluate,Remap inline,Check remap direction,40–65s,Remap + BODMAS,"If ‘+’ means ‘×’, ‘-’ means ‘+’, ‘×’ means ‘-’, and ‘÷’ means ‘÷’, then which of the following is correct?"
REA-1765,2025,21 Sep | Shift 1,General Intelligence and Reasoning,Blood Relations,Direct relation,single-hop map,Direct relation (1–2 links),Reasoning MCQ,Easy,Low,Easy,Gender flip,Direct map; check gender,Same,Verify gender,25–40s,Relation map,"If P is the sister of Q and Q is the father of R, then how is P related to R?"
REA-1766,2025,21 Sep | Shift 1,General Intelligence and Reasoning,Number / Alphabet Series,Constant-shift alphabet series,shift [4] per step,Constant-shift alphabet series,Symbolic MCQ,Easy,Low,Easy,Reading as words,Shift each letter,Same,Check first-letter options,20–35s,A1Z26 shifts,"What comes next in the series? D, H, L, P, ?"
REA-1767,2025,21 Sep | Shift 1,General Intelligence and Reasoning,Calendar & Clock,Clock hands / angle,relative speed 360/11,Clock hands / angle,Reasoning MCQ,Easy,Low,Easy,Hour freeze,Minute angle = 6m; hour = 30h + m/2,|30h − 11m/2|,Check reflex option,30–50s,Hand formulas,"In a room of 8 people, how many different handshakes are possible if each person shakes hands once with every other?"
REA-1768,2025,21 Sep | Shift 1,General Intelligence and Reasoning,Number / Alphabet Series,Constant-shift alphabet series,"shift [2, 3, 2] per step",Constant-shift alphabet series,Symbolic MCQ,Easy,Low,Easy,Reading as words,Shift each letter,Same,Check first-letter options,20–35s,A1Z26 shifts,"Select the letter-cluster from among the given options that can replace the question mark (?) in the following series: ADG, CGI, EJK, GMM, ?"
REA-1769,2025,21 Sep | Shift 1,General Intelligence and Reasoning,Seating Arrangement,General arrangement,placement logic,General arrangement,Reasoning MCQ,Hard,Medium,Hard,Floating start,Fix one; place rest,Anchor first,Test orders,50–80s,Anchoring,"Directions: Study the following information to answer the question. Eight persons A, B, C, D, E, F, G and H live on eight different floors of an 8-storey building (1 to 8 from bottom to top). C lives on 4th floor. A lives above C. E lives immediately below A. G lives on an odd numbered floor. H lives on top floor. B lives two floors below G. F does not live adjacent to C. How many persons live between A and B?"
REA-1770,2025,21 Sep | Shift 1,General Intelligence and Reasoning,Miscellaneous (Reasoning),Unclassified reasoning item,mixed skill,Unclassified reasoning item,Reasoning MCQ,Easy,Low,Hard,Misclassification,Classify by stem first,Same,As applicable,30–60s,Stem patterns,Identify the word that is different.
REA-1771,2025,21 Sep | Shift 1,General Intelligence and Reasoning,Miscellaneous (Reasoning),Unclassified reasoning item,mixed skill,Unclassified reasoning item,Reasoning MCQ,Easy,Low,Hard,Misclassification,Classify by stem first,Same,As applicable,30–60s,Stem patterns,"What should come at the place of question mark? 3, 7, 15, 31, 63, ?"
REA-1772,2025,21 Sep | Shift 1,General Intelligence and Reasoning,Attention to Detail,Exact string/address match,character scan,Exact string/address match,Reasoning MCQ,Easy,Low,Easy,Skim reading,Chunk-wise compare,Chunk compare,Diff-scan options,20–35s,Careful scanning,"Choose the address that is the same as the one given below. Sample Address: Flat 5A, Green Valley Apartments, MG Road, Indore, Madhya Pradesh - 452001"
REA-1773,2025,21 Sep | Shift 1,General Intelligence and Reasoning,Miscellaneous (Reasoning),Unclassified reasoning item,mixed skill,Unclassified reasoning item,Reasoning MCQ,Easy,Low,Hard,Misclassification,Classify by stem first,Same,As applicable,30–60s,Stem patterns,"Identify the pattern. 2, 6, 12, 20, ?"
REA-1774,2025,21 Sep | Shift 1,General Intelligence and Reasoning,Number / Alphabet Series,Mixed-operation series,combined rules,Mixed-operation series,Symbolic MCQ,Easy,Low,Easy,Single-rule force,Try halves/alternation/split,Option back-fit,Test options in sequence,45–75s,Multi-rule toolkit,"Find the next number in the series: 5, 15, 45, 135, ?, 1215"
REA-1775,2025,21 Sep | Shift 1,General Intelligence and Reasoning,Mathematical Operators,Special-character replacement,symbol remap,Special-character replacement,Symbolic MCQ,Easy,Low,Easy,Original meaning kept,Map each symbol then apply BODMAS,Remap inline,Check mapping,40-65s,Remap plus BODMAS,Replace special characters with mathematical signs as given in options to make it meaningful equation. 8 # 4 $ 2 = 16
REA-1776,2025,21 Sep | Shift 2,General Intelligence and Reasoning,Miscellaneous (Reasoning),Unclassified reasoning item,mixed skill,Unclassified reasoning item,Reasoning MCQ,Easy,Low,Hard,Misclassification,Classify by stem first,Same,As applicable,30–60s,Stem patterns,You are a teacher in an examination hall. A student is found cheating. What should you do first?
REA-1777,2025,21 Sep | Shift 2,General Intelligence and Reasoning,Miscellaneous (Reasoning),Unclassified reasoning item,mixed skill,Unclassified reasoning item,Reasoning MCQ,Easy,Low,Hard,Misclassification,Classify by stem first,Same,As applicable,30–60s,Stem patterns,"While traveling in a bus, you notice a pickpocket. What will you do?"
REA-1778,2025,21 Sep | Shift 2,General Intelligence and Reasoning,Mathematical Operators,General operator fill,BODMAS trial,General operator fill,Symbolic MCQ,Easy,Low,Hard,No-bracket math,Try options with BODMAS,Estimate first,Kill by size,40–65s,BODMAS,"If 8 @ 4 = 96 and 6 @ 3 = 54, what is 5 @ 2?"
REA-1779,2025,21 Sep | Shift 2,General Intelligence and Reasoning,Dictionary & Word Formation,General order/formation,lexicographic/anagram,General order/formation,Reasoning MCQ,Easy,Low,Hard,Guessing,Compare/form stepwise,First-difference,Pairwise test,30–50s,Order basics,"From the given words, select the word that can be formed using the letters of the given word. MASTERPIECE"
REA-1780,2025,21 Sep | Shift 2,General Intelligence and Reasoning,Number / Alphabet Series,Constant-shift alphabet series,"shift [1, 1, 1] per step",Constant-shift alphabet series,Symbolic MCQ,Easy,Low,Easy,Reading as words,Shift each letter,Same,Check first-letter options,20–35s,A1Z26 shifts,"What comes next? BQC, CRD, DSE, ETF, ?"
REA-1781,2025,21 Sep | Shift 2,General Intelligence and Reasoning,Classification / Odd-One-Out,Bare odd-one-out,option-driven,Bare odd-one-out (inspect options),Symbolic MCQ,Easy,Low,Easy,First-option bias,Test number letter word property per option,Kill three alike,Check all options,30-50s,Property scan,Find the odd one out in the series:
REA-1782,2025,21 Sep | Shift 2,General Intelligence and Reasoning,Direction Sense,Shadow-based direction,sun orientation,Shadow-based direction,Reasoning MCQ,Easy,Medium,Easy,Shadow = facing,Morning shadow = west; map turns,Shadow rule memory,Check time of day,30–45s,Shadow rules,"In a certain code, “sun rises in east” is written as “ka lo mi su” “moon rises at night” is written as “pa lo ti ra” “stars in night sky” is written as “mi ra xe zo” “sun and moon shine” is written as “ka pa gi hu”. Which of the following may represent ‘sky rises at east’?"
REA-1783,2025,21 Sep | Shift 2,General Intelligence and Reasoning,Syllogism & Conclusions,Single-statement conclusion,direct inference,Single-statement conclusion,Statement battery,Easy,Low,Easy,Outside info,Test conclusion against statement only,Same,Kill overreach,30-45s,Strict reading,Read the following statement carefully and identify the conclusion that follows. Statement: 1. Some cars are bikes. 2. All bikes are vehicles. 3. No vehicle is electric. Conclusions: I. Some cars are not electric. II. Some vehicles are cars.
REA-1784,2025,21 Sep | Shift 2,General Intelligence and Reasoning,Attention to Detail,Exact string/address match,character scan,Exact string/address match,Reasoning MCQ,Easy,Low,Easy,Skim reading,Chunk-wise compare,Chunk compare,Diff-scan options,20–35s,Careful scanning,"Choose the address that is the same as the one given below. Sample Address: D.No. 7-45, Lakshmi Nagar, Vijayawada, Andhra Pradesh - 520010"
REA-1785,2025,21 Sep | Shift 2,General Intelligence and Reasoning,Miscellaneous (Reasoning),Unclassified reasoning item,mixed skill,Unclassified reasoning item,Reasoning MCQ,Easy,Low,Hard,Misclassification,Classify by stem first,Same,As applicable,30–60s,Stem patterns,"Which of the following prefixes can complete all three words meaningfully? _USE, _PLACE, _FORM"
REA-1786,2025,21 Sep | Shift 2,General Intelligence and Reasoning,Syllogism & Conclusions,Single-statement conclusion,direct inference,Single-statement conclusion,Statement battery,Easy,Low,Easy,Outside info,Test conclusion against statement only,Same,Kill overreach,30-45s,Strict reading,Read the following statement carefully and identify the action that follows. Statements: An employee repeatedly arrives late to work. Course of Action: 1. Give warning and counseling. 2. Terminate immediately.
REA-1787,2025,21 Sep | Shift 2,General Intelligence and Reasoning,Miscellaneous (Reasoning),Unclassified reasoning item,mixed skill,Unclassified reasoning item,Reasoning MCQ,Easy,Low,Hard,Misclassification,Classify by stem first,Same,As applicable,30–60s,Stem patterns,"In this mathematical expression, the symbols have been replaced by code symbols. Find the value of the expression: 4 * 5 # 2 @ 6 Symbol Actual Operator: * = -, @ = +, # = × and & = ÷"
REA-1788,2025,21 Sep | Shift 2,General Intelligence and Reasoning,Blood Relations,Direct relation,single-hop map,Direct relation (1–2 links),Reasoning MCQ,Easy,Low,Easy,Gender flip,Direct map; check gender,Same,Verify gender,25–40s,Relation map,M is the sister of N. N is the brother of O. O is the mother of P. How is M related to P?
REA-1789,2025,21 Sep | Shift 2,General Intelligence and Reasoning,Blood Relations,Direct relation,single-hop map,Direct relation (1–2 links),Reasoning MCQ,Easy,Low,Easy,Gender flip,Direct map; check gender,Same,Verify gender,25–40s,Relation map,A is the father of B. B is the brother of C. How is A related to C?
REA-1790,2025,21 Sep | Shift 2,General Intelligence and Reasoning,Number / Alphabet Series,Mixed-operation series,combined rules,Mixed-operation series,Symbolic MCQ,Easy,Low,Easy,Single-rule force,Try halves/alternation/split,Option back-fit,Test options in sequence,45–75s,Multi-rule toolkit,"The series given below contains a sequence of numbers. Accordingly identify the incorrect combination. 6, 11, 33, 39, 115, 119, 357"
REA-1791,2025,21 Sep | Shift 2,General Intelligence and Reasoning,Mathematical Operators,Sign-swap to balance,swap two operators,Sign-swap to balance,Symbolic MCQ,Easy,Low,Easy,No-bracket evaluation,Try option swaps; evaluate (BODMAS),Estimate-then-verify,Kill non-balancing fast,35–60s,BODMAS,The following equation is incorrect. Which two signs should be interchanged to correct the equation? 18 - 6 × 20 ÷ 5 + 3 = 58
REA-1792,2025,21 Sep | Shift 2,General Intelligence and Reasoning,Miscellaneous (Reasoning),Unclassified reasoning item,mixed skill,Unclassified reasoning item,Reasoning MCQ,Easy,Low,Hard,Misclassification,Classify by stem first,Same,As applicable,30–60s,Stem patterns,"What should come at the place of question mark? 169, 121, ?, 49, 25, 9"
REA-1793,2025,21 Sep | Shift 2,General Intelligence and Reasoning,Number / Alphabet Series,Mixed-operation series,combined rules,Mixed-operation series,Symbolic MCQ,Easy,Low,Easy,Single-rule force,Try halves/alternation/split,Option back-fit,Test options in sequence,45–75s,Multi-rule toolkit,"Find the missing term. 4, 8, 24, 96, 480, ?"
REA-1794,2025,21 Sep | Shift 2,General Intelligence and Reasoning,Mathematical Operators,Sign-swap to balance,swap two operators,Sign-swap to balance,Symbolic MCQ,Easy,Low,Easy,No-bracket evaluation,Try option swaps; evaluate (BODMAS),Estimate-then-verify,Kill non-balancing fast,35–60s,BODMAS,"If the signs are interchanged as follows: ‘+’ means ‘×’, ‘×’ means ‘-’, ‘-’ means ‘+’ and ‘÷’ means ‘÷’. Which equation is incorrect after applying these symbol transformations?"
REA-1795,2025,21 Sep | Shift 2,General Intelligence and Reasoning,Mathematical Operators,General operator fill,BODMAS trial,General operator fill,Symbolic MCQ,Easy,Low,Hard,No-bracket math,Try options with BODMAS,Estimate first,Kill by size,40–65s,BODMAS,By interchanging the given two signs which of the following equation will NOT be correct? × and ÷ I. 24 ÷ 4 - 12 × 2 + 6 = 18 II. 15 ÷ 5 × 9 + 10 - 8 = 19
REA-1796,2025,21 Sep | Shift 2,General Intelligence and Reasoning,Dice & Cubes,General dice/cube,spatial logic,General dice/cube,Reasoning MCQ,Easy,Low,Hard,Opposite adjacency,Opposite-face / net analysis,Net mapping,Check adjacency,30–55s,Spatial rules,"A product is originally priced at ₹3,000. A discount of 10% is applied to the original price. After the discount, 10% GST is charged on the discounted price. What is the net amount paid for the product?"
REA-1797,2025,21 Sep | Shift 2,General Intelligence and Reasoning,Number / Alphabet Series,Constant-shift alphabet series,"shift [1, 1, 1] per step",Constant-shift alphabet series,Symbolic MCQ,Easy,Low,Easy,Reading as words,Shift each letter,Same,Check first-letter options,20–35s,A1Z26 shifts,"Select the letter-cluster from among the given options that can replace the question mark (?) in the following series: DFH, EGI, FHJ, ?"
REA-1798,2025,21 Sep | Shift 2,General Intelligence and Reasoning,Classification / Odd-One-Out,Bare odd-one-out,option-driven,Bare odd-one-out (inspect options),Symbolic MCQ,Easy,Low,Easy,First-option bias,Test number letter word property per option,Kill three alike,Check all options,30-50s,Property scan,Find the odd one out from the given alternatives:
REA-1799,2025,21 Sep | Shift 2,General Intelligence and Reasoning,Syllogism & Conclusions,General syllogism task,Venn/test method,General syllogism task,Statement battery,Medium,Low,Hard,Leap of logic,Diagram or conclusion testing,Universal-first,Kill false ones,45–75s,Venn method,Statements: 1. Some fruits are apples. 2. Some apples are sweet. Conclusions: I. Some fruits are sweet. II. All apples being fruits is a possibility.
REA-1800,2025,21 Sep | Shift 2,General Intelligence and Reasoning,Coding-Decoding,Alphanumeric / position-sum coding,letters ↔ numbers,Alphanumeric / position-sum coding,Symbolic MCQ,Easy,Low,Easy,A=0 indexing,Sum positions / reverse-sum; test,Position sums first,Verify sums match,30–50s,A1Z26 sums,"If ‘GAME’ is coded as ‘7-1-13-5’, how will ‘EMAG’ be coded?"
REA-1801,2025,21 Sep | Shift 3,General Intelligence and Reasoning,Syllogism & Conclusions,General syllogism task,Venn/test method,General syllogism task,Statement battery,Medium,Low,Hard,Leap of logic,Diagram or conclusion testing,Universal-first,Kill false ones,45–75s,Venn method,Statement: A ≥ B > C = D ≤ E Conclusions: I. A > C II. B ≤ E
REA-1802,2025,21 Sep | Shift 3,General Intelligence and Reasoning,Number / Alphabet Series,Mixed-operation series,combined rules,Mixed-operation series,Symbolic MCQ,Easy,Low,Easy,Single-rule force,Try halves/alternation/split,Option back-fit,Test options in sequence,45–75s,Multi-rule toolkit,"Find the WRONG number in the series: 40320, 5040, 720, 120, 20, 6"
REA-1803,2025,21 Sep | Shift 3,General Intelligence and Reasoning,Classification / Odd-One-Out,Bare odd-one-out,option-driven,Bare odd-one-out (inspect options),Symbolic MCQ,Easy,Low,Easy,First-option bias,Test number letter word property per option,Kill three alike,Check all options,30-50s,Property scan,Choose the odd one out.
REA-1804,2025,21 Sep | Shift 3,General Intelligence and Reasoning,Attention to Detail,Exact string/address match,character scan,Exact string/address match,Reasoning MCQ,Easy,Low,Easy,Skim reading,Chunk-wise compare,Chunk compare,Diff-scan options,20–35s,Careful scanning,"Choose the address that is the same as the one given below. Flat No. 27, Green Park, Rohini Sector 5, Delhi - 110085"
REA-1805,2025,21 Sep | Shift 3,General Intelligence and Reasoning,Number / Alphabet Series,Increasing-shift alphabet series,shift grows each step,Increasing-shift alphabet series,Symbolic MCQ,Easy,Low,Easy,Constant shift,Track shift growth,Same,Check growth fit,30–50s,Shift growth,"In the sequence A, C, F, J, O, ?, which letter is the next term?"
REA-1806,2025,21 Sep | Shift 3,General Intelligence and Reasoning,Number / Alphabet Series,Constant-shift alphabet series,"shift [1, 2, 2] per step",Constant-shift alphabet series,Symbolic MCQ,Easy,Low,Easy,Reading as words,Shift each letter,Same,Check first-letter options,20–35s,A1Z26 shifts,"Select the letter-cluster that replaces the question mark: BCF, CEH, DGJ, EIL, ?"
REA-1807,2025,21 Sep | Shift 3,General Intelligence and Reasoning,Miscellaneous (Reasoning),Unclassified reasoning item,mixed skill,Unclassified reasoning item,Reasoning MCQ,Easy,Low,Hard,Misclassification,Classify by stem first,Same,As applicable,30–60s,Stem patterns,Statement: The school has introduced online classes for all students. Inferences: I. The school wants flexible learning. II. The school building is permanently closed.
REA-1808,2025,21 Sep | Shift 3,General Intelligence and Reasoning,Mathematical Operators,General operator fill,BODMAS trial,General operator fill,Symbolic MCQ,Easy,Low,Hard,No-bracket math,Try options with BODMAS,Estimate first,Kill by size,40–65s,BODMAS,Select the correct sequence of mathematical signs to replace A and B: 18 A 6 B 3 = 20
REA-1809,2025,21 Sep | Shift 3,General Intelligence and Reasoning,Coding-Decoding,General code transform,encode/decode map,General code transform,Symbolic MCQ,Easy,Low,Hard,Assuming shift,Map Q→option transforms,Position map,Verify mapping,35–60s,Transform inventory,"If “PLANE” is coded as “QMBOF”, how is “QMBOF” coded?"
REA-1810,2025,21 Sep | Shift 3,General Intelligence and Reasoning,Mathematical Operators,General operator fill,BODMAS trial,General operator fill,Symbolic MCQ,Easy,Low,Hard,No-bracket math,Try options with BODMAS,Estimate first,Kill by size,40–65s,BODMAS,"If 8 × 9 = 72 and 7 × 6 = 42, what is 11 × 8?"
REA-1811,2025,21 Sep | Shift 3,General Intelligence and Reasoning,Miscellaneous (Reasoning),Unclassified reasoning item,mixed skill,Unclassified reasoning item,Reasoning MCQ,Easy,Low,Hard,Misclassification,Classify by stem first,Same,As applicable,30–60s,Stem patterns,Identify the roll number that doesn’t follow the rule: Last 2 digits = First 2 digits + 50
REA-1812,2025,21 Sep | Shift 3,General Intelligence and Reasoning,Miscellaneous (Reasoning),Unclassified reasoning item,mixed skill,Unclassified reasoning item,Reasoning MCQ,Easy,Low,Hard,Misclassification,Classify by stem first,Same,As applicable,30–60s,Stem patterns,"Identify the odd crop. Wheat, Rice, Jute, Barley"
REA-1813,2025,21 Sep | Shift 3,General Intelligence and Reasoning,Number / Alphabet Series,Second-order AP,second diff=2,Second-order AP (increasing differences),Symbolic MCQ,Easy,Low,Easy,Constant-diff guess,Build difference table,Last gap + last diff,Check last-gap options,30–50s,Difference tables,"What should come next? 3, 7, 13, 21, 31, ?"
REA-1814,2025,21 Sep | Shift 3,General Intelligence and Reasoning,Miscellaneous (Reasoning),Unclassified reasoning item,mixed skill,Unclassified reasoning item,Reasoning MCQ,Easy,Low,Hard,Misclassification,Classify by stem first,Same,As applicable,30–60s,Stem patterns,Your colleague is absent and work is pending. What will you do?
REA-1815,2025,21 Sep | Shift 3,General Intelligence and Reasoning,Miscellaneous (Reasoning),Unclassified reasoning item,mixed skill,Unclassified reasoning item,Reasoning MCQ,Easy,Low,Hard,Misclassification,Classify by stem first,Same,As applicable,30–60s,Stem patterns,A train 150 meters long takes 5 seconds to cross a man. What is the speed in m/s?
REA-1816,2025,21 Sep | Shift 3,General Intelligence and Reasoning,Blood Relations,Direct relation,single-hop map,Direct relation (1–2 links),Reasoning MCQ,Easy,Low,Easy,Gender flip,Direct map; check gender,Same,Verify gender,25–40s,Relation map,P is the father of Q. Q is the sister of R. How is P related to R?
REA-1817,2025,21 Sep | Shift 3,General Intelligence and Reasoning,Syllogism & Conclusions,General syllogism task,Venn/test method,General syllogism task,Statement battery,Medium,Low,Hard,Leap of logic,Diagram or conclusion testing,Universal-first,Kill false ones,45–75s,Venn method,Statement: 1. All pens are pencils. 2. Some pencils are erasers. 3. No eraser is sharpener. Conclusions: I. Some pens may be erasers. II. No pen is sharpener.
REA-1818,2025,21 Sep | Shift 3,General Intelligence and Reasoning,Dictionary & Word Formation,Meaningful-word formation,anagram search,Meaningful-word formation,Reasoning MCQ,Easy,Low,Easy,Non-word acceptance,Fix first letter; test,Vowel anchor,Try option words,30–55s,Anagram skill,Which word cannot be formed from the letters of the word “CONVERSATION” using each letter only once?
REA-1819,2025,21 Sep | Shift 3,General Intelligence and Reasoning,Blood Relations,Direct relation,single-hop map,Direct relation (1–2 links),Reasoning MCQ,Easy,Low,Easy,Gender flip,Direct map; check gender,Same,Verify gender,25–40s,Relation map,R is the son of S. T is the wife of R. U is the son of T. How is U related to S?
REA-1820,2025,21 Sep | Shift 3,General Intelligence and Reasoning,Seating Arrangement,General arrangement,placement logic,General arrangement,Reasoning MCQ,Hard,High,Hard,Floating start,Fix one; place rest,Anchor first,Test orders,50–80s,Anchoring,"Direction: Study the information carefully and answer the question given below. Eight persons – A, B, C, D, E, F, G and H – attend a workshop in eight different months: January, February, March, April, May, June, July and August (not necessarily in the same order). Each person has a different profession – Doctor, Lawyer, Architect, Pilot, Teacher, Banker, Artist and Chef. A is a Doctor and attends the workshop in a month having 31 days. Two persons attend between A and the one who is a Lawyer. C attends before the one who is an Architect. Three persons attend between D and H. Neither D nor H attends in February or June. The Pilot attends immediately after the Teacher. The Banker attends before the Chef but after B. E is an Artist. F attends immediately before G. The Architect attends after H. B does not attend in March or July. Who attends the workshop in May?"
REA-1821,2025,21 Sep | Shift 3,General Intelligence and Reasoning,Coding-Decoding,Matrix / code-table coding,lookup mapping,Matrix / code-table coding,Symbolic MCQ,Easy,Low,Easy,Row/col swap,Build map; decode stepwise,Map once,Check lookups,40–65s,Table lookup,"If TABLE is written as SZAKD, how is CHAIR written?"
REA-1822,2025,21 Sep | Shift 3,General Intelligence and Reasoning,Number / Alphabet Series,Increasing-shift alphabet series,shift grows each step,Increasing-shift alphabet series,Symbolic MCQ,Easy,Low,Easy,Constant shift,Track shift growth,Same,Check growth fit,30–50s,Shift growth,"What comes next in the series? A, D, H, M, S, ?"
REA-1823,2025,21 Sep | Shift 3,General Intelligence and Reasoning,Number / Alphabet Series,Second-order AP,second diff=2,Second-order AP (increasing differences),Symbolic MCQ,Easy,Low,Easy,Constant-diff guess,Build difference table,Last gap + last diff,Check last-gap options,30–50s,Difference tables,"What comes next: 5, 12, 21, 32, 45, ?"
REA-1824,2025,21 Sep | Shift 3,General Intelligence and Reasoning,Number / Alphabet Series,Mixed-operation series,combined rules,Mixed-operation series,Symbolic MCQ,Easy,Low,Easy,Single-rule force,Try halves/alternation/split,Option back-fit,Test options in sequence,45–75s,Multi-rule toolkit,"Complete the series: 1, 8, 27, 64, ?"
REA-1825,2025,21 Sep | Shift 3,General Intelligence and Reasoning,Blood Relations,Coded relation,decode then traverse,Coded relation (symbol map),Reasoning MCQ,Easy,Low,Easy,Gender assumption,Substitute meanings; walk the tree,Draw tree top-down,Check gender markers,45–75s,Tree drawing,"If ‘A @ B’ means ‘A is the sister of B’ and ‘A # B’ means ‘A is the father of B’, then how is P related to R in P @ Q # R?"
REA-1826,2025,22 Sep | Shift 1,General Intelligence and Reasoning,Syllogism & Conclusions,General syllogism task,Venn/test method,General syllogism task,Statement battery,Medium,Low,Hard,Leap of logic,Diagram or conclusion testing,Universal-first,Kill false ones,45–75s,Venn method,Statements: 1. All mangoes are fruits. 2. Some fruits are apples. Conclusions: I. Some apples are mangoes. II. All mangoes are fruits.
REA-1827,2025,22 Sep | Shift 1,General Intelligence and Reasoning,Classification / Odd-One-Out,Bare odd-one-out,option-driven,Bare odd-one-out (inspect options),Symbolic MCQ,Easy,Low,Easy,First-option bias,Test number letter word property per option,Kill three alike,Check all options,30-50s,Property scan,Find the odd one out:
REA-1828,2025,22 Sep | Shift 1,General Intelligence and Reasoning,Coding-Decoding,General code transform,encode/decode map,General code transform,Symbolic MCQ,Easy,Low,Hard,Assuming shift,Map Q→option transforms,Position map,Verify mapping,35–60s,Transform inventory,"If HOUSE is coded as IPVTF, how is IPVTF coded?"
REA-1829,2025,22 Sep | Shift 1,General Intelligence and Reasoning,Miscellaneous (Reasoning),Unclassified reasoning item,mixed skill,Unclassified reasoning item,Reasoning MCQ,Easy,Low,Hard,Misclassification,Classify by stem first,Same,As applicable,30–60s,Stem patterns,The sum of three consecutive odd numbers is 81. What is the largest number?
REA-1830,2025,22 Sep | Shift 1,General Intelligence and Reasoning,Miscellaneous (Reasoning),Unclassified reasoning item,mixed skill,Unclassified reasoning item,Reasoning MCQ,Easy,Low,Hard,Misclassification,Classify by stem first,Same,As applicable,30–60s,Stem patterns,"Eligibility Criteria: Minimum 55% in Graduation Typing speed 35 WPM Age between 21-30 years Case: Meena scored 60%, has 36 WPM typing speed, age 29."
REA-1831,2025,22 Sep | Shift 1,General Intelligence and Reasoning,Dictionary & Word Formation,Meaningful-word formation,anagram search,Meaningful-word formation,Reasoning MCQ,Easy,Low,Easy,Non-word acceptance,Fix first letter; test,Vowel anchor,Try option words,30–55s,Anagram skill,Select the word that cannot be formed using the letters of the word: TEACHERS
REA-1832,2025,22 Sep | Shift 1,General Intelligence and Reasoning,Number / Alphabet Series,Constant-shift alphabet series,"shift [2, 2] per step",Constant-shift alphabet series,Symbolic MCQ,Easy,Low,Easy,Reading as words,Shift each letter,Same,Check first-letter options,20–35s,A1Z26 shifts,"What comes next: AB, CD, EF, GH, ?"
REA-1833,2025,22 Sep | Shift 1,General Intelligence and Reasoning,Mathematical Operators,Custom-operator substitution,symbol remap,Custom-operator substitution,Symbolic MCQ,Easy,Low,Easy,Original meaning kept,Remap symbols; BODMAS evaluate,Remap inline,Check remap direction,40–65s,Remap + BODMAS,"If ‘A’ denotes ‘+’, ‘B’ denotes ‘-’, ‘C’ denotes ‘×’, ‘D’ denotes ‘÷’ Find the value of: 8 C 2 A 6 B 4 D 2 = ?"
REA-1834,2025,22 Sep | Shift 1,General Intelligence and Reasoning,Direction Sense,General direction-distance,path tracking,General direction-distance,Reasoning MCQ,Easy,Low,Hard,Sign error,Track N/E/S/W steps; net displacement,Net vector,Check scale,30–50s,Cardinal tracking,"Choose the address that is the same as the one given below. Sample Address: No. 52, Green Valley Apartments, Andheri East, Mumbai, Maharashtra - 400069"
REA-1835,2025,22 Sep | Shift 1,General Intelligence and Reasoning,Number / Alphabet Series,Geometric series,ratio=3.0,Geometric series,Symbolic MCQ,Easy,Low,Easy,Adding instead,Multiply by ratio,Same,Eliminate non-multiples,20–35s,Ratio test,"Find the missing term in the seris. 2, 6, 18, 54, ?"
REA-1836,2025,22 Sep | Shift 1,General Intelligence and Reasoning,Miscellaneous (Reasoning),Unclassified reasoning item,mixed skill,Unclassified reasoning item,Reasoning MCQ,Easy,Low,Hard,Misclassification,Classify by stem first,Same,As applicable,30–60s,Stem patterns,A fire breaks out in an office. What should be your first step?
REA-1837,2025,22 Sep | Shift 1,General Intelligence and Reasoning,Blood Relations,Coded relation,decode then traverse,Coded relation (symbol map),Reasoning MCQ,Medium,Medium,Easy,Gender assumption,Substitute meanings; walk the tree,Draw tree top-down,Check gender markers,45–75s,Tree drawing,"‘A @ B’ means A is the sister of B, ‘A # B’ means A is the mother of B, ‘A $ B’ means A is the father of B, ‘A % B’ means A is the brother of B. What is the relation in: P # Q @ R ?"
REA-1838,2025,22 Sep | Shift 1,General Intelligence and Reasoning,Coding-Decoding,Alphanumeric / position-sum coding,letters ↔ numbers,Alphanumeric / position-sum coding,Symbolic MCQ,Easy,Low,Easy,A=0 indexing,Sum positions / reverse-sum; test,Position sums first,Verify sums match,30–50s,A1Z26 sums,"If “DOG” is coded as “4-15-7”, how will “GOD” be coded?"
REA-1839,2025,22 Sep | Shift 1,General Intelligence and Reasoning,Syllogism & Conclusions,Argument / course-of-action,strength test,Argument / course-of-action,Statement battery,Easy,Low,Easy,Emotional appeal,Core-issue + desirability test,Core-issue filter,Kill side-issue options,40–60s,Core-issue test,Statement: Water shortage has increased in the city. Course of Action: 1. Government should start water conservation campaigns. 2. People should waste more water.
REA-1840,2025,22 Sep | Shift 1,General Intelligence and Reasoning,Syllogism & Conclusions,General syllogism task,Venn/test method,General syllogism task,Statement battery,Medium,Low,Hard,Leap of logic,Diagram or conclusion testing,Universal-first,Kill false ones,45–75s,Venn method,Statements: 1. All chairs are tables. 2. Some tables are desks. Conclusions: I. Some desks are chairs. II. Some tables are chairs.
REA-1841,2025,22 Sep | Shift 1,General Intelligence and Reasoning,Syllogism & Conclusions,General syllogism task,Venn/test method,General syllogism task,Statement battery,Medium,Low,Hard,Leap of logic,Diagram or conclusion testing,Universal-first,Kill false ones,45–75s,Venn method,Statement: 1. All pens are pencils. 2. Some pencils are erasers. Conclusions: I. Some erasers are pens. II. Some pencils are pens.
REA-1842,2025,22 Sep | Shift 1,General Intelligence and Reasoning,Blood Relations,Direct relation,single-hop map,Direct relation (1–2 links),Reasoning MCQ,Easy,Low,Easy,Gender flip,Direct map; check gender,Same,Verify gender,25–40s,Relation map,Riya is the daughter of Amit. Amit is the son of Suresh. How is Riya related to Suresh?
REA-1843,2025,22 Sep | Shift 1,General Intelligence and Reasoning,Syllogism & Conclusions,General syllogism task,Venn/test method,General syllogism task,Statement battery,Medium,Low,Hard,Leap of logic,Diagram or conclusion testing,Universal-first,Kill false ones,45–75s,Venn method,Statement: 1. All cars are vehicles. 2. Some vehicles are bikes. 3. No bike is a bus. Conclusions: I. Some bikes are cars. II. Some vehicles are not cars.
REA-1844,2025,22 Sep | Shift 1,General Intelligence and Reasoning,Mathematical Operators,Custom-operator substitution,symbol remap,Custom-operator substitution,Symbolic MCQ,Easy,Low,Easy,Original meaning kept,Remap symbols; BODMAS evaluate,Remap inline,Check remap direction,40–65s,Remap + BODMAS,If ‘+’ means ‘×’ ‘-’ means ‘÷’ ‘×’ means ‘+’ ‘÷’ means ‘-’. Choose the correct equation:
REA-1845,2025,22 Sep | Shift 1,General Intelligence and Reasoning,Miscellaneous (Reasoning),Unclassified reasoning item,mixed skill,Unclassified reasoning item,Reasoning MCQ,Easy,Low,Hard,Misclassification,Classify by stem first,Same,As applicable,30–60s,Stem patterns,"If + becomes -, - becomes +, × becomes ÷ and ÷ becomes × Find value of: 80 ÷ 4 + 10 - 5 × 2 = ?"
REA-1846,2025,22 Sep | Shift 1,General Intelligence and Reasoning,Classification / Odd-One-Out,Bare odd-one-out,option-driven,Bare odd-one-out (inspect options),Symbolic MCQ,Easy,Low,Easy,First-option bias,Test number letter word property per option,Kill three alike,Check all options,30-50s,Property scan,Find the odd one out:
REA-1847,2025,22 Sep | Shift 1,General Intelligence and Reasoning,Number / Alphabet Series,Constant-shift alphabet series,shift [3] per step,Constant-shift alphabet series,Symbolic MCQ,Easy,Low,Easy,Reading as words,Shift each letter,Same,Check first-letter options,20–35s,A1Z26 shifts,"What comes next? B, E, H, K, ?"
REA-1848,2025,22 Sep | Shift 1,General Intelligence and Reasoning,Number / Alphabet Series,Mixed-operation series,combined rules,Mixed-operation series,Symbolic MCQ,Easy,Low,Easy,Single-rule force,Try halves/alternation/split,Option back-fit,Test options in sequence,45–75s,Multi-rule toolkit,"What should come in place of ? 200, 195, 185, 170, ?, 125"
REA-1849,2025,22 Sep | Shift 1,General Intelligence and Reasoning,Miscellaneous (Reasoning),Unclassified reasoning item,mixed skill,Unclassified reasoning item,Reasoning MCQ,Easy,Low,Hard,Misclassification,Classify by stem first,Same,As applicable,30–60s,Stem patterns,"Fill in the missing letter: D, G, J, ?, P"
REA-1850,2025,22 Sep | Shift 1,General Intelligence and Reasoning,Coding-Decoding,General code transform,encode/decode map,General code transform,Symbolic MCQ,Easy,Low,Hard,Assuming shift,Map Q→option transforms,Position map,Verify mapping,35–60s,Transform inventory,"In a certain code, BOARD is written as CPBSE. How is LIGHT written in that code?"
REA-1851,2025,22 Sep | Shift 2,General Intelligence and Reasoning,Number / Alphabet Series,Increasing-shift alphabet series,shift grows each step,Increasing-shift alphabet series,Symbolic MCQ,Easy,Low,Easy,Constant shift,Track shift growth,Same,Check growth fit,30–50s,Shift growth,"In the sequence, which letter comes next? A, D, H, M, S, ?"
REA-1852,2025,22 Sep | Shift 2,General Intelligence and Reasoning,Classification / Odd-One-Out,Bare odd-one-out,option-driven,Bare odd-one-out (inspect options),Symbolic MCQ,Easy,Low,Easy,First-option bias,Test number letter word property per option,Kill three alike,Check all options,30-50s,Property scan,"Find the odd one out. Virat Kohli, Rohit Sharma, Jasprit Bumrah, P.V. Sindhu"
REA-1853,2025,22 Sep | Shift 2,General Intelligence and Reasoning,Syllogism & Conclusions,General syllogism task,Venn/test method,General syllogism task,Statement battery,Medium,Low,Hard,Leap of logic,Diagram or conclusion testing,Universal-first,Kill false ones,45–75s,Venn method,A statement is given followed by two conclusions. Find which conclusion is TRUE. Statement: 1. All roses are flowers. 2. Some flowers are red. Conclusions: I. Some roses are red. II. All flowers are roses.
REA-1854,2025,22 Sep | Shift 2,General Intelligence and Reasoning,Attention to Detail,Exact string/address match,character scan,Exact string/address match,Reasoning MCQ,Easy,Low,Easy,Skim reading,Chunk-wise compare,Chunk compare,Diff-scan options,20–35s,Careful scanning,"Choose the address that is the same as the one given below. Sample Address: MIG-45, Sector 10, Shanti Nagar, Jaipur, Rajasthan - 302019"
REA-1855,2025,22 Sep | Shift 2,General Intelligence and Reasoning,Miscellaneous (Reasoning),Unclassified reasoning item,mixed skill,Unclassified reasoning item,Reasoning MCQ,Easy,Low,Hard,Misclassification,Classify by stem first,Same,As applicable,30–60s,Stem patterns,Which group has letters with position sum 30?
REA-1856,2025,22 Sep | Shift 2,General Intelligence and Reasoning,Blood Relations,Direct relation,single-hop map,Direct relation (1–2 links),Reasoning MCQ,Easy,Low,Easy,Gender flip,Direct map; check gender,Same,Verify gender,25–40s,Relation map,A is the sister of B. B is the father of C. C is the mother of D. How is A related to D?
REA-1857,2025,22 Sep | Shift 2,General Intelligence and Reasoning,Miscellaneous (Reasoning),Unclassified reasoning item,mixed skill,Unclassified reasoning item,Reasoning MCQ,Easy,Low,Hard,Misclassification,Classify by stem first,Same,As applicable,30–60s,Stem patterns,What mathematical symbols should replace * and # respectively to make it mathematically CORRECT? 18 * 6 # 3 = 36
REA-1858,2025,22 Sep | Shift 2,General Intelligence and Reasoning,Miscellaneous (Reasoning),Unclassified reasoning item,mixed skill,Unclassified reasoning item,Reasoning MCQ,Easy,Low,Hard,Misclassification,Classify by stem first,Same,As applicable,30–60s,Stem patterns,Which number is NOT a multiple of 9?
REA-1859,2025,22 Sep | Shift 2,General Intelligence and Reasoning,Seating Arrangement,General arrangement,placement logic,General arrangement,Reasoning MCQ,Hard,High,Hard,Floating start,Fix one; place rest,Anchor first,Test orders,50–80s,Anchoring,"Directions: Study the following information carefully and answer the question given below. Six persons—A, B, C, D, E, and F—were born in six different years: 1952, 1964, 1975, 1988, 1997, and 2005. Note: Age is calculated with respect to the year 2024. The sum of the ages of B and D is 108. F was born in an even-numbered year. A is older than C. E was born in an odd- numbered year. The sum of the ages of A and E is 68. C is younger than E. Question: Which of the following is the birth year of F?"
REA-1860,2025,22 Sep | Shift 2,General Intelligence and Reasoning,Number / Alphabet Series,Mixed-operation series,combined rules,Mixed-operation series,Symbolic MCQ,Easy,Low,Easy,Single-rule force,Try halves/alternation/split,Option back-fit,Test options in sequence,45–75s,Multi-rule toolkit,"What should come next? 2, 6, 14, 30, 62, ?"
REA-1861,2025,22 Sep | Shift 2,General Intelligence and Reasoning,Syllogism & Conclusions,General syllogism task,Venn/test method,General syllogism task,Statement battery,Medium,Low,Hard,Leap of logic,Diagram or conclusion testing,Universal-first,Kill false ones,45–75s,Venn method,Statement: 1. All metals are solids. 2. Some solids are heavy. 3. No heavy thing is light. Conclusions: I. Some metals are heavy. II. Some solids are not light.
REA-1862,2025,22 Sep | Shift 2,General Intelligence and Reasoning,Miscellaneous (Reasoning),Unclassified reasoning item,mixed skill,Unclassified reasoning item,Reasoning MCQ,Easy,Low,Hard,Misclassification,Classify by stem first,Same,As applicable,30–60s,Stem patterns,"In a class, Amit scores higher than Bharat but lower than Chetan. If Bharat scored 65, which is true?"
REA-1863,2025,22 Sep | Shift 2,General Intelligence and Reasoning,Miscellaneous (Reasoning),Unclassified reasoning item,mixed skill,Unclassified reasoning item,Reasoning MCQ,Easy,Low,Hard,Misclassification,Classify by stem first,Same,As applicable,30–60s,Stem patterns,"If the cost price of 20 articles equals the selling price of 16 articles, what is the profit percent?"
REA-1864,2025,22 Sep | Shift 2,General Intelligence and Reasoning,Coding-Decoding,General code transform,encode/decode map,General code transform,Symbolic MCQ,Easy,Low,Hard,Assuming shift,Map Q→option transforms,Position map,Verify mapping,35–60s,Transform inventory,"If LIGHT is coded as MJHIU, how is MJHIU coded?"
REA-1865,2025,22 Sep | Shift 2,General Intelligence and Reasoning,Number / Alphabet Series,General series completion,pattern extension,General series completion,Symbolic MCQ,Easy,Low,Easy,Random guess,List candidates; test,Option test,Check fit,30–60s,Pattern toolkit,Which country does not belong to the group?
REA-1866,2025,22 Sep | Shift 2,General Intelligence and Reasoning,Dictionary & Word Formation,General order/formation,lexicographic/anagram,General order/formation,Reasoning MCQ,Easy,Low,Hard,Guessing,Compare/form stepwise,First-difference,Pairwise test,30–50s,Order basics,Select the word that can be formed using letters of: CONSIDERATION
REA-1867,2025,22 Sep | Shift 2,General Intelligence and Reasoning,Miscellaneous (Reasoning),Unclassified reasoning item,mixed skill,Unclassified reasoning item,Reasoning MCQ,Easy,Low,Hard,Misclassification,Classify by stem first,Same,As applicable,30–60s,Stem patterns,"Which three-letter combination is different? ADF, BEH, CFI, DGJ, EHK"
REA-1868,2025,22 Sep | Shift 2,General Intelligence and Reasoning,Number / Alphabet Series,Mixed-operation series,combined rules,Mixed-operation series,Symbolic MCQ,Easy,Low,Easy,Single-rule force,Try halves/alternation/split,Option back-fit,Test options in sequence,45–75s,Multi-rule toolkit,"What should come in place of question mark? 3, 8, 18, 38, ?"
REA-1869,2025,22 Sep | Shift 2,General Intelligence and Reasoning,Miscellaneous (Reasoning),Unclassified reasoning item,mixed skill,Unclassified reasoning item,Reasoning MCQ,Easy,Low,Hard,Misclassification,Classify by stem first,Same,As applicable,30–60s,Stem patterns,"If 72= 49 and 82= 64, what is 92?"
REA-1870,2025,22 Sep | Shift 2,General Intelligence and Reasoning,Blood Relations,Coded relation,decode then traverse,Coded relation (symbol map),Reasoning MCQ,Easy,Low,Easy,Gender assumption,Substitute meanings; walk the tree,Draw tree top-down,Check gender markers,45–75s,Tree drawing,"If ‘P & Q’ means ‘P is mother of Q’, ‘P % Q’ means ‘P is brother of Q’, ‘P @ Q’ means ‘P is father of Q’, ‘P * Q’ means ‘P is son of Q’. Which means R is brother of S?"
REA-1871,2025,22 Sep | Shift 2,General Intelligence and Reasoning,Miscellaneous (Reasoning),Unclassified reasoning item,mixed skill,Unclassified reasoning item,Reasoning MCQ,Easy,Low,Hard,Misclassification,Classify by stem first,Same,As applicable,30–60s,Stem patterns,"Find the smallest number which when divided by 6, 10 and 15 leaves a remainder of 4 in each case."
REA-1872,2025,22 Sep | Shift 2,General Intelligence and Reasoning,Coding-Decoding,General code transform,encode/decode map,General code transform,Symbolic MCQ,Easy,Low,Hard,Assuming shift,Map Q→option transforms,Position map,Verify mapping,35–60s,Transform inventory,"In a certain code, PLANT is written as OKZMS, how is WORLD written?"
REA-1873,2025,22 Sep | Shift 2,General Intelligence and Reasoning,Number / Alphabet Series,Increasing-shift alphabet series,shift grows each step,Increasing-shift alphabet series,Symbolic MCQ,Easy,Low,Easy,Constant shift,Track shift growth,Same,Check growth fit,30–50s,Shift growth,"What comes next in the series? B, D, G, K, ?"
REA-1874,2025,22 Sep | Shift 2,General Intelligence and Reasoning,Blood Relations,Direct relation,single-hop map,Direct relation (1–2 links),Reasoning MCQ,Easy,Low,Easy,Gender flip,Direct map; check gender,Same,Verify gender,25–40s,Relation map,X is the brother of Y. Y is the son of Z. How is X related to Z?
REA-1875,2025,22 Sep | Shift 2,General Intelligence and Reasoning,Number / Alphabet Series,Constant-shift alphabet series,"shift [1, -1] per step",Constant-shift alphabet series,Symbolic MCQ,Easy,Low,Easy,Reading as words,Shift each letter,Same,Check first-letter options,20–35s,A1Z26 shifts,"What comes next? AZ, BY, CX, DW, ?"
REA-1876,2025,22 Sep | Shift 3,General Intelligence and Reasoning,Blood Relations,Direct relation,single-hop map,Direct relation (1–2 links),Reasoning MCQ,Easy,Low,Easy,Gender flip,Direct map; check gender,Same,Verify gender,25–40s,Relation map,A is the daughter of B. B is the son of C. How is A related to C?
REA-1877,2025,22 Sep | Shift 3,General Intelligence and Reasoning,Miscellaneous (Reasoning),Unclassified reasoning item,mixed skill,Unclassified reasoning item,Reasoning MCQ,Easy,Low,Hard,Misclassification,Classify by stem first,Same,As applicable,30–60s,Stem patterns,Identify the number which is different:
REA-1878,2025,22 Sep | Shift 3,General Intelligence and Reasoning,Syllogism & Conclusions,Argument / course-of-action,strength test,Argument / course-of-action,Statement battery,Easy,Low,Easy,Emotional appeal,Core-issue + desirability test,Core-issue filter,Kill side-issue options,40–60s,Core-issue test,Statements: A supervisor notices frequent late arrivals by employees. Course of Action: 1. Issue a warning notice. 2. Monitor attendance regularly.
REA-1879,2025,22 Sep | Shift 3,General Intelligence and Reasoning,Dictionary & Word Formation,Meaningful-word formation,anagram search,Meaningful-word formation,Reasoning MCQ,Easy,Low,Easy,Non-word acceptance,Fix first letter; test,Vowel anchor,Try option words,30–55s,Anagram skill,Which meaningful word can be formed from the letters “SILENT”?
REA-1880,2025,22 Sep | Shift 3,General Intelligence and Reasoning,Attention to Detail,Exact string/address match,character scan,Exact string/address match,Reasoning MCQ,Easy,Low,Easy,Skim reading,Chunk-wise compare,Chunk compare,Diff-scan options,20–35s,Careful scanning,"Choose the address that is the same as the one given below. Apartment 5C, Green Heights, Anna Nagar, Madurai, Tamil Nadu - 625020"
REA-1881,2025,22 Sep | Shift 3,General Intelligence and Reasoning,Miscellaneous (Reasoning),Unclassified reasoning item,mixed skill,Unclassified reasoning item,Reasoning MCQ,Easy,Low,Hard,Misclassification,Classify by stem first,Same,As applicable,30–60s,Stem patterns,Select the word formed from the letters of ''Teacher''.
REA-1882,2025,22 Sep | Shift 3,General Intelligence and Reasoning,Miscellaneous (Reasoning),Unclassified reasoning item,mixed skill,Unclassified reasoning item,Reasoning MCQ,Easy,Low,Hard,Misclassification,Classify by stem first,Same,As applicable,30–60s,Stem patterns,"A pipe fills a tank in 10 hours. Another empties it in 15 hours. If both are opened together, how long will it take to fill the tank?"
REA-1883,2025,22 Sep | Shift 3,General Intelligence and Reasoning,Number / Alphabet Series,Increasing-shift alphabet series,shift grows each step,Increasing-shift alphabet series,Symbolic MCQ,Easy,Low,Easy,Constant shift,Track shift growth,Same,Check growth fit,30–50s,Shift growth,"What comes next? A, C, F, J, O, ?"
REA-1884,2025,22 Sep | Shift 3,General Intelligence and Reasoning,Miscellaneous (Reasoning),Unclassified reasoning item,mixed skill,Unclassified reasoning item,Reasoning MCQ,Easy,Low,Hard,Misclassification,Classify by stem first,Same,As applicable,30–60s,Stem patterns,"If 7 + 3 × 4 = 19, then 9 + 5 × 2 = ?"
REA-1885,2025,22 Sep | Shift 3,General Intelligence and Reasoning,Coding-Decoding,Alphanumeric / position-sum coding,letters ↔ numbers,Alphanumeric / position-sum coding,Symbolic MCQ,Easy,Low,Easy,A=0 indexing,Sum positions / reverse-sum; test,Position sums first,Verify sums match,30–50s,A1Z26 sums,"If ‘DOG’ is coded as ‘4-15-7’, how will ‘COW’ be coded?"
REA-1886,2025,22 Sep | Shift 3,General Intelligence and Reasoning,Syllogism & Conclusions,Standard syllogism,Venn chains,Standard syllogism (statements + conclusions),Statement battery,Easy,Low,Easy,Middle-term leap,Draw overlapping circles; test each conclusion,Universal-first diagram,Kill absolute-word conclusions,45–75s,Venn method,The given statements are followed by two conclusions. Find out which conclusion is TRUE. Statements: 1. All pens are pencils. 2. Some pencils are erasers. Conclusions: I. Some pens are erasers. II. Some erasers are pencils.
REA-1887,2025,22 Sep | Shift 3,General Intelligence and Reasoning,Miscellaneous (Reasoning),Unclassified reasoning item,mixed skill,Unclassified reasoning item,Reasoning MCQ,Easy,Low,Hard,Misclassification,Classify by stem first,Same,As applicable,30–60s,Stem patterns,You are a teacher and a student is struggling academically.
REA-1888,2025,22 Sep | Shift 3,General Intelligence and Reasoning,Mathematical Operators,Sign-swap to balance,swap two operators,Sign-swap to balance,Symbolic MCQ,Easy,Low,Easy,No-bracket evaluation,Try option swaps; evaluate (BODMAS),Estimate-then-verify,Kill non-balancing fast,35–60s,BODMAS,Which interchanges will make the equation correct? 16 - 4 + 2 × 3 = 11
REA-1889,2025,22 Sep | Shift 3,General Intelligence and Reasoning,Classification / Odd-One-Out,Bare odd-one-out,option-driven,Bare odd-one-out (inspect options),Symbolic MCQ,Easy,Low,Easy,First-option bias,Test number letter word property per option,Kill three alike,Check all options,30-50s,Property scan,Find the odd one out:
REA-1890,2025,22 Sep | Shift 3,General Intelligence and Reasoning,Mathematical Operators,Custom-operator substitution,symbol remap,Custom-operator substitution,Symbolic MCQ,Easy,Low,Easy,Original meaning kept,Remap symbols; BODMAS evaluate,Remap inline,Check remap direction,40–65s,Remap + BODMAS,"If ‘A’ denotes ‘+’, ‘B’ denotes ‘-’, ‘C’ denotes ‘×’, and ‘D’ denotes ‘÷’, find the value: 15 A 5 C 2 B 4"
REA-1891,2025,22 Sep | Shift 3,General Intelligence and Reasoning,Number / Alphabet Series,Increasing-shift alphabet series,shift grows each step,Increasing-shift alphabet series,Symbolic MCQ,Easy,Low,Easy,Constant shift,Track shift growth,Same,Check growth fit,30–50s,Shift growth,"What comes next in the series? B, E, I, N, T, ?"
REA-1892,2025,22 Sep | Shift 3,General Intelligence and Reasoning,Coding-Decoding,General code transform,encode/decode map,General code transform,Symbolic MCQ,Easy,Low,Hard,Assuming shift,Map Q→option transforms,Position map,Verify mapping,35–60s,Transform inventory,"If SMART is written as TRAMS, how is CLEAN written?"
REA-1893,2025,22 Sep | Shift 3,General Intelligence and Reasoning,Number / Alphabet Series,Mixed-operation series,combined rules,Mixed-operation series,Symbolic MCQ,Easy,Low,Easy,Single-rule force,Try halves/alternation/split,Option back-fit,Test options in sequence,45–75s,Multi-rule toolkit,"What should come next? 2, 6, 15, 31, 56, ?"
REA-1894,2025,22 Sep | Shift 3,General Intelligence and Reasoning,Syllogism & Conclusions,General syllogism task,Venn/test method,General syllogism task,Statement battery,Medium,Low,Hard,Leap of logic,Diagram or conclusion testing,Universal-first,Kill false ones,45–75s,Venn method,Statement: 1. No apples are mangoes. 2. Some mangoes are fruits. 3. All fruits are sweet. Conclusions: I. Some fruits are mangoes. II. Some apples are sweet.
REA-1895,2025,22 Sep | Shift 3,General Intelligence and Reasoning,Blood Relations,Chained relation,multi-hop traversal,Chained relation (3+ links),Reasoning MCQ,Easy,Low,Easy,Skipping a hop,Collapse inside-out; track gender,Innermost-first,Check gender at each hop,45–70s,Hop collapsing,"A, B, C, D, E and F are six family members. A and B are a married couple. C is B’s brother. D is A’s son. E is D’s sister. F is C’s father. What is E’s relation to A?"
REA-1896,2025,22 Sep | Shift 3,General Intelligence and Reasoning,Number / Alphabet Series,Mixed-operation series,combined rules,Mixed-operation series,Symbolic MCQ,Easy,Low,Easy,Single-rule force,Try halves/alternation/split,Option back-fit,Test options in sequence,45–75s,Multi-rule toolkit,"Identify the incorrect number in the series: 3, 9, 27, 81, 200, 243"
REA-1897,2025,22 Sep | Shift 3,General Intelligence and Reasoning,Coding-Decoding,General code transform,encode/decode map,General code transform,Symbolic MCQ,Easy,Low,Hard,Assuming shift,Map Q→option transforms,Position map,Verify mapping,35–60s,Transform inventory,"If PLANE is coded as QMBOF, how is QMBOF coded?"
REA-1898,2025,22 Sep | Shift 3,General Intelligence and Reasoning,Miscellaneous (Reasoning),Unclassified reasoning item,mixed skill,Unclassified reasoning item,Reasoning MCQ,Easy,Low,Hard,Misclassification,Classify by stem first,Same,As applicable,30–60s,Stem patterns,Someone approaches you for help in filing a complaint.
REA-1899,2025,22 Sep | Shift 3,General Intelligence and Reasoning,Syllogism & Conclusions,General syllogism task,Venn/test method,General syllogism task,Statement battery,Medium,Low,Hard,Leap of logic,Diagram or conclusion testing,Universal-first,Kill false ones,45–75s,Venn method,Statements: 1. Some cars are bikes. 2. All bikes are vehicles. Conclusions: I. Some cars are vehicles. II. All vehicles are bikes.
REA-1900,2025,22 Sep | Shift 3,General Intelligence and Reasoning,Mathematical Operators,Sign-swap to balance,swap two operators,Sign-swap to balance,Symbolic MCQ,Easy,Low,Easy,No-bracket evaluation,Try option swaps; evaluate (BODMAS),Estimate-then-verify,Kill non-balancing fast,35–60s,BODMAS,Which two signs should be interchanged to make the equation correct? 40 ÷ 5 + 8 × 2 - 6 = 54
REA-1901,2025,23 Sep | Shift 1,General Intelligence and Reasoning,Miscellaneous (Reasoning),Unclassified reasoning item,mixed skill,Unclassified reasoning item,Reasoning MCQ,Easy,Low,Hard,Misclassification,Classify by stem first,Same,As applicable,30–60s,Stem patterns,"The seminar in Jaipur was 4 days after Udaipur, and Ajmer hosted its seminar 2 days before Jaipur. If Udaipur was on 5th April, when was Ajmer's seminar?"
REA-1902,2025,23 Sep | Shift 1,General Intelligence and Reasoning,Miscellaneous (Reasoning),Unclassified reasoning item,mixed skill,Unclassified reasoning item,Reasoning MCQ,Easy,Low,Hard,Misclassification,Classify by stem first,Same,As applicable,30–60s,Stem patterns,A sum triples in 10 years at simple interest. What is the annual rate?
REA-1903,2025,23 Sep | Shift 1,General Intelligence and Reasoning,Coding-Decoding,Matrix / code-table coding,lookup mapping,Matrix / code-table coding,Symbolic MCQ,Easy,Low,Easy,Row/col swap,Build map; decode stepwise,Map once,Check lookups,40–65s,Table lookup,"If TABLE is coded as UBCMF, how is UBCMF coded?"
REA-1904,2025,23 Sep | Shift 1,General Intelligence and Reasoning,Analogy,Number analogy,operation across pair,Number analogy (a:b :: c:?),Symbolic MCQ,Easy,Low,Easy,Digit-splitting,Find op mapping first pair; apply,Test squares/cubes first,Test options in mapping,35–60s,Whole-number ops,Find the missing number: 16 : 4096 :: 18 : ?
REA-1905,2025,23 Sep | Shift 1,General Intelligence and Reasoning,Syllogism & Conclusions,General syllogism task,Venn/test method,General syllogism task,Statement battery,Medium,Low,Hard,Leap of logic,Diagram or conclusion testing,Universal-first,Kill false ones,45–75s,Venn method,Read the given statement and conclusions carefully. Statement: 1. All chairs are tables. 2. Some tables are desks. Conclusion: I. Some chairs are desks. II. All desks are tables.
REA-1906,2025,23 Sep | Shift 1,General Intelligence and Reasoning,Miscellaneous (Reasoning),Unclassified reasoning item,mixed skill,Unclassified reasoning item,Reasoning MCQ,Easy,Low,Hard,Misclassification,Classify by stem first,Same,As applicable,30–60s,Stem patterns,"If 6 workers can complete 6 tasks in 6 hours, how many workers are needed to complete 60 tasks in 60 hours?"
REA-1907,2025,23 Sep | Shift 1,General Intelligence and Reasoning,Number / Alphabet Series,Mixed-operation series,combined rules,Mixed-operation series,Symbolic MCQ,Easy,Low,Easy,Single-rule force,Try halves/alternation/split,Option back-fit,Test options in sequence,45–75s,Multi-rule toolkit,"Find the pair that does NOT follow the double-step pattern. A2, C4, E6, G8, I11"
REA-1908,2025,23 Sep | Shift 1,General Intelligence and Reasoning,Coding-Decoding,Letter-shift transform,equal shift -3 per letter,Letter-shift transform (uniform),Symbolic MCQ,Easy,Low,Easy,First-letter only,Compute per-position shift; apply,First-letter shift only,Verify all positions,30–50s,A1Z26 shifts,"If in a code language, 'DOG' is written as 'GRJ', then 'CAT' is written as?"
REA-1909,2025,23 Sep | Shift 1,General Intelligence and Reasoning,Number / Alphabet Series,Mixed-operation series,combined rules,Mixed-operation series,Symbolic MCQ,Easy,Low,Easy,Single-rule force,Try halves/alternation/split,Option back-fit,Test options in sequence,45–75s,Multi-rule toolkit,"Which number breaks the pattern? 2, 5, 10, 17, 26, 40"
REA-1910,2025,23 Sep | Shift 1,General Intelligence and Reasoning,Attention to Detail,Exact string/address match,character scan,Exact string/address match,Reasoning MCQ,Easy,Low,Easy,Skim reading,Chunk-wise compare,Chunk compare,Diff-scan options,20–35s,Careful scanning,"Choose the address that is the same as the one given below. Flat 302, Block-B, Shanti Nagar, Lucknow, Uttar Pradesh - 226010"
REA-1911,2025,23 Sep | Shift 1,General Intelligence and Reasoning,Coding-Decoding,Alphanumeric / position-sum coding,letters ↔ numbers,Alphanumeric / position-sum coding,Symbolic MCQ,Easy,Low,Easy,A=0 indexing,Sum positions / reverse-sum; test,Position sums first,Verify sums match,30–50s,A1Z26 sums,"If 'APPLE' is coded as '1-16-16-12-5', how will 'ELPPA' be coded?"
REA-1912,2025,23 Sep | Shift 1,General Intelligence and Reasoning,Syllogism & Conclusions,General syllogism task,Venn/test method,General syllogism task,Statement battery,Medium,Low,Hard,Leap of logic,Diagram or conclusion testing,Universal-first,Kill false ones,45–75s,Venn method,Statement: 1. All roses are flowers. 2. Some flowers are yellow. Conclusions: I. Some roses are yellow. II. All yellow are flowers.
REA-1913,2025,23 Sep | Shift 1,General Intelligence and Reasoning,Coding-Decoding,General code transform,encode/decode map,General code transform,Symbolic MCQ,Easy,Low,Hard,Assuming shift,Map Q→option transforms,Position map,Verify mapping,35–60s,Transform inventory,"If ""DELHI"" is written as ""GHOKL"", how will ""MUMBAI"" be written?"
REA-1914,2025,23 Sep | Shift 1,General Intelligence and Reasoning,Miscellaneous (Reasoning),Unclassified reasoning item,mixed skill,Unclassified reasoning item,Reasoning MCQ,Easy,Low,Hard,Misclassification,Classify by stem first,Same,As applicable,30–60s,Stem patterns,"If 43= 64, then 83= ?"
REA-1915,2025,23 Sep | Shift 1,General Intelligence and Reasoning,Blood Relations,Direct relation,single-hop map,Direct relation (1–2 links),Reasoning MCQ,Easy,Low,Easy,Gender flip,Direct map; check gender,Same,Verify gender,25–40s,Relation map,A is the father of B and C. How are B and C related?
REA-1916,2025,23 Sep | Shift 1,General Intelligence and Reasoning,Classification / Odd-One-Out,Bare odd-one-out,option-driven,Bare odd-one-out (inspect options),Symbolic MCQ,Easy,Low,Easy,First-option bias,Test number letter word property per option,Kill three alike,Check all options,30-50s,Property scan,Find the odd one out:
REA-1917,2025,23 Sep | Shift 1,General Intelligence and Reasoning,Syllogism & Conclusions,General syllogism task,Venn/test method,General syllogism task,Statement battery,Medium,Low,Hard,Leap of logic,Diagram or conclusion testing,Universal-first,Kill false ones,45–75s,Venn method,Statements: 1. Some fruits are apples. 2. All apples are good. Conclusions: I. Some fruits are good. II. All good are fruits.
REA-1918,2025,23 Sep | Shift 1,General Intelligence and Reasoning,Coding-Decoding,General code transform,encode/decode map,General code transform,Symbolic MCQ,Easy,Low,Hard,Assuming shift,Map Q→option transforms,Position map,Verify mapping,35–60s,Transform inventory,"If TIGER is coded as UJHFS, how is UJHFS coded?"
REA-1919,2025,23 Sep | Shift 1,General Intelligence and Reasoning,Miscellaneous (Reasoning),Unclassified reasoning item,mixed skill,Unclassified reasoning item,Reasoning MCQ,Easy,Low,Hard,Misclassification,Classify by stem first,Same,As applicable,30–60s,Stem patterns,What should come at the place of question mark? 3 × 4 + 5 = ?
REA-1920,2025,23 Sep | Shift 1,General Intelligence and Reasoning,Miscellaneous (Reasoning),Unclassified reasoning item,mixed skill,Unclassified reasoning item,Reasoning MCQ,Easy,Low,Hard,Misclassification,Classify by stem first,Same,As applicable,30–60s,Stem patterns,A person spends 3/5 of his income and saves ₹4000. What is his income?
REA-1921,2025,23 Sep | Shift 1,General Intelligence and Reasoning,Mathematical Operators,Custom-operator substitution,symbol remap,Custom-operator substitution,Symbolic MCQ,Easy,Low,Easy,Original meaning kept,Remap symbols; BODMAS evaluate,Remap inline,Check remap direction,40–65s,Remap + BODMAS,"If @ = +, # = -, $ = ×, & = ÷, then 8 @ 4 # 2 = ?"
REA-1922,2025,23 Sep | Shift 1,General Intelligence and Reasoning,Coding-Decoding,Alphanumeric / position-sum coding,letters ↔ numbers,Alphanumeric / position-sum coding,Symbolic MCQ,Easy,Low,Easy,A=0 indexing,Sum positions / reverse-sum; test,Position sums first,Verify sums match,30–50s,A1Z26 sums,"Using the reverse code (Z = 1, Y = 2, ...), what is the sum of the reverse positions of the first and last letters of ""LIBRARY""?"
REA-1923,2025,23 Sep | Shift 1,General Intelligence and Reasoning,Mathematical Operators,General operator fill,BODMAS trial,General operator fill,Symbolic MCQ,Easy,Low,Hard,No-bracket math,Try options with BODMAS,Estimate first,Kill by size,40–65s,BODMAS,"If 7 @ 3 = 73 and 9 @ 2 = 92, what is 6 @ 4?"
REA-1924,2025,23 Sep | Shift 1,General Intelligence and Reasoning,Miscellaneous (Reasoning),Unclassified reasoning item,mixed skill,Unclassified reasoning item,Reasoning MCQ,Easy,Low,Hard,Misclassification,Classify by stem first,Same,As applicable,30–60s,Stem patterns,What should come at the place of question mark? 52+ 122= ?
REA-1925,2025,23 Sep | Shift 1,General Intelligence and Reasoning,Number / Alphabet Series,Constant-difference series,AP with d=2,Constant-difference series,Symbolic MCQ,Easy,Low,Easy,Assuming +1,Add d each step,Extend one step,Eliminate non-AP options,15–30s,AP extension,"What comes next? A1, C3, E5, G7, ?"
REA-1926,2025,23 Sep | Shift 2,General Intelligence and Reasoning,Mathematical Operators,General operator fill,BODMAS trial,General operator fill,Symbolic MCQ,Easy,Low,Hard,No-bracket math,Try options with BODMAS,Estimate first,Kill by size,40–65s,BODMAS,"If 4 + 6 = 46 and 5 + 7 = 57, then 8 + 3 = ?"
REA-1927,2025,23 Sep | Shift 2,General Intelligence and Reasoning,Number / Alphabet Series,Second-order AP,second diff=2,Second-order AP (increasing differences),Symbolic MCQ,Easy,Low,Easy,Constant-diff guess,Build difference table,Last gap + last diff,Check last-gap options,30–50s,Difference tables,"Find the missing term in the series. 2, 6, 12, 20, 30, ?"
REA-1928,2025,23 Sep | Shift 2,General Intelligence and Reasoning,Attention to Detail,Exact string/address match,character scan,Exact string/address match,Reasoning MCQ,Easy,Low,Easy,Skim reading,Chunk-wise compare,Chunk compare,Diff-scan options,20–35s,Careful scanning,"Choose the address that is the same as the one given below. Sample Address: Flat No. 302, Green Valley, Sector 15, Noida, Uttar Pradesh - 201301"
REA-1929,2025,23 Sep | Shift 2,General Intelligence and Reasoning,Number / Alphabet Series,Mixed-operation series,combined rules,Mixed-operation series,Symbolic MCQ,Medium,Medium,Easy,Single-rule force,Try halves/alternation/split,Option back-fit,Test options in sequence,45–75s,Multi-rule toolkit,"In a series of workshops held daily from 5 Mar 2023 to 12 Mar 2023: Delhi - 5 Mar, Jaipur - 6 Mar, Bhopal - 7 Mar, Lucknow - 8 Mar, Ranchi - 9 Mar, How many days after the workshop in Jaipur did the workshop in Ranchi occur?"
REA-1930,2025,23 Sep | Shift 2,General Intelligence and Reasoning,Miscellaneous (Reasoning),Unclassified reasoning item,mixed skill,Unclassified reasoning item,Reasoning MCQ,Easy,Low,Hard,Misclassification,Classify by stem first,Same,As applicable,30–60s,Stem patterns,The product of two numbers is 1800 and their HCF is 20. What is their LCM?
REA-1931,2025,23 Sep | Shift 2,General Intelligence and Reasoning,Miscellaneous (Reasoning),Unclassified reasoning item,mixed skill,Unclassified reasoning item,Reasoning MCQ,Easy,Low,Hard,Misclassification,Classify by stem first,Same,As applicable,30–60s,Stem patterns,A shopkeeper buys an item for ₹150. He wants 10% profit. What is the selling price?
REA-1932,2025,23 Sep | Shift 2,General Intelligence and Reasoning,Miscellaneous (Reasoning),Unclassified reasoning item,mixed skill,Unclassified reasoning item,Reasoning MCQ,Easy,Low,Hard,Misclassification,Classify by stem first,Same,As applicable,30–60s,Stem patterns,8 people contribute ₹50 each. 4 leave. What should each of the remaining pay to keep total same?
REA-1933,2025,23 Sep | Shift 2,General Intelligence and Reasoning,Mathematical Operators,General operator fill,BODMAS trial,General operator fill,Symbolic MCQ,Easy,Low,Hard,No-bracket math,Try options with BODMAS,Estimate first,Kill by size,40–65s,BODMAS,"If 7 × 9 = 63 and 6 × 9 = 54, then 5 × 7 = ?"
REA-1934,2025,23 Sep | Shift 2,General Intelligence and Reasoning,Miscellaneous (Reasoning),Unclassified reasoning item,mixed skill,Unclassified reasoning item,Reasoning MCQ,Easy,Low,Hard,Misclassification,Classify by stem first,Same,As applicable,30–60s,Stem patterns,A car covers 150 km in 3 hours. What is its speed in km/hr?
REA-1935,2025,23 Sep | Shift 2,General Intelligence and Reasoning,Miscellaneous (Reasoning),Unclassified reasoning item,mixed skill,Unclassified reasoning item,Reasoning MCQ,Easy,Low,Hard,Misclassification,Classify by stem first,Same,As applicable,30–60s,Stem patterns,Choose the different one.
REA-1936,2025,23 Sep | Shift 2,General Intelligence and Reasoning,Coding-Decoding,General code transform,encode/decode map,General code transform,Symbolic MCQ,Easy,Low,Hard,Assuming shift,Map Q→option transforms,Position map,Verify mapping,35–60s,Transform inventory,"If GAME is coded as HBNF, then PLAY will be coded as?"
REA-1937,2025,23 Sep | Shift 2,General Intelligence and Reasoning,Miscellaneous (Reasoning),Unclassified reasoning item,mixed skill,Unclassified reasoning item,Reasoning MCQ,Easy,Low,Hard,Misclassification,Classify by stem first,Same,As applicable,30–60s,Stem patterns,Which roll number has a digital root equal to 6?
REA-1938,2025,23 Sep | Shift 2,General Intelligence and Reasoning,Coding-Decoding,Letter-shift transform,equal shift -1 per letter,Letter-shift transform (uniform),Symbolic MCQ,Easy,Low,Easy,First-letter only,Compute per-position shift; apply,First-letter shift only,Verify all positions,30–50s,A1Z26 shifts,"If ""TABLE"" is written as ""UBCMF"", how will ""CHAIR"" be written?"
REA-1939,2025,23 Sep | Shift 2,General Intelligence and Reasoning,Number / Alphabet Series,Constant-shift alphabet series,"shift [2, 2] per step",Constant-shift alphabet series,Symbolic MCQ,Easy,Low,Easy,Reading as words,Shift each letter,Same,Check first-letter options,20–35s,A1Z26 shifts,"What comes next? AB, CD, EF, ?"
REA-1940,2025,23 Sep | Shift 2,General Intelligence and Reasoning,Miscellaneous (Reasoning),Unclassified reasoning item,mixed skill,Unclassified reasoning item,Reasoning MCQ,Easy,Low,Hard,Misclassification,Classify by stem first,Same,As applicable,30–60s,Stem patterns,"If 9 : 81 and 8 : 64, then 7 : ?"
REA-1941,2025,23 Sep | Shift 2,General Intelligence and Reasoning,Number / Alphabet Series,Multiply-add,×2+1,Multiply-add (×k±c) series,Symbolic MCQ,Easy,Low,Easy,Pure multiply,Apply ×k±c,Same,Test last step,30–50s,×k±c test,"What should come next? 7, 15, 31, 63, 127, ?"
REA-1942,2025,23 Sep | Shift 2,General Intelligence and Reasoning,Number / Alphabet Series,Geometric series,ratio=2.0,Geometric series,Symbolic MCQ,Easy,Low,Easy,Adding instead,Multiply by ratio,Same,Eliminate non-multiples,20–35s,Ratio test,"Complete the series: 5, 10, 20, 40, ?"
REA-1943,2025,23 Sep | Shift 2,General Intelligence and Reasoning,Number / Alphabet Series,Constant-shift alphabet series,shift [4] per step,Constant-shift alphabet series,Symbolic MCQ,Easy,Low,Easy,Reading as words,Shift each letter,Same,Check first-letter options,20–35s,A1Z26 shifts,"What comes next in the series? B, F, J, N, ?"
REA-1944,2025,23 Sep | Shift 2,General Intelligence and Reasoning,Number / Alphabet Series,General series completion,pattern extension,General series completion,Symbolic MCQ,Easy,Low,Easy,Random guess,List candidates; test,Option test,Check fit,30–60s,Pattern toolkit,Find the missing number: 152: ?
REA-1945,2025,23 Sep | Shift 2,General Intelligence and Reasoning,Coding-Decoding,General code transform,encode/decode map,General code transform,Symbolic MCQ,Easy,Low,Hard,Assuming shift,Map Q→option transforms,Position map,Verify mapping,35–60s,Transform inventory,"In a code language: 'cat dog fish' = 'aaa, bbb, ccc' 'fish lion cat' = 'ccc, ddd, aaa' 'lion dog tiger' = 'ddd, bbb, eee'. What is the code for 'cat lion dog'?"
REA-1946,2025,23 Sep | Shift 2,General Intelligence and Reasoning,Analogy,Number analogy,operation across pair,Number analogy (a:b :: c:?),Symbolic MCQ,Easy,Low,Easy,Digit-splitting,Find op mapping first pair; apply,Test squares/cubes first,Test options in mapping,35–60s,Whole-number ops,Find the missing number: 32 : 5 :: 645 : ?
REA-1947,2025,23 Sep | Shift 2,General Intelligence and Reasoning,Syllogism & Conclusions,General syllogism task,Venn/test method,General syllogism task,Statement battery,Medium,Low,Hard,Leap of logic,Diagram or conclusion testing,Universal-first,Kill false ones,45–75s,Venn method,Statement: 1. Some pens are markers. 2. All markers are tools. Conclusions: I. Some pens are tools. II. All tools are markers.
REA-1948,2025,23 Sep | Shift 2,General Intelligence and Reasoning,Miscellaneous (Reasoning),Unclassified reasoning item,mixed skill,Unclassified reasoning item,Reasoning MCQ,Easy,Low,Hard,Misclassification,Classify by stem first,Same,As applicable,30–60s,Stem patterns,Which pair belongs to the same examination centre (same first three digits)?
REA-1949,2025,23 Sep | Shift 2,General Intelligence and Reasoning,Miscellaneous (Reasoning),Unclassified reasoning item,mixed skill,Unclassified reasoning item,Reasoning MCQ,Easy,Low,Hard,Misclassification,Classify by stem first,Same,As applicable,30–60s,Stem patterns,Find the word that can be formed from the letters of: DEVELOPMENT
REA-1950,2025,23 Sep | Shift 2,General Intelligence and Reasoning,Syllogism & Conclusions,General syllogism task,Venn/test method,General syllogism task,Statement battery,Medium,Low,Hard,Leap of logic,Diagram or conclusion testing,Universal-first,Kill false ones,45–75s,Venn method,Statement: 1. Some X are Y. 2. All Y are Z. 3. No Z is W. Conclusions: I. Some X are not W. II. No Y is W.
REA-1951,2025,23 Sep | Shift 3,General Intelligence and Reasoning,Coding-Decoding,General code transform,encode/decode map,General code transform,Symbolic MCQ,Easy,Low,Hard,Assuming shift,Map Q→option transforms,Position map,Verify mapping,35–60s,Transform inventory,"In a certain code, TRAIN is written as USBJO. How will PLANE be written?"
REA-1952,2025,23 Sep | Shift 3,General Intelligence and Reasoning,Mathematical Operators,Custom-operator substitution,symbol remap,Custom-operator substitution,Symbolic MCQ,Easy,Low,Easy,Original meaning kept,Remap symbols; BODMAS evaluate,Remap inline,Check remap direction,40–65s,Remap + BODMAS,"If @ means × and # means +, then 6 @ 2 # 3 = ?"
REA-1953,2025,23 Sep | Shift 3,General Intelligence and Reasoning,Number / Alphabet Series,Alphabet-position series,A1Z26 logic,Alphabet-position series,Symbolic MCQ,Easy,Low,Easy,Reading letters,Convert; find numeric rule,Same,Test numeric fit,30–55s,A1Z26 map,"Which letter trio does NOT follow ascending order? ABC, BCD, EDC, DEF"
REA-1954,2025,23 Sep | Shift 3,General Intelligence and Reasoning,Syllogism & Conclusions,General syllogism task,Venn/test method,General syllogism task,Statement battery,Medium,Low,Hard,Leap of logic,Diagram or conclusion testing,Universal-first,Kill false ones,45–75s,Venn method,Read the given statement and conclusions carefully. Decide which conclusion(s) is/are definitely TRUE. Statement: 1. All pens are pencils. 2. Some pencils are erasers. Conclusion: I. Some erasers are pens. II. Some pens are pencils.
REA-1955,2025,23 Sep | Shift 3,General Intelligence and Reasoning,Syllogism & Conclusions,General syllogism task,Venn/test method,General syllogism task,Statement battery,Medium,Low,Hard,Leap of logic,Diagram or conclusion testing,Universal-first,Kill false ones,45–75s,Venn method,Statement: 1. Some apples are mangoes. 2. All mangoes are fruits. Conclusions: I. Some apples are fruits. II. All apples are fruits.
REA-1956,2025,23 Sep | Shift 3,General Intelligence and Reasoning,Number / Alphabet Series,Mixed-operation series,combined rules,Mixed-operation series,Symbolic MCQ,Easy,Low,Easy,Single-rule force,Try halves/alternation/split,Option back-fit,Test options in sequence,45–75s,Multi-rule toolkit,"Find the missing number: 4, 9, 19, 39, ?, 159"
REA-1957,2025,23 Sep | Shift 3,General Intelligence and Reasoning,Miscellaneous (Reasoning),Unclassified reasoning item,mixed skill,Unclassified reasoning item,Reasoning MCQ,Easy,Low,Hard,Misclassification,Classify by stem first,Same,As applicable,30–60s,Stem patterns,"The workshop in Jaipur was held 3 days after the one in Bhopal. Delhi's workshop was 2 days before Bhopal. If the workshop in Delhi was on 10 May, when was the workshop in Jaipur?"
REA-1958,2025,23 Sep | Shift 3,General Intelligence and Reasoning,Attention to Detail,Exact string/address match,character scan,Exact string/address match,Reasoning MCQ,Easy,Low,Easy,Skim reading,Chunk-wise compare,Chunk compare,Diff-scan options,20–35s,Careful scanning,"Choose the address that is the same as the one given below. Flat No. 12, Blue Heights, MG Road, Pune, Maharashtra - 411001"
REA-1959,2025,23 Sep | Shift 3,General Intelligence and Reasoning,Number / Alphabet Series,Mixed-operation series,combined rules,Mixed-operation series,Symbolic MCQ,Easy,Low,Easy,Single-rule force,Try halves/alternation/split,Option back-fit,Test options in sequence,45–75s,Multi-rule toolkit,"What should come in place of the question mark '?' in the following number series? 7, 11, 18, 28, 41, ?, 76"
REA-1960,2025,23 Sep | Shift 3,General Intelligence and Reasoning,Number / Alphabet Series,Mixed-operation series,combined rules,Mixed-operation series,Symbolic MCQ,Easy,Low,Easy,Single-rule force,Try halves/alternation/split,Option back-fit,Test options in sequence,45–75s,Multi-rule toolkit,"What comes next? 2, 6, 7, 21, 22, ?"
REA-1961,2025,23 Sep | Shift 3,General Intelligence and Reasoning,Number / Alphabet Series,Constant-shift alphabet series,"shift [2, 2] per step",Constant-shift alphabet series,Symbolic MCQ,Easy,Low,Easy,Reading as words,Shift each letter,Same,Check first-letter options,20–35s,A1Z26 shifts,"What comes next? DF, FH, HJ, ?"
REA-1962,2025,23 Sep | Shift 3,General Intelligence and Reasoning,Miscellaneous (Reasoning),Unclassified reasoning item,mixed skill,Unclassified reasoning item,Reasoning MCQ,Easy,Low,Hard,Misclassification,Classify by stem first,Same,As applicable,30–60s,Stem patterns,Which letter lies exactly between D and L in the English alphabet?
REA-1963,2025,23 Sep | Shift 3,General Intelligence and Reasoning,Mathematical Operators,General operator fill,BODMAS trial,General operator fill,Symbolic MCQ,Easy,Low,Hard,No-bracket math,Try options with BODMAS,Estimate first,Kill by size,40–65s,BODMAS,"If 5 × 5 = 25 and 6 × 6 = 36, then 7 × 7 = ?"
REA-1964,2025,23 Sep | Shift 3,General Intelligence and Reasoning,Dice & Cubes,General dice/cube,spatial logic,General dice/cube,Reasoning MCQ,Easy,Low,Hard,Opposite adjacency,Opposite-face / net analysis,Net mapping,Check adjacency,30–55s,Spatial rules,The price of an article first increases by 10% and then decreases by 10%. What is the net percentage change?
REA-1965,2025,23 Sep | Shift 3,General Intelligence and Reasoning,Miscellaneous (Reasoning),Unclassified reasoning item,mixed skill,Unclassified reasoning item,Reasoning MCQ,Easy,Low,Hard,Misclassification,Classify by stem first,Same,As applicable,30–60s,Stem patterns,What is the product of all even digits from 0 to 8?
REA-1966,2025,23 Sep | Shift 3,General Intelligence and Reasoning,Coding-Decoding,General code transform,encode/decode map,General code transform,Symbolic MCQ,Easy,Low,Hard,Assuming shift,Map Q→option transforms,Position map,Verify mapping,35–60s,Transform inventory,"If ""BRIDGE"" is coded as ""CSJEHF"", how is ""PLANT"" coded?"
REA-1967,2025,23 Sep | Shift 3,General Intelligence and Reasoning,Coding-Decoding,General code transform,encode/decode map,General code transform,Symbolic MCQ,Easy,Low,Hard,Assuming shift,Map Q→option transforms,Position map,Verify mapping,35–60s,Transform inventory,"If SMILE is coded as TNJMF, how is TNJMF coded?"
REA-1968,2025,23 Sep | Shift 3,General Intelligence and Reasoning,Blood Relations,Direct relation,single-hop map,Direct relation (1–2 links),Reasoning MCQ,Easy,Low,Easy,Gender flip,Direct map; check gender,Same,Verify gender,25–40s,Relation map,A is the sister of B. C is the son of B. How is A related to C?
REA-1969,2025,23 Sep | Shift 3,General Intelligence and Reasoning,Coding-Decoding,Alphanumeric / position-sum coding,letters ↔ numbers,Alphanumeric / position-sum coding,Symbolic MCQ,Easy,Low,Easy,A=0 indexing,Sum positions / reverse-sum; test,Position sums first,Verify sums match,30–50s,A1Z26 sums,"In a certain code, ‘BOOK’ is coded as ‘2-15-15-11’. How will ‘KOOB’ be coded?"
REA-1970,2025,23 Sep | Shift 3,General Intelligence and Reasoning,Classification / Odd-One-Out,Bare odd-one-out,option-driven,Bare odd-one-out (inspect options),Symbolic MCQ,Easy,Low,Easy,First-option bias,Test number letter word property per option,Kill three alike,Check all options,30-50s,Property scan,"Find the ODD one out. Everest, K2, Kanchenjunga, Aravali"
REA-1971,2025,23 Sep | Shift 3,General Intelligence and Reasoning,Miscellaneous (Reasoning),Unclassified reasoning item,mixed skill,Unclassified reasoning item,Reasoning MCQ,Easy,Low,Hard,Misclassification,Classify by stem first,Same,As applicable,30–60s,Stem patterns,What is the sum of all odd digits from 1 to 9?
REA-1972,2025,23 Sep | Shift 3,General Intelligence and Reasoning,Miscellaneous (Reasoning),Unclassified reasoning item,mixed skill,Unclassified reasoning item,Reasoning MCQ,Easy,Low,Hard,Misclassification,Classify by stem first,Same,As applicable,30–60s,Stem patterns,Identify the different island.
REA-1973,2025,23 Sep | Shift 3,General Intelligence and Reasoning,Syllogism & Conclusions,General syllogism task,Venn/test method,General syllogism task,Statement battery,Medium,Low,Hard,Leap of logic,Diagram or conclusion testing,Universal-first,Kill false ones,45–75s,Venn method,Statements: 1. Some cars are bikes. 2. Some bikes are trucks. Conclusions: I. Some trucks are cars. II. All bikes being cars is a possibility.
REA-1974,2025,23 Sep | Shift 3,General Intelligence and Reasoning,Number / Alphabet Series,Constant-difference series,AP with d=-10,Constant-difference series,Symbolic MCQ,Easy,Low,Easy,Assuming +1,Add d each step,Extend one step,Eliminate non-AP options,15–30s,AP extension,"What should come in place of the question mark? 150, 140, 130, 120, 110, ?"
REA-1975,2025,23 Sep | Shift 3,General Intelligence and Reasoning,Coding-Decoding,General code transform,encode/decode map,General code transform,Symbolic MCQ,Easy,Low,Hard,Assuming shift,Map Q→option transforms,Position map,Verify mapping,35–60s,Transform inventory,"If TIGER is written as REGIT, then how is HORSE written in that code?"
REA-1976,2025,24 Sep | Shift 1,General Intelligence and Reasoning,Number / Alphabet Series,Mixed-operation series,combined rules,Mixed-operation series,Symbolic MCQ,Easy,Low,Easy,Single-rule force,Try halves/alternation/split,Option back-fit,Test options in sequence,45–75s,Multi-rule toolkit,"Find the missing number: 5, 15, 35, 75, ?"
REA-1977,2025,24 Sep | Shift 1,General Intelligence and Reasoning,Miscellaneous (Reasoning),Unclassified reasoning item,mixed skill,Unclassified reasoning item,Reasoning MCQ,Easy,Low,Hard,Misclassification,Classify by stem first,Same,As applicable,30–60s,Stem patterns,Rs. 900 shared among 9 people. 3 back out. What's new share per person?
REA-1978,2025,24 Sep | Shift 1,General Intelligence and Reasoning,Number / Alphabet Series,Mixed-operation series,combined rules,Mixed-operation series,Symbolic MCQ,Easy,Low,Easy,Single-rule force,Try halves/alternation/split,Option back-fit,Test options in sequence,45–75s,Multi-rule toolkit,"Find the missing term. 6, 12, 24, 30, 60, ?"
REA-1979,2025,24 Sep | Shift 1,General Intelligence and Reasoning,Number / Alphabet Series,Alternating,even/odd positions separate APs,Alternating (two interleaved) series,Symbolic MCQ,Easy,Low,Easy,Single-sequence fit,Split positions; extend needed one,Parity check,Check position parity,30–50s,Interleaving,"What should come in place of the question mark '?' in the following number series? 72, 71, 74, 69, 76, ?"
REA-1980,2025,24 Sep | Shift 1,General Intelligence and Reasoning,Coding-Decoding,General code transform,encode/decode map,General code transform,Symbolic MCQ,Easy,Low,Hard,Assuming shift,Map Q→option transforms,Position map,Verify mapping,35–60s,Transform inventory,"In a certain code language, 'play with fire' is coded as 'ab, cd, ef', 'fire and water' is coded as 'ef, gh, ij', 'play and rain' is coded as 'ab, gh, kl'. How will 'with rain play' be coded in the same language?"
REA-1981,2025,24 Sep | Shift 1,General Intelligence and Reasoning,Number / Alphabet Series,Constant-shift alphabet series,shift [3] per step,Constant-shift alphabet series,Symbolic MCQ,Easy,Low,Easy,Reading as words,Shift each letter,Same,Check first-letter options,20–35s,A1Z26 shifts,"What comes next in the series? C, F, I, L, ?"
REA-1982,2025,24 Sep | Shift 1,General Intelligence and Reasoning,Number / Alphabet Series,Second-order AP,second diff=1,Second-order AP (increasing differences),Symbolic MCQ,Easy,Low,Easy,Constant-diff guess,Build difference table,Last gap + last diff,Check last-gap options,30–50s,Difference tables,"Find the missing term. 3, 5, 8, 12, 17, 23, ?"
REA-1983,2025,24 Sep | Shift 1,General Intelligence and Reasoning,Attention to Detail,Exact string/address match,character scan,Exact string/address match,Reasoning MCQ,Easy,Low,Easy,Skim reading,Chunk-wise compare,Chunk compare,Diff-scan options,20–35s,Careful scanning,"Choose the address that is the same as the one given below. House No. 45, Sector 12, Noida - 201301"
REA-1984,2025,24 Sep | Shift 1,General Intelligence and Reasoning,Syllogism & Conclusions,General syllogism task,Venn/test method,General syllogism task,Statement battery,Medium,Low,Hard,Leap of logic,Diagram or conclusion testing,Universal-first,Kill false ones,45–75s,Venn method,Statement: 1. All books are papers. 2. No paper is plastic. Conclusions: I. No book is plastic. II. Some plastics are books.
REA-1985,2025,24 Sep | Shift 1,General Intelligence and Reasoning,Number / Alphabet Series,Geometric series,ratio=3.0,Geometric series,Symbolic MCQ,Easy,Low,Easy,Adding instead,Multiply by ratio,Same,Eliminate non-multiples,20–35s,Ratio test,"What is the next number in the series? 4, 12, 36, 108, ?"
REA-1986,2025,24 Sep | Shift 1,General Intelligence and Reasoning,Classification / Odd-One-Out,Bare odd-one-out,option-driven,Bare odd-one-out (inspect options),Symbolic MCQ,Easy,Low,Easy,First-option bias,Test number letter word property per option,Kill three alike,Check all options,30-50s,Property scan,Find the ODD one out from the given options.
REA-1987,2025,24 Sep | Shift 1,General Intelligence and Reasoning,Syllogism & Conclusions,General syllogism task,Venn/test method,General syllogism task,Statement battery,Medium,Low,Hard,Leap of logic,Diagram or conclusion testing,Universal-first,Kill false ones,45–75s,Venn method,Statement: 1. All birds are animals. 2. Some animals are wild. Conclusions: I. Some birds are wild. II. Some animals are birds.
REA-1988,2025,24 Sep | Shift 1,General Intelligence and Reasoning,Miscellaneous (Reasoning),Unclassified reasoning item,mixed skill,Unclassified reasoning item,Reasoning MCQ,Easy,Low,Hard,Misclassification,Classify by stem first,Same,As applicable,30–60s,Stem patterns,"The seminar in Jaipur happened 4 days before Bhopal. The seminar in Lucknow happened 3 days after Bhopal. If Jaipur's seminar was on 10 September, when was Lucknow's?"
REA-1989,2025,24 Sep | Shift 1,General Intelligence and Reasoning,Coding-Decoding,Letter-shift transform,equal shift -2 per letter,Letter-shift transform (uniform),Symbolic MCQ,Easy,Low,Easy,First-letter only,Compute per-position shift; apply,First-letter shift only,Verify all positions,30–50s,A1Z26 shifts,"If ""RAMA"" is written as ""TCOC"", how will ""SITA"" be written?"
REA-1990,2025,24 Sep | Shift 1,General Intelligence and Reasoning,Miscellaneous (Reasoning),Unclassified reasoning item,mixed skill,Unclassified reasoning item,Reasoning MCQ,Easy,Low,Hard,Misclassification,Classify by stem first,Same,As applicable,30–60s,Stem patterns,A sum of money becomes Rs. 8800 after 2 years and Rs. 9680 after 3 years at compound interest. What is the rate of interest per annum?
REA-1991,2025,24 Sep | Shift 1,General Intelligence and Reasoning,Number / Alphabet Series,Mixed-operation series,combined rules,Mixed-operation series,Symbolic MCQ,Easy,Low,Easy,Single-rule force,Try halves/alternation/split,Option back-fit,Test options in sequence,45–75s,Multi-rule toolkit,"Find the WRONG term in the given series. 15, 46, 139, 419, 1255, 3766"
REA-1992,2025,24 Sep | Shift 1,General Intelligence and Reasoning,Number / Alphabet Series,Constant-shift alphabet series,"shift [3, 3] per step",Constant-shift alphabet series,Symbolic MCQ,Easy,Low,Easy,Reading as words,Shift each letter,Same,Check first-letter options,20–35s,A1Z26 shifts,"What comes next? AB, DE, GH, JK, ?"
REA-1993,2025,24 Sep | Shift 1,General Intelligence and Reasoning,Dice & Cubes,General dice/cube,spatial logic,General dice/cube,Reasoning MCQ,Easy,Low,Hard,Opposite adjacency,Opposite-face / net analysis,Net mapping,Check adjacency,30–55s,Spatial rules,A number is increased by 25% and then decreased by 20%. What is the net change in the number?
REA-1994,2025,24 Sep | Shift 1,General Intelligence and Reasoning,Miscellaneous (Reasoning),Unclassified reasoning item,mixed skill,Unclassified reasoning item,Reasoning MCQ,Easy,Low,Hard,Misclassification,Classify by stem first,Same,As applicable,30–60s,Stem patterns,"If 92= 81 and 122= 144, then 112= ?"
REA-1995,2025,24 Sep | Shift 1,General Intelligence and Reasoning,Miscellaneous (Reasoning),Unclassified reasoning item,mixed skill,Unclassified reasoning item,Reasoning MCQ,Easy,Low,Hard,Misclassification,Classify by stem first,Same,As applicable,30–60s,Stem patterns,"If 3:9 and 4:16, find 5:?"
REA-1996,2025,24 Sep | Shift 1,General Intelligence and Reasoning,Coding-Decoding,General code transform,encode/decode map,General code transform,Symbolic MCQ,Easy,Low,Hard,Assuming shift,Map Q→option transforms,Position map,Verify mapping,35–60s,Transform inventory,"If SCHOOL is coded as TDIPPM, how is MARKET coded in the same code?"
REA-1997,2025,24 Sep | Shift 1,General Intelligence and Reasoning,Dictionary & Word Formation,General order/formation,lexicographic/anagram,General order/formation,Reasoning MCQ,Easy,Low,Hard,Guessing,Compare/form stepwise,First-difference,Pairwise test,30–50s,Order basics,"From the given alternatives, find the word which cannot be formed from the letters used in the given word. DEDUCTION"
REA-1998,2025,24 Sep | Shift 1,General Intelligence and Reasoning,Mathematical Operators,Special-character replacement,symbol remap,Special-character replacement,Symbolic MCQ,Easy,Low,Easy,Original meaning kept,Map each symbol then apply BODMAS,Remap inline,Check mapping,40-65s,Remap plus BODMAS,Replace special characters with mathematical signs as given in options to make it meaningful equation. 8 $ 4 # 2 = 16
REA-1999,2025,24 Sep | Shift 1,General Intelligence and Reasoning,Miscellaneous (Reasoning),Unclassified reasoning item,mixed skill,Unclassified reasoning item,Reasoning MCQ,Easy,Low,Hard,Misclassification,Classify by stem first,Same,As applicable,30–60s,Stem patterns,Select the one that is different.
REA-2000,2025,24 Sep | Shift 1,General Intelligence and Reasoning,Number / Alphabet Series,Mixed-operation series,combined rules,Mixed-operation series,Symbolic MCQ,Easy,Low,Easy,Single-rule force,Try halves/alternation/split,Option back-fit,Test options in sequence,45–75s,Multi-rule toolkit,"Complete the series. 8, 27, 64, 125, ?"
REA-2001,2025,24 Sep | Shift 2,General Intelligence and Reasoning,Miscellaneous (Reasoning),Unclassified reasoning item,mixed skill,Unclassified reasoning item,Reasoning MCQ,Easy,Low,Hard,Misclassification,Classify by stem first,Same,As applicable,30–60s,Stem patterns,If 8 + 4 × 2 = ?.
REA-2002,2025,24 Sep | Shift 2,General Intelligence and Reasoning,Blood Relations,Direct relation,single-hop map,Direct relation (1–2 links),Reasoning MCQ,Easy,Low,Easy,Gender flip,Direct map; check gender,Same,Verify gender,25–40s,Relation map,A is the son of B. B is the sister of C. How is A related to C?
REA-2003,2025,24 Sep | Shift 2,General Intelligence and Reasoning,Miscellaneous (Reasoning),Unclassified reasoning item,mixed skill,Unclassified reasoning item,Reasoning MCQ,Easy,Low,Hard,Misclassification,Classify by stem first,Same,As applicable,30–60s,Stem patterns,If 15 ÷ 3 + 2 × 4 = ?
REA-2004,2025,24 Sep | Shift 2,General Intelligence and Reasoning,Attention to Detail,Exact string/address match,character scan,Exact string/address match,Reasoning MCQ,Easy,Low,Easy,Skim reading,Chunk-wise compare,Chunk compare,Diff-scan options,20–35s,Careful scanning,"Choose the address that is the same as the one given below. B-22, Lake View Road, Salt Lake, Kolkata - 700091"
REA-2005,2025,24 Sep | Shift 2,General Intelligence and Reasoning,Miscellaneous (Reasoning),Unclassified reasoning item,mixed skill,Unclassified reasoning item,Reasoning MCQ,Easy,Low,Hard,Misclassification,Classify by stem first,Same,As applicable,30–60s,Stem patterns,A man buys a pen for ₹5 and sells it for ₹8. He repeats this 50 times. Profit = ?
REA-2006,2025,24 Sep | Shift 2,General Intelligence and Reasoning,Classification / Odd-One-Out,Bare odd-one-out,option-driven,Bare odd-one-out (inspect options),Symbolic MCQ,Easy,Low,Easy,First-option bias,Test number letter word property per option,Kill three alike,Check all options,30-50s,Property scan,Find the odd one out.
REA-2007,2025,24 Sep | Shift 2,General Intelligence and Reasoning,Mathematical Operators,General operator fill,BODMAS trial,General operator fill,Symbolic MCQ,Easy,Low,Hard,No-bracket math,Try options with BODMAS,Estimate first,Kill by size,40–65s,BODMAS,"If 12 × 2 = 24 and 15 × 3 = 45, then 20 × 4 = ?"
REA-2008,2025,24 Sep | Shift 2,General Intelligence and Reasoning,Number / Alphabet Series,Mixed-operation series,combined rules,Mixed-operation series,Symbolic MCQ,Medium,Medium,Easy,Single-rule force,Try halves/alternation/split,Option back-fit,Test options in sequence,45–75s,Multi-rule toolkit,In a series of seminars held daily from 1 March to 8 March 2023: Mumbai - 1 March Pune - 2 March Nagpur - 3 March Surat - 4 March Indore - 5 March Bhopal - 6 March Jaipur - 7 March Agra - 8 March Which city's seminar was held exactly two days after Pune?
REA-2009,2025,24 Sep | Shift 2,General Intelligence and Reasoning,Coding-Decoding,General code transform,encode/decode map,General code transform,Symbolic MCQ,Easy,Low,Hard,Assuming shift,Map Q→option transforms,Position map,Verify mapping,35–60s,Transform inventory,"If GARDEN is coded as HBSEFO, how is HBSEFOcoded?"
REA-2010,2025,24 Sep | Shift 2,General Intelligence and Reasoning,Coding-Decoding,Letter transform,per-position mapping,Letter transform (mixed shifts),Symbolic MCQ,Easy,Low,Easy,Assuming uniform shift,Map every position 1:1; apply,Ends-first check,Verify full mapping,40–65s,Position mapping,"If 'TRAIN' is written as 'NIART', how will 'NIART' be written?"
REA-2011,2025,24 Sep | Shift 2,General Intelligence and Reasoning,Coding-Decoding,Alphanumeric / position-sum coding,letters ↔ numbers,Alphanumeric / position-sum coding,Symbolic MCQ,Easy,Low,Easy,A=0 indexing,Sum positions / reverse-sum; test,Position sums first,Verify sums match,30–50s,A1Z26 sums,"If in a code DOG = 4, 15, 7, what is the code for SUN?"
REA-2012,2025,24 Sep | Shift 2,General Intelligence and Reasoning,Dictionary & Word Formation,Dictionary order,letter-by-letter compare,Dictionary order,Reasoning MCQ,Easy,Low,Easy,Whole-word guess,Compare 1st differing letter,First-difference only,Sort pairwise,25–40s,Lexicographic compare,Which of the following words will come first in the dictionary?
REA-2013,2025,24 Sep | Shift 2,General Intelligence and Reasoning,Number / Alphabet Series,Mixed-operation series,combined rules,Mixed-operation series,Symbolic MCQ,Easy,Low,Easy,Single-rule force,Try halves/alternation/split,Option back-fit,Test options in sequence,45–75s,Multi-rule toolkit,"Find the INCORRECT number in the series. 4, 8, 12, 18, 16, 20"
REA-2014,2025,24 Sep | Shift 2,General Intelligence and Reasoning,Mathematical Operators,General operator fill,BODMAS trial,General operator fill,Symbolic MCQ,Easy,Low,Hard,No-bracket math,Try options with BODMAS,Estimate first,Kill by size,40–65s,BODMAS,"If 7#3 = 28 and 5#4 = 25, then 6#2 = ?"
REA-2015,2025,24 Sep | Shift 2,General Intelligence and Reasoning,Number / Alphabet Series,Squares / cubes pattern,perfect powers in order,Squares / cubes pattern,Symbolic MCQ,Easy,Low,Easy,Linear fit,Root sequence; extend,Root check,Check root fit,25–40s,Power list,"Complete the series. 1, 4, 9, 16, 25, ?"
REA-2016,2025,24 Sep | Shift 2,General Intelligence and Reasoning,Miscellaneous (Reasoning),Unclassified reasoning item,mixed skill,Unclassified reasoning item,Reasoning MCQ,Easy,Low,Hard,Misclassification,Classify by stem first,Same,As applicable,30–60s,Stem patterns,The sum of two numbers is 50 and their difference is 6. What is the product?
REA-2017,2025,24 Sep | Shift 2,General Intelligence and Reasoning,Miscellaneous (Reasoning),Unclassified reasoning item,mixed skill,Unclassified reasoning item,Reasoning MCQ,Easy,Low,Hard,Misclassification,Classify by stem first,Same,As applicable,30–60s,Stem patterns,Select the item that breaks the rule.
REA-2018,2025,24 Sep | Shift 2,General Intelligence and Reasoning,Number / Alphabet Series,Mixed-operation series,combined rules,Mixed-operation series,Symbolic MCQ,Easy,Low,Easy,Single-rule force,Try halves/alternation/split,Option back-fit,Test options in sequence,45–75s,Multi-rule toolkit,Find the missing number: 3 × 4 = 48 and 5 × 6 = 180 7 × 8 = ?
REA-2019,2025,24 Sep | Shift 2,General Intelligence and Reasoning,Coding-Decoding,General code transform,encode/decode map,General code transform,Symbolic MCQ,Easy,Low,Hard,Assuming shift,Map Q→option transforms,Position map,Verify mapping,35–60s,Transform inventory,"In a language, if 'sun moon star' is coded as 'la pa ra', 'moon sky cloud' as 'pa sa ta', and 'sky sun' as 'sa la', what is the code for 'star'?"
REA-2020,2025,24 Sep | Shift 2,General Intelligence and Reasoning,Coding-Decoding,General code transform,encode/decode map,General code transform,Symbolic MCQ,Easy,Low,Hard,Assuming shift,Map Q→option transforms,Position map,Verify mapping,35–60s,Transform inventory,"If in a code, LIGHT is written as OLJKW, how is SOUND written?"
REA-2021,2025,24 Sep | Shift 2,General Intelligence and Reasoning,Number / Alphabet Series,Constant-difference series,AP with d=2,Constant-difference series,Symbolic MCQ,Easy,Low,Easy,Assuming +1,Add d each step,Extend one step,Eliminate non-AP options,15–30s,AP extension,"What comes next? A1, C3, E5, G7, ?"
REA-2022,2025,24 Sep | Shift 2,General Intelligence and Reasoning,Miscellaneous (Reasoning),Unclassified reasoning item,mixed skill,Unclassified reasoning item,Reasoning MCQ,Easy,Low,Hard,Misclassification,Classify by stem first,Same,As applicable,30–60s,Stem patterns,"What should come at the place of question mark? 729, 243, 81, 27, ?, ?"
REA-2023,2025,24 Sep | Shift 2,General Intelligence and Reasoning,Miscellaneous (Reasoning),Unclassified reasoning item,mixed skill,Unclassified reasoning item,Reasoning MCQ,Easy,Low,Hard,Misclassification,Classify by stem first,Same,As applicable,30–60s,Stem patterns,A cube and a cuboid have same base area and height. What is the ratio of volume of cube to cuboid?
REA-2024,2025,24 Sep | Shift 2,General Intelligence and Reasoning,Syllogism & Conclusions,General syllogism task,Venn/test method,General syllogism task,Statement battery,Medium,Low,Hard,Leap of logic,Diagram or conclusion testing,Universal-first,Kill false ones,45–75s,Venn method,Statement: 1. All circles are shapes. 2. All shapes are figures. Conclusions: I. All circles are figures. II. Some figures are shapes.
REA-2025,2025,24 Sep | Shift 2,General Intelligence and Reasoning,Syllogism & Conclusions,General syllogism task,Venn/test method,General syllogism task,Statement battery,Medium,Low,Hard,Leap of logic,Diagram or conclusion testing,Universal-first,Kill false ones,45–75s,Venn method,Statement: 1. No teacher is dishonest. 2. Some students are dishonest. Conclusions: I. Some students are not teachers. II. No student is a teacher.
REA-2026,2025,24 Sep | Shift 3,General Intelligence and Reasoning,Syllogism & Conclusions,General syllogism task,Venn/test method,General syllogism task,Statement battery,Medium,Low,Hard,Leap of logic,Diagram or conclusion testing,Universal-first,Kill false ones,45–75s,Venn method,Statement: 1. All cats are animals. 2. Some animals are pets. 3. No pet is wild. Conclusions: I. Some animals are not wild. II. Some cats are not wild.
REA-2027,2025,24 Sep | Shift 3,General Intelligence and Reasoning,Coding-Decoding,General code transform,encode/decode map,General code transform,Symbolic MCQ,Easy,Low,Hard,Assuming shift,Map Q→option transforms,Position map,Verify mapping,35–60s,Transform inventory,"If CODE is coded as DPEF, how is DPEF coded?"
REA-2028,2025,24 Sep | Shift 3,General Intelligence and Reasoning,Number / Alphabet Series,Constant-shift alphabet series,shift [2] per step,Constant-shift alphabet series,Symbolic MCQ,Easy,Low,Easy,Reading as words,Shift each letter,Same,Check first-letter options,20–35s,A1Z26 shifts,"What comes next? B, D, F, H, ?"
REA-2029,2025,24 Sep | Shift 3,General Intelligence and Reasoning,Number / Alphabet Series,Mixed-operation series,combined rules,Mixed-operation series,Symbolic MCQ,Easy,Low,Easy,Single-rule force,Try halves/alternation/split,Option back-fit,Test options in sequence,45–75s,Multi-rule toolkit,"Find the next number: 2, 6, 7, 21, 22, ?"
REA-2030,2025,24 Sep | Shift 3,General Intelligence and Reasoning,Dictionary & Word Formation,Meaningful-word formation,anagram search,Meaningful-word formation,Reasoning MCQ,Easy,Low,Easy,Non-word acceptance,Fix first letter; test,Vowel anchor,Try option words,30–55s,Anagram skill,Arrange to form meaningful word: REHTFA. Position of H from left?
REA-2031,2025,24 Sep | Shift 3,General Intelligence and Reasoning,Coding-Decoding,General code transform,encode/decode map,General code transform,Symbolic MCQ,Easy,Low,Hard,Assuming shift,Map Q→option transforms,Position map,Verify mapping,35–60s,Transform inventory,"In a certain code, STAR is written as HGZI. How is MOON written?"
REA-2032,2025,24 Sep | Shift 3,General Intelligence and Reasoning,Miscellaneous (Reasoning),Unclassified reasoning item,mixed skill,Unclassified reasoning item,Reasoning MCQ,Easy,Low,Hard,Misclassification,Classify by stem first,Same,As applicable,30–60s,Stem patterns,Find the value of 25% of 40% of 600?
REA-2033,2025,24 Sep | Shift 3,General Intelligence and Reasoning,Miscellaneous (Reasoning),Unclassified reasoning item,mixed skill,Unclassified reasoning item,Reasoning MCQ,Easy,Low,Hard,Misclassification,Classify by stem first,Same,As applicable,30–60s,Stem patterns,"If 9 + 4 × 3 = 21, then 7 + 5 × 2 = ?"
REA-2034,2025,24 Sep | Shift 3,General Intelligence and Reasoning,Number / Alphabet Series,Mixed-operation series,combined rules,Mixed-operation series,Symbolic MCQ,Medium,Medium,Easy,Single-rule force,Try halves/alternation/split,Option back-fit,Test options in sequence,45–75s,Multi-rule toolkit,"In a series of seminars held daily from 5 March 2023 to 12 March 2023: Mumbai - 5 March Bhopal - 6 March Kochi - 7 March Lucknow - 8 March Nagpur - 9 March Ranchi - 10 March Surat - 11 March Guwahati - 12 March Arrange the following cities (earliest to latest): Nagpur, Kochi, Ranchi, Lucknow"
REA-2035,2025,24 Sep | Shift 3,General Intelligence and Reasoning,Miscellaneous (Reasoning),Unclassified reasoning item,mixed skill,Unclassified reasoning item,Reasoning MCQ,Easy,Low,Hard,Misclassification,Classify by stem first,Same,As applicable,30–60s,Stem patterns,"Let 7 = 49, 8 = 64, then 9 = ?"
REA-2036,2025,24 Sep | Shift 3,General Intelligence and Reasoning,Miscellaneous (Reasoning),Unclassified reasoning item,mixed skill,Unclassified reasoning item,Reasoning MCQ,Easy,Low,Hard,Misclassification,Classify by stem first,Same,As applicable,30–60s,Stem patterns,"Find the smallest number which when divided by 4, 6 and 8 leaves remainder 3 in each case."
REA-2037,2025,24 Sep | Shift 3,General Intelligence and Reasoning,Miscellaneous (Reasoning),Unclassified reasoning item,mixed skill,Unclassified reasoning item,Reasoning MCQ,Easy,Low,Hard,Misclassification,Classify by stem first,Same,As applicable,30–60s,Stem patterns,123 × 42 = ?
REA-2038,2025,24 Sep | Shift 3,General Intelligence and Reasoning,Syllogism & Conclusions,General syllogism task,Venn/test method,General syllogism task,Statement battery,Medium,Low,Hard,Leap of logic,Diagram or conclusion testing,Universal-first,Kill false ones,45–75s,Venn method,Statement: 1. All books are papers. 2. All papers are white. Conclusions: I. All books are white. II. Some white are papers.
REA-2039,2025,24 Sep | Shift 3,General Intelligence and Reasoning,Number / Alphabet Series,Constant-shift alphabet series,"shift [1, -1] per step",Constant-shift alphabet series,Symbolic MCQ,Easy,Low,Easy,Reading as words,Shift each letter,Same,Check first-letter options,20–35s,A1Z26 shifts,"What comes next? AZ, BY, CX, ?"
REA-2040,2025,24 Sep | Shift 3,General Intelligence and Reasoning,Miscellaneous (Reasoning),Unclassified reasoning item,mixed skill,Unclassified reasoning item,Reasoning MCQ,Easy,Low,Hard,Misclassification,Classify by stem first,Same,As applicable,30–60s,Stem patterns,Select the different one:
REA-2041,2025,24 Sep | Shift 3,General Intelligence and Reasoning,Number / Alphabet Series,Mixed-operation series,combined rules,Mixed-operation series,Symbolic MCQ,Easy,Low,Easy,Single-rule force,Try halves/alternation/split,Option back-fit,Test options in sequence,45–75s,Multi-rule toolkit,"Find the missing number: 31, 42, 53, 64, ?, 86"
REA-2042,2025,24 Sep | Shift 3,General Intelligence and Reasoning,Dice & Cubes,General dice/cube,spatial logic,General dice/cube,Reasoning MCQ,Easy,Low,Hard,Opposite adjacency,Opposite-face / net analysis,Net mapping,Check adjacency,30–55s,Spatial rules,The length of a rectangle is increased by 10% and width decreased by 10%. What is net percentage change in area?
REA-2043,2025,24 Sep | Shift 3,General Intelligence and Reasoning,Coding-Decoding,Letter-shift transform,equal shift -1 per letter,Letter-shift transform (uniform),Symbolic MCQ,Easy,Low,Easy,First-letter only,Compute per-position shift; apply,First-letter shift only,Verify all positions,30–50s,A1Z26 shifts,"If ‘MIND’ is coded as ‘NJOE’, how is ‘GAME’ coded?"
REA-2044,2025,24 Sep | Shift 3,General Intelligence and Reasoning,Miscellaneous (Reasoning),Unclassified reasoning item,mixed skill,Unclassified reasoning item,Reasoning MCQ,Easy,Low,Hard,Misclassification,Classify by stem first,Same,As applicable,30–60s,Stem patterns,"How many of these numbers are palindromes? 1221, 3443, 4567, 7887"
REA-2045,2025,24 Sep | Shift 3,General Intelligence and Reasoning,Number / Alphabet Series,Geometric series,ratio=2.0,Geometric series,Symbolic MCQ,Easy,Low,Easy,Adding instead,Multiply by ratio,Same,Eliminate non-multiples,20–35s,Ratio test,"Find the missing number: 3, 6, 12, 24, ?"
REA-2046,2025,24 Sep | Shift 3,General Intelligence and Reasoning,Number / Alphabet Series,General series completion,pattern extension,General series completion,Symbolic MCQ,Easy,Low,Easy,Random guess,List candidates; test,Option test,Check fit,30–60s,Pattern toolkit,Which number does not belong?
REA-2047,2025,24 Sep | Shift 3,General Intelligence and Reasoning,Coding-Decoding,General code transform,encode/decode map,General code transform,Symbolic MCQ,Easy,Low,Hard,Assuming shift,Map Q→option transforms,Position map,Verify mapping,35–60s,Transform inventory,"If “DELHI” is written as “BCJFG”, how will “MUMBAI” be written?"
REA-2048,2025,24 Sep | Shift 3,General Intelligence and Reasoning,Miscellaneous (Reasoning),Unclassified reasoning item,mixed skill,Unclassified reasoning item,Reasoning MCQ,Easy,Low,Hard,Misclassification,Classify by stem first,Same,As applicable,30–60s,Stem patterns,A 180 m long train runs at 72 km/hr. How long to cross a pole?
REA-2049,2025,24 Sep | Shift 3,General Intelligence and Reasoning,Attention to Detail,Exact string/address match,character scan,Exact string/address match,Reasoning MCQ,Easy,Low,Easy,Skim reading,Chunk-wise compare,Chunk compare,Diff-scan options,20–35s,Careful scanning,"Choose the address that is the same as the one given below: Flat No. 18, Green Park, Civil Lines, Jaipur, Rajasthan - 302006"
REA-2050,2025,24 Sep | Shift 3,General Intelligence and Reasoning,Coding-Decoding,General code transform,encode/decode map,General code transform,Symbolic MCQ,Easy,Low,Hard,Assuming shift,Map Q→option transforms,Position map,Verify mapping,35–60s,Transform inventory,"In a certain code language, ‘blue red green’ → ‘ka la ma’ ‘green yellow’ → ‘ma pa’ ‘red yellow’ → ‘la pa’. How will ‘blue yellow’ be coded?"
REA-2051,2025,25 Sep | Shift 1,General Intelligence and Reasoning,Analogy,Number analogy,operation across pair,Number analogy (a:b :: c:?),Symbolic MCQ,Easy,Low,Easy,Digit-splitting,Find op mapping first pair; apply,Test squares/cubes first,Test options in mapping,35–60s,Whole-number ops,Find the missing number: 8 : 64 :: 7 : ?
REA-2052,2025,25 Sep | Shift 1,General Intelligence and Reasoning,Attention to Detail,Exact string/address match,character scan,Exact string/address match,Reasoning MCQ,Easy,Low,Easy,Skim reading,Chunk-wise compare,Chunk compare,Diff-scan options,20–35s,Careful scanning,"Choose the address that is the same as the one given below. Sample Address: 45-C, Green Valley Homes, Sector 9, Noida, Uttar Pradesh - 201301"
REA-2053,2025,25 Sep | Shift 1,General Intelligence and Reasoning,Miscellaneous (Reasoning),Unclassified reasoning item,mixed skill,Unclassified reasoning item,Reasoning MCQ,Easy,Low,Hard,Misclassification,Classify by stem first,Same,As applicable,30–60s,Stem patterns,"The seminar in Vijayawada occurred 4 days before Nellore, while Tirupati was 2 days after Nellore. If Tirupati's seminar was on 20 March, when did the Vijayawada seminar happen?"
REA-2054,2025,25 Sep | Shift 1,General Intelligence and Reasoning,Coding-Decoding,Letter transform,per-position mapping,Letter transform (mixed shifts),Symbolic MCQ,Easy,Low,Easy,Assuming uniform shift,Map every position 1:1; apply,Ends-first check,Verify full mapping,40–65s,Position mapping,"If ""RAMESH"" is coded as ""SZNDTG"", what is the code for ""SURESH""?"
REA-2055,2025,25 Sep | Shift 1,General Intelligence and Reasoning,Coding-Decoding,General code transform,encode/decode map,General code transform,Symbolic MCQ,Easy,Low,Hard,Assuming shift,Map Q→option transforms,Position map,Verify mapping,35–60s,Transform inventory,"In a code language, ""Ram is smart"" is coded as ""la pa ta"", ""Ram is tall"" is coded as ""la pa ka"", ""Sita is smart"" is coded as ""ma pa ta"". What is the code for ""Sita is tall""?"
REA-2056,2025,25 Sep | Shift 1,General Intelligence and Reasoning,Miscellaneous (Reasoning),Unclassified reasoning item,mixed skill,Unclassified reasoning item,Reasoning MCQ,Easy,Low,Hard,Misclassification,Classify by stem first,Same,As applicable,30–60s,Stem patterns,"What should come at the place of question mark? 120, 110, 100, 90, ?, 70"
REA-2057,2025,25 Sep | Shift 1,General Intelligence and Reasoning,Direction Sense,General direction-distance,path tracking,General direction-distance,Reasoning MCQ,Easy,Low,Hard,Sign error,Track N/E/S/W steps; net displacement,Net vector,Check scale,30–50s,Cardinal tracking,"If in a certain code, 'EAST' is written as 'TSAE', how will 'ASTE' be written?"
REA-2058,2025,25 Sep | Shift 1,General Intelligence and Reasoning,Miscellaneous (Reasoning),Unclassified reasoning item,mixed skill,Unclassified reasoning item,Reasoning MCQ,Easy,Low,Hard,Misclassification,Classify by stem first,Same,As applicable,30–60s,Stem patterns,"If you multiply the first four natural numbers, what do you get?"
REA-2059,2025,25 Sep | Shift 1,General Intelligence and Reasoning,Miscellaneous (Reasoning),Unclassified reasoning item,mixed skill,Unclassified reasoning item,Reasoning MCQ,Easy,Low,Hard,Misclassification,Classify by stem first,Same,As applicable,30–60s,Stem patterns,"A bus travels a distance of 240 km in 4 hours. If the bus increases its speed by 20 km/h, how much time will it take to cover the same distance?"
REA-2060,2025,25 Sep | Shift 1,General Intelligence and Reasoning,Blood Relations,Direct relation,single-hop map,Direct relation (1–2 links),Reasoning MCQ,Easy,Low,Easy,Gender flip,Direct map; check gender,Same,Verify gender,25–40s,Relation map,A is the wife of B. C is the son of A. How is B related to C?
REA-2061,2025,25 Sep | Shift 1,General Intelligence and Reasoning,Miscellaneous (Reasoning),Unclassified reasoning item,mixed skill,Unclassified reasoning item,Reasoning MCQ,Easy,Low,Hard,Misclassification,Classify by stem first,Same,As applicable,30–60s,Stem patterns,"If 73= 343, then 83= ?"
REA-2062,2025,25 Sep | Shift 1,General Intelligence and Reasoning,Syllogism & Conclusions,Single-statement conclusion,direct inference,Single-statement conclusion,Statement battery,Easy,Low,Easy,Outside info,Test conclusion against statement only,Same,Kill overreach,30-45s,Strict reading,Read the following statement carefully and identify the conclusion that follows. Statement: 1. Some teachers are kind. 2. All kind people are respected. Conclusions: I. Some teachers are respected. II. All teachers are respected.
REA-2063,2025,25 Sep | Shift 1,General Intelligence and Reasoning,Number / Alphabet Series,Second-order AP,second diff=2,Second-order AP (increasing differences),Symbolic MCQ,Easy,Low,Easy,Constant-diff guess,Build difference table,Last gap + last diff,Check last-gap options,30–50s,Difference tables,"Complete the series. 3, 8, 15, 24, ?"
REA-2064,2025,25 Sep | Shift 1,General Intelligence and Reasoning,Number / Alphabet Series,Mixed-operation series,combined rules,Mixed-operation series,Symbolic MCQ,Easy,Low,Easy,Single-rule force,Try halves/alternation/split,Option back-fit,Test options in sequence,45–75s,Multi-rule toolkit,"What should come in place of the question mark '?' in the following number series? 60, 55, 65, ?, 70, 45"
REA-2065,2025,25 Sep | Shift 1,General Intelligence and Reasoning,Number / Alphabet Series,General series completion,pattern extension,General series completion,Symbolic MCQ,Easy,Low,Easy,Random guess,List candidates; test,Option test,Check fit,30–60s,Pattern toolkit,"Which word does NOT belong to the group based on meaning? PEN, PENCIL, ERASER, BOOK, TIGER"
REA-2066,2025,25 Sep | Shift 1,General Intelligence and Reasoning,Syllogism & Conclusions,Single-statement conclusion,direct inference,Single-statement conclusion,Statement battery,Easy,Low,Easy,Outside info,Test conclusion against statement only,Same,Kill overreach,30-45s,Strict reading,Read the following statement carefully and identify the conclusion that follows. Statement: 1. All cars are vehicles. 2. Some vehicles are bikes. 3. No bike is a truck. Conclusions: I. Some cars are not trucks. II. All bikes are vehicles.
REA-2067,2025,25 Sep | Shift 1,General Intelligence and Reasoning,Miscellaneous (Reasoning),Unclassified reasoning item,mixed skill,Unclassified reasoning item,Reasoning MCQ,Easy,Low,Hard,Misclassification,Classify by stem first,Same,As applicable,30–60s,Stem patterns,"If 5 books cost ₹150, how many books can you buy for ₹300?"
REA-2068,2025,25 Sep | Shift 1,General Intelligence and Reasoning,Mathematical Operators,General operator fill,BODMAS trial,General operator fill,Symbolic MCQ,Easy,Low,Hard,No-bracket math,Try options with BODMAS,Estimate first,Kill by size,40–65s,BODMAS,"If * = +, @ = -, # = ×; then 6 # 2 * 3 @ 4 = ?"
REA-2069,2025,25 Sep | Shift 1,General Intelligence and Reasoning,Coding-Decoding,Letter-shift transform,equal shift +1 per letter,Letter-shift transform (uniform),Symbolic MCQ,Easy,Low,Easy,First-letter only,Compute per-position shift; apply,First-letter shift only,Verify all positions,30–50s,A1Z26 shifts,"If in a certain language, 'MARKET' is written as 'LZQJDS', how is 'PLANET' written in that code?"
REA-2070,2025,25 Sep | Shift 1,General Intelligence and Reasoning,Syllogism & Conclusions,General syllogism task,Venn/test method,General syllogism task,Statement battery,Medium,Low,Hard,Leap of logic,Diagram or conclusion testing,Universal-first,Kill false ones,45–75s,Venn method,Read the given statement and conclusions carefully. Decide which of the given conclusions is/are definitely TRUE from the statement. Statement: 1. All fruits are healthy. 2. Some healthy things are vegetables. Conclusion: I. Some fruits are vegetables. II. Some vegetables are healthy.
REA-2071,2025,25 Sep | Shift 1,General Intelligence and Reasoning,Miscellaneous (Reasoning),Unclassified reasoning item,mixed skill,Unclassified reasoning item,Reasoning MCQ,Easy,Low,Hard,Misclassification,Classify by stem first,Same,As applicable,30–60s,Stem patterns,Which city is different?
REA-2072,2025,25 Sep | Shift 1,General Intelligence and Reasoning,Number / Alphabet Series,Constant-shift alphabet series,"shift [2, 2] per step",Constant-shift alphabet series,Symbolic MCQ,Easy,Low,Easy,Reading as words,Shift each letter,Same,Check first-letter options,20–35s,A1Z26 shifts,"What comes next? AB, CD, EF, ?"
REA-2073,2025,25 Sep | Shift 1,General Intelligence and Reasoning,Classification / Odd-One-Out,Bare odd-one-out,option-driven,Bare odd-one-out (inspect options),Symbolic MCQ,Easy,Low,Easy,First-option bias,Test number letter word property per option,Kill three alike,Check all options,30-50s,Property scan,"Find the ODD one out. Mumbai, Kolkata, Pune, Chennai, Delhi"
REA-2074,2025,25 Sep | Shift 1,General Intelligence and Reasoning,Dictionary & Word Formation,Dictionary order,letter-by-letter compare,Dictionary order,Reasoning MCQ,Easy,Low,Easy,Whole-word guess,Compare 1st differing letter,First-difference only,Sort pairwise,25–40s,Lexicographic compare,"In the word ""BIOLOGY"", what is the alphabetical index of the 3rd letter from the right?"
REA-2075,2025,25 Sep | Shift 1,General Intelligence and Reasoning,Coding-Decoding,General code transform,encode/decode map,General code transform,Symbolic MCQ,Easy,Low,Hard,Assuming shift,Map Q→option transforms,Position map,Verify mapping,35–60s,Transform inventory,"If POWER is coded as QPXFS, how is QPXFS coded?"
REA-2076,2025,25 Sep | Shift 2,General Intelligence and Reasoning,Coding-Decoding,General code transform,encode/decode map,General code transform,Symbolic MCQ,Easy,Low,Hard,Assuming shift,Map Q→option transforms,Position map,Verify mapping,35–60s,Transform inventory,"If BOOK is coded as ANNJ, then LAMP is coded as?"
REA-2077,2025,25 Sep | Shift 2,General Intelligence and Reasoning,Direction Sense,General direction-distance,path tracking,General direction-distance,Reasoning MCQ,Easy,Low,Hard,Sign error,Track N/E/S/W steps; net displacement,Net vector,Check scale,30–50s,Cardinal tracking,"Choose the address that is the same as the one given below. 202, Green Valley Apartments, Andheri East, Mumbai, Maharashtra - 400069"
REA-2078,2025,25 Sep | Shift 2,General Intelligence and Reasoning,Coding-Decoding,General code transform,encode/decode map,General code transform,Symbolic MCQ,Easy,Low,Hard,Assuming shift,Map Q→option transforms,Position map,Verify mapping,35–60s,Transform inventory,"If CAT is coded as DBU, how is DOG written?"
REA-2079,2025,25 Sep | Shift 2,General Intelligence and Reasoning,Miscellaneous (Reasoning),Unclassified reasoning item,mixed skill,Unclassified reasoning item,Reasoning MCQ,Easy,Low,Hard,Misclassification,Classify by stem first,Same,As applicable,30–60s,Stem patterns,A student was asked to find sum of first 15 odd numbers. His answer was 225. Correct?
REA-2080,2025,25 Sep | Shift 2,General Intelligence and Reasoning,Mathematical Operators,General operator fill,BODMAS trial,General operator fill,Symbolic MCQ,Easy,Low,Hard,No-bracket math,Try options with BODMAS,Estimate first,Kill by size,40–65s,BODMAS,"If 7 × 6 = 56 and 8 × 4 = 48, then 9 × 3 = ?"
REA-2081,2025,25 Sep | Shift 2,General Intelligence and Reasoning,Coding-Decoding,General code transform,encode/decode map,General code transform,Symbolic MCQ,Easy,Low,Hard,Assuming shift,Map Q→option transforms,Position map,Verify mapping,35–60s,Transform inventory,"In a code language: 'pen book paper' → 'abc, def, ghi' 'paper ink pen' → 'ghi, jkl, abc' 'ink book file' → 'jkl, def, mno'. What is code for 'pen ink book'?"
REA-2082,2025,25 Sep | Shift 2,General Intelligence and Reasoning,Miscellaneous (Reasoning),Unclassified reasoning item,mixed skill,Unclassified reasoning item,Reasoning MCQ,Easy,Low,Hard,Misclassification,Classify by stem first,Same,As applicable,30–60s,Stem patterns,You are a manager and your relative applies for a job. What should guide your decision?
REA-2083,2025,25 Sep | Shift 2,General Intelligence and Reasoning,Number / Alphabet Series,Squares / cubes pattern,perfect powers in order,Squares / cubes pattern,Symbolic MCQ,Easy,Low,Easy,Linear fit,Root sequence; extend,Root check,Check root fit,25–40s,Power list,"Complete the series: 4, 16, 36, 64, ?"
REA-2084,2025,25 Sep | Shift 2,General Intelligence and Reasoning,Number / Alphabet Series,Constant-shift alphabet series,"shift [1, -1] per step",Constant-shift alphabet series,Symbolic MCQ,Easy,Low,Easy,Reading as words,Shift each letter,Same,Check first-letter options,20–35s,A1Z26 shifts,"What comes next? AZ, BY, CX, ?"
REA-2085,2025,25 Sep | Shift 2,General Intelligence and Reasoning,Number / Alphabet Series,Second-order AP,second diff=2,Second-order AP (increasing differences),Symbolic MCQ,Easy,Low,Easy,Constant-diff guess,Build difference table,Last gap + last diff,Check last-gap options,30–50s,Difference tables,"Find the missing number: 2, 6, 12, 20, 30, ?"
REA-2086,2025,25 Sep | Shift 2,General Intelligence and Reasoning,Number / Alphabet Series,Mixed-operation series,combined rules,Mixed-operation series,Symbolic MCQ,Easy,Low,Easy,Single-rule force,Try halves/alternation/split,Option back-fit,Test options in sequence,45–75s,Multi-rule toolkit,Find the missing number: 3 → 9 4→ 16 5 → 25 6 → ?
REA-2087,2025,25 Sep | Shift 2,General Intelligence and Reasoning,Number / Alphabet Series,Constant-shift alphabet series,"shift [3, 3] per step",Constant-shift alphabet series,Symbolic MCQ,Easy,Low,Easy,Reading as words,Shift each letter,Same,Check first-letter options,20–35s,A1Z26 shifts,"What comes next? CD, FG, IJ, LM, ?"
REA-2088,2025,25 Sep | Shift 2,General Intelligence and Reasoning,Syllogism & Conclusions,Argument / course-of-action,strength test,Argument / course-of-action,Statement battery,Easy,Low,Easy,Emotional appeal,Core-issue + desirability test,Core-issue filter,Kill side-issue options,40–60s,Core-issue test,Statement: Road accidents are increasing rapidly. Course of Action: 1. Improve traffic monitoring. 2. Ban all vehicles.
REA-2089,2025,25 Sep | Shift 2,General Intelligence and Reasoning,Classification / Odd-One-Out,Bare odd-one-out,option-driven,Bare odd-one-out (inspect options),Symbolic MCQ,Easy,Low,Easy,First-option bias,Test number letter word property per option,Kill three alike,Check all options,30-50s,Property scan,"Find the odd one out. Red Fort, Qutub Minar, Taj Mahal, Himalayas"
REA-2090,2025,25 Sep | Shift 2,General Intelligence and Reasoning,Syllogism & Conclusions,General syllogism task,Venn/test method,General syllogism task,Statement battery,Medium,Low,Hard,Leap of logic,Diagram or conclusion testing,Universal-first,Kill false ones,45–75s,Venn method,Statement: 1. All cats are animals. 2. Some animals are domestic. Conclusions: I. Some cats are domestic. II. Some animals are cats.
REA-2091,2025,25 Sep | Shift 2,General Intelligence and Reasoning,Number / Alphabet Series,Mixed-operation series,combined rules,Mixed-operation series,Symbolic MCQ,Easy,Low,Easy,Single-rule force,Try halves/alternation/split,Option back-fit,Test options in sequence,45–75s,Multi-rule toolkit,"What should come in place of '?' 5, 2, -4, -13, ?"
REA-2092,2025,25 Sep | Shift 2,General Intelligence and Reasoning,Miscellaneous (Reasoning),Unclassified reasoning item,mixed skill,Unclassified reasoning item,Reasoning MCQ,Easy,Low,Hard,Misclassification,Classify by stem first,Same,As applicable,30–60s,Stem patterns,Which roll number has only prime digits?
REA-2093,2025,25 Sep | Shift 2,General Intelligence and Reasoning,Miscellaneous (Reasoning),Unclassified reasoning item,mixed skill,Unclassified reasoning item,Reasoning MCQ,Hard,High,Hard,Misclassification,Classify by stem first,Same,As applicable,30–60s,Stem patterns,"There are offices of eight companies - Tata, Reliance, Infosys, Wipro, HCL, IBM, Google and Amazon on different floors of an 8-storey building. The bottommost floor is numbered 1 and the topmost floor is numbered 8. • HCL is on 7th floor. • The office of Wipro is two floors above IBM. • At least two offices are above Wipro. • Reliance is on an even numbered floor. • Infosys is neither on an even numbered floor nor on a prime numbered floor. • Google and Amazon have one floor between them. • Neither Google nor Amazon is adjacent to HCL. • Tata is not adjacent to Reliance. The office of ______ is on 1st floor."
REA-2094,2025,25 Sep | Shift 2,General Intelligence and Reasoning,Syllogism & Conclusions,General syllogism task,Venn/test method,General syllogism task,Statement battery,Medium,Low,Hard,Leap of logic,Diagram or conclusion testing,Universal-first,Kill false ones,45–75s,Venn method,Statement: 1. All pens are pencils. 2. Some pencils are erasers. Conclusions: I. Some pens are erasers. II. Some pencils are pens.
REA-2095,2025,25 Sep | Shift 2,General Intelligence and Reasoning,Number / Alphabet Series,Mixed-operation series,combined rules,Mixed-operation series,Symbolic MCQ,Easy,Low,Easy,Single-rule force,Try halves/alternation/split,Option back-fit,Test options in sequence,45–75s,Multi-rule toolkit,"What is the 10th term of the series: 5, 10, 15, 20, …"
REA-2096,2025,25 Sep | Shift 2,General Intelligence and Reasoning,Classification / Odd-One-Out,General odd-one-out,property break,General odd-one-out,Symbolic MCQ,Easy,Low,Hard,Single focus,Test each option for the odd property,Kill three alike,Check all options,30–50s,Property scan,Select the odd one.
REA-2097,2025,25 Sep | Shift 2,General Intelligence and Reasoning,Coding-Decoding,Alphanumeric / position-sum coding,letters ↔ numbers,Alphanumeric / position-sum coding,Symbolic MCQ,Easy,Low,Easy,A=0 indexing,Sum positions / reverse-sum; test,Position sums first,Verify sums match,30–50s,A1Z26 sums,"In a code language, 'FAME' is coded as '6732', 'GAME' is coded as '8732', 'GATE' is coded as '8742'. What is the code for 'FAT'?"
REA-2098,2025,25 Sep | Shift 2,General Intelligence and Reasoning,Syllogism & Conclusions,General syllogism task,Venn/test method,General syllogism task,Statement battery,Medium,Low,Hard,Leap of logic,Diagram or conclusion testing,Universal-first,Kill false ones,45–75s,Venn method,Statement: 1. Some A are B. 2. All B are C. 3. No C is D. Conclusions: I. Some A are C. II. Some B are not D.
REA-2099,2025,25 Sep | Shift 2,General Intelligence and Reasoning,Miscellaneous (Reasoning),Unclassified reasoning item,mixed skill,Unclassified reasoning item,Reasoning MCQ,Easy,Low,Hard,Misclassification,Classify by stem first,Same,As applicable,30–60s,Stem patterns,"Solve: BC, EF, HI, ?"
REA-2100,2025,25 Sep | Shift 2,General Intelligence and Reasoning,Miscellaneous (Reasoning),Unclassified reasoning item,mixed skill,Unclassified reasoning item,Reasoning MCQ,Easy,Low,Hard,Misclassification,Classify by stem first,Same,As applicable,30–60s,Stem patterns,A conference was held in Jaipur on 6th May and in Bhopal three days after. What was Bhopal's date?
REA-2101,2025,25 Sep | Shift 3,General Intelligence and Reasoning,Mathematical Operators,General operator fill,BODMAS trial,General operator fill,Symbolic MCQ,Easy,Low,Hard,No-bracket math,Try options with BODMAS,Estimate first,Kill by size,40–65s,BODMAS,Which mathematical signs should come in place of A and B to make the equation correct? 18 A 6 B 3 = 36
REA-2102,2025,25 Sep | Shift 3,General Intelligence and Reasoning,Coding-Decoding,Alphanumeric / position-sum coding,letters ↔ numbers,Alphanumeric / position-sum coding,Symbolic MCQ,Easy,Low,Easy,A=0 indexing,Sum positions / reverse-sum; test,Position sums first,Verify sums match,30–50s,A1Z26 sums,"In the word ""EDUCATION"", if we assign even numbers to vowels (2, 4, 6, 8, ...), what is the sum of all vowel values?"
REA-2103,2025,25 Sep | Shift 3,General Intelligence and Reasoning,Miscellaneous (Reasoning),Unclassified reasoning item,mixed skill,Unclassified reasoning item,Reasoning MCQ,Easy,Low,Hard,Misclassification,Classify by stem first,Same,As applicable,30–60s,Stem patterns,"An amount of ₹8,000 is invested at a compound interest rate of 10% per annum for 2 years. What will be the total amount received?"
REA-2104,2025,25 Sep | Shift 3,General Intelligence and Reasoning,Blood Relations,Chained relation,multi-hop traversal,Chained relation (3+ links),Reasoning MCQ,Easy,Low,Easy,Skipping a hop,Collapse inside-out; track gender,Innermost-first,Check gender at each hop,45–70s,Hop collapsing,"Pointing to a photograph, Neha said, ""She is the only daughter of my mother's only son."" How is the person related to Neha?"
REA-2105,2025,25 Sep | Shift 3,General Intelligence and Reasoning,Number / Alphabet Series,Constant-shift alphabet series,"shift [5, 5] per step",Constant-shift alphabet series,Symbolic MCQ,Easy,Low,Easy,Reading as words,Shift each letter,Same,Check first-letter options,20–35s,A1Z26 shifts,"What comes next? AB, FG, KL, PQ, ?"
REA-2106,2025,25 Sep | Shift 3,General Intelligence and Reasoning,Classification / Odd-One-Out,Bare odd-one-out,option-driven,Bare odd-one-out (inspect options),Symbolic MCQ,Easy,Low,Easy,First-option bias,Test number letter word property per option,Kill three alike,Check all options,30-50s,Property scan,Identify the odd one out.
REA-2107,2025,25 Sep | Shift 3,General Intelligence and Reasoning,Blood Relations,Direct relation,single-hop map,Direct relation (1–2 links),Reasoning MCQ,Easy,Low,Easy,Gender flip,Direct map; check gender,Same,Verify gender,25–40s,Relation map,P is the son of Q. Q is the sister of R. How is P related to R?
REA-2108,2025,25 Sep | Shift 3,General Intelligence and Reasoning,Syllogism & Conclusions,General syllogism task,Venn/test method,General syllogism task,Statement battery,Medium,Low,Hard,Leap of logic,Diagram or conclusion testing,Universal-first,Kill false ones,45–75s,Venn method,Statement: 1. All teachers are educated. 2. No uneducated person is respected. Conclusions: I. All teachers are respected. II. No educated person is uneducated.
REA-2109,2025,25 Sep | Shift 3,General Intelligence and Reasoning,Number / Alphabet Series,Multiply-add,×2+1,Multiply-add (×k±c) series,Symbolic MCQ,Easy,Low,Easy,Pure multiply,Apply ×k±c,Same,Test last step,30–50s,×k±c test,"Complete the series. 2, 5, 11, 23, ?"
REA-2110,2025,25 Sep | Shift 3,General Intelligence and Reasoning,Coding-Decoding,Alphanumeric / position-sum coding,letters ↔ numbers,Alphanumeric / position-sum coding,Symbolic MCQ,Easy,Low,Easy,A=0 indexing,Sum positions / reverse-sum; test,Position sums first,Verify sums match,30–50s,A1Z26 sums,"If ""CHAIR"" is coded as 3-8-1-9-18, how will ""RICHA"" be coded?"
REA-2111,2025,25 Sep | Shift 3,General Intelligence and Reasoning,Coding-Decoding,General code transform,encode/decode map,General code transform,Symbolic MCQ,Easy,Low,Hard,Assuming shift,Map Q→option transforms,Position map,Verify mapping,35–60s,Transform inventory,"If GARDEN is coded as HBSEFO, how is HBSEFO coded?"
REA-2112,2025,25 Sep | Shift 3,General Intelligence and Reasoning,Coding-Decoding,General code transform,encode/decode map,General code transform,Symbolic MCQ,Easy,Low,Hard,Assuming shift,Map Q→option transforms,Position map,Verify mapping,35–60s,Transform inventory,"If PLANE is coded as QMBOF, how is TRAIN coded?"
REA-2113,2025,25 Sep | Shift 3,General Intelligence and Reasoning,Direction Sense,General direction-distance,path tracking,General direction-distance,Reasoning MCQ,Easy,Low,Hard,Sign error,Track N/E/S/W steps; net displacement,Net vector,Check scale,30–50s,Cardinal tracking,"Choose the address that is the same as the one given below. Flat No. 202, Green Heights, Andheri East, Mumbai, Maharashtra - 400069"
REA-2114,2025,25 Sep | Shift 3,General Intelligence and Reasoning,Miscellaneous (Reasoning),Unclassified reasoning item,mixed skill,Unclassified reasoning item,Reasoning MCQ,Easy,Low,Hard,Misclassification,Classify by stem first,Same,As applicable,30–60s,Stem patterns,The population of a town increased by 15% in the first year and 10% in the second year. What is the total percent increase after 2 years?
REA-2115,2025,25 Sep | Shift 3,General Intelligence and Reasoning,Mathematical Operators,General operator fill,BODMAS trial,General operator fill,Symbolic MCQ,Easy,Low,Hard,No-bracket math,Try options with BODMAS,Estimate first,Kill by size,40–65s,BODMAS,"If 4 @ = 256, then 5 @ = ?"
REA-2116,2025,25 Sep | Shift 3,General Intelligence and Reasoning,Number / Alphabet Series,Mixed-operation series,combined rules,Mixed-operation series,Symbolic MCQ,Easy,Low,Easy,Single-rule force,Try halves/alternation/split,Option back-fit,Test options in sequence,45–75s,Multi-rule toolkit,"Which pair does NOT belong to the following sequence? C3, E5, G7, I9, K14"
REA-2117,2025,25 Sep | Shift 3,General Intelligence and Reasoning,Classification / Odd-One-Out,Bare odd-one-out,option-driven,Bare odd-one-out (inspect options),Symbolic MCQ,Easy,Low,Easy,First-option bias,Test number letter word property per option,Kill three alike,Check all options,30-50s,Property scan,"Find the ODD one out. Nile, Thames, Amazon, Mississippi, Sahara"
REA-2118,2025,25 Sep | Shift 3,General Intelligence and Reasoning,Syllogism & Conclusions,General syllogism task,Venn/test method,General syllogism task,Statement battery,Medium,Low,Hard,Leap of logic,Diagram or conclusion testing,Universal-first,Kill false ones,45–75s,Venn method,Statement: 1. All pens are pencils. 2. Some pencils are red. 3. No red is green. Conclusions: I. Some pens are not green. II. All greens are pencils.
REA-2119,2025,25 Sep | Shift 3,General Intelligence and Reasoning,Coding-Decoding,General code transform,encode/decode map,General code transform,Symbolic MCQ,Easy,Low,Hard,Assuming shift,Map Q→option transforms,Position map,Verify mapping,35–60s,Transform inventory,"If ""DELHI"" = ""CDKGH"", then ""MUMBAI"" = ?"
REA-2120,2025,25 Sep | Shift 3,General Intelligence and Reasoning,Number / Alphabet Series,Geometric series,ratio=3.0,Geometric series,Symbolic MCQ,Easy,Low,Easy,Adding instead,Multiply by ratio,Same,Eliminate non-multiples,20–35s,Ratio test,"Find the missing number: 5, 15, 45, 135, ?"
REA-2121,2025,25 Sep | Shift 3,General Intelligence and Reasoning,Miscellaneous (Reasoning),Unclassified reasoning item,mixed skill,Unclassified reasoning item,Reasoning MCQ,Easy,Low,Hard,Misclassification,Classify by stem first,Same,As applicable,30–60s,Stem patterns,"What should come at the place of question mark? 7, 22, 67, ?"
REA-2122,2025,25 Sep | Shift 3,General Intelligence and Reasoning,Number / Alphabet Series,Mixed-operation series,combined rules,Mixed-operation series,Symbolic MCQ,Medium,Medium,Easy,Single-rule force,Try halves/alternation/split,Option back-fit,Test options in sequence,45–75s,Multi-rule toolkit,"In a series of seminars held daily from 5 March to 12 March 2023: Delhi - 5 March Jaipur - 6 March Lucknow - 7 March Bhopal - 8 March Indore - 9 March Nagpur - 10 March Surat - 11 March Ranchi - 12 March. If the seminar in Nagpur was held on a Friday, which day was the seminar in Delhi?"
REA-2123,2025,25 Sep | Shift 3,General Intelligence and Reasoning,Miscellaneous (Reasoning),Unclassified reasoning item,mixed skill,Unclassified reasoning item,Reasoning MCQ,Easy,Low,Hard,Misclassification,Classify by stem first,Same,As applicable,30–60s,Stem patterns,"If 8 # 4 = 2, then 27 # 9 = ?"
REA-2124,2025,25 Sep | Shift 3,General Intelligence and Reasoning,Number / Alphabet Series,Mixed-operation series,combined rules,Mixed-operation series,Symbolic MCQ,Easy,Low,Easy,Single-rule force,Try halves/alternation/split,Option back-fit,Test options in sequence,45–75s,Multi-rule toolkit,"Complete the series: 3, 6, 18, 72, ?"
REA-2125,2025,25 Sep | Shift 3,General Intelligence and Reasoning,Miscellaneous (Reasoning),Unclassified reasoning item,mixed skill,Unclassified reasoning item,Reasoning MCQ,Easy,Low,Hard,Misclassification,Classify by stem first,Same,As applicable,30–60s,Stem patterns,A number is divisible by both 4 and 6. Which of the following could it be?
REA-2126,2025,26 Sep | Shift 1,General Intelligence and Reasoning,Miscellaneous (Reasoning),Unclassified reasoning item,mixed skill,Unclassified reasoning item,Reasoning MCQ,Easy,Low,Hard,Misclassification,Classify by stem first,Same,As applicable,30–60s,Stem patterns,A seminar in Jaipur was held on 12 March. Lucknow hosted it four days later. When was the Lucknow event?
REA-2127,2025,26 Sep | Shift 1,General Intelligence and Reasoning,Attention to Detail,Exact string/address match,character scan,Exact string/address match,Reasoning MCQ,Easy,Low,Easy,Skim reading,Chunk-wise compare,Chunk compare,Diff-scan options,20–35s,Careful scanning,"Choose the address that is the same as the one given below. Flat 302, Sunrise Apartments, MG Road, Pune, Maharashtra - 411001"
REA-2128,2025,26 Sep | Shift 1,General Intelligence and Reasoning,Miscellaneous (Reasoning),Unclassified reasoning item,mixed skill,Unclassified reasoning item,Reasoning MCQ,Easy,Low,Hard,Misclassification,Classify by stem first,Same,As applicable,30–60s,Stem patterns,Which two signs should be swapped to correct this equation? 24 + 8 ÷ 4 − 2 × 3 = 28
REA-2129,2025,26 Sep | Shift 1,General Intelligence and Reasoning,Ranking & Order,Rank / position in row,ends counting,Rank / position in row,Reasoning MCQ,Easy,Low,Easy,Zero-indexing,Total = L + R − 1 forms,Ends formula,Check 1-indexing,25–40s,Rank formulas,"If each even digit is increased by 1 and each odd digit is decreased by 1 in the number 5937482614 and then arranged in descending order, what is the sum of the last five digits from the right end?"
REA-2130,2025,26 Sep | Shift 1,General Intelligence and Reasoning,Miscellaneous (Reasoning),Unclassified reasoning item,mixed skill,Unclassified reasoning item,Reasoning MCQ,Easy,Low,Hard,Misclassification,Classify by stem first,Same,As applicable,30–60s,Stem patterns,Identify the odd city.
REA-2131,2025,26 Sep | Shift 1,General Intelligence and Reasoning,Miscellaneous (Reasoning),Unclassified reasoning item,mixed skill,Unclassified reasoning item,Reasoning MCQ,Easy,Low,Hard,Misclassification,Classify by stem first,Same,As applicable,30–60s,Stem patterns,"If 8 + 4 × 3 = 20, then 6 + 5 × 2 = ?"
REA-2132,2025,26 Sep | Shift 1,General Intelligence and Reasoning,Mathematical Operators,General operator fill,BODMAS trial,General operator fill,Symbolic MCQ,Easy,Low,Hard,No-bracket math,Try options with BODMAS,Estimate first,Kill by size,40–65s,BODMAS,"If 9 # 3 = 27 and 5 # 4 = 20, what is 8 # 6?"
REA-2133,2025,26 Sep | Shift 1,General Intelligence and Reasoning,Classification / Odd-One-Out,Bare odd-one-out,option-driven,Bare odd-one-out (inspect options),Symbolic MCQ,Easy,Low,Easy,First-option bias,Test number letter word property per option,Kill three alike,Check all options,30-50s,Property scan,Find the ODD one out.
REA-2134,2025,26 Sep | Shift 1,General Intelligence and Reasoning,Analogy,General analogy,relation mapping,General analogy,Symbolic MCQ,Easy,Low,Hard,Vague association,Name relation in pair 1; apply,Relation naming,Eliminate unrelated,30–55s,Relation vocabulary,Solve: AB : DE :: GH : ?
REA-2135,2025,26 Sep | Shift 1,General Intelligence and Reasoning,Analogy,Number analogy,operation across pair,Number analogy (a:b :: c:?),Symbolic MCQ,Easy,Low,Easy,Digit-splitting,Find op mapping first pair; apply,Test squares/cubes first,Test options in mapping,35–60s,Whole-number ops,Choose the number that fits the analogy: 7 : 49 :: 9 : ?
REA-2136,2025,26 Sep | Shift 1,General Intelligence and Reasoning,Miscellaneous (Reasoning),Unclassified reasoning item,mixed skill,Unclassified reasoning item,Reasoning MCQ,Easy,Low,Hard,Misclassification,Classify by stem first,Same,As applicable,30–60s,Stem patterns,"A father is 5 times as old as his son. In 15 years, he will be twice as old as his son then. What is the son's present age?"
REA-2137,2025,26 Sep | Shift 1,General Intelligence and Reasoning,Coding-Decoding,Letter-shift transform,equal shift +1 per letter,Letter-shift transform (uniform),Symbolic MCQ,Easy,Low,Easy,First-letter only,Compute per-position shift; apply,First-letter shift only,Verify all positions,30–50s,A1Z26 shifts,"In a certain code, ""BRING"" is written as ""AQHMF"". What is the code for STONE?"
REA-2138,2025,26 Sep | Shift 1,General Intelligence and Reasoning,Syllogism & Conclusions,Argument / course-of-action,strength test,Argument / course-of-action,Statement battery,Easy,Low,Easy,Emotional appeal,Core-issue + desirability test,Core-issue filter,Kill side-issue options,40–60s,Core-issue test,Statement: A report shows increasing air pollution in cities. Course of Action: 1.Promote public transport. 2. Shut down all factories permanently.
REA-2139,2025,26 Sep | Shift 1,General Intelligence and Reasoning,Number / Alphabet Series,Increasing-shift alphabet series,shift grows each step,Increasing-shift alphabet series,Symbolic MCQ,Easy,Low,Easy,Constant shift,Track shift growth,Same,Check growth fit,30–50s,Shift growth,"What comes next in the series? A, C, F, J, O, ?"
REA-2140,2025,26 Sep | Shift 1,General Intelligence and Reasoning,Miscellaneous (Reasoning),Unclassified reasoning item,mixed skill,Unclassified reasoning item,Reasoning MCQ,Medium,Medium,Hard,Misclassification,Classify by stem first,Same,As applicable,30–60s,Stem patterns,"Six people P, Q, R, S, T and U live on six floors (1 lowest, 6 highest). R lives on an even floor. Two floors between R and P. P lives on 1st floor. One floor between R and S. Q lives above U. S does not live on 6th floor. Who lives 2 floors above P?"
REA-2141,2025,26 Sep | Shift 1,General Intelligence and Reasoning,Number / Alphabet Series,Second-order AP,second diff=2,Second-order AP (increasing differences),Symbolic MCQ,Easy,Low,Easy,Constant-diff guess,Build difference table,Last gap + last diff,Check last-gap options,30–50s,Difference tables,"Complete the series. 3, 8, 15, 24, 35, ?"
REA-2142,2025,26 Sep | Shift 1,General Intelligence and Reasoning,Classification / Odd-One-Out,Bare odd-one-out,option-driven,Bare odd-one-out (inspect options),Symbolic MCQ,Easy,Low,Easy,First-option bias,Test number letter word property per option,Kill three alike,Check all options,30-50s,Property scan,"Find the odd one out: Canberra, Ottawa, Tokyo, Sydney, London"
REA-2143,2025,26 Sep | Shift 1,General Intelligence and Reasoning,Miscellaneous (Reasoning),Unclassified reasoning item,mixed skill,Unclassified reasoning item,Reasoning MCQ,Easy,Low,Hard,Misclassification,Classify by stem first,Same,As applicable,30–60s,Stem patterns,A teacher finds a student cheating in an exam. What should the teacher do?
REA-2144,2025,26 Sep | Shift 1,General Intelligence and Reasoning,Number / Alphabet Series,Mixed-operation series,combined rules,Mixed-operation series,Symbolic MCQ,Easy,Low,Easy,Single-rule force,Try halves/alternation/split,Option back-fit,Test options in sequence,45–75s,Multi-rule toolkit,Find the missing number: 4 → 16 7 → 49 9 → ?
REA-2145,2025,26 Sep | Shift 1,General Intelligence and Reasoning,Coding-Decoding,Matrix / code-table coding,lookup mapping,Matrix / code-table coding,Symbolic MCQ,Easy,Low,Easy,Row/col swap,Build map; decode stepwise,Map once,Check lookups,40–65s,Table lookup,"If in a code, TABLE is written as UBCMF, then how is CHAIR written?"
REA-2146,2025,26 Sep | Shift 1,General Intelligence and Reasoning,Number / Alphabet Series,Second-order AP,second diff=2,Second-order AP (increasing differences),Symbolic MCQ,Easy,Low,Easy,Constant-diff guess,Build difference table,Last gap + last diff,Check last-gap options,30–50s,Difference tables,"What is the next number in the series? 2, 6, 12, 20, 30, ?"
REA-2147,2025,26 Sep | Shift 1,General Intelligence and Reasoning,Number / Alphabet Series,Second-order AP,second diff=-1,Second-order AP (increasing differences),Symbolic MCQ,Easy,Low,Easy,Constant-diff guess,Build difference table,Last gap + last diff,Check last-gap options,30–50s,Difference tables,"What comes next? z26, y25, w23, t20, p16, ?"
REA-2148,2025,26 Sep | Shift 1,General Intelligence and Reasoning,Syllogism & Conclusions,General syllogism task,Venn/test method,General syllogism task,Statement battery,Medium,Low,Hard,Leap of logic,Diagram or conclusion testing,Universal-first,Kill false ones,45–75s,Venn method,Statement: 1. All cups are plates. 2. Some plates are trays. 3. No tray is a bowl. Conclusions: I. Some cups are not bowls. II. All bowls are trays.
REA-2149,2025,26 Sep | Shift 1,General Intelligence and Reasoning,Syllogism & Conclusions,General syllogism task,Venn/test method,General syllogism task,Statement battery,Medium,Low,Hard,Leap of logic,Diagram or conclusion testing,Universal-first,Kill false ones,45–75s,Venn method,Statement: 1. All cats are dogs. 2. All dogs are animals. Conclusions: I. All cats are animals. II. Some animals are cats.
REA-2150,2025,26 Sep | Shift 1,General Intelligence and Reasoning,Miscellaneous (Reasoning),Unclassified reasoning item,mixed skill,Unclassified reasoning item,Reasoning MCQ,Easy,Low,Hard,Misclassification,Classify by stem first,Same,As applicable,30–60s,Stem patterns,"In a certain code, a number is represented by three digits showing the remainders when the number is divided by 4, 6, and 8 respectively. Which is the least number having the code 1, 3, 5?"
REA-2151,2025,26 Sep | Shift 2,General Intelligence and Reasoning,Number / Alphabet Series,Constant-shift alphabet series,"shift [2, 2] per step",Constant-shift alphabet series,Symbolic MCQ,Easy,Low,Easy,Reading as words,Shift each letter,Same,Check first-letter options,20–35s,A1Z26 shifts,"What comes next? BD, DF, FH, ?"
REA-2152,2025,26 Sep | Shift 2,General Intelligence and Reasoning,Coding-Decoding,Letter-shift transform,equal shift +1 per letter,Letter-shift transform (uniform),Symbolic MCQ,Easy,Low,Easy,First-letter only,Compute per-position shift; apply,First-letter shift only,Verify all positions,30–50s,A1Z26 shifts,"If ""PATNA"" is coded as ""OZSMZ"", how is ""LUCKY"" coded?"
REA-2153,2025,26 Sep | Shift 2,General Intelligence and Reasoning,Miscellaneous (Reasoning),Unclassified reasoning item,mixed skill,Unclassified reasoning item,Reasoning MCQ,Easy,Low,Hard,Misclassification,Classify by stem first,Same,As applicable,30–60s,Stem patterns,"If 172= 289, then 192= ?"
REA-2154,2025,26 Sep | Shift 2,General Intelligence and Reasoning,Coding-Decoding,Matrix / code-table coding,lookup mapping,Matrix / code-table coding,Symbolic MCQ,Easy,Low,Easy,Row/col swap,Build map; decode stepwise,Map once,Check lookups,40–65s,Table lookup,"If TABLE is coded as UBCMF, how is UBCMF coded?"
REA-2155,2025,26 Sep | Shift 2,General Intelligence and Reasoning,Syllogism & Conclusions,Statement,implicit premise,Statement–assumption,Statement battery,Easy,Low,Easy,Stated-as-assumed,Negation test on options,Negation test,Eliminate explicit restatements,40–60s,Negation test,"Statement: A notice says: ""Parking is not allowed here."" Assumptions: I. Vehicles are often parked here. II. Parking causes inconvenience."
REA-2156,2025,26 Sep | Shift 2,General Intelligence and Reasoning,Coding-Decoding,Rearrangement coding,position permutation,Rearrangement coding,Symbolic MCQ,Easy,Low,Easy,Assuming shift,Map positions 1:1; apply,Position map,Check fixed points,35–60s,Permutation map,"Which of the following is not an anagram of the word ""REACT""?"
REA-2157,2025,26 Sep | Shift 2,General Intelligence and Reasoning,Miscellaneous (Reasoning),Unclassified reasoning item,mixed skill,Unclassified reasoning item,Reasoning MCQ,Easy,Low,Hard,Misclassification,Classify by stem first,Same,As applicable,30–60s,Stem patterns,"What is the next number? 1, 4, 9, 16, ?"
REA-2158,2025,26 Sep | Shift 2,General Intelligence and Reasoning,Miscellaneous (Reasoning),Unclassified reasoning item,mixed skill,Unclassified reasoning item,Reasoning MCQ,Easy,Low,Hard,Misclassification,Classify by stem first,Same,As applicable,30–60s,Stem patterns,What is the remainder when 876543219 is divided by 9?
REA-2159,2025,26 Sep | Shift 2,General Intelligence and Reasoning,Miscellaneous (Reasoning),Unclassified reasoning item,mixed skill,Unclassified reasoning item,Reasoning MCQ,Easy,Low,Hard,Misclassification,Classify by stem first,Same,As applicable,30–60s,Stem patterns,A rectangular field has length 40 m and width 30 m. What is the length of its diagonal?
REA-2160,2025,26 Sep | Shift 2,General Intelligence and Reasoning,Ranking & Order,Rank / position in row,ends counting,Rank / position in row,Reasoning MCQ,Easy,Low,Easy,Zero-indexing,Total = L + R − 1 forms,Ends formula,Check 1-indexing,25–40s,Rank formulas,"When all the digits of the number 948372615 are arranged in ascending order, what is the result when the 2nd digit from the right is subtracted from the 3rd digit from the left?"
REA-2161,2025,26 Sep | Shift 2,General Intelligence and Reasoning,Coding-Decoding,General code transform,encode/decode map,General code transform,Symbolic MCQ,Easy,Low,Hard,Assuming shift,Map Q→option transforms,Position map,Verify mapping,35–60s,Transform inventory,"If in a code language, HAPPY is written as IBQQZ, how is MONEY written in that code?"
REA-2162,2025,26 Sep | Shift 2,General Intelligence and Reasoning,Number / Alphabet Series,Constant-shift alphabet series,"shift [2, 2] per step",Constant-shift alphabet series,Symbolic MCQ,Easy,Low,Easy,Reading as words,Shift each letter,Same,Check first-letter options,20–35s,A1Z26 shifts,"What comes next? AC, CE, EG, ?"
REA-2163,2025,26 Sep | Shift 2,General Intelligence and Reasoning,Analogy,Number analogy,operation across pair,Number analogy (a:b :: c:?),Symbolic MCQ,Easy,Low,Easy,Digit-splitting,Find op mapping first pair; apply,Test squares/cubes first,Test options in mapping,35–60s,Whole-number ops,Find the missing number: 6 : 36 :: 14 : ?
REA-2164,2025,26 Sep | Shift 2,General Intelligence and Reasoning,Classification / Odd-One-Out,Bare odd-one-out,option-driven,Bare odd-one-out (inspect options),Symbolic MCQ,Easy,Low,Easy,First-option bias,Test number letter word property per option,Kill three alike,Check all options,30-50s,Property scan,"Find the odd one out. Chennai, Bengaluru, Hyderabad, Bhopal, Mysuru"
REA-2165,2025,26 Sep | Shift 2,General Intelligence and Reasoning,Miscellaneous (Reasoning),Unclassified reasoning item,mixed skill,Unclassified reasoning item,Reasoning MCQ,Easy,Low,Hard,Misclassification,Classify by stem first,Same,As applicable,30–60s,Stem patterns,"Seminars were held in Kolkata, Chennai, and Mumbai on 5, 14, and 22 September. • Chennai's seminar was held after Kolkata's. • Mumbai's seminar was not on 14 September. When was the Chennai seminar held?"
REA-2166,2025,26 Sep | Shift 2,General Intelligence and Reasoning,Miscellaneous (Reasoning),Unclassified reasoning item,mixed skill,Unclassified reasoning item,Reasoning MCQ,Easy,Low,Hard,Misclassification,Classify by stem first,Same,As applicable,30–60s,Stem patterns,What is the product of all the digits from 1 to 9?
REA-2167,2025,26 Sep | Shift 2,General Intelligence and Reasoning,Miscellaneous (Reasoning),Unclassified reasoning item,mixed skill,Unclassified reasoning item,Reasoning MCQ,Easy,Low,Hard,Misclassification,Classify by stem first,Same,As applicable,30–60s,Stem patterns,A man rows 15 km downstream in 3 hours and 9 km upstream in 3 hours. What is the speed of the stream?
REA-2168,2025,26 Sep | Shift 2,General Intelligence and Reasoning,Number / Alphabet Series,Multiply-add,×2+1,Multiply-add (×k±c) series,Symbolic MCQ,Easy,Low,Easy,Pure multiply,Apply ×k±c,Same,Test last step,30–50s,×k±c test,"What should come in place of the question mark '?' in the following number series? 14, 29, 59, 119, ?"
REA-2169,2025,26 Sep | Shift 2,General Intelligence and Reasoning,Direction Sense,General direction-distance,path tracking,General direction-distance,Reasoning MCQ,Easy,Low,Hard,Sign error,Track N/E/S/W steps; net displacement,Net vector,Check scale,30–50s,Cardinal tracking,"Choose the address that is the same as the one given below. Flat No. 12B, Green Park, Andheri East, Mumbai, Maharashtra - 400069"
REA-2170,2025,26 Sep | Shift 2,General Intelligence and Reasoning,Number / Alphabet Series,Constant-difference series,AP with d=3,Constant-difference series,Symbolic MCQ,Easy,Low,Easy,Assuming +1,Add d each step,Extend one step,Eliminate non-AP options,15–30s,AP extension,"Complete the series. 3, 6, 9, 12, ?"
REA-2171,2025,26 Sep | Shift 2,General Intelligence and Reasoning,Coding-Decoding,General code transform,encode/decode map,General code transform,Symbolic MCQ,Easy,Low,Hard,Assuming shift,Map Q→option transforms,Position map,Verify mapping,35–60s,Transform inventory,"If LIGHT is coded as NKIJV, how is SOUND coded?"
REA-2172,2025,26 Sep | Shift 2,General Intelligence and Reasoning,Syllogism & Conclusions,General syllogism task,Venn/test method,General syllogism task,Statement battery,Medium,Low,Hard,Leap of logic,Diagram or conclusion testing,Universal-first,Kill false ones,45–75s,Venn method,Statement: 1. Some books are useful. 2. All useful things are expensive. Conclusions: I. Some books are expensive. II. All books are expensive.
REA-2173,2025,26 Sep | Shift 2,General Intelligence and Reasoning,Number / Alphabet Series,Mixed-operation series,combined rules,Mixed-operation series,Symbolic MCQ,Easy,Low,Easy,Single-rule force,Try halves/alternation/split,Option back-fit,Test options in sequence,45–75s,Multi-rule toolkit,"In the following number series, a wrong number is given. Find out the WRONG number. 5, 11, 23, 46, 95, 191"
REA-2174,2025,26 Sep | Shift 2,General Intelligence and Reasoning,Dictionary & Word Formation,Meaningful-word formation,anagram search,Meaningful-word formation,Reasoning MCQ,Easy,Low,Easy,Non-word acceptance,Fix first letter; test,Vowel anchor,Try option words,30–55s,Anagram skill,Given in the table are the number codes for the given letters. Select the combination of numbers so that the letters arranged accordingly will form a meaningful word. 5 4 3 2 1T A R E H
REA-2175,2025,26 Sep | Shift 2,General Intelligence and Reasoning,Coding-Decoding,Alphanumeric / position-sum coding,letters ↔ numbers,Alphanumeric / position-sum coding,Symbolic MCQ,Easy,Low,Easy,A=0 indexing,Sum positions / reverse-sum; test,Position sums first,Verify sums match,30–50s,A1Z26 sums,"If A = 3 and B = 5, then (A + B)² = ?"
REA-2176,2025,26 Sep | Shift 3,General Intelligence and Reasoning,Miscellaneous (Reasoning),Unclassified reasoning item,mixed skill,Unclassified reasoning item,Reasoning MCQ,Easy,Low,Hard,Misclassification,Classify by stem first,Same,As applicable,30–60s,Stem patterns,You are a traffic officer and illegal parking is causing accidents. What should you prioritize?
REA-2177,2025,26 Sep | Shift 3,General Intelligence and Reasoning,Miscellaneous (Reasoning),Unclassified reasoning item,mixed skill,Unclassified reasoning item,Reasoning MCQ,Easy,Low,Hard,Misclassification,Classify by stem first,Same,As applicable,30–60s,Stem patterns,"A man buys 4 pencils and 3 erasers for ₹ 58. If a pencil costs ₹ 8, what is the cost of an eraser?"
REA-2178,2025,26 Sep | Shift 3,General Intelligence and Reasoning,Number / Alphabet Series,Constant-shift alphabet series,"shift [-1, -1] per step",Constant-shift alphabet series,Symbolic MCQ,Easy,Low,Easy,Reading as words,Shift each letter,Same,Check first-letter options,20–35s,A1Z26 shifts,"What comes next? ZX, YW, XV, ?"
REA-2179,2025,26 Sep | Shift 3,General Intelligence and Reasoning,Seating Arrangement,General arrangement,placement logic,General arrangement,Reasoning MCQ,Hard,High,Hard,Floating start,Fix one; place rest,Anchor first,Test orders,50–80s,Anchoring,"Direction: Study the following information carefully and answer the question given below. Eight companies – TCS, Wipro, IBM, Oracle, Capgemini, Accenture, TechM and Cognizant – have offices on different floors of an 8-storey building. The bottommost floor is numbered 1 and the topmost floor is numbered 8. Oracle is on the 6th floor. Cognizant is not on an even-numbered floor. TechM is immediate above Accenture. At least two companies are above TechM. Wipro and IBM is neighbour of TCS. Neither Wipro nor IBM is adjacent to Oracle. Capgemini is on an even-numbered floor and not adjacent to Oracle. How many floors are above IBM?"
REA-2180,2025,26 Sep | Shift 3,General Intelligence and Reasoning,Analogy,General analogy,relation mapping,General analogy,Symbolic MCQ,Easy,Low,Hard,Vague association,Name relation in pair 1; apply,Relation naming,Eliminate unrelated,30–55s,Relation vocabulary,Complete the analogy. CF : EH :: GJ : ?
REA-2181,2025,26 Sep | Shift 3,General Intelligence and Reasoning,Miscellaneous (Reasoning),Unclassified reasoning item,mixed skill,Unclassified reasoning item,Reasoning MCQ,Easy,Low,Hard,Misclassification,Classify by stem first,Same,As applicable,30–60s,Stem patterns,"Bengaluru event: October 8, Hyderabad event: October 30 Chennai event date is a perfect cube between them. What is the date?"
REA-2182,2025,26 Sep | Shift 3,General Intelligence and Reasoning,Miscellaneous (Reasoning),Unclassified reasoning item,mixed skill,Unclassified reasoning item,Reasoning MCQ,Easy,Low,Hard,Misclassification,Classify by stem first,Same,As applicable,30–60s,Stem patterns,"If 5 # 4 = 41, then 6 # 3 = ?"
REA-2183,2025,26 Sep | Shift 3,General Intelligence and Reasoning,Coding-Decoding,General code transform,encode/decode map,General code transform,Symbolic MCQ,Easy,Low,Hard,Assuming shift,Map Q→option transforms,Position map,Verify mapping,35–60s,Transform inventory,"If LIGHT is coded as MJHIU, how is SOUND written?"
REA-2184,2025,26 Sep | Shift 3,General Intelligence and Reasoning,Miscellaneous (Reasoning),Unclassified reasoning item,mixed skill,Unclassified reasoning item,Reasoning MCQ,Easy,Low,Hard,Misclassification,Classify by stem first,Same,As applicable,30–60s,Stem patterns,"By rearranging the letters of 'INTEGRAL', we get a meaningful English word of eight letters. 1 2 3 4 5 6 7 8I N T E G R A L"
REA-2185,2025,26 Sep | Shift 3,General Intelligence and Reasoning,Number / Alphabet Series,Multiply-add,×2+1,Multiply-add (×k±c) series,Symbolic MCQ,Easy,Low,Easy,Pure multiply,Apply ×k±c,Same,Test last step,30–50s,×k±c test,"Complete the series: 5, 11, 23, 47, ?"
REA-2186,2025,26 Sep | Shift 3,General Intelligence and Reasoning,Attention to Detail,Exact string/address match,character scan,Exact string/address match,Reasoning MCQ,Easy,Low,Easy,Skim reading,Chunk-wise compare,Chunk compare,Diff-scan options,20–35s,Careful scanning,"Choose the address exactly the same as given below. Flat No. 27, Block B, Rohini, Delhi - 110085"
REA-2187,2025,26 Sep | Shift 3,General Intelligence and Reasoning,Number / Alphabet Series,Second-order AP,second diff=1,Second-order AP (increasing differences),Symbolic MCQ,Easy,Low,Easy,Constant-diff guess,Build difference table,Last gap + last diff,Check last-gap options,30–50s,Difference tables,"Find the missing number: 4, 9, 15, 22, ?"
REA-2188,2025,26 Sep | Shift 3,General Intelligence and Reasoning,Syllogism & Conclusions,General syllogism task,Venn/test method,General syllogism task,Statement battery,Medium,Low,Hard,Leap of logic,Diagram or conclusion testing,Universal-first,Kill false ones,45–75s,Venn method,Statement: 1. Some flowers are red. 2. No red is blue. Conclusions: I. Some flowers are not blue. II. All blue are red.
REA-2189,2025,26 Sep | Shift 3,General Intelligence and Reasoning,Syllogism & Conclusions,General syllogism task,Venn/test method,General syllogism task,Statement battery,Medium,Low,Hard,Leap of logic,Diagram or conclusion testing,Universal-first,Kill false ones,45–75s,Venn method,Statement: 1. All teachers are graduates. 2. Some graduates are artists. 3. All artists are singers. Conclusions: I. Some teachers are singers. II. Some graduates are singers.
REA-2190,2025,26 Sep | Shift 3,General Intelligence and Reasoning,Coding-Decoding,Alphanumeric / position-sum coding,letters ↔ numbers,Alphanumeric / position-sum coding,Symbolic MCQ,Easy,Low,Easy,A=0 indexing,Sum positions / reverse-sum; test,Position sums first,Verify sums match,30–50s,A1Z26 sums,"If BAT is coded as 2120, what is the code for CAT?"
REA-2191,2025,26 Sep | Shift 3,General Intelligence and Reasoning,Number / Alphabet Series,Second-order AP,second diff=2,Second-order AP (increasing differences),Symbolic MCQ,Easy,Low,Easy,Constant-diff guess,Build difference table,Last gap + last diff,Check last-gap options,30–50s,Difference tables,"What is the next number in the series? 2, 6, 12, 20, ?"
REA-2192,2025,26 Sep | Shift 3,General Intelligence and Reasoning,Miscellaneous (Reasoning),Unclassified reasoning item,mixed skill,Unclassified reasoning item,Reasoning MCQ,Easy,Low,Hard,Misclassification,Classify by stem first,Same,As applicable,30–60s,Stem patterns,Which roll number is a perfect cube?
REA-2193,2025,26 Sep | Shift 3,General Intelligence and Reasoning,Miscellaneous (Reasoning),Unclassified reasoning item,mixed skill,Unclassified reasoning item,Reasoning MCQ,Easy,Low,Hard,Misclassification,Classify by stem first,Same,As applicable,30–60s,Stem patterns,Which one is not like the others?
REA-2194,2025,26 Sep | Shift 3,General Intelligence and Reasoning,Coding-Decoding,Matrix / code-table coding,lookup mapping,Matrix / code-table coding,Symbolic MCQ,Easy,Low,Easy,Row/col swap,Build map; decode stepwise,Map once,Check lookups,40–65s,Table lookup,"In a code language, TABLE becomes SZAKD, what is the code for CHAIR?"
REA-2195,2025,26 Sep | Shift 3,General Intelligence and Reasoning,Number / Alphabet Series,Constant-shift alphabet series,shift [3] per step,Constant-shift alphabet series,Symbolic MCQ,Easy,Low,Easy,Reading as words,Shift each letter,Same,Check first-letter options,20–35s,A1Z26 shifts,"What comes next in the series? C, F, I, L, ?"
REA-2196,2025,26 Sep | Shift 3,General Intelligence and Reasoning,Classification / Odd-One-Out,Bare odd-one-out,option-driven,Bare odd-one-out (inspect options),Symbolic MCQ,Easy,Low,Easy,First-option bias,Test number letter word property per option,Kill three alike,Check all options,30-50s,Property scan,Find the odd one out:
REA-2197,2025,26 Sep | Shift 3,General Intelligence and Reasoning,Number / Alphabet Series,Squares / cubes pattern,perfect powers in order,Squares / cubes pattern,Symbolic MCQ,Easy,Low,Easy,Linear fit,Root sequence; extend,Root check,Check root fit,25–40s,Power list,"Find the missing term in the series. 144, 169, 196, 225, ?"
REA-2198,2025,26 Sep | Shift 3,General Intelligence and Reasoning,Number / Alphabet Series,Mixed-operation series,combined rules,Mixed-operation series,Symbolic MCQ,Easy,Low,Easy,Single-rule force,Try halves/alternation/split,Option back-fit,Test options in sequence,45–75s,Multi-rule toolkit,Alphanumeric Series: R 4 % T 9 K 2 A # 7 P 1 M & 8 Z Q * 3 L What is the third element to the right of the 6th element from left?
REA-2199,2025,26 Sep | Shift 3,General Intelligence and Reasoning,Mathematical Operators,General operator fill,BODMAS trial,General operator fill,Symbolic MCQ,Easy,Low,Hard,No-bracket math,Try options with BODMAS,Estimate first,Kill by size,40–65s,BODMAS,"If 8 @ 3 = 19, then 6 @ 4 = ?"
REA-2200,2025,26 Sep | Shift 3,General Intelligence and Reasoning,Syllogism & Conclusions,Argument / course-of-action,strength test,Argument / course-of-action,Statement battery,Easy,Low,Easy,Emotional appeal,Core-issue + desirability test,Core-issue filter,Kill side-issue options,40–60s,Core-issue test,Statement: A school is facing frequent bullying incidents. Course of Action: 1. Appoint a counsellor. 2. Close the school permanently.
