Prerequisite_Node,Dependent_Node,Dependency_Type,Evidence_Basis,Confidence
Q,Q-D-FOUNDATIONS-OF,REQUIRED,Structural curriculum grouping,High
Q,Q-D-RATIO-PERCENTA,REQUIRED,Structural curriculum grouping,High
Q,Q-D-ALGEBRA,REQUIRED,Structural curriculum grouping,High
Q,Q-D-GEOMETRY-MENSU,REQUIRED,Structural curriculum grouping,High
Q,Q-D-TIME-WORK-SPEE,REQUIRED,Structural curriculum grouping,High
Q,Q-D-DATA-FIGURES-U,REQUIRED,Structural curriculum grouping,High
E,E-D-WORD-KNOWLEDGE,REQUIRED,Structural curriculum grouping,High
E,E-D-GRAMMAR-KNOWLE,REQUIRED,Structural curriculum grouping,High
E,E-D-READING-CONTEX,REQUIRED,Structural curriculum grouping,High
E,E-D-TRANSFORMATION,REQUIRED,Structural curriculum grouping,High
E,E-D-FIGURES-UNCLAS,REQUIRED,Structural curriculum grouping,High
R,R-D-SERIES-ANALOGY,REQUIRED,Structural curriculum grouping,High
R,R-D-LANGUAGE-BASED,REQUIRED,Structural curriculum grouping,High
R,R-D-SPATIAL-VISUAL,REQUIRED,Structural curriculum grouping,High
R,R-D-APPLIED-PROCED,REQUIRED,Structural curriculum grouping,High
G,G-D-ART-CULTURE,REQUIRED,Structural curriculum grouping,High
G,G-D-AWARDS,REQUIRED,Structural curriculum grouping,High
G,G-D-BIOLOGY,REQUIRED,Structural curriculum grouping,High
G,G-D-BOOKS,REQUIRED,Structural curriculum grouping,High
G,G-D-CHEMISTRY,REQUIRED,Structural curriculum grouping,High
G,G-D-CURRENT-AFFAIR,REQUIRED,Structural curriculum grouping,High
G,G-D-ECONOMY,REQUIRED,Structural curriculum grouping,High
G,G-D-FIGURE-BASED-I,REQUIRED,Structural curriculum grouping,High
G,G-D-GEOGRAPHY,REQUIRED,Structural curriculum grouping,High
G,G-D-HISTORY-ANCIEN,REQUIRED,Structural curriculum grouping,High
G,G-D-HISTORY-MEDIEV,REQUIRED,Structural curriculum grouping,High
G,G-D-HISTORY-MODERN,REQUIRED,Structural curriculum grouping,High
G,G-D-INSTITUTIONS-S,REQUIRED,Structural curriculum grouping,High
G,G-D-PHYSICS,REQUIRED,Structural curriculum grouping,High
G,G-D-POLITY,REQUIRED,Structural curriculum grouping,High
G,G-D-SPORTS,REQUIRED,Structural curriculum grouping,High
Q-D-RATIO-PERCENTA,Q-T-PERCENTAGES-RA,REQUIRED,Structural curriculum grouping,High
Q-D-RATIO-PERCENTA,Q-T-PROFIT-LOSS,REQUIRED,Structural curriculum grouping,High
Q-D-TIME-WORK-SPEE,Q-T-TIME-WORK,REQUIRED,Structural curriculum grouping,High
Q-D-TIME-WORK-SPEE,Q-T-TIME-SPEED-DIS,REQUIRED,Structural curriculum grouping,High
Q-D-DATA-FIGURES-U,Q-T-FIGURE-BASED-I,REQUIRED,Structural curriculum grouping,High
Q-D-GEOMETRY-MENSU,Q-T-GEOMETRY,REQUIRED,Structural curriculum grouping,High
Q-D-TIME-WORK-SPEE,Q-T-SIMPLE-COMPOUN,REQUIRED,Structural curriculum grouping,High
Q-D-GEOMETRY-MENSU,Q-T-TRIGONOMETRY-H,REQUIRED,Structural curriculum grouping,High
Q-D-FOUNDATIONS-OF,Q-T-NUMBER-SYSTEM,REQUIRED,Structural curriculum grouping,High
Q-D-RATIO-PERCENTA,Q-T-MIXTURE-ALLIGA,REQUIRED,Structural curriculum grouping,High
Q-D-DATA-FIGURES-U,Q-T-DATA-INTERPRET,REQUIRED,Structural curriculum grouping,High
Q-D-GEOMETRY-MENSU,Q-T-MENSURATION,REQUIRED,Structural curriculum grouping,High
Q-D-TIME-WORK-SPEE,Q-T-AVERAGE-AGE,REQUIRED,Structural curriculum grouping,High
Q-D-ALGEBRA,Q-T-ALGEBRA-EQUATI,REQUIRED,Structural curriculum grouping,High
Q-D-FOUNDATIONS-OF,Q-T-SIMPLIFICATION,REQUIRED,Structural curriculum grouping,High
Q-D-DATA-FIGURES-U,Q-T-MISCELLANEOUS-,REQUIRED,Structural curriculum grouping,High
Q-D-RATIO-PERCENTA,Q-T-PARTNERSHIP-SH,REQUIRED,Structural curriculum grouping,High
E-D-GRAMMAR-KNOWLE,E-T-ERROR-DETECTIO,REQUIRED,Structural curriculum grouping,High
E-D-WORD-KNOWLEDGE,E-T-ANTONYMS,REQUIRED,Structural curriculum grouping,High
E-D-WORD-KNOWLEDGE,E-T-SPELLINGS,REQUIRED,Structural curriculum grouping,High
E-D-TRANSFORMATION,E-T-ACTIVE-PASSIVE,REQUIRED,Structural curriculum grouping,High
E-D-GRAMMAR-KNOWLE,E-T-TENSES-GRAMMAR,REQUIRED,Structural curriculum grouping,High
E-D-WORD-KNOWLEDGE,E-T-ONE-WORD-SUBST,REQUIRED,Structural curriculum grouping,High
E-D-WORD-KNOWLEDGE,E-T-IDIOMS-PHRASES,REQUIRED,Structural curriculum grouping,High
E-D-WORD-KNOWLEDGE,E-T-SYNONYMS,REQUIRED,Structural curriculum grouping,High
E-D-GRAMMAR-KNOWLE,E-T-SENTENCE-IMPRO,REQUIRED,Structural curriculum grouping,High
E-D-READING-CONTEX,E-T-PARA-JUMBLES,REQUIRED,Structural curriculum grouping,High
E-D-WORD-KNOWLEDGE,E-T-FILL-IN-THE-BL,REQUIRED,Structural curriculum grouping,High
E-D-READING-CONTEX,E-T-CLOZE-PASSAGE,REQUIRED,Structural curriculum grouping,High
E-D-WORD-KNOWLEDGE,E-T-HOMONYMS-VOCAB,REQUIRED,Structural curriculum grouping,High
E-D-READING-CONTEX,E-T-SENTENCE-REARR,REQUIRED,Structural curriculum grouping,High
E-D-FIGURES-UNCLAS,E-T-FIGURE-BASED-I,REQUIRED,Structural curriculum grouping,High
E-D-READING-CONTEX,E-T-READING-COMPRE,REQUIRED,Structural curriculum grouping,High
E-D-TRANSFORMATION,E-T-DIRECT-INDIREC,REQUIRED,Structural curriculum grouping,High
R-D-SPATIAL-VISUAL,R-T-FIGURE-BASED-I,REQUIRED,Structural curriculum grouping,High
R-D-LANGUAGE-BASED,R-T-DICTIONARY-WOR,REQUIRED,Structural curriculum grouping,High
R-D-LANGUAGE-BASED,R-T-SYLLOGISM-CONC,REQUIRED,Structural curriculum grouping,High
R-D-SERIES-ANALOGY,R-T-ANALOGY,REQUIRED,Structural curriculum grouping,High
R-D-LANGUAGE-BASED,R-T-BLOOD-RELATION,REQUIRED,Structural curriculum grouping,High
R-D-SERIES-ANALOGY,R-T-NUMBER-ALPHABE,REQUIRED,Structural curriculum grouping,High
R-D-APPLIED-PROCED,R-T-MATHEMATICAL-O,REQUIRED,Structural curriculum grouping,High
R-D-SPATIAL-VISUAL,R-T-DICE-CUBES,REQUIRED,Structural curriculum grouping,High
R-D-SERIES-ANALOGY,R-T-CLASSIFICATION,REQUIRED,Structural curriculum grouping,High
R-D-LANGUAGE-BASED,R-T-CODING-DECODIN,REQUIRED,Structural curriculum grouping,High
R-D-APPLIED-PROCED,R-T-CALENDAR-CLOCK,REQUIRED,Structural curriculum grouping,High
R-D-SPATIAL-VISUAL,R-T-MIRROR-WATER-I,REQUIRED,Structural curriculum grouping,High
R-D-SPATIAL-VISUAL,R-T-EMBEDDED-COMPL,REQUIRED,Structural curriculum grouping,High
R-D-SPATIAL-VISUAL,R-T-FIGURE-SERIES,REQUIRED,Structural curriculum grouping,High
R-D-SPATIAL-VISUAL,R-T-PAPER-FOLDING-,REQUIRED,Structural curriculum grouping,High
R-D-APPLIED-PROCED,R-T-VENN-DIAGRAM,REQUIRED,Structural curriculum grouping,High
R-D-APPLIED-PROCED,R-T-ATTENTION-TO-D,REQUIRED,Structural curriculum grouping,High
R-D-APPLIED-PROCED,R-T-DIRECTION-SENS,REQUIRED,Structural curriculum grouping,High
R-D-APPLIED-PROCED,R-T-MISCELLANEOUS-,REQUIRED,Structural curriculum grouping,High
R-D-LANGUAGE-BASED,R-T-RANKING-ORDER,REQUIRED,Structural curriculum grouping,High
R-D-APPLIED-PROCED,R-T-SEATING-ARRANG,REQUIRED,Structural curriculum grouping,High
G-D-SPORTS,G-T-SPORTS,REQUIRED,Structural curriculum grouping,High
G-D-CURRENT-AFFAIR,G-T-CURRENT-AFFAIR,REQUIRED,Structural curriculum grouping,High
G-D-INSTITUTIONS-S,G-T-INSTITUTIONS-S,REQUIRED,Structural curriculum grouping,High
G-D-ART-CULTURE,G-T-ART-CULTURE,REQUIRED,Structural curriculum grouping,High
G-D-POLITY,G-T-POLITY,REQUIRED,Structural curriculum grouping,High
G-D-HISTORY-ANCIEN,G-T-ANCIENT-HISTOR,REQUIRED,Structural curriculum grouping,High
G-D-PHYSICS,G-T-PHYSICS,REQUIRED,Structural curriculum grouping,High
G-D-HISTORY-MEDIEV,G-T-MEDIEVAL-HISTO,REQUIRED,Structural curriculum grouping,High
G-D-BIOLOGY,G-T-BIOLOGY,REQUIRED,Structural curriculum grouping,High
G-D-GEOGRAPHY,G-T-GEOGRAPHY,REQUIRED,Structural curriculum grouping,High
G-D-FIGURE-BASED-I,G-T-FIGURE-BASED-I,REQUIRED,Structural curriculum grouping,High
G-D-HISTORY-MODERN,G-T-MODERN-HISTORY,REQUIRED,Structural curriculum grouping,High
G-D-ECONOMY,G-T-ECONOMY,REQUIRED,Structural curriculum grouping,High
G-D-CHEMISTRY,G-T-CHEMISTRY,REQUIRED,Structural curriculum grouping,High
G-D-BOOKS,G-T-BOOKS,REQUIRED,Structural curriculum grouping,High
G-D-AWARDS,G-T-AWARDS,REQUIRED,Structural curriculum grouping,High
Q,Q-EXT-ARITH,REQUIRED,Foundational grounding,High
Q,Q-EXT-FRAC,REQUIRED,Foundational grounding,High
Q,Q-EXT-BODMAS,REQUIRED,Foundational grounding,High
Q,Q-EXT-PLACEVAL,REQUIRED,Foundational grounding,High
Q,Q-EXT-UNITS,REQUIRED,Foundational grounding,High
Q,Q-EXT-ALGMANIP,REQUIRED,Foundational grounding,High
Q,Q-EXT-EQN,REQUIRED,Foundational grounding,High
Q,Q-EXT-GEOBASIC,REQUIRED,Foundational grounding,High
Q,Q-EXT-PYTH,REQUIRED,Foundational grounding,High
Q,Q-EXT-POW,REQUIRED,Foundational grounding,High
Q,Q-EXT-READ,REQUIRED,Foundational grounding,High
Q,Q-EXT-AP,REQUIRED,Foundational grounding,High
Q,Q-EXT-COORD,REQUIRED,Foundational grounding,High
Q,Q-EXT-TRIGRAT,REQUIRED,Foundational grounding,High
E,E-EXT-POS,REQUIRED,Foundational grounding,High
E,E-EXT-SENT,REQUIRED,Foundational grounding,High
E,E-EXT-VERB,REQUIRED,Foundational grounding,High
E,E-EXT-ROOTS,REQUIRED,Foundational grounding,High
E,E-EXT-READ,REQUIRED,Foundational grounding,High
E,E-EXT-COHES,REQUIRED,Foundational grounding,High
R,R-EXT-A1Z26,REQUIRED,Foundational grounding,High
R,R-EXT-ARITH,REQUIRED,Foundational grounding,High
R,R-EXT-BODMAS,REQUIRED,Foundational grounding,High
R,R-EXT-PARDIV,REQUIRED,Foundational grounding,High
R,R-EXT-CARD,REQUIRED,Foundational grounding,High
R,R-EXT-SUNSHAD,REQUIRED,Foundational grounding,High
R,R-EXT-CALBASIC,REQUIRED,Foundational grounding,High
R,R-EXT-CLOCKFACE,REQUIRED,Foundational grounding,High
R,R-EXT-SPAT,REQUIRED,Foundational grounding,High
R,R-EXT-CUBENET,REQUIRED,Foundational grounding,High
R,R-EXT-VOCAB,REQUIRED,Foundational grounding,High
R,R-EXT-STMLOG,REQUIRED,Foundational grounding,High
G,G-EXT-MAP,REQUIRED,Foundational grounding,High
G,G-EXT-TIMELINE,REQUIRED,Foundational grounding,High
Q-T-ALGEBRA-EQUATI,Q-S-ALGEBRA-EQ-COORDINATE-G,REQUIRED,Structural curriculum grouping,High
Q-S-ALGEBRA-EQ-COORDINATE-G,Q-M-ALGEBRA--COORDINATE-Y-MX-C,REQUIRED,Structural curriculum grouping,High
Q-M-ALGEBRA--COORDINATE-Y-MX-C,Q-A-COORDINATE-GEOME,REQUIRED,Structure instantiates the concept,High
Q-A-COORDINATE-GEOME,Q-V-COORDINATE-G-T0,REQUIRED,Trap annotation,High
Q-A-COORDINATE-GEOME,Q-V-COORDINATE-G-M,REQUIRED,Method annotation,High
Q-T-ALGEBRA-EQUATI,Q-S-ALGEBRA-EQ-CUBE-IDENTIT,REQUIRED,Structural curriculum grouping,High
Q-S-ALGEBRA-EQ-CUBE-IDENTIT,Q-M-ALGEBRA--CUBE-IDENT-ZERO-SUM-C,REQUIRED,Structural curriculum grouping,High
Q-M-ALGEBRA--CUBE-IDENT-ZERO-SUM-C,Q-A-CUBE-IDENTITY-A3,REQUIRED,Structure instantiates the concept,High
Q-A-CUBE-IDENTITY-A3,Q-V-CUBE-IDENTIT-T0,REQUIRED,Trap annotation,High
Q-A-CUBE-IDENTITY-A3,Q-V-CUBE-IDENTIT-M,REQUIRED,Method annotation,High
Q-T-ALGEBRA-EQUATI,Q-S-ALGEBRA-EQ-EXPRESSION-S,REQUIRED,Structural curriculum grouping,High
Q-S-ALGEBRA-EQ-EXPRESSION-S,Q-M-ALGEBRA--EXPRESSION-DIRECT-EVA,REQUIRED,Structural curriculum grouping,High
Q-M-ALGEBRA--EXPRESSION-DIRECT-EVA,Q-A-EXPRESSION-SIMPL,REQUIRED,Structure instantiates the concept,High
Q-A-EXPRESSION-SIMPL,Q-V-EXPRESSION-S-T0,REQUIRED,Trap annotation,High
Q-A-EXPRESSION-SIMPL,Q-V-EXPRESSION-S-M,REQUIRED,Method annotation,High
Q-T-ALGEBRA-EQUATI,Q-S-ALGEBRA-EQ-LINEAR-SYSTE,REQUIRED,Structural curriculum grouping,High
Q-S-ALGEBRA-EQ-LINEAR-SYSTE,Q-M-ALGEBRA--LINEAR-SYS-COEFFICIEN,REQUIRED,Structural curriculum grouping,High
Q-M-ALGEBRA--LINEAR-SYS-COEFFICIEN,Q-A-LINEAR-SYSTEM-PA,REQUIRED,Structure instantiates the concept,High
Q-A-LINEAR-SYSTEM-PA,Q-V-LINEAR-SYSTE-T0,REQUIRED,Trap annotation,High
Q-A-LINEAR-SYSTEM-PA,Q-V-LINEAR-SYSTE-M,REQUIRED,Method annotation,High
Q-T-ALGEBRA-EQUATI,Q-S-ALGEBRA-EQ-SIMULTANEOUS,REQUIRED,Structural curriculum grouping,High
Q-S-ALGEBRA-EQ-SIMULTANEOUS,Q-M-ALGEBRA--SIMULTANEO-ELIMINATIO,REQUIRED,Structural curriculum grouping,High
Q-M-ALGEBRA--SIMULTANEO-ELIMINATIO,Q-A-SIMULTANEOUS-LIN,REQUIRED,Structure instantiates the concept,High
Q-A-SIMULTANEOUS-LIN,Q-V-SIMULTANEOUS-T0,REQUIRED,Trap annotation,High
Q-A-SIMULTANEOUS-LIN,Q-V-SIMULTANEOUS-M,REQUIRED,Method annotation,High
Q-T-ALGEBRA-EQUATI,Q-S-ALGEBRA-EQ-SURDS-ODD-ON,REQUIRED,Structural curriculum grouping,High
Q-S-ALGEBRA-EQ-SURDS-ODD-ON,Q-M-ALGEBRA--SURDS-ODD--SQUARE-COM,REQUIRED,Structural curriculum grouping,High
Q-M-ALGEBRA--SURDS-ODD--SQUARE-COM,Q-A-SURDS-ODD-ONE-OU,REQUIRED,Structure instantiates the concept,High
Q-A-SURDS-ODD-ONE-OU,Q-V-SURDS-ODD-ON-T0,REQUIRED,Trap annotation,High
Q-A-SURDS-ODD-ONE-OU,Q-V-SURDS-ODD-ON-M,REQUIRED,Method annotation,High
Q-T-ALGEBRA-EQUATI,Q-S-ALGEBRA-EQ-WORD-PROBLEM,REQUIRED,Structural curriculum grouping,High
Q-S-ALGEBRA-EQ-WORD-PROBLEM,Q-M-ALGEBRA--WORD-PROBL-TRANSLATE-,REQUIRED,Structural curriculum grouping,High
Q-M-ALGEBRA--WORD-PROBL-TRANSLATE-,Q-A-WORD-PROBLEM-EQU,REQUIRED,Structure instantiates the concept,High
Q-A-WORD-PROBLEM-EQU,Q-V-WORD-PROBLEM-T0,REQUIRED,Trap annotation,High
Q-A-WORD-PROBLEM-EQU,Q-V-WORD-PROBLEM-M,REQUIRED,Method annotation,High
Q-T-ALGEBRA-EQUATI,Q-S-ALGEBRA-EQ-X-1-X-IDENTI,REQUIRED,Structural curriculum grouping,High
Q-S-ALGEBRA-EQ-X-1-X-IDENTI,Q-M-ALGEBRA--X-1-X-IDEN-RECIPROCAL,REQUIRED,Structural curriculum grouping,High
Q-M-ALGEBRA--X-1-X-IDEN-RECIPROCAL,Q-A-X-1-X-IDENTITIES,REQUIRED,Structure instantiates the concept,High
Q-A-X-1-X-IDENTITIES,Q-V-X-1-X-IDENTI-T0,REQUIRED,Trap annotation,High
Q-A-X-1-X-IDENTITIES,Q-V-X-1-X-IDENTI-M,REQUIRED,Method annotation,High
Q-T-AVERAGE-AGE,Q-S-AVERAGE-AG-AP-SPACED-AG,REQUIRED,Structural curriculum grouping,High
Q-S-AVERAGE-AG-AP-SPACED-AG,Q-M-AVERAGE--AP-SPACED--ARITHMETIC,REQUIRED,Structural curriculum grouping,High
Q-M-AVERAGE--AP-SPACED--ARITHMETIC,Q-A-AP-SPACED-AGES,REQUIRED,Structure instantiates the concept,High
Q-A-AP-SPACED-AGES,Q-V-AP-SPACED-AG-T0,REQUIRED,Trap annotation,High
Q-A-AP-SPACED-AGES,Q-V-AP-SPACED-AG-M,REQUIRED,Method annotation,High
Q-T-AVERAGE-AGE,Q-S-AVERAGE-AG-AGE-MULTIPLI,REQUIRED,Structural curriculum grouping,High
Q-S-AVERAGE-AG-AGE-MULTIPLI,Q-M-AVERAGE--AGE-MULTIP-AGE-EQUATI,REQUIRED,Structural curriculum grouping,High
Q-M-AVERAGE--AGE-MULTIP-AGE-EQUATI,Q-A-AGE-MULTIPLIER-P,REQUIRED,Structure instantiates the concept,High
Q-A-AGE-MULTIPLIER-P,Q-V-AGE-MULTIPLI-T0,REQUIRED,Trap annotation,High
Q-A-AGE-MULTIPLIER-P,Q-V-AGE-MULTIPLI-M,REQUIRED,Method annotation,High
Q-T-AVERAGE-AGE,Q-S-AVERAGE-AG-AVERAGE-OF-A,REQUIRED,Structural curriculum grouping,High
Q-S-AVERAGE-AG-AVERAGE-OF-A,Q-M-AVERAGE--AVERAGE-OF-AP-MEAN,REQUIRED,Structural curriculum grouping,High
Q-M-AVERAGE--AVERAGE-OF-AP-MEAN,Q-A-AVERAGE-OF-A-DIV,REQUIRED,Structure instantiates the concept,High
Q-A-AVERAGE-OF-A-DIV,Q-V-AVERAGE-OF-A-T0,REQUIRED,Trap annotation,High
Q-A-AVERAGE-OF-A-DIV,Q-V-AVERAGE-OF-A-M,REQUIRED,Method annotation,High
Q-T-AVERAGE-AGE,Q-S-AVERAGE-AG-AVERAGE-OF-A-2,REQUIRED,Structural curriculum grouping,High
Q-S-AVERAGE-AG-AVERAGE-OF-A-2,Q-M-AVERAGE--AVERAGE-OF-LIST-TOTAL,REQUIRED,Structural curriculum grouping,High
Q-M-AVERAGE--AVERAGE-OF-LIST-TOTAL,Q-A-AVERAGE-OF-A-NUM,REQUIRED,Structure instantiates the concept,High
Q-A-AVERAGE-OF-A-NUM,Q-V-AVERAGE-OF-A-T0-2,REQUIRED,Trap annotation,High
Q-A-AVERAGE-OF-A-NUM,Q-V-AVERAGE-OF-A-M-2,REQUIRED,Method annotation,High
Q-T-AVERAGE-AGE,Q-S-AVERAGE-AG-AVERAGE-OF-S,REQUIRED,Structural curriculum grouping,High
Q-S-AVERAGE-AG-AVERAGE-OF-S,Q-M-AVERAGE--AVERAGE-OF-STANDARD-R,REQUIRED,Structural curriculum grouping,High
Q-M-AVERAGE--AVERAGE-OF-STANDARD-R,Q-A-AVERAGE-OF-SQUAR,REQUIRED,Structure instantiates the concept,High
Q-A-AVERAGE-OF-SQUAR,Q-V-AVERAGE-OF-S-T0,REQUIRED,Trap annotation,High
Q-A-AVERAGE-OF-SQUAR,Q-V-AVERAGE-OF-S-M,REQUIRED,Method annotation,High
Q-T-AVERAGE-AGE,Q-S-AVERAGE-AG-EXCLUDED-EXT,REQUIRED,Structural curriculum grouping,High
Q-S-AVERAGE-AG-EXCLUDED-EXT,Q-M-AVERAGE--EXCLUDED-E-TOTAL-MINU,REQUIRED,Structural curriculum grouping,High
Q-M-AVERAGE--EXCLUDED-E-TOTAL-MINU,Q-A-EXCLUDED-EXTREME,REQUIRED,Structure instantiates the concept,High
Q-A-EXCLUDED-EXTREME,Q-V-EXCLUDED-EXT-T0,REQUIRED,Trap annotation,High
Q-A-EXCLUDED-EXTREME,Q-V-EXCLUDED-EXT-M,REQUIRED,Method annotation,High
Q-T-AVERAGE-AGE,Q-S-AVERAGE-AG-GENERAL-AVER,REQUIRED,Structural curriculum grouping,High
Q-S-AVERAGE-AG-GENERAL-AVER,Q-M-AVERAGE--GENERAL-AV-TOTAL-AVG-,REQUIRED,Structural curriculum grouping,High
Q-M-AVERAGE--GENERAL-AV-TOTAL-AVG-,Q-A-GENERAL-AVERAGE-,REQUIRED,Structure instantiates the concept,High
Q-A-GENERAL-AVERAGE-,Q-V-GENERAL-AVER-T0,REQUIRED,Trap annotation,High
Q-A-GENERAL-AVERAGE-,Q-V-GENERAL-AVER-M,REQUIRED,Method annotation,High
Q-T-AVERAGE-AGE,Q-S-AVERAGE-AG-GROUP-AVERAG,REQUIRED,Structural curriculum grouping,High
Q-S-AVERAGE-AG-GROUP-AVERAG,Q-M-AVERAGE--GROUP-AVER-WEIGHTED-A,REQUIRED,Structural curriculum grouping,High
Q-M-AVERAGE--GROUP-AVER-WEIGHTED-A,Q-A-GROUP-AVERAGE-SU,REQUIRED,Structure instantiates the concept,High
Q-A-GROUP-AVERAGE-SU,Q-V-GROUP-AVERAG-T0,REQUIRED,Trap annotation,High
Q-A-GROUP-AVERAGE-SU,Q-V-GROUP-AVERAG-M,REQUIRED,Method annotation,High
Q-T-AVERAGE-AGE,Q-S-AVERAGE-AG-MEMBER-JOINS,REQUIRED,Structural curriculum grouping,High
Q-S-AVERAGE-AG-MEMBER-JOINS,Q-M-AVERAGE--MEMBER-JOI-ENTRANT-EF,REQUIRED,Structural curriculum grouping,High
Q-M-AVERAGE--MEMBER-JOI-ENTRANT-EF,Q-A-MEMBER-JOINS-LEA,REQUIRED,Structure instantiates the concept,High
Q-A-MEMBER-JOINS-LEA,Q-V-MEMBER-JOINS-T0,REQUIRED,Trap annotation,High
Q-A-MEMBER-JOINS-LEA,Q-V-MEMBER-JOINS-M,REQUIRED,Method annotation,High
Q-T-AVERAGE-AGE,Q-S-AVERAGE-AG-OUTLIER-VS-G,REQUIRED,Structural curriculum grouping,High
Q-S-AVERAGE-AG-OUTLIER-VS-G,Q-M-AVERAGE--OUTLIER-VS-TOTAL-GAP-,REQUIRED,Structural curriculum grouping,High
Q-M-AVERAGE--OUTLIER-VS-TOTAL-GAP-,Q-A-OUTLIER-VS-GROUP,REQUIRED,Structure instantiates the concept,High
Q-A-OUTLIER-VS-GROUP,Q-V-OUTLIER-VS-G-T0,REQUIRED,Trap annotation,High
Q-A-OUTLIER-VS-GROUP,Q-V-OUTLIER-VS-G-M,REQUIRED,Method annotation,High
Q-T-AVERAGE-AGE,Q-S-AVERAGE-AG-OVERLAPPING-,REQUIRED,Structural curriculum grouping,High
Q-S-AVERAGE-AG-OVERLAPPING-,Q-M-AVERAGE--OVERLAPPIN-DOUBLE-COU,REQUIRED,Structural curriculum grouping,High
Q-M-AVERAGE--OVERLAPPIN-DOUBLE-COU,Q-A-OVERLAPPING-PERI,REQUIRED,Structure instantiates the concept,High
Q-A-OVERLAPPING-PERI,Q-V-OVERLAPPING--T0,REQUIRED,Trap annotation,High
Q-A-OVERLAPPING-PERI,Q-V-OVERLAPPING--M,REQUIRED,Method annotation,High
Q-T-AVERAGE-AGE,Q-S-AVERAGE-AG-RUNS-NEEDED-,REQUIRED,Structural curriculum grouping,High
Q-S-AVERAGE-AG-RUNS-NEEDED-,Q-M-AVERAGE--RUNS-NEEDE-NEW-AVERAG,REQUIRED,Structural curriculum grouping,High
Q-M-AVERAGE--RUNS-NEEDE-NEW-AVERAG,Q-A-RUNS-NEEDED-TO-R,REQUIRED,Structure instantiates the concept,High
Q-A-RUNS-NEEDED-TO-R,Q-V-RUNS-NEEDED--T0,REQUIRED,Trap annotation,High
Q-A-RUNS-NEEDED-TO-R,Q-V-RUNS-NEEDED--M,REQUIRED,Method annotation,High
Q-T-AVERAGE-AGE,Q-S-AVERAGE-AG-SIMPLE-AVERA,REQUIRED,Structural curriculum grouping,High
Q-S-AVERAGE-AG-SIMPLE-AVERA,Q-M-AVERAGE--SIMPLE-AVE-SUM-COUNT,REQUIRED,Structural curriculum grouping,High
Q-M-AVERAGE--SIMPLE-AVE-SUM-COUNT,Q-A-SIMPLE-AVERAGE-O,REQUIRED,Structure instantiates the concept,High
Q-A-SIMPLE-AVERAGE-O,Q-V-SIMPLE-AVERA-T0,REQUIRED,Trap annotation,High
Q-A-SIMPLE-AVERAGE-O,Q-V-SIMPLE-AVERA-M,REQUIRED,Method annotation,High
Q-T-AVERAGE-AGE,Q-S-AVERAGE-AG-WRONG-ENTRY-,REQUIRED,Structural curriculum grouping,High
Q-S-AVERAGE-AG-WRONG-ENTRY-,Q-M-AVERAGE--WRONG-ENTR-TOTAL-CORR,REQUIRED,Structural curriculum grouping,High
Q-M-AVERAGE--WRONG-ENTR-TOTAL-CORR,Q-A-WRONG-ENTRY-AVER,REQUIRED,Structure instantiates the concept,High
Q-A-WRONG-ENTRY-AVER,Q-V-WRONG-ENTRY--T0,REQUIRED,Trap annotation,High
Q-A-WRONG-ENTRY-AVER,Q-V-WRONG-ENTRY--M,REQUIRED,Method annotation,High
Q-T-DATA-INTERPRET,Q-S-DATA-INTER-GENERAL-CHAR,REQUIRED,Structural curriculum grouping,High
Q-S-DATA-INTER-GENERAL-CHAR,Q-M-DATA-INT-GENERAL-CH-EXTRACT-CO,REQUIRED,Structural curriculum grouping,High
Q-M-DATA-INT-GENERAL-CH-EXTRACT-CO,Q-A-GENERAL-CHART-RE,REQUIRED,Structure instantiates the concept,High
Q-A-GENERAL-CHART-RE,Q-V-GENERAL-CHAR-T0,REQUIRED,Trap annotation,High
Q-A-GENERAL-CHART-RE,Q-V-GENERAL-CHAR-M,REQUIRED,Method annotation,High
Q-T-DATA-INTERPRET,Q-S-DATA-INTER-READ-CHART-T,REQUIRED,Structural curriculum grouping,High
Q-S-DATA-INTER-READ-CHART-T,Q-M-DATA-INT-READ-CHART-MEAN-MAX-S,REQUIRED,Structural curriculum grouping,High
Q-M-DATA-INT-READ-CHART-MEAN-MAX-S,Q-A-READ-CHART-TABLE,REQUIRED,Structure instantiates the concept,High
Q-A-READ-CHART-TABLE,Q-V-READ-CHART-T-T0,REQUIRED,Trap annotation,High
Q-A-READ-CHART-TABLE,Q-V-READ-CHART-T-M,REQUIRED,Method annotation,High
Q-T-FIGURE-BASED-I,Q-S-FIGURE-BAS-FIGURE-BASED,REQUIRED,Structural curriculum grouping,High
Q-S-FIGURE-BAS-FIGURE-BASED,Q-M-FIGURE-B-FIGURE-BAS-VISUAL-REA,REQUIRED,Structural curriculum grouping,High
Q-M-FIGURE-B-FIGURE-BAS-VISUAL-REA,Q-A-FIGURE-BASED-NEE,REQUIRED,Structure instantiates the concept,High
Q-A-FIGURE-BASED-NEE,Q-V-FIGURE-BASED-M,REQUIRED,Method annotation,High
Q-T-GEOMETRY,Q-S-GEOMETRY-ANGLE-SPLIT-,REQUIRED,Structural curriculum grouping,High
Q-S-GEOMETRY-ANGLE-SPLIT-,Q-M-GEOMETRY-ANGLE-SPLI-SUM-TO-180,REQUIRED,Structural curriculum grouping,High
Q-M-GEOMETRY-ANGLE-SPLI-SUM-TO-180,Q-A-ANGLE-SPLIT-EQUA,REQUIRED,Structure instantiates the concept,High
Q-A-ANGLE-SPLIT-EQUA,Q-V-ANGLE-SPLIT--T0,REQUIRED,Trap annotation,High
Q-A-ANGLE-SPLIT-EQUA,Q-V-ANGLE-SPLIT--M,REQUIRED,Method annotation,High
Q-T-GEOMETRY,Q-S-GEOMETRY-CHORD-OF-LAR,REQUIRED,Structural curriculum grouping,High
Q-S-GEOMETRY-CHORD-OF-LAR,Q-M-GEOMETRY-CHORD-OF-L-TANGENT-CH,REQUIRED,Structural curriculum grouping,High
Q-M-GEOMETRY-CHORD-OF-L-TANGENT-CH,Q-A-CHORD-OF-LARGER-,REQUIRED,Structure instantiates the concept,High
Q-A-CHORD-OF-LARGER-,Q-V-CHORD-OF-LAR-T0,REQUIRED,Trap annotation,High
Q-A-CHORD-OF-LARGER-,Q-V-CHORD-OF-LAR-M,REQUIRED,Method annotation,High
Q-T-GEOMETRY,Q-S-GEOMETRY-CIRCLE-THEOR,REQUIRED,Structural curriculum grouping,High
Q-S-GEOMETRY-CIRCLE-THEOR,Q-M-GEOMETRY-CIRCLE-THE-ANGLE-CHAS,REQUIRED,Structural curriculum grouping,High
Q-M-GEOMETRY-CIRCLE-THE-ANGLE-CHAS,Q-A-CIRCLE-THEOREMS-,REQUIRED,Structure instantiates the concept,High
Q-A-CIRCLE-THEOREMS-,Q-V-CIRCLE-THEOR-T0,REQUIRED,Trap annotation,High
Q-A-CIRCLE-THEOREMS-,Q-V-CIRCLE-THEOR-M,REQUIRED,Method annotation,High
Q-T-GEOMETRY,Q-S-GEOMETRY-CLASSIFY-TRI,REQUIRED,Structural curriculum grouping,High
Q-S-GEOMETRY-CLASSIFY-TRI,Q-M-GEOMETRY-CLASSIFY-T-C2-VS-A2-B,REQUIRED,Structural curriculum grouping,High
Q-M-GEOMETRY-CLASSIFY-T-C2-VS-A2-B,Q-A-CLASSIFY-TRIANGL,REQUIRED,Structure instantiates the concept,High
Q-A-CLASSIFY-TRIANGL,Q-V-CLASSIFY-TRI-T0,REQUIRED,Trap annotation,High
Q-A-CLASSIFY-TRIANGL,Q-V-CLASSIFY-TRI-M,REQUIRED,Method annotation,High
Q-T-GEOMETRY,Q-S-GEOMETRY-CLOCK-ANGLE,REQUIRED,Structural curriculum grouping,High
Q-S-GEOMETRY-CLOCK-ANGLE,Q-M-GEOMETRY-CLOCK-ANGL-0-5-MIN-6-,REQUIRED,Structural curriculum grouping,High
Q-M-GEOMETRY-CLOCK-ANGL-0-5-MIN-6-,Q-A-CLOCK-ANGLE,REQUIRED,Structure instantiates the concept,High
Q-A-CLOCK-ANGLE,Q-V-CLOCK-ANGLE-T0,REQUIRED,Trap annotation,High
Q-A-CLOCK-ANGLE,Q-V-CLOCK-ANGLE-M,REQUIRED,Method annotation,High
Q-T-GEOMETRY,Q-S-GEOMETRY-COLLINEARITY,REQUIRED,Structural curriculum grouping,High
Q-S-GEOMETRY-COLLINEARITY,Q-M-GEOMETRY-COLLINEARI-SUM-CHECK,REQUIRED,Structural curriculum grouping,High
Q-M-GEOMETRY-COLLINEARI-SUM-CHECK,Q-A-COLLINEARITY-DEG,REQUIRED,Structure instantiates the concept,High
Q-A-COLLINEARITY-DEG,Q-V-COLLINEARITY-T0,REQUIRED,Trap annotation,High
Q-A-COLLINEARITY-DEG,Q-V-COLLINEARITY-M,REQUIRED,Method annotation,High
Q-T-GEOMETRY,Q-S-GEOMETRY-CONCENTRIC-C,REQUIRED,Structural curriculum grouping,High
Q-S-GEOMETRY-CONCENTRIC-C,Q-M-GEOMETRY-CONCENTRIC-R2-D2-SHAR,REQUIRED,Structural curriculum grouping,High
Q-M-GEOMETRY-CONCENTRIC-R2-D2-SHAR,Q-A-CONCENTRIC-CIRCL,REQUIRED,Structure instantiates the concept,High
Q-A-CONCENTRIC-CIRCL,Q-V-CONCENTRIC-C-T0,REQUIRED,Trap annotation,High
Q-A-CONCENTRIC-CIRCL,Q-V-CONCENTRIC-C-M,REQUIRED,Method annotation,High
Q-T-GEOMETRY,Q-S-GEOMETRY-CONGRUENCE-S,REQUIRED,Structural curriculum grouping,High
Q-S-GEOMETRY-CONGRUENCE-S,Q-M-GEOMETRY-CONGRUENCE-CORRESPOND,REQUIRED,Structural curriculum grouping,High
Q-M-GEOMETRY-CONGRUENCE-CORRESPOND,Q-A-CONGRUENCE-SOLVE,REQUIRED,Structure instantiates the concept,High
Q-A-CONGRUENCE-SOLVE,Q-V-CONGRUENCE-S-T0,REQUIRED,Trap annotation,High
Q-A-CONGRUENCE-SOLVE,Q-V-CONGRUENCE-S-M,REQUIRED,Method annotation,High
Q-T-GEOMETRY,Q-S-GEOMETRY-EQUAL-CHORD-,REQUIRED,Structural curriculum grouping,High
Q-S-GEOMETRY-EQUAL-CHORD-,Q-M-GEOMETRY-EQUAL-CHOR-EQUILATERA,REQUIRED,Structural curriculum grouping,High
Q-M-GEOMETRY-EQUAL-CHOR-EQUILATERA,Q-A-EQUAL-CHORD-OVER,REQUIRED,Structure instantiates the concept,High
Q-A-EQUAL-CHORD-OVER,Q-V-EQUAL-CHORD--T0,REQUIRED,Trap annotation,High
Q-A-EQUAL-CHORD-OVER,Q-V-EQUAL-CHORD--M,REQUIRED,Method annotation,High
Q-T-GEOMETRY,Q-S-GEOMETRY-EXTERIOR-ANG,REQUIRED,Structural curriculum grouping,High
Q-S-GEOMETRY-EXTERIOR-ANG,Q-M-GEOMETRY-EXTERIOR-A-EXT-SUM-OF,REQUIRED,Structural curriculum grouping,High
Q-M-GEOMETRY-EXTERIOR-A-EXT-SUM-OF,Q-A-EXTERIOR-ANGLE-T,REQUIRED,Structure instantiates the concept,High
Q-A-EXTERIOR-ANGLE-T,Q-V-EXTERIOR-ANG-T0,REQUIRED,Trap annotation,High
Q-A-EXTERIOR-ANGLE-T,Q-V-EXTERIOR-ANG-M,REQUIRED,Method annotation,High
Q-T-GEOMETRY,Q-S-GEOMETRY-GENERAL-GEOM,REQUIRED,Structural curriculum grouping,High
Q-S-GEOMETRY-GENERAL-GEOM,Q-M-GEOMETRY-GENERAL-GE-DIAGRAM-TH,REQUIRED,Structural curriculum grouping,High
Q-M-GEOMETRY-GENERAL-GE-DIAGRAM-TH,Q-A-GENERAL-GEOMETRY,REQUIRED,Structure instantiates the concept,High
Q-A-GENERAL-GEOMETRY,Q-V-GENERAL-GEOM-T0,REQUIRED,Trap annotation,High
Q-A-GENERAL-GEOMETRY,Q-V-GENERAL-GEOM-M,REQUIRED,Method annotation,High
Q-T-GEOMETRY,Q-S-GEOMETRY-GEOMETRY-DEF,REQUIRED,Structural curriculum grouping,High
Q-S-GEOMETRY-GEOMETRY-DEF,Q-M-GEOMETRY-GEOMETRY-D-TERMINOLOG,REQUIRED,Structural curriculum grouping,High
Q-M-GEOMETRY-GEOMETRY-D-TERMINOLOG,Q-A-GEOMETRY-DEFINIT,REQUIRED,Structure instantiates the concept,High
Q-A-GEOMETRY-DEFINIT,Q-V-GEOMETRY-DEF-T0,REQUIRED,Trap annotation,High
Q-A-GEOMETRY-DEFINIT,Q-V-GEOMETRY-DEF-M,REQUIRED,Method annotation,High
Q-T-GEOMETRY,Q-S-GEOMETRY-INTERSECTING,REQUIRED,Structural curriculum grouping,High
Q-S-GEOMETRY-INTERSECTING,Q-M-GEOMETRY-INTERSECTI-AB-CD,REQUIRED,Structural curriculum grouping,High
Q-M-GEOMETRY-INTERSECTI-AB-CD,Q-A-INTERSECTING-CHO,REQUIRED,Structure instantiates the concept,High
Q-A-INTERSECTING-CHO,Q-V-INTERSECTING-T0,REQUIRED,Trap annotation,High
Q-A-INTERSECTING-CHO,Q-V-INTERSECTING-M,REQUIRED,Method annotation,High
Q-T-GEOMETRY,Q-S-GEOMETRY-ISOSCELES-TR,REQUIRED,Structural curriculum grouping,High
Q-S-GEOMETRY-ISOSCELES-TR,Q-M-GEOMETRY-ISOSCELES--BASE-ANGLE,REQUIRED,Structural curriculum grouping,High
Q-M-GEOMETRY-ISOSCELES--BASE-ANGLE,Q-A-ISOSCELES-TRIANG,REQUIRED,Structure instantiates the concept,High
Q-A-ISOSCELES-TRIANG,Q-V-ISOSCELES-TR-T0,REQUIRED,Trap annotation,High
Q-A-ISOSCELES-TRIANG,Q-V-ISOSCELES-TR-M,REQUIRED,Method annotation,High
Q-T-GEOMETRY,Q-S-GEOMETRY-MEDIANS-CENT,REQUIRED,Structural curriculum grouping,High
Q-S-GEOMETRY-MEDIANS-CENT,Q-M-GEOMETRY-MEDIANS-CE-2-1-CENTRO,REQUIRED,Structural curriculum grouping,High
Q-M-GEOMETRY-MEDIANS-CE-2-1-CENTRO,Q-A-MEDIANS-CENTROID,REQUIRED,Structure instantiates the concept,High
Q-A-MEDIANS-CENTROID,Q-V-MEDIANS-CENT-T0,REQUIRED,Trap annotation,High
Q-A-MEDIANS-CENTROID,Q-V-MEDIANS-CENT-M,REQUIRED,Method annotation,High
Q-T-GEOMETRY,Q-S-GEOMETRY-MUTUALLY-TOU,REQUIRED,Structural curriculum grouping,High
Q-S-GEOMETRY-MUTUALLY-TOU,Q-M-GEOMETRY-MUTUALLY-T-CENTRES-TR,REQUIRED,Structural curriculum grouping,High
Q-M-GEOMETRY-MUTUALLY-T-CENTRES-TR,Q-A-MUTUALLY-TOUCHIN,REQUIRED,Structure instantiates the concept,High
Q-A-MUTUALLY-TOUCHIN,Q-V-MUTUALLY-TOU-T0,REQUIRED,Trap annotation,High
Q-A-MUTUALLY-TOUCHIN,Q-V-MUTUALLY-TOU-M,REQUIRED,Method annotation,High
Q-T-GEOMETRY,Q-S-GEOMETRY-PERPENDICULA,REQUIRED,Structural curriculum grouping,High
Q-S-GEOMETRY-PERPENDICULA,Q-M-GEOMETRY-PERPENDICU-BISECTED-C,REQUIRED,Structural curriculum grouping,High
Q-M-GEOMETRY-PERPENDICU-BISECTED-C,Q-A-PERPENDICULAR-FR,REQUIRED,Structure instantiates the concept,High
Q-A-PERPENDICULAR-FR,Q-V-PERPENDICULA-T0,REQUIRED,Trap annotation,High
Q-A-PERPENDICULAR-FR,Q-V-PERPENDICULA-M,REQUIRED,Method annotation,High
Q-T-GEOMETRY,Q-S-GEOMETRY-QUADRILATERA,REQUIRED,Structural curriculum grouping,High
Q-S-GEOMETRY-QUADRILATERA,Q-M-GEOMETRY-QUADRILATE-DIAGONAL-P,REQUIRED,Structural curriculum grouping,High
Q-M-GEOMETRY-QUADRILATE-DIAGONAL-P,Q-A-QUADRILATERAL-AN,REQUIRED,Structure instantiates the concept,High
Q-A-QUADRILATERAL-AN,Q-V-QUADRILATERA-T0,REQUIRED,Trap annotation,High
Q-A-QUADRILATERAL-AN,Q-V-QUADRILATERA-M,REQUIRED,Method annotation,High
Q-T-GEOMETRY,Q-S-GEOMETRY-SEGMENT-LENG,REQUIRED,Structural curriculum grouping,High
Q-S-GEOMETRY-SEGMENT-LENG,Q-M-GEOMETRY-SEGMENT-LE-ON-LENGTHS,REQUIRED,Structural curriculum grouping,High
Q-M-GEOMETRY-SEGMENT-LE-ON-LENGTHS,Q-A-SEGMENT-LENGTH-C,REQUIRED,Structure instantiates the concept,High
Q-A-SEGMENT-LENGTH-C,Q-V-SEGMENT-LENG-T0,REQUIRED,Trap annotation,High
Q-A-SEGMENT-LENGTH-C,Q-V-SEGMENT-LENG-M,REQUIRED,Method annotation,High
Q-T-GEOMETRY,Q-S-GEOMETRY-STRAIGHT-LIN,REQUIRED,Structural curriculum grouping,High
Q-S-GEOMETRY-STRAIGHT-LIN,Q-M-GEOMETRY-STRAIGHT-L-DEFINITION,REQUIRED,Structural curriculum grouping,High
Q-M-GEOMETRY-STRAIGHT-L-DEFINITION,Q-A-STRAIGHT-LINE-IN,REQUIRED,Structure instantiates the concept,High
Q-A-STRAIGHT-LINE-IN,Q-V-STRAIGHT-LIN-T0,REQUIRED,Trap annotation,High
Q-A-STRAIGHT-LINE-IN,Q-V-STRAIGHT-LIN-M,REQUIRED,Method annotation,High
Q-T-GEOMETRY,Q-S-GEOMETRY-TANGENTS-COM,REQUIRED,Structural curriculum grouping,High
Q-S-GEOMETRY-TANGENTS-COM,Q-M-GEOMETRY-TANGENTS-C-TANGENT-RA,REQUIRED,Structural curriculum grouping,High
Q-M-GEOMETRY-TANGENTS-C-TANGENT-RA,Q-A-TANGENTS-COMMON-,REQUIRED,Structure instantiates the concept,High
Q-A-TANGENTS-COMMON-,Q-V-TANGENTS-COM-T0,REQUIRED,Trap annotation,High
Q-A-TANGENTS-COMMON-,Q-V-TANGENTS-COM-M,REQUIRED,Method annotation,High
Q-T-GEOMETRY,Q-S-GEOMETRY-TRIANGLE-CON,REQUIRED,Structural curriculum grouping,High
Q-S-GEOMETRY-TRIANGLE-CON,Q-M-GEOMETRY-TRIANGLE-C-SSS-SAS-AS,REQUIRED,Structural curriculum grouping,High
Q-M-GEOMETRY-TRIANGLE-C-SSS-SAS-AS,Q-A-TRIANGLE-CONGRUE,REQUIRED,Structure instantiates the concept,High
Q-A-TRIANGLE-CONGRUE,Q-V-TRIANGLE-CON-T0,REQUIRED,Trap annotation,High
Q-A-TRIANGLE-CONGRUE,Q-V-TRIANGLE-CON-M,REQUIRED,Method annotation,High
Q-T-GEOMETRY,Q-S-GEOMETRY-TRIANGLE-VAL,REQUIRED,Structural curriculum grouping,High
Q-S-GEOMETRY-TRIANGLE-VAL,Q-M-GEOMETRY-TRIANGLE-V-PYTHAGORAS,REQUIRED,Structural curriculum grouping,High
Q-M-GEOMETRY-TRIANGLE-V-PYTHAGORAS,Q-A-TRIANGLE-VALIDAT,REQUIRED,Structure instantiates the concept,High
Q-A-TRIANGLE-VALIDAT,Q-V-TRIANGLE-VAL-T0,REQUIRED,Trap annotation,High
Q-A-TRIANGLE-VALIDAT,Q-V-TRIANGLE-VAL-M,REQUIRED,Method annotation,High
Q-T-GEOMETRY,Q-S-GEOMETRY-TRIANGLE-INE,REQUIRED,Structural curriculum grouping,High
Q-S-GEOMETRY-TRIANGLE-INE,Q-M-GEOMETRY-TRIANGLE-I-SUM-OF-TWO,REQUIRED,Structural curriculum grouping,High
Q-M-GEOMETRY-TRIANGLE-I-SUM-OF-TWO,Q-A-TRIANGLE-INEQUAL,REQUIRED,Structure instantiates the concept,High
Q-A-TRIANGLE-INEQUAL,Q-V-TRIANGLE-INE-T0,REQUIRED,Trap annotation,High
Q-A-TRIANGLE-INEQUAL,Q-V-TRIANGLE-INE-M,REQUIRED,Method annotation,High
Q-T-MENSURATION,Q-S-MENSURATIO-CENTROID-ARE,REQUIRED,Structural curriculum grouping,High
Q-S-MENSURATIO-CENTROID-ARE,Q-M-MENSURAT-CENTROID-A-SIXTHS-AND,REQUIRED,Structural curriculum grouping,High
Q-M-MENSURAT-CENTROID-A-SIXTHS-AND,Q-A-CENTROID-AREA-SH,REQUIRED,Structure instantiates the concept,High
Q-A-CENTROID-AREA-SH,Q-V-CENTROID-ARE-T0,REQUIRED,Trap annotation,High
Q-A-CENTROID-AREA-SH,Q-V-CENTROID-ARE-M,REQUIRED,Method annotation,High
Q-T-MENSURATION,Q-S-MENSURATIO-CIRCLE-RATIO,REQUIRED,Structural curriculum grouping,High
Q-S-MENSURATIO-CIRCLE-RATIO,Q-M-MENSURAT-CIRCLE-RAT-C-R-A-R2,REQUIRED,Structural curriculum grouping,High
Q-M-MENSURAT-CIRCLE-RAT-C-R-A-R2,Q-A-CIRCLE-RATIO-SCA,REQUIRED,Structure instantiates the concept,High
Q-A-CIRCLE-RATIO-SCA,Q-V-CIRCLE-RATIO-T0,REQUIRED,Trap annotation,High
Q-A-CIRCLE-RATIO-SCA,Q-V-CIRCLE-RATIO-M,REQUIRED,Method annotation,High
Q-T-MENSURATION,Q-S-MENSURATIO-CIRCULAR-SEG,REQUIRED,Structural curriculum grouping,High
Q-S-MENSURATIO-CIRCULAR-SEG,Q-M-MENSURAT-CIRCULAR-S-SECTOR-MIN,REQUIRED,Structural curriculum grouping,High
Q-M-MENSURAT-CIRCULAR-S-SECTOR-MIN,Q-A-CIRCULAR-SEGMENT,REQUIRED,Structure instantiates the concept,High
Q-A-CIRCULAR-SEGMENT,Q-V-CIRCULAR-SEG-T0,REQUIRED,Trap annotation,High
Q-A-CIRCULAR-SEGMENT,Q-V-CIRCULAR-SEG-M,REQUIRED,Method annotation,High
Q-T-MENSURATION,Q-S-MENSURATIO-CUBE-CUBOID-,REQUIRED,Structural curriculum grouping,High
Q-S-MENSURATIO-CUBE-CUBOID-,Q-M-MENSURAT-CUBE-CUBOI-VOLUME-CON,REQUIRED,Structural curriculum grouping,High
Q-M-MENSURAT-CUBE-CUBOI-VOLUME-CON,Q-A-CUBE-CUBOID-TSA-,REQUIRED,Structure instantiates the concept,High
Q-A-CUBE-CUBOID-TSA-,Q-V-CUBE-CUBOID--T0,REQUIRED,Trap annotation,High
Q-A-CUBE-CUBOID-TSA-,Q-V-CUBE-CUBOID--M,REQUIRED,Method annotation,High
Q-T-MENSURATION,Q-S-MENSURATIO-CYLINDER-CSA,REQUIRED,Structural curriculum grouping,High
Q-S-MENSURATIO-CYLINDER-CSA,Q-M-MENSURAT-CYLINDER-C-2RH-R2H,REQUIRED,Structural curriculum grouping,High
Q-M-MENSURAT-CYLINDER-C-2RH-R2H,Q-A-CYLINDER-CSA-VOL,REQUIRED,Structure instantiates the concept,High
Q-A-CYLINDER-CSA-VOL,Q-V-CYLINDER-CSA-T0,REQUIRED,Trap annotation,High
Q-A-CYLINDER-CSA-VOL,Q-V-CYLINDER-CSA-M,REQUIRED,Method annotation,High
Q-T-MENSURATION,Q-S-MENSURATIO-DIRECT-FORMU,REQUIRED,Structural curriculum grouping,High
Q-S-MENSURATIO-DIRECT-FORMU,Q-M-MENSURAT-DIRECT-FOR-STANDARD-2,REQUIRED,Structural curriculum grouping,High
Q-M-MENSURAT-DIRECT-FOR-STANDARD-2,Q-A-DIRECT-FORMULA-P,REQUIRED,Structure instantiates the concept,High
Q-A-DIRECT-FORMULA-P,Q-V-DIRECT-FORMU-T0,REQUIRED,Trap annotation,High
Q-A-DIRECT-FORMULA-P,Q-V-DIRECT-FORMU-M,REQUIRED,Method annotation,High
Q-T-MENSURATION,Q-S-MENSURATIO-EQUILATERAL-,REQUIRED,Structural curriculum grouping,High
Q-S-MENSURATIO-EQUILATERAL-,Q-M-MENSURAT-EQUILATERA-P-3A,REQUIRED,Structural curriculum grouping,High
Q-M-MENSURAT-EQUILATERA-P-3A,Q-A-EQUILATERAL-PERI,REQUIRED,Structure instantiates the concept,High
Q-A-EQUILATERAL-PERI,Q-V-EQUILATERAL--T0,REQUIRED,Trap annotation,High
Q-A-EQUILATERAL-PERI,Q-V-EQUILATERAL--M,REQUIRED,Method annotation,High
Q-T-MENSURATION,Q-S-MENSURATIO-FIELD-PLOT-S,REQUIRED,Structural curriculum grouping,High
Q-S-MENSURATIO-FIELD-PLOT-S,Q-M-MENSURAT-FIELD-PLOT-A-VS-P-REL,REQUIRED,Structural curriculum grouping,High
Q-M-MENSURAT-FIELD-PLOT-A-VS-P-REL,Q-A-FIELD-PLOT-SIDE-,REQUIRED,Structure instantiates the concept,High
Q-A-FIELD-PLOT-SIDE-,Q-V-FIELD-PLOT-S-T0,REQUIRED,Trap annotation,High
Q-A-FIELD-PLOT-SIDE-,Q-V-FIELD-PLOT-S-M,REQUIRED,Method annotation,High
Q-T-MENSURATION,Q-S-MENSURATIO-GENERAL-MENS,REQUIRED,Structural curriculum grouping,High
Q-S-MENSURATIO-GENERAL-MENS,Q-M-MENSURAT-GENERAL-ME-AREA-VOLUM,REQUIRED,Structural curriculum grouping,High
Q-M-MENSURAT-GENERAL-ME-AREA-VOLUM,Q-A-GENERAL-MENSURAT,REQUIRED,Structure instantiates the concept,High
Q-A-GENERAL-MENSURAT,Q-V-GENERAL-MENS-T0,REQUIRED,Trap annotation,High
Q-A-GENERAL-MENSURAT,Q-V-GENERAL-MENS-M,REQUIRED,Method annotation,High
Q-T-MENSURATION,Q-S-MENSURATIO-MID-SEGMENT-,REQUIRED,Structural curriculum grouping,High
Q-S-MENSURATIO-MID-SEGMENT-,Q-M-MENSURAT-MID-SEGMEN-AREA-1-4,REQUIRED,Structural curriculum grouping,High
Q-M-MENSURAT-MID-SEGMEN-AREA-1-4,Q-A-MID-SEGMENT-MIDP,REQUIRED,Structure instantiates the concept,High
Q-A-MID-SEGMENT-MIDP,Q-V-MID-SEGMENT--T0,REQUIRED,Trap annotation,High
Q-A-MID-SEGMENT-MIDP,Q-V-MID-SEGMENT--M,REQUIRED,Method annotation,High
Q-T-MENSURATION,Q-S-MENSURATIO-PARALLEL-LIN,REQUIRED,Structural curriculum grouping,High
Q-S-MENSURATIO-PARALLEL-LIN,Q-M-MENSURAT-PARALLEL-L-AREA-SCALE,REQUIRED,Structural curriculum grouping,High
Q-M-MENSURAT-PARALLEL-L-AREA-SCALE,Q-A-PARALLEL-LINE-AR,REQUIRED,Structure instantiates the concept,High
Q-A-PARALLEL-LINE-AR,Q-V-PARALLEL-LIN-T0,REQUIRED,Trap annotation,High
Q-A-PARALLEL-LINE-AR,Q-V-PARALLEL-LIN-M,REQUIRED,Method annotation,High
Q-T-MENSURATION,Q-S-MENSURATIO-PYRAMID-PRIS,REQUIRED,Structural curriculum grouping,High
Q-S-MENSURATIO-PYRAMID-PRIS,Q-M-MENSURAT-PYRAMID-PR-1-3-BH-BH,REQUIRED,Structural curriculum grouping,High
Q-M-MENSURAT-PYRAMID-PR-1-3-BH-BH,Q-A-PYRAMID-PRISM-SU,REQUIRED,Structure instantiates the concept,High
Q-A-PYRAMID-PRISM-SU,Q-V-PYRAMID-PRIS-T0,REQUIRED,Trap annotation,High
Q-A-PYRAMID-PRISM-SU,Q-V-PYRAMID-PRIS-M,REQUIRED,Method annotation,High
Q-T-MENSURATION,Q-S-MENSURATIO-ROOM-WHITEWA,REQUIRED,Structural curriculum grouping,High
Q-S-MENSURATIO-ROOM-WHITEWA,Q-M-MENSURAT-ROOM-WHITE-4-WALLS-CE,REQUIRED,Structural curriculum grouping,High
Q-M-MENSURAT-ROOM-WHITE-4-WALLS-CE,Q-A-ROOM-WHITEWASH-P,REQUIRED,Structure instantiates the concept,High
Q-A-ROOM-WHITEWASH-P,Q-V-ROOM-WHITEWA-T0,REQUIRED,Trap annotation,High
Q-A-ROOM-WHITEWASH-P,Q-V-ROOM-WHITEWA-M,REQUIRED,Method annotation,High
Q-T-MENSURATION,Q-S-MENSURATIO-SIMILAR-FIGU,REQUIRED,Structural curriculum grouping,High
Q-S-MENSURATIO-SIMILAR-FIGU,Q-M-MENSURAT-SIMILAR-FI-LINEAR-VS-,REQUIRED,Structural curriculum grouping,High
Q-M-MENSURAT-SIMILAR-FI-LINEAR-VS-,Q-A-SIMILAR-FIGURE-S,REQUIRED,Structure instantiates the concept,High
Q-A-SIMILAR-FIGURE-S,Q-V-SIMILAR-FIGU-T0,REQUIRED,Trap annotation,High
Q-A-SIMILAR-FIGURE-S,Q-V-SIMILAR-FIGU-M,REQUIRED,Method annotation,High
Q-T-MENSURATION,Q-S-MENSURATIO-SPHERE-CONE-,REQUIRED,Structural curriculum grouping,High
Q-S-MENSURATIO-SPHERE-CONE-,Q-M-MENSURAT-SPHERE-CON-STANDARD-C,REQUIRED,Structural curriculum grouping,High
Q-M-MENSURAT-SPHERE-CON-STANDARD-C,Q-A-SPHERE-CONE-SECT,REQUIRED,Structure instantiates the concept,High
Q-A-SPHERE-CONE-SECT,Q-V-SPHERE-CONE--T0,REQUIRED,Trap annotation,High
Q-A-SPHERE-CONE-SECT,Q-V-SPHERE-CONE--M,REQUIRED,Method annotation,High
Q-T-MISCELLANEOUS-,Q-S-MISCELLANE-UNCLASSIFIED,REQUIRED,Structural curriculum grouping,High
Q-S-MISCELLANE-UNCLASSIFIED,Q-M-MISCELLA-UNCLASSIFI-MIXED-SKIL,REQUIRED,Structural curriculum grouping,High
Q-M-MISCELLA-UNCLASSIFI-MIXED-SKIL,Q-A-UNCLASSIFIED-QUA,REQUIRED,Structure instantiates the concept,High
Q-A-UNCLASSIFIED-QUA,Q-V-UNCLASSIFIED-T0,REQUIRED,Trap annotation,High
Q-A-UNCLASSIFIED-QUA,Q-V-UNCLASSIFIED-M,REQUIRED,Method annotation,High
Q-T-MIXTURE-ALLIGA,Q-S-MIXTURE-AL-BULK-LOTS-BL,REQUIRED,Structural curriculum grouping,High
Q-S-MIXTURE-AL-BULK-LOTS-BL,Q-M-MIXTURE--BULK-LOTS--TOTAL-VALU,REQUIRED,Structural curriculum grouping,High
Q-M-MIXTURE--BULK-LOTS--TOTAL-VALU,Q-A-BULK-LOTS-BLENDE,REQUIRED,Structure instantiates the concept,High
Q-A-BULK-LOTS-BLENDE,Q-V-BULK-LOTS-BL-T0,REQUIRED,Trap annotation,High
Q-A-BULK-LOTS-BLENDE,Q-V-BULK-LOTS-BL-M,REQUIRED,Method annotation,High
Q-T-MIXTURE-ALLIGA,Q-S-MIXTURE-AL-COMPARE-TWO-,REQUIRED,Structural curriculum grouping,High
Q-S-MIXTURE-AL-COMPARE-TWO-,Q-M-MIXTURE--COMPARE-TW-MILK-FRACT,REQUIRED,Structural curriculum grouping,High
Q-M-MIXTURE--COMPARE-TW-MILK-FRACT,Q-A-COMPARE-TWO-MIXT,REQUIRED,Structure instantiates the concept,High
Q-A-COMPARE-TWO-MIXT,Q-V-COMPARE-TWO--T0,REQUIRED,Trap annotation,High
Q-A-COMPARE-TWO-MIXT,Q-V-COMPARE-TWO--M,REQUIRED,Method annotation,High
Q-T-MIXTURE-ALLIGA,Q-S-MIXTURE-AL-DILUTION-REP,REQUIRED,Structural curriculum grouping,High
Q-S-MIXTURE-AL-DILUTION-REP,Q-M-MIXTURE--DILUTION-R-SUCCESSIVE,REQUIRED,Structural curriculum grouping,High
Q-M-MIXTURE--DILUTION-R-SUCCESSIVE,Q-A-DILUTION-REPLACE,REQUIRED,Structure instantiates the concept,High
Q-A-DILUTION-REPLACE,Q-V-DILUTION-REP-T0,REQUIRED,Trap annotation,High
Q-A-DILUTION-REPLACE,Q-V-DILUTION-REP-M,REQUIRED,Method annotation,High
Q-T-MIXTURE-ALLIGA,Q-S-MIXTURE-AL-DILUTION-TO-,REQUIRED,Structural curriculum grouping,High
Q-S-MIXTURE-AL-DILUTION-TO-,Q-M-MIXTURE--DILUTION-T-SOLUTE-CON,REQUIRED,Structural curriculum grouping,High
Q-M-MIXTURE--DILUTION-T-SOLUTE-CON,Q-A-DILUTION-TO-A-TA,REQUIRED,Structure instantiates the concept,High
Q-A-DILUTION-TO-A-TA,Q-V-DILUTION-TO--T0,REQUIRED,Trap annotation,High
Q-A-DILUTION-TO-A-TA,Q-V-DILUTION-TO--M,REQUIRED,Method annotation,High
Q-T-MIXTURE-ALLIGA,Q-S-MIXTURE-AL-DRAIN-THEN-A,REQUIRED,Structural curriculum grouping,High
Q-S-MIXTURE-AL-DRAIN-THEN-A,Q-M-MIXTURE--DRAIN-THEN-MIXTURE-UP,REQUIRED,Structural curriculum grouping,High
Q-M-MIXTURE--DRAIN-THEN-MIXTURE-UP,Q-A-DRAIN-THEN-ADD-C,REQUIRED,Structure instantiates the concept,High
Q-A-DRAIN-THEN-ADD-C,Q-V-DRAIN-THEN-A-T0,REQUIRED,Trap annotation,High
Q-A-DRAIN-THEN-ADD-C,Q-V-DRAIN-THEN-A-M,REQUIRED,Method annotation,High
Q-T-MIXTURE-ALLIGA,Q-S-MIXTURE-AL-FIND-QTY-FOR,REQUIRED,Structural curriculum grouping,High
Q-S-MIXTURE-AL-FIND-QTY-FOR,Q-M-MIXTURE--FIND-QTY-F-MEAN-WITH-,REQUIRED,Structural curriculum grouping,High
Q-M-MIXTURE--FIND-QTY-F-MEAN-WITH-,Q-A-FIND-QTY-FOR-TAR,REQUIRED,Structure instantiates the concept,High
Q-A-FIND-QTY-FOR-TAR,Q-V-FIND-QTY-FOR-T0,REQUIRED,Trap annotation,High
Q-A-FIND-QTY-FOR-TAR,Q-V-FIND-QTY-FOR-M,REQUIRED,Method annotation,High
Q-T-MIXTURE-ALLIGA,Q-S-MIXTURE-AL-GENERAL-MIXT,REQUIRED,Structural curriculum grouping,High
Q-S-MIXTURE-AL-GENERAL-MIXT,Q-M-MIXTURE--GENERAL-MI-WEIGHTED-M,REQUIRED,Structural curriculum grouping,High
Q-M-MIXTURE--GENERAL-MI-WEIGHTED-M,Q-A-GENERAL-MIXTURE-,REQUIRED,Structure instantiates the concept,High
Q-A-GENERAL-MIXTURE-,Q-V-GENERAL-MIXT-T0,REQUIRED,Trap annotation,High
Q-A-GENERAL-MIXTURE-,Q-V-GENERAL-MIXT-M,REQUIRED,Method annotation,High
Q-T-MIXTURE-ALLIGA,Q-S-MIXTURE-AL-LOSS-BASED-M,REQUIRED,Structural curriculum grouping,High
Q-S-MIXTURE-AL-LOSS-BASED-M,Q-M-MIXTURE--LOSS-BASED-CP-BACK-OU,REQUIRED,Structural curriculum grouping,High
Q-M-MIXTURE--LOSS-BASED-CP-BACK-OU,Q-A-LOSS-BASED-MIX-R,REQUIRED,Structure instantiates the concept,High
Q-A-LOSS-BASED-MIX-R,Q-V-LOSS-BASED-M-T0,REQUIRED,Trap annotation,High
Q-A-LOSS-BASED-MIX-R,Q-V-LOSS-BASED-M-M,REQUIRED,Method annotation,High
Q-T-MIXTURE-ALLIGA,Q-S-MIXTURE-AL-MIXING-RATIO,REQUIRED,Structural curriculum grouping,High
Q-S-MIXTURE-AL-MIXING-RATIO,Q-M-MIXTURE--MIXING-RAT-ALLIGATION,REQUIRED,Structural curriculum grouping,High
Q-M-MIXTURE--MIXING-RAT-ALLIGATION,Q-A-MIXING-RATIO-FOR,REQUIRED,Structure instantiates the concept,High
Q-A-MIXING-RATIO-FOR,Q-V-MIXING-RATIO-T0,REQUIRED,Trap annotation,High
Q-A-MIXING-RATIO-FOR,Q-V-MIXING-RATIO-M,REQUIRED,Method annotation,High
Q-T-MIXTURE-ALLIGA,Q-S-MIXTURE-AL-MIXTURE-BLEN,REQUIRED,Structural curriculum grouping,High
Q-S-MIXTURE-AL-MIXTURE-BLEN,Q-M-MIXTURE--MIXTURE-BL-MEAN-THEN-,REQUIRED,Structural curriculum grouping,High
Q-M-MIXTURE--MIXTURE-BL-MEAN-THEN-,Q-A-MIXTURE-BLENDED-,REQUIRED,Structure instantiates the concept,High
Q-A-MIXTURE-BLENDED-,Q-V-MIXTURE-BLEN-T0,REQUIRED,Trap annotation,High
Q-A-MIXTURE-BLENDED-,Q-V-MIXTURE-BLEN-M,REQUIRED,Method annotation,High
Q-T-MIXTURE-ALLIGA,Q-S-MIXTURE-AL-REPLACE-WITH,REQUIRED,Structural curriculum grouping,High
Q-S-MIXTURE-AL-REPLACE-WITH,Q-M-MIXTURE--REPLACE-WI-SOLUTE-INV,REQUIRED,Structural curriculum grouping,High
Q-M-MIXTURE--REPLACE-WI-SOLUTE-INV,Q-A-REPLACE-WITH-PUR,REQUIRED,Structure instantiates the concept,High
Q-A-REPLACE-WITH-PUR,Q-V-REPLACE-WITH-T0,REQUIRED,Trap annotation,High
Q-A-REPLACE-WITH-PUR,Q-V-REPLACE-WITH-M,REQUIRED,Method annotation,High
Q-T-MIXTURE-ALLIGA,Q-S-MIXTURE-AL-THREE-WAY-MI,REQUIRED,Structural curriculum grouping,High
Q-S-MIXTURE-AL-THREE-WAY-MI,Q-M-MIXTURE--THREE-WAY--MULTI-COMP,REQUIRED,Structural curriculum grouping,High
Q-M-MIXTURE--THREE-WAY--MULTI-COMP,Q-A-THREE-WAY-MIXTUR,REQUIRED,Structure instantiates the concept,High
Q-A-THREE-WAY-MIXTUR,Q-V-THREE-WAY-MI-T0,REQUIRED,Trap annotation,High
Q-A-THREE-WAY-MIXTUR,Q-V-THREE-WAY-MI-M,REQUIRED,Method annotation,High
Q-T-MIXTURE-ALLIGA,Q-S-MIXTURE-AL-TWO-CONTAINE,REQUIRED,Structural curriculum grouping,High
Q-S-MIXTURE-AL-TWO-CONTAINE,Q-M-MIXTURE--TWO-CONTAI-CROSS-TOTA,REQUIRED,Structural curriculum grouping,High
Q-M-MIXTURE--TWO-CONTAI-CROSS-TOTA,Q-A-TWO-CONTAINER-RA,REQUIRED,Structure instantiates the concept,High
Q-A-TWO-CONTAINER-RA,Q-V-TWO-CONTAINE-T0,REQUIRED,Trap annotation,High
Q-A-TWO-CONTAINER-RA,Q-V-TWO-CONTAINE-M,REQUIRED,Method annotation,High
Q-T-MIXTURE-ALLIGA,Q-S-MIXTURE-AL-TWO-WAY-MIX-,REQUIRED,Structural curriculum grouping,High
Q-S-MIXTURE-AL-TWO-WAY-MIX-,Q-M-MIXTURE--TWO-WAY-MI-MEAN-EQUAT,REQUIRED,Structural curriculum grouping,High
Q-M-MIXTURE--TWO-WAY-MI-MEAN-EQUAT,Q-A-TWO-WAY-MIX-FIND,REQUIRED,Structure instantiates the concept,High
Q-A-TWO-WAY-MIX-FIND,Q-V-TWO-WAY-MIX--T0,REQUIRED,Trap annotation,High
Q-A-TWO-WAY-MIX-FIND,Q-V-TWO-WAY-MIX--M,REQUIRED,Method annotation,High
Q-T-MIXTURE-ALLIGA,Q-S-MIXTURE-AL-WEIGHTED-MEA,REQUIRED,Structural curriculum grouping,High
Q-S-MIXTURE-AL-WEIGHTED-MEA,Q-M-MIXTURE--WEIGHTED-M-TOTAL-VALU,REQUIRED,Structural curriculum grouping,High
Q-M-MIXTURE--WEIGHTED-M-TOTAL-VALU,Q-A-WEIGHTED-MEAN-PR,REQUIRED,Structure instantiates the concept,High
Q-A-WEIGHTED-MEAN-PR,Q-V-WEIGHTED-MEA-T0,REQUIRED,Trap annotation,High
Q-A-WEIGHTED-MEAN-PR,Q-V-WEIGHTED-MEA-M,REQUIRED,Method annotation,High
Q-T-NUMBER-SYSTEM,Q-S-NUMBER-SYS-DIGIT-PUZZLE,REQUIRED,Structural curriculum grouping,High
Q-S-NUMBER-SYS-DIGIT-PUZZLE,Q-M-NUMBER-S-DIGIT-PUZZ-POSITIONAL,REQUIRED,Structural curriculum grouping,High
Q-M-NUMBER-S-DIGIT-PUZZ-POSITIONAL,Q-A-DIGIT-PUZZLE-PLA,REQUIRED,Structure instantiates the concept,High
Q-A-DIGIT-PUZZLE-PLA,Q-V-DIGIT-PUZZLE-T0,REQUIRED,Trap annotation,High
Q-A-DIGIT-PUZZLE-PLA,Q-V-DIGIT-PUZZLE-M,REQUIRED,Method annotation,High
Q-T-NUMBER-SYSTEM,Q-S-NUMBER-SYS-DIVISIBILITY,REQUIRED,Structural curriculum grouping,High
Q-S-NUMBER-SYS-DIVISIBILITY,Q-M-NUMBER-S-DIVISIBILI-DIVISIBILI,REQUIRED,Structural curriculum grouping,High
Q-M-NUMBER-S-DIVISIBILI-DIVISIBILI,Q-A-DIVISIBILITY-BY-,REQUIRED,Structure instantiates the concept,High
Q-A-DIVISIBILITY-BY-,Q-V-DIVISIBILITY-T0,REQUIRED,Trap annotation,High
Q-A-DIVISIBILITY-BY-,Q-V-DIVISIBILITY-M,REQUIRED,Method annotation,High
Q-T-NUMBER-SYSTEM,Q-S-NUMBER-SYS-DIVISION-ALG,REQUIRED,Structural curriculum grouping,High
Q-S-NUMBER-SYS-DIVISION-ALG,Q-M-NUMBER-S-DIVISION-A-DDQR-RELAT,REQUIRED,Structural curriculum grouping,High
Q-M-NUMBER-S-DIVISION-A-DDQR-RELAT,Q-A-DIVISION-ALGORIT,REQUIRED,Structure instantiates the concept,High
Q-A-DIVISION-ALGORIT,Q-V-DIVISION-ALG-T0,REQUIRED,Trap annotation,High
Q-A-DIVISION-ALGORIT,Q-V-DIVISION-ALG-M,REQUIRED,Method annotation,High
Q-T-NUMBER-SYSTEM,Q-S-NUMBER-SYS-HCF-LCM-NUMB,REQUIRED,Structural curriculum grouping,High
Q-S-NUMBER-SYS-HCF-LCM-NUMB,Q-M-NUMBER-S-HCF-LCM-NU-GCDLCM-SER,REQUIRED,Structural curriculum grouping,High
Q-M-NUMBER-S-HCF-LCM-NU-GCDLCM-SER,Q-A-HCF-LCM-NUMBER-F,REQUIRED,Structure instantiates the concept,High
Q-A-HCF-LCM-NUMBER-F,Q-V-HCF-LCM-NUMB-T0,REQUIRED,Trap annotation,High
Q-A-HCF-LCM-NUMBER-F,Q-V-HCF-LCM-NUMB-M,REQUIRED,Method annotation,High
Q-T-NUMBER-SYSTEM,Q-S-NUMBER-SYS-PERFECT-SQUA,REQUIRED,Structural curriculum grouping,High
Q-S-NUMBER-SYS-PERFECT-SQUA,Q-M-NUMBER-S-PERFECT-SQ-SQUARE-SQU,REQUIRED,Structural curriculum grouping,High
Q-M-NUMBER-S-PERFECT-SQ-SQUARE-SQU,Q-A-PERFECT-SQUARE-D,REQUIRED,Structure instantiates the concept,High
Q-A-PERFECT-SQUARE-D,Q-V-PERFECT-SQUA-T0,REQUIRED,Trap annotation,High
Q-A-PERFECT-SQUARE-D,Q-V-PERFECT-SQUA-M,REQUIRED,Method annotation,High
Q-T-NUMBER-SYSTEM,Q-S-NUMBER-SYS-REMAINDER-MO,REQUIRED,Structural curriculum grouping,High
Q-S-NUMBER-SYS-REMAINDER-MO,Q-M-NUMBER-S-REMAINDER--MOD-ARITHM,REQUIRED,Structural curriculum grouping,High
Q-M-NUMBER-S-REMAINDER--MOD-ARITHM,Q-A-REMAINDER-MODULA,REQUIRED,Structure instantiates the concept,High
Q-A-REMAINDER-MODULA,Q-V-REMAINDER-MO-T0,REQUIRED,Trap annotation,High
Q-A-REMAINDER-MODULA,Q-V-REMAINDER-MO-M,REQUIRED,Method annotation,High
Q-T-PARTNERSHIP-SH,Q-S-PARTNERSHI-MULTI-PARTNE,REQUIRED,Structural curriculum grouping,High
Q-S-PARTNERSHI-MULTI-PARTNE,Q-M-PARTNERS-MULTI-PART-CAPITAL-X-,REQUIRED,Structural curriculum grouping,High
Q-M-PARTNERS-MULTI-PART-CAPITAL-X-,Q-A-MULTI-PARTNER-FI,REQUIRED,Structure instantiates the concept,High
Q-A-MULTI-PARTNER-FI,Q-V-MULTI-PARTNE-T0,REQUIRED,Trap annotation,High
Q-A-MULTI-PARTNER-FI,Q-V-MULTI-PARTNE-M,REQUIRED,Method annotation,High
Q-T-PARTNERSHIP-SH,Q-S-PARTNERSHI-RENTAL-PROFI,REQUIRED,Structural curriculum grouping,High
Q-S-PARTNERSHI-RENTAL-PROFI,Q-M-PARTNERS-RENTAL-PRO-SHARE-USAG,REQUIRED,Structural curriculum grouping,High
Q-M-PARTNERS-RENTAL-PRO-SHARE-USAG,Q-A-RENTAL-PROFIT-SH,REQUIRED,Structure instantiates the concept,High
Q-A-RENTAL-PROFIT-SH,Q-V-RENTAL-PROFI-T0,REQUIRED,Trap annotation,High
Q-A-RENTAL-PROFIT-SH,Q-V-RENTAL-PROFI-M,REQUIRED,Method annotation,High
Q-T-PARTNERSHIP-SH,Q-S-PARTNERSHI-STAGGERED-EN,REQUIRED,Structural curriculum grouping,High
Q-S-PARTNERSHI-STAGGERED-EN,Q-M-PARTNERS-STAGGERED--CAPITAL-X-,REQUIRED,Structural curriculum grouping,High
Q-M-PARTNERS-STAGGERED--CAPITAL-X-,Q-A-STAGGERED-ENTRY-,REQUIRED,Structure instantiates the concept,High
Q-A-STAGGERED-ENTRY-,Q-V-STAGGERED-EN-T0,REQUIRED,Trap annotation,High
Q-A-STAGGERED-ENTRY-,Q-V-STAGGERED-EN-M,REQUIRED,Method annotation,High
Q-T-PARTNERSHIP-SH,Q-S-PARTNERSHI-TIME-EXTRACT,REQUIRED,Structural curriculum grouping,High
Q-S-PARTNERSHI-TIME-EXTRACT,Q-M-PARTNERS-TIME-EXTRA-P-C-X-T-IN,REQUIRED,Structural curriculum grouping,High
Q-M-PARTNERS-TIME-EXTRA-P-C-X-T-IN,Q-A-TIME-EXTRACTION-,REQUIRED,Structure instantiates the concept,High
Q-A-TIME-EXTRACTION-,Q-V-TIME-EXTRACT-T0,REQUIRED,Trap annotation,High
Q-A-TIME-EXTRACTION-,Q-V-TIME-EXTRACT-M,REQUIRED,Method annotation,High
Q-T-PERCENTAGES-RA,Q-S-PERCENTAGE-OF-TWO-UNKNO,REQUIRED,Structural curriculum grouping,High
Q-S-PERCENTAGE-OF-TWO-UNKNO,Q-M-PERCENTA-OF-TWO-UNK-WEIGHTED-S,REQUIRED,Structural curriculum grouping,High
Q-M-PERCENTA-OF-TWO-UNK-WEIGHTED-S,Q-A-OF-TWO-UNKNOWNS-,REQUIRED,Structure instantiates the concept,High
Q-A-OF-TWO-UNKNOWNS-,Q-V-OF-TWO-UNKNO-T0,REQUIRED,Trap annotation,High
Q-A-OF-TWO-UNKNOWNS-,Q-V-OF-TWO-UNKNO-M,REQUIRED,Method annotation,High
Q-T-PERCENTAGES-RA,Q-S-PERCENTAGE-BILLING-ORDE,REQUIRED,Structural curriculum grouping,High
Q-S-PERCENTAGE-BILLING-ORDE,Q-M-PERCENTA-BILLING-OR-ACTUAL-VS-,REQUIRED,Structural curriculum grouping,High
Q-M-PERCENTA-BILLING-OR-ACTUAL-VS-,Q-A-BILLING-ORDER-MI,REQUIRED,Structure instantiates the concept,High
Q-A-BILLING-ORDER-MI,Q-V-BILLING-ORDE-T0,REQUIRED,Trap annotation,High
Q-A-BILLING-ORDER-MI,Q-V-BILLING-ORDE-M,REQUIRED,Method annotation,High
Q-T-PERCENTAGES-RA,Q-S-PERCENTAGE-CHAIN-RATIO-,REQUIRED,Structural curriculum grouping,High
Q-S-PERCENTAGE-CHAIN-RATIO-,Q-M-PERCENTA-CHAIN-RATI-LCM-JOIN,REQUIRED,Structural curriculum grouping,High
Q-M-PERCENTA-CHAIN-RATI-LCM-JOIN,Q-A-CHAIN-RATIO-JOIN,REQUIRED,Structure instantiates the concept,High
Q-A-CHAIN-RATIO-JOIN,Q-V-CHAIN-RATIO--T0,REQUIRED,Trap annotation,High
Q-A-CHAIN-RATIO-JOIN,Q-V-CHAIN-RATIO--M,REQUIRED,Method annotation,High
Q-T-PERCENTAGES-RA,Q-S-PERCENTAGE-COIN-COUNT-F,REQUIRED,Structural curriculum grouping,High
Q-S-PERCENTAGE-COIN-COUNT-F,Q-M-PERCENTA-COIN-COUNT-DENOMINATI,REQUIRED,Structural curriculum grouping,High
Q-M-PERCENTA-COIN-COUNT-DENOMINATI,Q-A-COIN-COUNT-FROM-,REQUIRED,Structure instantiates the concept,High
Q-A-COIN-COUNT-FROM-,Q-V-COIN-COUNT-F-T0,REQUIRED,Trap annotation,High
Q-A-COIN-COUNT-FROM-,Q-V-COIN-COUNT-F-M,REQUIRED,Method annotation,High
Q-T-PERCENTAGES-RA,Q-S-PERCENTAGE-COMPARE-VALU,REQUIRED,Structural curriculum grouping,High
Q-S-PERCENTAGE-COMPARE-VALU,Q-M-PERCENTA-COMPARE-VA-EVALUATE-E,REQUIRED,Structural curriculum grouping,High
Q-M-PERCENTA-COMPARE-VA-EVALUATE-E,Q-A-COMPARE-VALUES-R,REQUIRED,Structure instantiates the concept,High
Q-A-COMPARE-VALUES-R,Q-V-COMPARE-VALU-T0,REQUIRED,Trap annotation,High
Q-A-COMPARE-VALUES-R,Q-V-COMPARE-VALU-M,REQUIRED,Method annotation,High
Q-T-PERCENTAGES-RA,Q-S-PERCENTAGE-CONSTANT-ADD,REQUIRED,Structural curriculum grouping,High
Q-S-PERCENTAGE-CONSTANT-ADD,Q-M-PERCENTA-CONSTANT-A-RATIO-SHIF,REQUIRED,Structural curriculum grouping,High
Q-M-PERCENTA-CONSTANT-A-RATIO-SHIF,Q-A-CONSTANT-ADDITIO,REQUIRED,Structure instantiates the concept,High
Q-A-CONSTANT-ADDITIO,Q-V-CONSTANT-ADD-T0,REQUIRED,Trap annotation,High
Q-A-CONSTANT-ADDITIO,Q-V-CONSTANT-ADD-M,REQUIRED,Method annotation,High
Q-T-PERCENTAGES-RA,Q-S-PERCENTAGE-DIVIDE-SUM-I,REQUIRED,Structural curriculum grouping,High
Q-S-PERCENTAGE-DIVIDE-SUM-I,Q-M-PERCENTA-DIVIDE-SUM-RATIO-SHAR,REQUIRED,Structural curriculum grouping,High
Q-M-PERCENTA-DIVIDE-SUM-RATIO-SHAR,Q-A-DIVIDE-SUM-IN-RA,REQUIRED,Structure instantiates the concept,High
Q-A-DIVIDE-SUM-IN-RA,Q-V-DIVIDE-SUM-I-T0,REQUIRED,Trap annotation,High
Q-A-DIVIDE-SUM-IN-RA,Q-V-DIVIDE-SUM-I-M,REQUIRED,Method annotation,High
Q-T-PERCENTAGES-RA,Q-S-PERCENTAGE-ELECTION-WIT,REQUIRED,Structural curriculum grouping,High
Q-S-PERCENTAGE-ELECTION-WIT,Q-M-PERCENTA-ELECTION-W-VALID-VOTE,REQUIRED,Structural curriculum grouping,High
Q-M-PERCENTA-ELECTION-W-VALID-VOTE,Q-A-ELECTION-WITH-IN,REQUIRED,Structure instantiates the concept,High
Q-A-ELECTION-WITH-IN,Q-V-ELECTION-WIT-T0,REQUIRED,Trap annotation,High
Q-A-ELECTION-WITH-IN,Q-V-ELECTION-WIT-M,REQUIRED,Method annotation,High
Q-T-PERCENTAGES-RA,Q-S-PERCENTAGE-GENERAL-RATI,REQUIRED,Structural curriculum grouping,High
Q-S-PERCENTAGE-GENERAL-RATI,Q-M-PERCENTA-GENERAL-RA-BASE-PARTS,REQUIRED,Structural curriculum grouping,High
Q-M-PERCENTA-GENERAL-RA-BASE-PARTS,Q-A-GENERAL-RATIO-CO,REQUIRED,Structure instantiates the concept,High
Q-A-GENERAL-RATIO-CO,Q-V-GENERAL-RATI-T0,REQUIRED,Trap annotation,High
Q-A-GENERAL-RATIO-CO,Q-V-GENERAL-RATI-M,REQUIRED,Method annotation,High
Q-T-PERCENTAGES-RA,Q-S-PERCENTAGE-INCOMEEXPEND,REQUIRED,Structural curriculum grouping,High
Q-S-PERCENTAGE-INCOMEEXPEND,Q-M-PERCENTA-INCOMEEXPE-SAVINGS-RE,REQUIRED,Structural curriculum grouping,High
Q-M-PERCENTA-INCOMEEXPE-SAVINGS-RE,Q-A-INCOMEEXPENDITUR,REQUIRED,Structure instantiates the concept,High
Q-A-INCOMEEXPENDITUR,Q-V-INCOMEEXPEND-T0,REQUIRED,Trap annotation,High
Q-A-INCOMEEXPENDITUR,Q-V-INCOMEEXPEND-M,REQUIRED,Method annotation,High
Q-T-PERCENTAGES-RA,Q-S-PERCENTAGE-ONE-SIDE-ADD,REQUIRED,Structural curriculum grouping,High
Q-S-PERCENTAGE-ONE-SIDE-ADD,Q-M-PERCENTA-ONE-SIDE-A-RATIO-SHIF,REQUIRED,Structural curriculum grouping,High
Q-M-PERCENTA-ONE-SIDE-A-RATIO-SHIF,Q-A-ONE-SIDE-ADDITIO,REQUIRED,Structure instantiates the concept,High
Q-A-ONE-SIDE-ADDITIO,Q-V-ONE-SIDE-ADD-T0,REQUIRED,Trap annotation,High
Q-A-ONE-SIDE-ADDITIO,Q-V-ONE-SIDE-ADD-M,REQUIRED,Method annotation,High
Q-T-PERCENTAGES-RA,Q-S-PERCENTAGE-PROPORTION-M,REQUIRED,Structural curriculum grouping,High
Q-S-PERCENTAGE-PROPORTION-M,Q-M-PERCENTA-PROPORTION-PRODUCT-OF,REQUIRED,Structural curriculum grouping,High
Q-M-PERCENTA-PROPORTION-PRODUCT-OF,Q-A-PROPORTION-MEAN-,REQUIRED,Structure instantiates the concept,High
Q-A-PROPORTION-MEAN-,Q-V-PROPORTION-M-T0,REQUIRED,Trap annotation,High
Q-A-PROPORTION-MEAN-,Q-V-PROPORTION-M-M,REQUIRED,Method annotation,High
Q-T-PERCENTAGES-RA,Q-S-PERCENTAGE-RATIO-EXPRES,REQUIRED,Structural curriculum grouping,High
Q-S-PERCENTAGE-RATIO-EXPRES,Q-M-PERCENTA-RATIO-EXPR-HOMOGENEOU,REQUIRED,Structural curriculum grouping,High
Q-M-PERCENTA-RATIO-EXPR-HOMOGENEOU,Q-A-RATIO-EXPRESSION,REQUIRED,Structure instantiates the concept,High
Q-A-RATIO-EXPRESSION,Q-V-RATIO-EXPRES-T0,REQUIRED,Trap annotation,High
Q-A-RATIO-EXPRESSION,Q-V-RATIO-EXPRES-M,REQUIRED,Method annotation,High
Q-T-PERCENTAGES-RA,Q-S-PERCENTAGE-RATIO-DIFFER,REQUIRED,Structural curriculum grouping,High
Q-S-PERCENTAGE-RATIO-DIFFER,Q-M-PERCENTA-RATIO-DIFF-PARTS-DIFF,REQUIRED,Structural curriculum grouping,High
Q-M-PERCENTA-RATIO-DIFF-PARTS-DIFF,Q-A-RATIO-DIFFERENCE,REQUIRED,Structure instantiates the concept,High
Q-A-RATIO-DIFFERENCE,Q-V-RATIO-DIFFER-T0,REQUIRED,Trap annotation,High
Q-A-RATIO-DIFFERENCE,Q-V-RATIO-DIFFER-M,REQUIRED,Method annotation,High
Q-T-PERCENTAGES-RA,Q-S-PERCENTAGE-REQUIRED-REN,REQUIRED,Structural curriculum grouping,High
Q-S-PERCENTAGE-REQUIRED-REN,Q-M-PERCENTA-REQUIRED-R-NET-YIELD-,REQUIRED,Structural curriculum grouping,High
Q-M-PERCENTA-REQUIRED-R-NET-YIELD-,Q-A-REQUIRED-RENT-FO,REQUIRED,Structure instantiates the concept,High
Q-A-REQUIRED-RENT-FO,Q-V-REQUIRED-REN-T0,REQUIRED,Trap annotation,High
Q-A-REQUIRED-RENT-FO,Q-V-REQUIRED-REN-M,REQUIRED,Method annotation,High
Q-T-PERCENTAGES-RA,Q-S-PERCENTAGE-REVERSE-PERC,REQUIRED,Structural curriculum grouping,High
Q-S-PERCENTAGE-REVERSE-PERC,Q-M-PERCENTA-REVERSE-PE-BASE-SWITC,REQUIRED,Structural curriculum grouping,High
Q-M-PERCENTA-REVERSE-PE-BASE-SWITC,Q-A-REVERSE-PERCENTA,REQUIRED,Structure instantiates the concept,High
Q-A-REVERSE-PERCENTA,Q-V-REVERSE-PERC-T0,REQUIRED,Trap annotation,High
Q-A-REVERSE-PERCENTA,Q-V-REVERSE-PERC-M,REQUIRED,Method annotation,High
Q-T-PERCENTAGES-RA,Q-S-PERCENTAGE-SUCCESSIVE-C,REQUIRED,Structural curriculum grouping,High
Q-S-PERCENTAGE-SUCCESSIVE-C,Q-M-PERCENTA-SUCCESSIVE-OVER-RELAT,REQUIRED,Structural curriculum grouping,High
Q-M-PERCENTA-SUCCESSIVE-OVER-RELAT,Q-A-SUCCESSIVE-COMPA,REQUIRED,Structure instantiates the concept,High
Q-A-SUCCESSIVE-COMPA,Q-V-SUCCESSIVE-C-T0,REQUIRED,Trap annotation,High
Q-A-SUCCESSIVE-COMPA,Q-V-SUCCESSIVE-C-M,REQUIRED,Method annotation,High
Q-T-PERCENTAGES-RA,Q-S-PERCENTAGE-SUCCESSIVE-I,REQUIRED,Structural curriculum grouping,High
Q-S-PERCENTAGE-SUCCESSIVE-I,Q-M-PERCENTA-SUCCESSIVE-CHAINED-CH,REQUIRED,Structural curriculum grouping,High
Q-M-PERCENTA-SUCCESSIVE-CHAINED-CH,Q-A-SUCCESSIVE-INCRE,REQUIRED,Structure instantiates the concept,High
Q-A-SUCCESSIVE-INCRE,Q-V-SUCCESSIVE-I-T0,REQUIRED,Trap annotation,High
Q-A-SUCCESSIVE-INCRE,Q-V-SUCCESSIVE-I-M,REQUIRED,Method annotation,High
Q-T-PERCENTAGES-RA,Q-S-PERCENTAGE-TARGET-SHORT,REQUIRED,Structural curriculum grouping,High
Q-S-PERCENTAGE-TARGET-SHORT,Q-M-PERCENTA-TARGET-SHO-REQUIRED-V,REQUIRED,Structural curriculum grouping,High
Q-M-PERCENTA-TARGET-SHO-REQUIRED-V,Q-A-TARGET-SHORTFALL,REQUIRED,Structure instantiates the concept,High
Q-A-TARGET-SHORTFALL,Q-V-TARGET-SHORT-T0,REQUIRED,Trap annotation,High
Q-A-TARGET-SHORTFALL,Q-V-TARGET-SHORT-M,REQUIRED,Method annotation,High
Q-T-PERCENTAGES-RA,Q-S-PERCENTAGE-VARIATION,REQUIRED,Structural curriculum grouping,High
Q-S-PERCENTAGE-VARIATION,Q-M-PERCENTA-VARIATION-K-FORM,REQUIRED,Structural curriculum grouping,High
Q-M-PERCENTA-VARIATION-K-FORM,Q-A-VARIATION-DIRECT,REQUIRED,Structure instantiates the concept,High
Q-A-VARIATION-DIRECT,Q-V-VARIATION-DI-T0,REQUIRED,Trap annotation,High
Q-A-VARIATION-DIRECT,Q-V-VARIATION-DI-M,REQUIRED,Method annotation,High
Q-T-PROFIT-LOSS,Q-S-PROFIT-LOS-BULK-BUY-STA,REQUIRED,Structural curriculum grouping,High
Q-S-PROFIT-LOS-BULK-BUY-STA,Q-M-PROFIT-L-BULK-BUY-S-LOT-WISE-R,REQUIRED,Structural curriculum grouping,High
Q-M-PROFIT-L-BULK-BUY-S-LOT-WISE-R,Q-A-BULK-BUY-STAGGER,REQUIRED,Structure instantiates the concept,High
Q-A-BULK-BUY-STAGGER,Q-V-BULK-BUY-STA-T0,REQUIRED,Trap annotation,High
Q-A-BULK-BUY-STAGGER,Q-V-BULK-BUY-STA-M,REQUIRED,Method annotation,High
Q-T-PROFIT-LOSS,Q-S-PROFIT-LOS-BUY-GET-FREE,REQUIRED,Structural curriculum grouping,High
Q-S-PROFIT-LOS-BUY-GET-FREE,Q-M-PROFIT-L-BUY-GET-FR-FREE-ARTIC,REQUIRED,Structural curriculum grouping,High
Q-M-PROFIT-L-BUY-GET-FR-FREE-ARTIC,Q-A-BUY-GET-FREE-DIS,REQUIRED,Structure instantiates the concept,High
Q-A-BUY-GET-FREE-DIS,Q-V-BUY-GET-FREE-T0,REQUIRED,Trap annotation,High
Q-A-BUY-GET-FREE-DIS,Q-V-BUY-GET-FREE-M,REQUIRED,Method annotation,High
Q-T-PROFIT-LOSS,Q-S-PROFIT-LOS-CP-MP-DISCOU,REQUIRED,Structural curriculum grouping,High
Q-S-PROFIT-LOS-CP-MP-DISCOU,Q-M-PROFIT-L-CP-MP-DISC-SP-BRIDGE,REQUIRED,Structural curriculum grouping,High
Q-M-PROFIT-L-CP-MP-DISC-SP-BRIDGE,Q-A-CP-MP-DISCOUNT-P,REQUIRED,Structure instantiates the concept,High
Q-A-CP-MP-DISCOUNT-P,Q-V-CP-MP-DISCOU-T0,REQUIRED,Trap annotation,High
Q-A-CP-MP-DISCOUNT-P,Q-V-CP-MP-DISCOU-M,REQUIRED,Method annotation,High
Q-T-PROFIT-LOSS,Q-S-PROFIT-LOS-CHAIN-PROFIT,REQUIRED,Structural curriculum grouping,High
Q-S-PROFIT-LOS-CHAIN-PROFIT,Q-M-PROFIT-L-CHAIN-PROF-SUCCESSIVE,REQUIRED,Structural curriculum grouping,High
Q-M-PROFIT-L-CHAIN-PROF-SUCCESSIVE,Q-A-CHAIN-PROFIT-THR,REQUIRED,Structure instantiates the concept,High
Q-A-CHAIN-PROFIT-THR,Q-V-CHAIN-PROFIT-T0,REQUIRED,Trap annotation,High
Q-A-CHAIN-PROFIT-THR,Q-V-CHAIN-PROFIT-M,REQUIRED,Method annotation,High
Q-T-PROFIT-LOSS,Q-S-PROFIT-LOS-COST-BUILD-U,REQUIRED,Structural curriculum grouping,High
Q-S-PROFIT-LOS-COST-BUILD-U,Q-M-PROFIT-L-COST-BUILD-OVERHEADS-,REQUIRED,Structural curriculum grouping,High
Q-M-PROFIT-L-COST-BUILD-OVERHEADS-,Q-A-COST-BUILD-UP-TH,REQUIRED,Structure instantiates the concept,High
Q-A-COST-BUILD-UP-TH,Q-V-COST-BUILD-U-T0,REQUIRED,Trap annotation,High
Q-A-COST-BUILD-UP-TH,Q-V-COST-BUILD-U-M,REQUIRED,Method annotation,High
Q-T-PROFIT-LOSS,Q-S-PROFIT-LOS-COST-RISES-S,REQUIRED,Structural curriculum grouping,High
Q-S-PROFIT-LOS-COST-RISES-S,Q-M-PROFIT-L-COST-RISES-RE-BASED-M,REQUIRED,Structural curriculum grouping,High
Q-M-PROFIT-L-COST-RISES-RE-BASED-M,Q-A-COST-RISES-SP-FI,REQUIRED,Structure instantiates the concept,High
Q-A-COST-RISES-SP-FI,Q-V-COST-RISES-S-T0,REQUIRED,Trap annotation,High
Q-A-COST-RISES-SP-FI,Q-V-COST-RISES-S-M,REQUIRED,Method annotation,High
Q-T-PROFIT-LOSS,Q-S-PROFIT-LOS-DISCOUNT-ON-,REQUIRED,Structural curriculum grouping,High
Q-S-PROFIT-LOS-DISCOUNT-ON-,Q-M-PROFIT-L-DISCOUNT-O-MPSP-DISCO,REQUIRED,Structural curriculum grouping,High
Q-M-PROFIT-L-DISCOUNT-O-MPSP-DISCO,Q-A-DISCOUNT-ON-MARK,REQUIRED,Structure instantiates the concept,High
Q-A-DISCOUNT-ON-MARK,Q-V-DISCOUNT-ON--T0,REQUIRED,Trap annotation,High
Q-A-DISCOUNT-ON-MARK,Q-V-DISCOUNT-ON--M,REQUIRED,Method annotation,High
Q-T-PROFIT-LOSS,Q-S-PROFIT-LOS-DISHONEST-DE,REQUIRED,Structural curriculum grouping,High
Q-S-PROFIT-LOS-DISHONEST-DE,Q-M-PROFIT-L-DISHONEST--FALSE-WEIG,REQUIRED,Structural curriculum grouping,High
Q-M-PROFIT-L-DISHONEST--FALSE-WEIG,Q-A-DISHONEST-DEALER,REQUIRED,Structure instantiates the concept,High
Q-A-DISHONEST-DEALER,Q-V-DISHONEST-DE-T0,REQUIRED,Trap annotation,High
Q-A-DISHONEST-DEALER,Q-V-DISHONEST-DE-M,REQUIRED,Method annotation,High
Q-T-PROFIT-LOSS,Q-S-PROFIT-LOS-EQUAL-PROFIT,REQUIRED,Structural curriculum grouping,High
Q-S-PROFIT-LOS-EQUAL-PROFIT,Q-M-PROFIT-L-EQUAL-PROF-CP-IS-THE-,REQUIRED,Structural curriculum grouping,High
Q-M-PROFIT-L-EQUAL-PROF-CP-IS-THE-,Q-A-EQUAL-PROFIT-AND,REQUIRED,Structure instantiates the concept,High
Q-A-EQUAL-PROFIT-AND,Q-V-EQUAL-PROFIT-T0,REQUIRED,Trap annotation,High
Q-A-EQUAL-PROFIT-AND,Q-V-EQUAL-PROFIT-M,REQUIRED,Method annotation,High
Q-T-PROFIT-LOSS,Q-S-PROFIT-LOS-FIXED-PRICE-,REQUIRED,Structural curriculum grouping,High
Q-S-PROFIT-LOS-FIXED-PRICE-,Q-M-PROFIT-L-FIXED-PRIC-TWO-STEP-P,REQUIRED,Structural curriculum grouping,High
Q-M-PROFIT-L-FIXED-PRIC-TWO-STEP-P,Q-A-FIXED-PRICE-THEN,REQUIRED,Structure instantiates the concept,High
Q-A-FIXED-PRICE-THEN,Q-V-FIXED-PRICE--T0,REQUIRED,Trap annotation,High
Q-A-FIXED-PRICE-THEN,Q-V-FIXED-PRICE--M,REQUIRED,Method annotation,High
Q-T-PROFIT-LOSS,Q-S-PROFIT-LOS-GAIN-ON-ONE-,REQUIRED,Structural curriculum grouping,High
Q-S-PROFIT-LOS-GAIN-ON-ONE-,Q-M-PROFIT-L-GAIN-ON-ON-TWO-ARTICL,REQUIRED,Structural curriculum grouping,High
Q-M-PROFIT-L-GAIN-ON-ON-TWO-ARTICL,Q-A-GAIN-ON-ONE-LOSS,REQUIRED,Structure instantiates the concept,High
Q-A-GAIN-ON-ONE-LOSS,Q-V-GAIN-ON-ONE--T0,REQUIRED,Trap annotation,High
Q-A-GAIN-ON-ONE-LOSS,Q-V-GAIN-ON-ONE--M,REQUIRED,Method annotation,High
Q-T-PROFIT-LOSS,Q-S-PROFIT-LOS-GENERAL-P-L-,REQUIRED,Structural curriculum grouping,High
Q-S-PROFIT-LOS-GENERAL-P-L-,Q-M-PROFIT-L-GENERAL-P--CP-SP-MP-D,REQUIRED,Structural curriculum grouping,High
Q-M-PROFIT-L-GENERAL-P--CP-SP-MP-D,Q-A-GENERAL-P-L-COMP,REQUIRED,Structure instantiates the concept,High
Q-A-GENERAL-P-L-COMP,Q-V-GENERAL-P-L--T0,REQUIRED,Trap annotation,High
Q-A-GENERAL-P-L-COMP,Q-V-GENERAL-P-L--M,REQUIRED,Method annotation,High
Q-T-PROFIT-LOSS,Q-S-PROFIT-LOS-MP-ABOVE-CP-,REQUIRED,Structural curriculum grouping,High
Q-S-PROFIT-LOS-MP-ABOVE-CP-,Q-M-PROFIT-L-MP-ABOVE-C-MPCPSP-CHA,REQUIRED,Structural curriculum grouping,High
Q-M-PROFIT-L-MP-ABOVE-C-MPCPSP-CHA,Q-A-MP-ABOVE-CP-SELL,REQUIRED,Structure instantiates the concept,High
Q-A-MP-ABOVE-CP-SELL,Q-V-MP-ABOVE-CP--T0,REQUIRED,Trap annotation,High
Q-A-MP-ABOVE-CP-SELL,Q-V-MP-ABOVE-CP--M,REQUIRED,Method annotation,High
Q-T-PROFIT-LOSS,Q-S-PROFIT-LOS-MPDISCOUNTPR,REQUIRED,Structural curriculum grouping,High
Q-S-PROFIT-LOS-MPDISCOUNTPR,Q-M-PROFIT-L-MPDISCOUNT-SP-CONSTAN,REQUIRED,Structural curriculum grouping,High
Q-M-PROFIT-L-MPDISCOUNT-SP-CONSTAN,Q-A-MPDISCOUNTPROFIT,REQUIRED,Structure instantiates the concept,High
Q-A-MPDISCOUNTPROFIT,Q-V-MPDISCOUNTPR-T0,REQUIRED,Trap annotation,High
Q-A-MPDISCOUNTPROFIT,Q-V-MPDISCOUNTPR-M,REQUIRED,Method annotation,High
Q-T-PROFIT-LOSS,Q-S-PROFIT-LOS-MARKUP-WITH-,REQUIRED,Structural curriculum grouping,High
Q-S-PROFIT-LOS-MARKUP-WITH-,Q-M-PROFIT-L-MARKUP-WIT-MP-THEN-DE,REQUIRED,Structural curriculum grouping,High
Q-M-PROFIT-L-MARKUP-WIT-MP-THEN-DE,Q-A-MARKUP-WITH-OFFE,REQUIRED,Structure instantiates the concept,High
Q-A-MARKUP-WITH-OFFE,Q-V-MARKUP-WITH--T0,REQUIRED,Trap annotation,High
Q-A-MARKUP-WITH-OFFE,Q-V-MARKUP-WITH--M,REQUIRED,Method annotation,High
Q-T-PROFIT-LOSS,Q-S-PROFIT-LOS-PRICE-DROP-B,REQUIRED,Structural curriculum grouping,High
Q-S-PROFIT-LOS-PRICE-DROP-B,Q-M-PROFIT-L-PRICE-DROP-CONSTANT-B,REQUIRED,Structural curriculum grouping,High
Q-M-PROFIT-L-PRICE-DROP-CONSTANT-B,Q-A-PRICE-DROP-BUYS-,REQUIRED,Structure instantiates the concept,High
Q-A-PRICE-DROP-BUYS-,Q-V-PRICE-DROP-B-T0,REQUIRED,Trap annotation,High
Q-A-PRICE-DROP-BUYS-,Q-V-PRICE-DROP-B-M,REQUIRED,Method annotation,High
Q-T-PROFIT-LOSS,Q-S-PROFIT-LOS-PROFIT-TO-CP,REQUIRED,Structural curriculum grouping,High
Q-S-PROFIT-LOS-PROFIT-TO-CP,Q-M-PROFIT-L-PROFIT-TO--CP-SP-FROM,REQUIRED,Structural curriculum grouping,High
Q-M-PROFIT-L-PROFIT-TO--CP-SP-FROM,Q-A-PROFIT-TO-CP-SP-,REQUIRED,Structure instantiates the concept,High
Q-A-PROFIT-TO-CP-SP-,Q-V-PROFIT-TO-CP-T0,REQUIRED,Trap annotation,High
Q-A-PROFIT-TO-CP-SP-,Q-V-PROFIT-TO-CP-M,REQUIRED,Method annotation,High
Q-T-PROFIT-LOSS,Q-S-PROFIT-LOS-RANGE-PROFIT,REQUIRED,Structural curriculum grouping,High
Q-S-PROFIT-LOS-RANGE-PROFIT,Q-M-PROFIT-L-RANGE-PROF-EXTREMES,REQUIRED,Structural curriculum grouping,High
Q-M-PROFIT-L-RANGE-PROF-EXTREMES,Q-A-RANGE-PROFIT-MIN,REQUIRED,Structure instantiates the concept,High
Q-A-RANGE-PROFIT-MIN,Q-V-RANGE-PROFIT-T0,REQUIRED,Trap annotation,High
Q-A-RANGE-PROFIT-MIN,Q-V-RANGE-PROFIT-M,REQUIRED,Method annotation,High
Q-T-PROFIT-LOSS,Q-S-PROFIT-LOS-REPEATED-HIK,REQUIRED,Structural curriculum grouping,High
Q-S-PROFIT-LOS-REPEATED-HIK,Q-M-PROFIT-L-REPEATED-H-SUCCESSIVE,REQUIRED,Structural curriculum grouping,High
Q-M-PROFIT-L-REPEATED-H-SUCCESSIVE,Q-A-REPEATED-HIKE-ON,REQUIRED,Structure instantiates the concept,High
Q-A-REPEATED-HIKE-ON,Q-V-REPEATED-HIK-T0,REQUIRED,Trap annotation,High
Q-A-REPEATED-HIKE-ON,Q-V-REPEATED-HIK-M,REQUIRED,Method annotation,High
Q-T-PROFIT-LOSS,Q-S-PROFIT-LOS-SP-DISCOUNT-,REQUIRED,Structural curriculum grouping,High
Q-S-PROFIT-LOS-SP-DISCOUNT-,Q-M-PROFIT-L-SP-DISCOUN-MP-SP-1-D,REQUIRED,Structural curriculum grouping,High
Q-M-PROFIT-L-SP-DISCOUN-MP-SP-1-D,Q-A-SP-DISCOUNT-BACK,REQUIRED,Structure instantiates the concept,High
Q-A-SP-DISCOUNT-BACK,Q-V-SP-DISCOUNT--T0,REQUIRED,Trap annotation,High
Q-A-SP-DISCOUNT-BACK,Q-V-SP-DISCOUNT--M,REQUIRED,Method annotation,High
Q-T-PROFIT-LOSS,Q-S-PROFIT-LOS-SEQUENTIAL-S,REQUIRED,Structural curriculum grouping,High
Q-S-PROFIT-LOS-SEQUENTIAL-S,Q-M-PROFIT-L-SEQUENTIAL-SHRINKING-,REQUIRED,Structural curriculum grouping,High
Q-M-PROFIT-L-SEQUENTIAL-SHRINKING-,Q-A-SEQUENTIAL-SPEND,REQUIRED,Structure instantiates the concept,High
Q-A-SEQUENTIAL-SPEND,Q-V-SEQUENTIAL-S-T0,REQUIRED,Trap annotation,High
Q-A-SEQUENTIAL-SPEND,Q-V-SEQUENTIAL-S-M,REQUIRED,Method annotation,High
Q-T-PROFIT-LOSS,Q-S-PROFIT-LOS-SUCCESSIVE-C,REQUIRED,Structural curriculum grouping,High
Q-S-PROFIT-LOS-SUCCESSIVE-C,Q-M-PROFIT-L-SUCCESSIVE-COMPOUNDED,REQUIRED,Structural curriculum grouping,High
Q-M-PROFIT-L-SUCCESSIVE-COMPOUNDED,Q-A-SUCCESSIVE-CHANG,REQUIRED,Structure instantiates the concept,High
Q-A-SUCCESSIVE-CHANG,Q-V-SUCCESSIVE-C-T0-2,REQUIRED,Trap annotation,High
Q-A-SUCCESSIVE-CHANG,Q-V-SUCCESSIVE-C-M-2,REQUIRED,Method annotation,High
Q-T-PROFIT-LOSS,Q-S-PROFIT-LOS-SUCCESSIVE-D,REQUIRED,Structural curriculum grouping,High
Q-S-PROFIT-LOS-SUCCESSIVE-D,Q-M-PROFIT-L-SUCCESSIVE-TWO-DISCOU,REQUIRED,Structural curriculum grouping,High
Q-M-PROFIT-L-SUCCESSIVE-TWO-DISCOU,Q-A-SUCCESSIVE-DISCO,REQUIRED,Structure instantiates the concept,High
Q-A-SUCCESSIVE-DISCO,Q-V-SUCCESSIVE-D-T0,REQUIRED,Trap annotation,High
Q-A-SUCCESSIVE-DISCO,Q-V-SUCCESSIVE-D-M,REQUIRED,Method annotation,High
Q-T-PROFIT-LOSS,Q-S-PROFIT-LOS-TWO-LOT-PROF,REQUIRED,Structural curriculum grouping,High
Q-S-PROFIT-LOS-TWO-LOT-PROF,Q-M-PROFIT-L-TWO-LOT-PR-PROFIT-ALL,REQUIRED,Structural curriculum grouping,High
Q-M-PROFIT-L-TWO-LOT-PR-PROFIT-ALL,Q-A-TWO-LOT-PROFIT-S,REQUIRED,Structure instantiates the concept,High
Q-A-TWO-LOT-PROFIT-S,Q-V-TWO-LOT-PROF-T0,REQUIRED,Trap annotation,High
Q-A-TWO-LOT-PROFIT-S,Q-V-TWO-LOT-PROF-M,REQUIRED,Method annotation,High
Q-T-SIMPLE-COMPOUN,Q-S-SIMPLE-COM-AMOUNT-K-PRI,REQUIRED,Structural curriculum grouping,High
Q-S-SIMPLE-COM-AMOUNT-K-PRI,Q-M-SIMPLE-C-AMOUNT-K-P-SI-MULTIPL,REQUIRED,Structural curriculum grouping,High
Q-M-SIMPLE-C-AMOUNT-K-P-SI-MULTIPL,Q-A-AMOUNT-K-PRINCIP,REQUIRED,Structure instantiates the concept,High
Q-A-AMOUNT-K-PRINCIP,Q-V-AMOUNT-K-PRI-T0,REQUIRED,Trap annotation,High
Q-A-AMOUNT-K-PRINCIP,Q-V-AMOUNT-K-PRI-M,REQUIRED,Method annotation,High
Q-T-SIMPLE-COMPOUN,Q-S-SIMPLE-COM-ANNUAL-INSTA,REQUIRED,Structural curriculum grouping,High
Q-S-SIMPLE-COM-ANNUAL-INSTA,Q-M-SIMPLE-C-ANNUAL-INS-INSTALMENT,REQUIRED,Structural curriculum grouping,High
Q-M-SIMPLE-C-ANNUAL-INS-INSTALMENT,Q-A-ANNUAL-INSTALMEN,REQUIRED,Structure instantiates the concept,High
Q-A-ANNUAL-INSTALMEN,Q-V-ANNUAL-INSTA-T0,REQUIRED,Trap annotation,High
Q-A-ANNUAL-INSTALMEN,Q-V-ANNUAL-INSTA-M,REQUIRED,Method annotation,High
Q-T-SIMPLE-COMPOUN,Q-S-SIMPLE-COM-BORROW-INVES,REQUIRED,Structural curriculum grouping,High
Q-S-SIMPLE-COM-BORROW-INVES,Q-M-SIMPLE-C-BORROW-INV-NET-POSITI,REQUIRED,Structural curriculum grouping,High
Q-M-SIMPLE-C-BORROW-INV-NET-POSITI,Q-A-BORROW-INVEST-SP,REQUIRED,Structure instantiates the concept,High
Q-A-BORROW-INVEST-SP,Q-V-BORROW-INVES-T0,REQUIRED,Trap annotation,High
Q-A-BORROW-INVEST-SP,Q-V-BORROW-INVES-M,REQUIRED,Method annotation,High
Q-T-SIMPLE-COMPOUN,Q-S-SIMPLE-COM-CI-AMOUNT-RA,REQUIRED,Structural curriculum grouping,High
Q-S-SIMPLE-COM-CI-AMOUNT-RA,Q-M-SIMPLE-C-CI-AMOUNT--CI-GROWTH,REQUIRED,Structural curriculum grouping,High
Q-M-SIMPLE-C-CI-AMOUNT--CI-GROWTH,Q-A-CI-AMOUNT-RATE-T,REQUIRED,Structure instantiates the concept,High
Q-A-CI-AMOUNT-RATE-T,Q-V-CI-AMOUNT-RA-T0,REQUIRED,Trap annotation,High
Q-A-CI-AMOUNT-RATE-T,Q-V-CI-AMOUNT-RA-M,REQUIRED,Method annotation,High
Q-T-SIMPLE-COMPOUN,Q-S-SIMPLE-COM-CAPITAL-SI-P,REQUIRED,Structural curriculum grouping,High
Q-S-SIMPLE-COM-CAPITAL-SI-P,Q-M-SIMPLE-C-CAPITAL-SI-SHARE-ON-C,REQUIRED,Structural curriculum grouping,High
Q-M-SIMPLE-C-CAPITAL-SI-SHARE-ON-C,Q-A-CAPITAL-SI-PROFI,REQUIRED,Structure instantiates the concept,High
Q-A-CAPITAL-SI-PROFI,Q-V-CAPITAL-SI-P-T0,REQUIRED,Trap annotation,High
Q-A-CAPITAL-SI-PROFI,Q-V-CAPITAL-SI-P-M,REQUIRED,Method annotation,High
Q-T-SIMPLE-COMPOUN,Q-S-SIMPLE-COM-DEPOSIT-INVE,REQUIRED,Structural curriculum grouping,High
Q-S-SIMPLE-COM-DEPOSIT-INVE,Q-M-SIMPLE-C-DEPOSIT-IN-RATE-ARBIT,REQUIRED,Structural curriculum grouping,High
Q-M-SIMPLE-C-DEPOSIT-IN-RATE-ARBIT,Q-A-DEPOSIT-INVEST-S,REQUIRED,Structure instantiates the concept,High
Q-A-DEPOSIT-INVEST-S,Q-V-DEPOSIT-INVE-T0,REQUIRED,Trap annotation,High
Q-A-DEPOSIT-INVEST-S,Q-V-DEPOSIT-INVE-M,REQUIRED,Method annotation,High
Q-T-SIMPLE-COMPOUN,Q-S-SIMPLE-COM-DIRECT-SI-UN,REQUIRED,Structural curriculum grouping,High
Q-S-SIMPLE-COM-DIRECT-SI-UN,Q-M-SIMPLE-C-DIRECT-SI--SI-PRT-100,REQUIRED,Structural curriculum grouping,High
Q-M-SIMPLE-C-DIRECT-SI--SI-PRT-100,Q-A-DIRECT-SI-UNKNOW,REQUIRED,Structure instantiates the concept,High
Q-A-DIRECT-SI-UNKNOW,Q-V-DIRECT-SI-UN-T0,REQUIRED,Trap annotation,High
Q-A-DIRECT-SI-UNKNOW,Q-V-DIRECT-SI-UN-M,REQUIRED,Method annotation,High
Q-T-SIMPLE-COMPOUN,Q-S-SIMPLE-COM-DIRECT-SI-UN-2,REQUIRED,Structural curriculum grouping,High
Q-S-SIMPLE-COM-DIRECT-SI-UN-2,Q-M-SIMPLE-C-DIRECT-SI--SINGLE-POI,REQUIRED,Structural curriculum grouping,High
Q-M-SIMPLE-C-DIRECT-SI--SINGLE-POI,Q-A-DIRECT-SI-UNKNOW-2,REQUIRED,Structure instantiates the concept,High
Q-A-DIRECT-SI-UNKNOW-2,Q-V-DIRECT-SI-UN-T0-2,REQUIRED,Trap annotation,High
Q-A-DIRECT-SI-UNKNOW-2,Q-V-DIRECT-SI-UN-M-2,REQUIRED,Method annotation,High
Q-T-SIMPLE-COMPOUN,Q-S-SIMPLE-COM-EARLY-SETTLE,REQUIRED,Structural curriculum grouping,High
Q-S-SIMPLE-COM-EARLY-SETTLE,Q-M-SIMPLE-C-EARLY-SETT-DISCOUNT-O,REQUIRED,Structural curriculum grouping,High
Q-M-SIMPLE-C-EARLY-SETT-DISCOUNT-O,Q-A-EARLY-SETTLEMENT,REQUIRED,Structure instantiates the concept,High
Q-A-EARLY-SETTLEMENT,Q-V-EARLY-SETTLE-T0,REQUIRED,Trap annotation,High
Q-A-EARLY-SETTLEMENT,Q-V-EARLY-SETTLE-M,REQUIRED,Method annotation,High
Q-T-SIMPLE-COMPOUN,Q-S-SIMPLE-COM-EQUIVALENT-I,REQUIRED,Structural curriculum grouping,High
Q-S-SIMPLE-COM-EQUIVALENT-I,Q-M-SIMPLE-C-EQUIVALENT-TWO-SCENAR,REQUIRED,Structural curriculum grouping,High
Q-M-SIMPLE-C-EQUIVALENT-TWO-SCENAR,Q-A-EQUIVALENT-INTER,REQUIRED,Structure instantiates the concept,High
Q-A-EQUIVALENT-INTER,Q-V-EQUIVALENT-I-T0,REQUIRED,Trap annotation,High
Q-A-EQUIVALENT-INTER,Q-V-EQUIVALENT-I-M,REQUIRED,Method annotation,High
Q-T-SIMPLE-COMPOUN,Q-S-SIMPLE-COM-GENERAL-INTE,REQUIRED,Structural curriculum grouping,High
Q-S-SIMPLE-COM-GENERAL-INTE,Q-M-SIMPLE-C-GENERAL-IN-SI-CI-RELA,REQUIRED,Structural curriculum grouping,High
Q-M-SIMPLE-C-GENERAL-IN-SI-CI-RELA,Q-A-GENERAL-INTEREST,REQUIRED,Structure instantiates the concept,High
Q-A-GENERAL-INTEREST,Q-V-GENERAL-INTE-T0,REQUIRED,Trap annotation,High
Q-A-GENERAL-INTEREST,Q-V-GENERAL-INTE-M,REQUIRED,Method annotation,High
Q-T-SIMPLE-COMPOUN,Q-S-SIMPLE-COM-INTEREST-ON-,REQUIRED,Structural curriculum grouping,High
Q-S-SIMPLE-COM-INTEREST-ON-,Q-M-SIMPLE-C-INTEREST-O-SI-REINVES,REQUIRED,Structural curriculum grouping,High
Q-M-SIMPLE-C-INTEREST-O-SI-REINVES,Q-A-INTEREST-ON-INTE,REQUIRED,Structure instantiates the concept,High
Q-A-INTEREST-ON-INTE,Q-V-INTEREST-ON--T0,REQUIRED,Trap annotation,High
Q-A-INTEREST-ON-INTE,Q-V-INTEREST-ON--M,REQUIRED,Method annotation,High
Q-T-SIMPLE-COMPOUN,Q-S-SIMPLE-COM-RATE-GAP-TO-,REQUIRED,Structural curriculum grouping,High
Q-S-SIMPLE-COM-RATE-GAP-TO-,Q-M-SIMPLE-C-RATE-GAP-T-DELTA-R-FO,REQUIRED,Structural curriculum grouping,High
Q-M-SIMPLE-C-RATE-GAP-T-DELTA-R-FO,Q-A-RATE-GAP-TO-INTE,REQUIRED,Structure instantiates the concept,High
Q-A-RATE-GAP-TO-INTE,Q-V-RATE-GAP-TO--T0,REQUIRED,Trap annotation,High
Q-A-RATE-GAP-TO-INTE,Q-V-RATE-GAP-TO--M,REQUIRED,Method annotation,High
Q-T-SIMPLE-COMPOUN,Q-S-SIMPLE-COM-RATE-SCALED-,REQUIRED,Structural curriculum grouping,High
Q-S-SIMPLE-COM-RATE-SCALED-,Q-M-SIMPLE-C-RATE-SCALE-RATE-MULTI,REQUIRED,Structural curriculum grouping,High
Q-M-SIMPLE-C-RATE-SCALE-RATE-MULTI,Q-A-RATE-SCALED-RECO,REQUIRED,Structure instantiates the concept,High
Q-A-RATE-SCALED-RECO,Q-V-RATE-SCALED--T0,REQUIRED,Trap annotation,High
Q-A-RATE-SCALED-RECO,Q-V-RATE-SCALED--M,REQUIRED,Method annotation,High
Q-T-SIMPLE-COMPOUN,Q-S-SIMPLE-COM-SI-AS-FRACTI,REQUIRED,Structural curriculum grouping,High
Q-S-SIMPLE-COM-SI-AS-FRACTI,Q-M-SIMPLE-C-SI-AS-FRAC-SIP-RELATI,REQUIRED,Structural curriculum grouping,High
Q-M-SIMPLE-C-SI-AS-FRAC-SIP-RELATI,Q-A-SI-AS-FRACTION-O,REQUIRED,Structure instantiates the concept,High
Q-A-SI-AS-FRACTION-O,Q-V-SI-AS-FRACTI-T0,REQUIRED,Trap annotation,High
Q-A-SI-AS-FRACTION-O,Q-V-SI-AS-FRACTI-M,REQUIRED,Method annotation,High
Q-T-SIMPLE-COMPOUN,Q-S-SIMPLE-COM-SUM-SPLIT-AT,REQUIRED,Structural curriculum grouping,High
Q-S-SIMPLE-COM-SUM-SPLIT-AT,Q-M-SIMPLE-C-SUM-SPLIT--SPLIT-PRIN,REQUIRED,Structural curriculum grouping,High
Q-M-SIMPLE-C-SUM-SPLIT--SPLIT-PRIN,Q-A-SUM-SPLIT-AT-TWO,REQUIRED,Structure instantiates the concept,High
Q-A-SUM-SPLIT-AT-TWO,Q-V-SUM-SPLIT-AT-T0,REQUIRED,Trap annotation,High
Q-A-SUM-SPLIT-AT-TWO,Q-V-SUM-SPLIT-AT-M,REQUIRED,Method annotation,High
Q-T-SIMPLE-COMPOUN,Q-S-SIMPLE-COM-TWO-AMOUNTS-,REQUIRED,Structural curriculum grouping,High
Q-S-SIMPLE-COM-TWO-AMOUNTS-,Q-M-SIMPLE-C-TWO-AMOUNT-SI-TWO-POI,REQUIRED,Structural curriculum grouping,High
Q-M-SIMPLE-C-TWO-AMOUNT-SI-TWO-POI,Q-A-TWO-AMOUNTS-TWO-,REQUIRED,Structure instantiates the concept,High
Q-A-TWO-AMOUNTS-TWO-,Q-V-TWO-AMOUNTS--T0,REQUIRED,Trap annotation,High
Q-A-TWO-AMOUNTS-TWO-,Q-V-TWO-AMOUNTS--M,REQUIRED,Method annotation,High
Q-T-SIMPLIFICATION,Q-S-SIMPLIFICA-BRACKET,REQUIRED,Structural curriculum grouping,High
Q-S-SIMPLIFICA-BRACKET,Q-M-SIMPLIFI-BRACKET-INNERMOST-,REQUIRED,Structural curriculum grouping,High
Q-M-SIMPLIFI-BRACKET-INNERMOST-,Q-A-BRACKET-BODMAS-S,REQUIRED,Structure instantiates the concept,High
Q-A-BRACKET-BODMAS-S,Q-V-BRACKET-BODM-T0,REQUIRED,Trap annotation,High
Q-A-BRACKET-BODMAS-S,Q-V-BRACKET-BODM-M,REQUIRED,Method annotation,High
Q-T-SIMPLIFICATION,Q-S-SIMPLIFICA-COMPARE-ORDE,REQUIRED,Structural curriculum grouping,High
Q-S-SIMPLIFICA-COMPARE-ORDE,Q-M-SIMPLIFI-COMPARE-OR-CROSS-MULT,REQUIRED,Structural curriculum grouping,High
Q-M-SIMPLIFI-COMPARE-OR-CROSS-MULT,Q-A-COMPARE-ORDER-FR,REQUIRED,Structure instantiates the concept,High
Q-A-COMPARE-ORDER-FR,Q-V-COMPARE-ORDE-T0,REQUIRED,Trap annotation,High
Q-A-COMPARE-ORDER-FR,Q-V-COMPARE-ORDE-M,REQUIRED,Method annotation,High
Q-T-SIMPLIFICATION,Q-S-SIMPLIFICA-DECIMAL-ROUN,REQUIRED,Structural curriculum grouping,High
Q-S-SIMPLIFICA-DECIMAL-ROUN,Q-M-SIMPLIFI-DECIMAL-RO-PLACE-VALU,REQUIRED,Structural curriculum grouping,High
Q-M-SIMPLIFI-DECIMAL-RO-PLACE-VALU,Q-A-DECIMAL-ROUNDING,REQUIRED,Structure instantiates the concept,High
Q-A-DECIMAL-ROUNDING,Q-V-DECIMAL-ROUN-T0,REQUIRED,Trap annotation,High
Q-A-DECIMAL-ROUNDING,Q-V-DECIMAL-ROUN-M,REQUIRED,Method annotation,High
Q-T-TIME-WORK,Q-S-TIME-WORK-ALTERNATE-DA,REQUIRED,Structural curriculum grouping,High
Q-S-TIME-WORK-ALTERNATE-DA,Q-M-TIME-WOR-ALTERNATE--A-B-ALTERN,REQUIRED,Structural curriculum grouping,High
Q-M-TIME-WOR-ALTERNATE--A-B-ALTERN,Q-A-ALTERNATE-DAY-WO,REQUIRED,Structure instantiates the concept,High
Q-A-ALTERNATE-DAY-WO,Q-V-ALTERNATE-DA-T0,REQUIRED,Trap annotation,High
Q-A-ALTERNATE-DAY-WO,Q-V-ALTERNATE-DA-M,REQUIRED,Method annotation,High
Q-T-TIME-WORK,Q-S-TIME-WORK-COMBINED-WOR,REQUIRED,Structural curriculum grouping,High
Q-S-TIME-WORK-COMBINED-WOR,Q-M-TIME-WOR-COMBINED-W-HARMONIC-C,REQUIRED,Structural curriculum grouping,High
Q-M-TIME-WOR-COMBINED-W-HARMONIC-C,Q-A-COMBINED-WORK-IN,REQUIRED,Structure instantiates the concept,High
Q-A-COMBINED-WORK-IN,Q-V-COMBINED-WOR-T0,REQUIRED,Trap annotation,High
Q-A-COMBINED-WORK-IN,Q-V-COMBINED-WOR-M,REQUIRED,Method annotation,High
Q-T-TIME-WORK,Q-S-TIME-WORK-EFFICIENCY-R,REQUIRED,Structural curriculum grouping,High
Q-S-TIME-WORK-EFFICIENCY-R,Q-M-TIME-WOR-EFFICIENCY-EFFICIENCY,REQUIRED,Structural curriculum grouping,High
Q-M-TIME-WOR-EFFICIENCY-EFFICIENCY,Q-A-EFFICIENCY-RATIO,REQUIRED,Structure instantiates the concept,High
Q-A-EFFICIENCY-RATIO,Q-V-EFFICIENCY-R-T0,REQUIRED,Trap annotation,High
Q-A-EFFICIENCY-RATIO,Q-V-EFFICIENCY-R-M,REQUIRED,Method annotation,High
Q-T-TIME-WORK,Q-S-TIME-WORK-FRACTIONAL-W,REQUIRED,Structural curriculum grouping,High
Q-S-TIME-WORK-FRACTIONAL-W,Q-M-TIME-WOR-FRACTIONAL-MAN-DAYS-R,REQUIRED,Structural curriculum grouping,High
Q-M-TIME-WOR-FRACTIONAL-MAN-DAYS-R,Q-A-FRACTIONAL-WORK-,REQUIRED,Structure instantiates the concept,High
Q-A-FRACTIONAL-WORK-,Q-V-FRACTIONAL-W-T0,REQUIRED,Trap annotation,High
Q-A-FRACTIONAL-WORK-,Q-V-FRACTIONAL-W-M,REQUIRED,Method annotation,High
Q-T-TIME-WORK,Q-S-TIME-WORK-GENERAL-WORK,REQUIRED,Structural curriculum grouping,High
Q-S-TIME-WORK-GENERAL-WORK,Q-M-TIME-WOR-GENERAL-WO-RATE-TIME,REQUIRED,Structural curriculum grouping,High
Q-M-TIME-WOR-GENERAL-WO-RATE-TIME,Q-A-GENERAL-WORK-COM,REQUIRED,Structure instantiates the concept,High
Q-A-GENERAL-WORK-COM,Q-V-GENERAL-WORK-T0,REQUIRED,Trap annotation,High
Q-A-GENERAL-WORK-COM,Q-V-GENERAL-WORK-M,REQUIRED,Method annotation,High
Q-T-TIME-WORK,Q-S-TIME-WORK-MENWOMENBOYS,REQUIRED,Structural curriculum grouping,High
Q-S-TIME-WORK-MENWOMENBOYS,Q-M-TIME-WOR-MENWOMENBO-GROUP-EFFI,REQUIRED,Structural curriculum grouping,High
Q-M-TIME-WOR-MENWOMENBO-GROUP-EFFI,Q-A-MENWOMENBOYS-EQU,REQUIRED,Structure instantiates the concept,High
Q-A-MENWOMENBOYS-EQU,Q-V-MENWOMENBOYS-T0,REQUIRED,Trap annotation,High
Q-A-MENWOMENBOYS-EQU,Q-V-MENWOMENBOYS-M,REQUIRED,Method annotation,High
Q-T-TIME-WORK,Q-S-TIME-WORK-PARTIAL-DAYS,REQUIRED,Structural curriculum grouping,High
Q-S-TIME-WORK-PARTIAL-DAYS,Q-M-TIME-WOR-PARTIAL-DA-RATE-X-DAY,REQUIRED,Structural curriculum grouping,High
Q-M-TIME-WOR-PARTIAL-DA-RATE-X-DAY,Q-A-PARTIAL-DAYS-TEA,REQUIRED,Structure instantiates the concept,High
Q-A-PARTIAL-DAYS-TEA,Q-V-PARTIAL-DAYS-T0,REQUIRED,Trap annotation,High
Q-A-PARTIAL-DAYS-TEA,Q-V-PARTIAL-DAYS-M,REQUIRED,Method annotation,High
Q-T-TIME-WORK,Q-S-TIME-WORK-PARTNER-LEAV,REQUIRED,Structural curriculum grouping,High
Q-S-TIME-WORK-PARTNER-LEAV,Q-M-TIME-WOR-PARTNER-LE-MID-WAY-EX,REQUIRED,Structural curriculum grouping,High
Q-M-TIME-WOR-PARTNER-LE-MID-WAY-EX,Q-A-PARTNER-LEAVES-W,REQUIRED,Structure instantiates the concept,High
Q-A-PARTNER-LEAVES-W,Q-V-PARTNER-LEAV-T0,REQUIRED,Trap annotation,High
Q-A-PARTNER-LEAVES-W,Q-V-PARTNER-LEAV-M,REQUIRED,Method annotation,High
Q-T-TIME-WORK,Q-S-TIME-WORK-PERIODIC-ASS,REQUIRED,Structural curriculum grouping,High
Q-S-TIME-WORK-PERIODIC-ASS,Q-M-TIME-WOR-PERIODIC-A-CYCLE-OUTP,REQUIRED,Structural curriculum grouping,High
Q-M-TIME-WOR-PERIODIC-A-CYCLE-OUTP,Q-A-PERIODIC-ASSISTA,REQUIRED,Structure instantiates the concept,High
Q-A-PERIODIC-ASSISTA,Q-V-PERIODIC-ASS-T0,REQUIRED,Trap annotation,High
Q-A-PERIODIC-ASSISTA,Q-V-PERIODIC-ASS-M,REQUIRED,Method annotation,High
Q-T-TIME-WORK,Q-S-TIME-WORK-PIPES-FILL-E,REQUIRED,Structural curriculum grouping,High
Q-S-TIME-WORK-PIPES-FILL-E,Q-M-TIME-WOR-PIPES-FILL-INLET-OUTL,REQUIRED,Structural curriculum grouping,High
Q-M-TIME-WOR-PIPES-FILL-INLET-OUTL,Q-A-PIPES-FILL-EMPTY,REQUIRED,Structure instantiates the concept,High
Q-A-PIPES-FILL-EMPTY,Q-V-PIPES-FILL-E-T0,REQUIRED,Trap annotation,High
Q-A-PIPES-FILL-EMPTY,Q-V-PIPES-FILL-E-M,REQUIRED,Method annotation,High
Q-T-TIME-WORK,Q-S-TIME-WORK-SHRINKING-EX,REQUIRED,Structural curriculum grouping,High
Q-S-TIME-WORK-SHRINKING-EX,Q-M-TIME-WOR-SHRINKING--DAILY-DROP,REQUIRED,Structural curriculum grouping,High
Q-M-TIME-WOR-SHRINKING--DAILY-DROP,Q-A-SHRINKING-EXPAND,REQUIRED,Structure instantiates the concept,High
Q-A-SHRINKING-EXPAND,Q-V-SHRINKING-EX-T0,REQUIRED,Trap annotation,High
Q-A-SHRINKING-EXPAND,Q-V-SHRINKING-EX-M,REQUIRED,Method annotation,High
Q-T-TIME-WORK,Q-S-TIME-WORK-THREE-WORKER,REQUIRED,Structural curriculum grouping,High
Q-S-TIME-WORK-THREE-WORKER,Q-M-TIME-WOR-THREE-WORK-COMBINED-R,REQUIRED,Structural curriculum grouping,High
Q-M-TIME-WOR-THREE-WORK-COMBINED-R,Q-A-THREE-WORKER-TEA,REQUIRED,Structure instantiates the concept,High
Q-A-THREE-WORKER-TEA,Q-V-THREE-WORKER-T0,REQUIRED,Trap annotation,High
Q-A-THREE-WORKER-TEA,Q-V-THREE-WORKER-M,REQUIRED,Method annotation,High
Q-T-TIME-WORK,Q-S-TIME-WORK-WAGE-SHARING,REQUIRED,Structural curriculum grouping,High
Q-S-TIME-WORK-WAGE-SHARING,Q-M-TIME-WOR-WAGE-SHARI-PAY-WORK-S,REQUIRED,Structural curriculum grouping,High
Q-M-TIME-WOR-WAGE-SHARI-PAY-WORK-S,Q-A-WAGE-SHARING-BY-,REQUIRED,Structure instantiates the concept,High
Q-A-WAGE-SHARING-BY-,Q-V-WAGE-SHARING-T0,REQUIRED,Trap annotation,High
Q-A-WAGE-SHARING-BY-,Q-V-WAGE-SHARING-M,REQUIRED,Method annotation,High
Q-T-TIME-WORK,Q-S-TIME-WORK-WORKFORCE-CU,REQUIRED,Structural curriculum grouping,High
Q-S-TIME-WORK-WORKFORCE-CU,Q-M-TIME-WOR-WORKFORCE--DONE-REST-,REQUIRED,Structural curriculum grouping,High
Q-M-TIME-WOR-WORKFORCE--DONE-REST-,Q-A-WORKFORCE-CUT-MI,REQUIRED,Structure instantiates the concept,High
Q-A-WORKFORCE-CUT-MI,Q-V-WORKFORCE-CU-T0,REQUIRED,Trap annotation,High
Q-A-WORKFORCE-CUT-MI,Q-V-WORKFORCE-CU-M,REQUIRED,Method annotation,High
Q-T-TIME-SPEED-DIS,Q-S-TIME-SPEED-AVERAGE-SPEE,REQUIRED,Structural curriculum grouping,High
Q-S-TIME-SPEED-AVERAGE-SPEE,Q-M-TIME-SPE-AVERAGE-SP-HARMONIC-N,REQUIRED,Structural curriculum grouping,High
Q-M-TIME-SPE-AVERAGE-SP-HARMONIC-N,Q-A-AVERAGE-SPEED-MU,REQUIRED,Structure instantiates the concept,High
Q-A-AVERAGE-SPEED-MU,Q-V-AVERAGE-SPEE-T0,REQUIRED,Trap annotation,High
Q-A-AVERAGE-SPEED-MU,Q-V-AVERAGE-SPEE-M,REQUIRED,Method annotation,High
Q-T-TIME-SPEED-DIS,Q-S-TIME-SPEED-BOAT-UPSTREA,REQUIRED,Structural curriculum grouping,High
Q-S-TIME-SPEED-BOAT-UPSTREA,Q-M-TIME-SPE-BOAT-UPSTR-STILL-CURR,REQUIRED,Structural curriculum grouping,High
Q-M-TIME-SPE-BOAT-UPSTR-STILL-CURR,Q-A-BOAT-UPSTREAMDOW,REQUIRED,Structure instantiates the concept,High
Q-A-BOAT-UPSTREAMDOW,Q-V-BOAT-UPSTREA-T0,REQUIRED,Trap annotation,High
Q-A-BOAT-UPSTREAMDOW,Q-V-BOAT-UPSTREA-M,REQUIRED,Method annotation,High
Q-T-TIME-SPEED-DIS,Q-S-TIME-SPEED-CIRCULAR-TRA,REQUIRED,Structural curriculum grouping,High
Q-S-TIME-SPEED-CIRCULAR-TRA,Q-M-TIME-SPE-CIRCULAR-T-RELATIVE-S,REQUIRED,Structural curriculum grouping,High
Q-M-TIME-SPE-CIRCULAR-T-RELATIVE-S,Q-A-CIRCULAR-TRACK-M,REQUIRED,Structure instantiates the concept,High
Q-A-CIRCULAR-TRACK-M,Q-V-CIRCULAR-TRA-T0,REQUIRED,Trap annotation,High
Q-A-CIRCULAR-TRACK-M,Q-V-CIRCULAR-TRA-M,REQUIRED,Method annotation,High
Q-T-TIME-SPEED-DIS,Q-S-TIME-SPEED-DELAYED-STAR,REQUIRED,Structural curriculum grouping,High
Q-S-TIME-SPEED-DELAYED-STAR,Q-M-TIME-SPE-DELAYED-ST-HEAD-START,REQUIRED,Structural curriculum grouping,High
Q-M-TIME-SPE-DELAYED-ST-HEAD-START,Q-A-DELAYED-START-CH,REQUIRED,Structure instantiates the concept,High
Q-A-DELAYED-START-CH,Q-V-DELAYED-STAR-T0,REQUIRED,Trap annotation,High
Q-A-DELAYED-START-CH,Q-V-DELAYED-STAR-M,REQUIRED,Method annotation,High
Q-T-TIME-SPEED-DIS,Q-S-TIME-SPEED-EARLY-LATE-A,REQUIRED,Structural curriculum grouping,High
Q-S-TIME-SPEED-EARLY-LATE-A,Q-M-TIME-SPE-EARLY-LATE-TIME-GAP-E,REQUIRED,Structural curriculum grouping,High
Q-M-TIME-SPE-EARLY-LATE-TIME-GAP-E,Q-A-EARLY-LATE-ARRIV,REQUIRED,Structure instantiates the concept,High
Q-A-EARLY-LATE-ARRIV,Q-V-EARLY-LATE-A-T0,REQUIRED,Trap annotation,High
Q-A-EARLY-LATE-ARRIV,Q-V-EARLY-LATE-A-M,REQUIRED,Method annotation,High
Q-T-TIME-SPEED-DIS,Q-S-TIME-SPEED-FRACTION-OF-,REQUIRED,Structural curriculum grouping,High
Q-S-TIME-SPEED-FRACTION-OF-,Q-M-TIME-SPE-FRACTION-O-ELAPSED-VS,REQUIRED,Structural curriculum grouping,High
Q-M-TIME-SPE-FRACTION-O-ELAPSED-VS,Q-A-FRACTION-OF-JOUR,REQUIRED,Structure instantiates the concept,High
Q-A-FRACTION-OF-JOUR,Q-V-FRACTION-OF--T0,REQUIRED,Trap annotation,High
Q-A-FRACTION-OF-JOUR,Q-V-FRACTION-OF--M,REQUIRED,Method annotation,High
Q-T-TIME-SPEED-DIS,Q-S-TIME-SPEED-GENERAL-SPEE,REQUIRED,Structural curriculum grouping,High
Q-S-TIME-SPEED-GENERAL-SPEE,Q-M-TIME-SPE-GENERAL-SP-V-D-T,REQUIRED,Structural curriculum grouping,High
Q-M-TIME-SPE-GENERAL-SP-V-D-T,Q-A-GENERAL-SPEEDDIS,REQUIRED,Structure instantiates the concept,High
Q-A-GENERAL-SPEEDDIS,Q-V-GENERAL-SPEE-T0,REQUIRED,Trap annotation,High
Q-A-GENERAL-SPEEDDIS,Q-V-GENERAL-SPEE-M,REQUIRED,Method annotation,High
Q-T-TIME-SPEED-DIS,Q-S-TIME-SPEED-RACE-HEAD-ST,REQUIRED,Structural curriculum grouping,High
Q-S-TIME-SPEED-RACE-HEAD-ST,Q-M-TIME-SPE-RACE-HEAD--EFFECTIVE-,REQUIRED,Structural curriculum grouping,High
Q-M-TIME-SPE-RACE-HEAD--EFFECTIVE-,Q-A-RACE-HEAD-START-,REQUIRED,Structure instantiates the concept,High
Q-A-RACE-HEAD-START-,Q-V-RACE-HEAD-ST-T0,REQUIRED,Trap annotation,High
Q-A-RACE-HEAD-START-,Q-V-RACE-HEAD-ST-M,REQUIRED,Method annotation,High
Q-T-TIME-SPEED-DIS,Q-S-TIME-SPEED-REQUIRED-SPE,REQUIRED,Structural curriculum grouping,High
Q-S-TIME-SPEED-REQUIRED-SPE,Q-M-TIME-SPE-REQUIRED-S-V-D-T,REQUIRED,Structural curriculum grouping,High
Q-M-TIME-SPE-REQUIRED-S-V-D-T,Q-A-REQUIRED-SPEED-F,REQUIRED,Structure instantiates the concept,High
Q-A-REQUIRED-SPEED-F,Q-V-REQUIRED-SPE-T0,REQUIRED,Trap annotation,High
Q-A-REQUIRED-SPEED-F,Q-V-REQUIRED-SPE-M,REQUIRED,Method annotation,High
Q-T-TIME-SPEED-DIS,Q-S-TIME-SPEED-SPEED-RATIO-,REQUIRED,Structural curriculum grouping,High
Q-S-TIME-SPEED-SPEED-RATIO-,Q-M-TIME-SPE-SPEED-RATI-RATIO-SCAL,REQUIRED,Structural curriculum grouping,High
Q-M-TIME-SPE-SPEED-RATI-RATIO-SCAL,Q-A-SPEED-RATIO-WITH,REQUIRED,Structure instantiates the concept,High
Q-A-SPEED-RATIO-WITH,Q-V-SPEED-RATIO--T0,REQUIRED,Trap annotation,High
Q-A-SPEED-RATIO-WITH,Q-V-SPEED-RATIO--M,REQUIRED,Method annotation,High
Q-T-TIME-SPEED-DIS,Q-S-TIME-SPEED-TO-AND-FRO-M,REQUIRED,Structural curriculum grouping,High
Q-S-TIME-SPEED-TO-AND-FRO-M,Q-M-TIME-SPE-TO-AND-FRO-COMBINED-D,REQUIRED,Structural curriculum grouping,High
Q-M-TIME-SPE-TO-AND-FRO-COMBINED-D,Q-A-TO-AND-FRO-MEETI,REQUIRED,Structure instantiates the concept,High
Q-A-TO-AND-FRO-MEETI,Q-V-TO-AND-FRO-M-T0,REQUIRED,Trap annotation,High
Q-A-TO-AND-FRO-MEETI,Q-V-TO-AND-FRO-M-M,REQUIRED,Method annotation,High
Q-T-TIME-SPEED-DIS,Q-S-TIME-SPEED-TRAIN-CROSSI,REQUIRED,Structural curriculum grouping,High
Q-S-TIME-SPEED-TRAIN-CROSSI,Q-M-TIME-SPE-TRAIN-CROS-LENGTHS-AD,REQUIRED,Structural curriculum grouping,High
Q-M-TIME-SPE-TRAIN-CROS-LENGTHS-AD,Q-A-TRAIN-CROSSING-P,REQUIRED,Structure instantiates the concept,High
Q-A-TRAIN-CROSSING-P,Q-V-TRAIN-CROSSI-T0,REQUIRED,Trap annotation,High
Q-A-TRAIN-CROSSING-P,Q-V-TRAIN-CROSSI-M,REQUIRED,Method annotation,High
Q-T-TIME-SPEED-DIS,Q-S-TIME-SPEED-TWO-BODY-MEE,REQUIRED,Structural curriculum grouping,High
Q-S-TIME-SPEED-TWO-BODY-MEE,Q-M-TIME-SPE-TWO-BODY-M-RELATIVE-S,REQUIRED,Structural curriculum grouping,High
Q-M-TIME-SPE-TWO-BODY-M-RELATIVE-S,Q-A-TWO-BODY-MEET-OV,REQUIRED,Structure instantiates the concept,High
Q-A-TWO-BODY-MEET-OV,Q-V-TWO-BODY-MEE-T0,REQUIRED,Trap annotation,High
Q-A-TWO-BODY-MEET-OV,Q-V-TWO-BODY-MEE-M,REQUIRED,Method annotation,High
Q-T-TIME-SPEED-DIS,Q-S-TIME-SPEED-UNIT-RATE-SC,REQUIRED,Structural curriculum grouping,High
Q-S-TIME-SPEED-UNIT-RATE-SC,Q-M-TIME-SPE-UNIT-RATE--D-V-X-T,REQUIRED,Structural curriculum grouping,High
Q-M-TIME-SPE-UNIT-RATE--D-V-X-T,Q-A-UNIT-RATE-SCALIN,REQUIRED,Structure instantiates the concept,High
Q-A-UNIT-RATE-SCALIN,Q-V-UNIT-RATE-SC-T0,REQUIRED,Trap annotation,High
Q-A-UNIT-RATE-SCALIN,Q-V-UNIT-RATE-SC-M,REQUIRED,Method annotation,High
Q-T-TIME-SPEED-DIS,Q-S-TIME-SPEED-KM-H-TO-M-S-,REQUIRED,Structural curriculum grouping,High
Q-S-TIME-SPEED-KM-H-TO-M-S-,Q-M-TIME-SPE-KM-H-TO-M--X5-18,REQUIRED,Structural curriculum grouping,High
Q-M-TIME-SPE-KM-H-TO-M--X5-18,Q-A-KM-H-TO-M-S-CONV,REQUIRED,Structure instantiates the concept,High
Q-A-KM-H-TO-M-S-CONV,Q-V-KM-H-TO-M-S--T0,REQUIRED,Trap annotation,High
Q-A-KM-H-TO-M-S-CONV,Q-V-KM-H-TO-M-S--M,REQUIRED,Method annotation,High
Q-T-TRIGONOMETRY-H,Q-S-TRIGONOMET-ANGLE-WHERE-,REQUIRED,Structural curriculum grouping,High
Q-S-TRIGONOMET-ANGLE-WHERE-,Q-M-TRIGONOM-ANGLE-WHER-45-DEGREE-,REQUIRED,Structural curriculum grouping,High
Q-M-TRIGONOM-ANGLE-WHER-45-DEGREE-,Q-A-ANGLE-WHERE-SIN-,REQUIRED,Structure instantiates the concept,High
Q-A-ANGLE-WHERE-SIN-,Q-V-ANGLE-WHERE--T0,REQUIRED,Trap annotation,High
Q-A-ANGLE-WHERE-SIN-,Q-V-ANGLE-WHERE--M,REQUIRED,Method annotation,High
Q-T-TRIGONOMETRY-H,Q-S-TRIGONOMET-CO-TERMINAL-,REQUIRED,Structural curriculum grouping,High
Q-S-TRIGONOMET-CO-TERMINAL-,Q-M-TRIGONOM-CO-TERMINA-MOD-360-18,REQUIRED,Structural curriculum grouping,High
Q-M-TRIGONOM-CO-TERMINA-MOD-360-18,Q-A-CO-TERMINAL-ANGL,REQUIRED,Structure instantiates the concept,High
Q-A-CO-TERMINAL-ANGL,Q-V-CO-TERMINAL--T0,REQUIRED,Trap annotation,High
Q-A-CO-TERMINAL-ANGL,Q-V-CO-TERMINAL--M,REQUIRED,Method annotation,High
Q-T-TRIGONOMETRY-H,Q-S-TRIGONOMET-COMPLEMENTAR,REQUIRED,Structural curriculum grouping,High
Q-S-TRIGONOMET-COMPLEMENTAR,Q-M-TRIGONOM-COMPLEMENT-SIN-90-COS,REQUIRED,Structural curriculum grouping,High
Q-M-TRIGONOM-COMPLEMENT-SIN-90-COS,Q-A-COMPLEMENTARY-HO,REQUIRED,Structure instantiates the concept,High
Q-A-COMPLEMENTARY-HO,Q-V-COMPLEMENTAR-T0,REQUIRED,Trap annotation,High
Q-A-COMPLEMENTARY-HO,Q-V-COMPLEMENTAR-M,REQUIRED,Method annotation,High
Q-T-TRIGONOMETRY-H,Q-S-TRIGONOMET-COMPLEMENTAR-2,REQUIRED,Structural curriculum grouping,High
Q-S-TRIGONOMET-COMPLEMENTAR-2,Q-M-TRIGONOM-COMPLEMENT-SIN-COS-90,REQUIRED,Structural curriculum grouping,High
Q-M-TRIGONOM-COMPLEMENT-SIN-COS-90,Q-A-COMPLEMENTARY-EQ,REQUIRED,Structure instantiates the concept,High
Q-A-COMPLEMENTARY-EQ,Q-V-COMPLEMENTAR-T0-2,REQUIRED,Trap annotation,High
Q-A-COMPLEMENTARY-EQ,Q-V-COMPLEMENTAR-M-2,REQUIRED,Method annotation,High
Q-T-TRIGONOMETRY-H,Q-S-TRIGONOMET-DOUBLE-ANGLE,REQUIRED,Structural curriculum grouping,High
Q-S-TRIGONOMET-DOUBLE-ANGLE,Q-M-TRIGONOM-DOUBLE-ANG-COS2-1-SIN,REQUIRED,Structural curriculum grouping,High
Q-M-TRIGONOM-DOUBLE-ANG-COS2-1-SIN,Q-A-DOUBLE-ANGLE-CHA,REQUIRED,Structure instantiates the concept,High
Q-A-DOUBLE-ANGLE-CHA,Q-V-DOUBLE-ANGLE-T0,REQUIRED,Trap annotation,High
Q-A-DOUBLE-ANGLE-CHA,Q-V-DOUBLE-ANGLE-M,REQUIRED,Method annotation,High
Q-T-TRIGONOMETRY-H,Q-S-TRIGONOMET-GENERAL-TRIG,REQUIRED,Structural curriculum grouping,High
Q-S-TRIGONOMET-GENERAL-TRIG,Q-M-TRIGONOM-GENERAL-TR-IDENTITIES,REQUIRED,Structural curriculum grouping,High
Q-M-TRIGONOM-GENERAL-TR-IDENTITIES,Q-A-GENERAL-TRIG-COM,REQUIRED,Structure instantiates the concept,High
Q-A-GENERAL-TRIG-COM,Q-V-GENERAL-TRIG-T0,REQUIRED,Trap annotation,High
Q-A-GENERAL-TRIG-COM,Q-V-GENERAL-TRIG-M,REQUIRED,Method annotation,High
Q-T-TRIGONOMETRY-H,Q-S-TRIGONOMET-HEIGHTS-DIST,REQUIRED,Structural curriculum grouping,High
Q-S-TRIGONOMET-HEIGHTS-DIST,Q-M-TRIGONOM-HEIGHTS-DI-TAN-H-D,REQUIRED,Structural curriculum grouping,High
Q-M-TRIGONOM-HEIGHTS-DI-TAN-H-D,Q-A-HEIGHTS-DISTANCE,REQUIRED,Structure instantiates the concept,High
Q-A-HEIGHTS-DISTANCE,Q-V-HEIGHTS-DIST-T0,REQUIRED,Trap annotation,High
Q-A-HEIGHTS-DISTANCE,Q-V-HEIGHTS-DIST-M,REQUIRED,Method annotation,High
Q-T-TRIGONOMETRY-H,Q-S-TRIGONOMET-HOMOGENEOUS-,REQUIRED,Structural curriculum grouping,High
Q-S-TRIGONOMET-HOMOGENEOUS-,Q-M-TRIGONOM-HOMOGENEOU-DIVIDE-BY-,REQUIRED,Structural curriculum grouping,High
Q-M-TRIGONOM-HOMOGENEOU-DIVIDE-BY-,Q-A-HOMOGENEOUS-CUBI,REQUIRED,Structure instantiates the concept,High
Q-A-HOMOGENEOUS-CUBI,Q-V-HOMOGENEOUS--T0,REQUIRED,Trap annotation,High
Q-A-HOMOGENEOUS-CUBI,Q-V-HOMOGENEOUS--M,REQUIRED,Method annotation,High
Q-T-TRIGONOMETRY-H,Q-S-TRIGONOMET-SECANT-TANGE,REQUIRED,Structural curriculum grouping,High
Q-S-TRIGONOMET-SECANT-TANGE,Q-M-TRIGONOM-SECANT-TAN-EXTERNAL-S,REQUIRED,Structural curriculum grouping,High
Q-M-TRIGONOM-SECANT-TAN-EXTERNAL-S,Q-A-SECANT-TANGENT-P,REQUIRED,Structure instantiates the concept,High
Q-A-SECANT-TANGENT-P,Q-V-SECANT-TANGE-T0,REQUIRED,Trap annotation,High
Q-A-SECANT-TANGENT-P,Q-V-SECANT-TANGE-M,REQUIRED,Method annotation,High
Q-T-TRIGONOMETRY-H,Q-S-TRIGONOMET-SPHERICAL-CO,REQUIRED,Structural curriculum grouping,High
Q-S-TRIGONOMET-SPHERICAL-CO,Q-M-TRIGONOM-SPHERICAL--SUMS-TO-R-,REQUIRED,Structural curriculum grouping,High
Q-M-TRIGONOM-SPHERICAL--SUMS-TO-R-,Q-A-SPHERICAL-COORDI,REQUIRED,Structure instantiates the concept,High
Q-A-SPHERICAL-COORDI,Q-V-SPHERICAL-CO-T0,REQUIRED,Trap annotation,High
Q-A-SPHERICAL-COORDI,Q-V-SPHERICAL-CO-M,REQUIRED,Method annotation,High
Q-T-TRIGONOMETRY-H,Q-S-TRIGONOMET-STANDARD-VAL,REQUIRED,Structural curriculum grouping,High
Q-S-TRIGONOMET-STANDARD-VAL,Q-M-TRIGONOM-STANDARD-V-SEC2TAN2-1,REQUIRED,Structural curriculum grouping,High
Q-M-TRIGONOM-STANDARD-V-SEC2TAN2-1,Q-A-STANDARD-VALUE-S,REQUIRED,Structure instantiates the concept,High
Q-A-STANDARD-VALUE-S,Q-V-STANDARD-VAL-T0,REQUIRED,Trap annotation,High
Q-A-STANDARD-VALUE-S,Q-V-STANDARD-VAL-M,REQUIRED,Method annotation,High
Q-T-TRIGONOMETRY-H,Q-S-TRIGONOMET-TRIG-ORDERIN,REQUIRED,Structural curriculum grouping,High
Q-S-TRIGONOMET-TRIG-ORDERIN,Q-M-TRIGONOM-TRIG-ORDER-MONOTONIC-,REQUIRED,Structural curriculum grouping,High
Q-M-TRIGONOM-TRIG-ORDER-MONOTONIC-,Q-A-TRIG-ORDERING-BO,REQUIRED,Structure instantiates the concept,High
Q-A-TRIG-ORDERING-BO,Q-V-TRIG-ORDERIN-T0,REQUIRED,Trap annotation,High
Q-A-TRIG-ORDERING-BO,Q-V-TRIG-ORDERIN-M,REQUIRED,Method annotation,High
Q-T-TRIGONOMETRY-H,Q-S-TRIGONOMET-SEC-TAN-PAIR,REQUIRED,Structural curriculum grouping,High
Q-S-TRIGONOMET-SEC-TAN-PAIR,Q-M-TRIGONOM-SEC-TAN-PA-SEC2-TAN2-,REQUIRED,Structural curriculum grouping,High
Q-M-TRIGONOM-SEC-TAN-PA-SEC2-TAN2-,Q-A-SEC-TAN-PAIR-CON,REQUIRED,Structure instantiates the concept,High
Q-A-SEC-TAN-PAIR-CON,Q-V-SEC-TAN-PAIR-T0,REQUIRED,Trap annotation,High
Q-A-SEC-TAN-PAIR-CON,Q-V-SEC-TAN-PAIR-M,REQUIRED,Method annotation,High
Q-T-TRIGONOMETRY-H,Q-S-TRIGONOMET-TAN,REQUIRED,Structural curriculum grouping,High
Q-S-TRIGONOMET-TAN,Q-M-TRIGONOM-TAN-TAN-DIFFER,REQUIRED,Structural curriculum grouping,High
Q-M-TRIGONOM-TAN-TAN-DIFFER,Q-A-TAN-A-B-EXPANSIO,REQUIRED,Structure instantiates the concept,High
Q-A-TAN-A-B-EXPANSIO,Q-V-TAN-A-B-EXPA-T0,REQUIRED,Trap annotation,High
Q-A-TAN-A-B-EXPANSIO,Q-V-TAN-A-B-EXPA-M,REQUIRED,Method annotation,High
E-T-ACTIVE-PASSIVE,E-S-ACTIVE-PAS-GENERAL-VOIC,REQUIRED,Structural curriculum grouping,High
E-S-ACTIVE-PAS-GENERAL-VOIC,E-M-ACTIVE-P-GENERAL-VO-VOICE-TRAN,REQUIRED,Structural curriculum grouping,High
E-M-ACTIVE-P-GENERAL-VO-VOICE-TRAN,E-A-GENERAL-VOICE-CO,REQUIRED,Structure instantiates the concept,High
E-A-GENERAL-VOICE-CO,E-V-GENERAL-VOIC-T0,REQUIRED,Trap annotation,High
E-A-GENERAL-VOICE-CO,E-V-GENERAL-VOIC-M,REQUIRED,Method annotation,High
E-T-ACTIVE-PASSIVE,E-S-ACTIVE-PAS-INTERROGATIV,REQUIRED,Structural curriculum grouping,High
E-S-ACTIVE-PAS-INTERROGATIV,E-M-ACTIVE-P-INTERROGAT-QUESTION-S,REQUIRED,Structural curriculum grouping,High
E-M-ACTIVE-P-INTERROGAT-QUESTION-S,E-A-INTERROGATIVE-VO,REQUIRED,Structure instantiates the concept,High
E-A-INTERROGATIVE-VO,E-V-INTERROGATIV-T0,REQUIRED,Trap annotation,High
E-A-INTERROGATIVE-VO,E-V-INTERROGATIV-M,REQUIRED,Method annotation,High
E-T-ACTIVE-PASSIVE,E-S-ACTIVE-PAS-MODAL-FUTURE,REQUIRED,Structural curriculum grouping,High
E-S-ACTIVE-PAS-MODAL-FUTURE,E-M-ACTIVE-P-MODAL-FUTU-MODAL-BE-V,REQUIRED,Structural curriculum grouping,High
E-M-ACTIVE-P-MODAL-FUTU-MODAL-BE-V,E-A-MODAL-FUTURE-PAS,REQUIRED,Structure instantiates the concept,High
E-A-MODAL-FUTURE-PAS,E-V-MODAL-FUTURE-T0,REQUIRED,Trap annotation,High
E-A-MODAL-FUTURE-PAS,E-V-MODAL-FUTURE-M,REQUIRED,Method annotation,High
E-T-ACTIVE-PASSIVE,E-S-ACTIVE-PAS-PASSIVE-ACTI,REQUIRED,Structural curriculum grouping,High
E-S-ACTIVE-PAS-PASSIVE-ACTI,E-M-ACTIVE-P-PASSIVE-AC-AGENT-RECO,REQUIRED,Structural curriculum grouping,High
E-M-ACTIVE-P-PASSIVE-AC-AGENT-RECO,E-A-PASSIVE-ACTIVE,REQUIRED,Structure instantiates the concept,High
E-A-PASSIVE-ACTIVE,E-V-PASSIVE-ACTI-T0,REQUIRED,Trap annotation,High
E-A-PASSIVE-ACTIVE,E-V-PASSIVE-ACTI-M,REQUIRED,Method annotation,High
E-T-ACTIVE-PASSIVE,E-S-ACTIVE-PAS-PAST,REQUIRED,Structural curriculum grouping,High
E-S-ACTIVE-PAS-PAST,E-M-ACTIVE-P-PAST-WAS-WERE-V,REQUIRED,Structural curriculum grouping,High
E-M-ACTIVE-P-PAST-WAS-WERE-V,E-A-PAST-WAS-WERE-PA,REQUIRED,Structure instantiates the concept,High
E-A-PAST-WAS-WERE-PA,E-V-PAST-WAS-WER-T0,REQUIRED,Trap annotation,High
E-A-PAST-WAS-WERE-PA,E-V-PAST-WAS-WER-M,REQUIRED,Method annotation,High
E-T-ACTIVE-PASSIVE,E-S-ACTIVE-PAS-STANDARD-ACT,REQUIRED,Structural curriculum grouping,High
E-S-ACTIVE-PAS-STANDARD-ACT,E-M-ACTIVE-P-STANDARD-A-OBJECT-FRO,REQUIRED,Structural curriculum grouping,High
E-M-ACTIVE-P-STANDARD-A-OBJECT-FRO,E-A-STANDARD-ACTIVEP,REQUIRED,Structure instantiates the concept,High
E-A-STANDARD-ACTIVEP,E-V-STANDARD-ACT-T0,REQUIRED,Trap annotation,High
E-A-STANDARD-ACTIVEP,E-V-STANDARD-ACT-M,REQUIRED,Method annotation,High
E-T-ANTONYMS,E-S-ANTONYMS-ANTONYM,REQUIRED,Structural curriculum grouping,High
E-S-ANTONYMS-ANTONYM,E-M-ANTONYMS-ANTONYM-CONTEXTUAL,REQUIRED,Structural curriculum grouping,High
E-M-ANTONYMS-ANTONYM-CONTEXTUAL,E-A-ANTONYM-ISOLATED,REQUIRED,Structure instantiates the concept,High
E-A-ANTONYM-ISOLATED,E-V-ANTONYM-ISOL-T0,REQUIRED,Trap annotation,High
E-A-ANTONYM-ISOLATED,E-V-ANTONYM-ISOL-M,REQUIRED,Method annotation,High
E-T-ANTONYMS,E-S-ANTONYMS-GENERAL-ANTO,REQUIRED,Structural curriculum grouping,High
E-S-ANTONYMS-GENERAL-ANTO,E-M-ANTONYMS-GENERAL-AN-OPPOSITES,REQUIRED,Structural curriculum grouping,High
E-M-ANTONYMS-GENERAL-AN-OPPOSITES,E-A-GENERAL-ANTONYM-,REQUIRED,Structure instantiates the concept,High
E-A-GENERAL-ANTONYM-,E-V-GENERAL-ANTO-T0,REQUIRED,Trap annotation,High
E-A-GENERAL-ANTONYM-,E-V-GENERAL-ANTO-M,REQUIRED,Method annotation,High
E-T-ANTONYMS,E-S-ANTONYMS-ISOLATED-WOR,REQUIRED,Structural curriculum grouping,High
E-S-ANTONYMS-ISOLATED-WOR,E-M-ANTONYMS-ISOLATED-W-DIRECT-OPP,REQUIRED,Structural curriculum grouping,High
E-M-ANTONYMS-ISOLATED-W-DIRECT-OPP,E-A-ISOLATED-WORD-AN,REQUIRED,Structure instantiates the concept,High
E-A-ISOLATED-WORD-AN,E-V-ISOLATED-WOR-T0,REQUIRED,Trap annotation,High
E-A-ISOLATED-WORD-AN,E-V-ISOLATED-WOR-M,REQUIRED,Method annotation,High
E-T-CLOZE-PASSAGE,E-S-CLOZE-PASS-CLOZE-GRAMMA,REQUIRED,Structural curriculum grouping,High
E-S-CLOZE-PASS-CLOZE-GRAMMA,E-M-CLOZE-PA-CLOZE-GRAM-PASSAGE-CO,REQUIRED,Structural curriculum grouping,High
E-M-CLOZE-PA-CLOZE-GRAM-PASSAGE-CO,E-A-CLOZE-GRAMMAR-BL,REQUIRED,Structure instantiates the concept,High
E-A-CLOZE-GRAMMAR-BL,E-V-CLOZE-GRAMMA-T0,REQUIRED,Trap annotation,High
E-A-CLOZE-GRAMMAR-BL,E-V-CLOZE-GRAMMA-M,REQUIRED,Method annotation,High
E-M-CLOZE-PA-CLOZE-GRAM-PASSAGE-CO,E-A-CLOZE-GRAMMAR-BL-2,REQUIRED,Structure instantiates the concept,High
E-A-CLOZE-GRAMMAR-BL-2,E-V-CLOZE-GRAMMA-T0-2,REQUIRED,Trap annotation,High
E-A-CLOZE-GRAMMAR-BL-2,E-V-CLOZE-GRAMMA-M-2,REQUIRED,Method annotation,High
E-M-CLOZE-PA-CLOZE-GRAM-PASSAGE-CO,E-A-CLOZE-GRAMMAR-BL-3,REQUIRED,Structure instantiates the concept,High
E-A-CLOZE-GRAMMAR-BL-3,E-V-CLOZE-GRAMMA-T0-3,REQUIRED,Trap annotation,High
E-A-CLOZE-GRAMMAR-BL-3,E-V-CLOZE-GRAMMA-M-3,REQUIRED,Method annotation,High
E-T-CLOZE-PASSAGE,E-S-CLOZE-PASS-CLOZE-VOCABU,REQUIRED,Structural curriculum grouping,High
E-S-CLOZE-PASS-CLOZE-VOCABU,E-M-CLOZE-PA-CLOZE-VOCA-PASSAGE-CO,REQUIRED,Structural curriculum grouping,High
E-M-CLOZE-PA-CLOZE-VOCA-PASSAGE-CO,E-A-CLOZE-VOCABULARY,REQUIRED,Structure instantiates the concept,High
E-A-CLOZE-VOCABULARY,E-V-CLOZE-VOCABU-T0,REQUIRED,Trap annotation,High
E-A-CLOZE-VOCABULARY,E-V-CLOZE-VOCABU-M,REQUIRED,Method annotation,High
E-T-DIRECT-INDIREC,E-S-DIRECT-IND-REPORTED-EXC,REQUIRED,Structural curriculum grouping,High
E-S-DIRECT-IND-REPORTED-EXC,E-M-DIRECT-I-REPORTED-E-EXCLAIMED-,REQUIRED,Structural curriculum grouping,High
E-M-DIRECT-I-REPORTED-E-EXCLAIMED-,E-A-REPORTED-EXCLAMA,REQUIRED,Structure instantiates the concept,High
E-A-REPORTED-EXCLAMA,E-V-REPORTED-EXC-T0,REQUIRED,Trap annotation,High
E-A-REPORTED-EXCLAMA,E-V-REPORTED-EXC-M,REQUIRED,Method annotation,High
E-T-DIRECT-INDIREC,E-S-DIRECT-IND-REPORTED-IMP,REQUIRED,Structural curriculum grouping,High
E-S-DIRECT-IND-REPORTED-IMP,E-M-DIRECT-I-REPORTED-I-ORDER-REQU,REQUIRED,Structural curriculum grouping,High
E-M-DIRECT-I-REPORTED-I-ORDER-REQU,E-A-REPORTED-IMPERAT,REQUIRED,Structure instantiates the concept,High
E-A-REPORTED-IMPERAT,E-V-REPORTED-IMP-T0,REQUIRED,Trap annotation,High
E-A-REPORTED-IMPERAT,E-V-REPORTED-IMP-M,REQUIRED,Method annotation,High
E-T-DIRECT-INDIREC,E-S-DIRECT-IND-REPORTED-QUE,REQUIRED,Structural curriculum grouping,High
E-S-DIRECT-IND-REPORTED-QUE,E-M-DIRECT-I-REPORTED-Q-ASKED-IF-W,REQUIRED,Structural curriculum grouping,High
E-M-DIRECT-I-REPORTED-Q-ASKED-IF-W,E-A-REPORTED-QUESTIO,REQUIRED,Structure instantiates the concept,High
E-A-REPORTED-QUESTIO,E-V-REPORTED-QUE-T0,REQUIRED,Trap annotation,High
E-A-REPORTED-QUESTIO,E-V-REPORTED-QUE-M,REQUIRED,Method annotation,High
E-T-DIRECT-INDIREC,E-S-DIRECT-IND-REPORTED-STA,REQUIRED,Structural curriculum grouping,High
E-S-DIRECT-IND-REPORTED-STA,E-M-DIRECT-I-REPORTED-S-SAIDTOLD-T,REQUIRED,Structural curriculum grouping,High
E-M-DIRECT-I-REPORTED-S-SAIDTOLD-T,E-A-REPORTED-STATEME,REQUIRED,Structure instantiates the concept,High
E-A-REPORTED-STATEME,E-V-REPORTED-STA-T0,REQUIRED,Trap annotation,High
E-A-REPORTED-STATEME,E-V-REPORTED-STA-M,REQUIRED,Method annotation,High
E-T-ERROR-DETECTIO,E-S-ERROR-DETE-ERROR-LOCATI,REQUIRED,Structural curriculum grouping,High
E-S-ERROR-DETE-ERROR-LOCATI,E-M-ERROR-DE-ERROR-LOCA-ERROR-INVE,REQUIRED,Structural curriculum grouping,High
E-M-ERROR-DE-ERROR-LOCA-ERROR-INVE,E-A-ERROR-LOCATION-M,REQUIRED,Structure instantiates the concept,High
E-A-ERROR-LOCATION-M,E-V-ERROR-LOCATI-T0,REQUIRED,Trap annotation,High
E-A-ERROR-LOCATION-M,E-V-ERROR-LOCATI-M,REQUIRED,Method annotation,High
E-T-ERROR-DETECTIO,E-S-ERROR-DETE-PREPOSITION-,REQUIRED,Structural curriculum grouping,High
E-S-ERROR-DETE-PREPOSITION-,E-M-ERROR-DE-PREPOSITIO-FIXED-COLL,REQUIRED,Structural curriculum grouping,High
E-M-ERROR-DE-PREPOSITIO-FIXED-COLL,E-A-PREPOSITION-COLL,REQUIRED,Structure instantiates the concept,High
E-A-PREPOSITION-COLL,E-V-PREPOSITION--T0,REQUIRED,Trap annotation,High
E-A-PREPOSITION-COLL,E-V-PREPOSITION--M,REQUIRED,Method annotation,High
E-T-ERROR-DETECTIO,E-S-ERROR-DETE-PRONOUN-RELA,REQUIRED,Structural curriculum grouping,High
E-S-ERROR-DETE-PRONOUN-RELA,E-M-ERROR-DE-PRONOUN-RE-ANTECEDENT,REQUIRED,Structural curriculum grouping,High
E-M-ERROR-DE-PRONOUN-RE-ANTECEDENT,E-A-PRONOUN-RELATIVE,REQUIRED,Structure instantiates the concept,High
E-A-PRONOUN-RELATIVE,E-V-PRONOUN-RELA-T0,REQUIRED,Trap annotation,High
E-A-PRONOUN-RELATIVE,E-V-PRONOUN-RELA-M,REQUIRED,Method annotation,High
E-T-ERROR-DETECTIO,E-S-ERROR-DETE-SUBJECT,REQUIRED,Structural curriculum grouping,High
E-S-ERROR-DETE-SUBJECT,E-M-ERROR-DE-SUBJECT-AGREEMENT-,REQUIRED,Structural curriculum grouping,High
E-M-ERROR-DE-SUBJECT-AGREEMENT-,E-A-SUBJECTVERB-AGRE,REQUIRED,Structure instantiates the concept,High
E-A-SUBJECTVERB-AGRE,E-V-SUBJECTVERB--T0,REQUIRED,Trap annotation,High
E-A-SUBJECTVERB-AGRE,E-V-SUBJECTVERB--M,REQUIRED,Method annotation,High
E-T-ERROR-DETECTIO,E-S-ERROR-DETE-TENSE-TIME-M,REQUIRED,Structural curriculum grouping,High
E-S-ERROR-DETE-TENSE-TIME-M,E-M-ERROR-DE-TENSE-TIME-TENSE-CONS,REQUIRED,Structural curriculum grouping,High
E-M-ERROR-DE-TENSE-TIME-TENSE-CONS,E-A-TENSE-TIME-MARKE,REQUIRED,Structure instantiates the concept,High
E-A-TENSE-TIME-MARKE,E-V-TENSE-TIME-M-T0,REQUIRED,Trap annotation,High
E-A-TENSE-TIME-MARKE,E-V-TENSE-TIME-M-M,REQUIRED,Method annotation,High
E-T-FIGURE-BASED-I,E-S-FIGURE-BAS-FIGURE-BASED,REQUIRED,Structural curriculum grouping,High
E-S-FIGURE-BAS-FIGURE-BASED,E-M-FIGURE-B-FIGURE-BAS-VISUAL,REQUIRED,Structural curriculum grouping,High
E-M-FIGURE-B-FIGURE-BAS-VISUAL,E-A-FIGURE-BASED-NEE,REQUIRED,Structure instantiates the concept,High
E-A-FIGURE-BASED-NEE,E-V-FIGURE-BASED-M,REQUIRED,Method annotation,High
E-T-FILL-IN-THE-BL,E-S-FILL-IN-TH-HOMONYM-BLAN,REQUIRED,Structural curriculum grouping,High
E-S-FILL-IN-TH-HOMONYM-BLAN,E-M-FILL-IN--HOMONYM-BL-HOMOPHONE-,REQUIRED,Structural curriculum grouping,High
E-M-FILL-IN--HOMONYM-BL-HOMOPHONE-,E-A-HOMONYM-BLANK-SO,REQUIRED,Structure instantiates the concept,High
E-A-HOMONYM-BLANK-SO,E-V-HOMONYM-BLAN-T0,REQUIRED,Trap annotation,High
E-A-HOMONYM-BLANK-SO,E-V-HOMONYM-BLAN-M,REQUIRED,Method annotation,High
E-T-FILL-IN-THE-BL,E-S-FILL-IN-TH-SINGLE-BLANK,REQUIRED,Structural curriculum grouping,High
E-S-FILL-IN-TH-SINGLE-BLANK,E-M-FILL-IN--SINGLE-BLA-A-AN-THE-R,REQUIRED,Structural curriculum grouping,High
E-M-FILL-IN--SINGLE-BLA-A-AN-THE-R,E-A-SINGLE-BLANK-ART,REQUIRED,Structure instantiates the concept,High
E-A-SINGLE-BLANK-ART,E-V-SINGLE-BLANK-T0,REQUIRED,Trap annotation,High
E-A-SINGLE-BLANK-ART,E-V-SINGLE-BLANK-M,REQUIRED,Method annotation,High
E-T-FILL-IN-THE-BL,E-S-FILL-IN-TH-SINGLE-BLANK-2,REQUIRED,Structural curriculum grouping,High
E-S-FILL-IN-TH-SINGLE-BLANK-2,E-M-FILL-IN--SINGLE-BLA-PREP-COLLO,REQUIRED,Structural curriculum grouping,High
E-M-FILL-IN--SINGLE-BLA-PREP-COLLO,E-A-SINGLE-BLANK-PRE,REQUIRED,Structure instantiates the concept,High
E-A-SINGLE-BLANK-PRE,E-V-SINGLE-BLANK-T0-2,REQUIRED,Trap annotation,High
E-A-SINGLE-BLANK-PRE,E-V-SINGLE-BLANK-M-2,REQUIRED,Method annotation,High
E-T-FILL-IN-THE-BL,E-S-FILL-IN-TH-SINGLE-BLANK-3,REQUIRED,Structural curriculum grouping,High
E-S-FILL-IN-TH-SINGLE-BLANK-3,E-M-FILL-IN--SINGLE-BLA-TENSE-VERB,REQUIRED,Structural curriculum grouping,High
E-M-FILL-IN--SINGLE-BLA-TENSE-VERB,E-A-SINGLE-BLANK-VER,REQUIRED,Structure instantiates the concept,High
E-A-SINGLE-BLANK-VER,E-V-SINGLE-BLANK-T0-3,REQUIRED,Trap annotation,High
E-A-SINGLE-BLANK-VER,E-V-SINGLE-BLANK-M-3,REQUIRED,Method annotation,High
E-T-FILL-IN-THE-BL,E-S-FILL-IN-TH-SINGLE-BLANK-4,REQUIRED,Structural curriculum grouping,High
E-S-FILL-IN-TH-SINGLE-BLANK-4,E-M-FILL-IN--SINGLE-BLA-COLLOCATIO,REQUIRED,Structural curriculum grouping,High
E-M-FILL-IN--SINGLE-BLA-COLLOCATIO,E-A-SINGLE-BLANK-VOC,REQUIRED,Structure instantiates the concept,High
E-A-SINGLE-BLANK-VOC,E-V-SINGLE-BLANK-T0-4,REQUIRED,Trap annotation,High
E-A-SINGLE-BLANK-VOC,E-V-SINGLE-BLANK-M-4,REQUIRED,Method annotation,High
E-T-FILL-IN-THE-BL,E-S-FILL-IN-TH-SPELLING-IN-,REQUIRED,Structural curriculum grouping,High
E-S-FILL-IN-TH-SPELLING-IN-,E-M-FILL-IN--SPELLING-I-SPELLING-F,REQUIRED,Structural curriculum grouping,High
E-M-FILL-IN--SPELLING-I-SPELLING-F,E-A-SPELLING-IN-BLAN,REQUIRED,Structure instantiates the concept,High
E-A-SPELLING-IN-BLAN,E-V-SPELLING-IN--T0,REQUIRED,Trap annotation,High
E-A-SPELLING-IN-BLAN,E-V-SPELLING-IN--M,REQUIRED,Method annotation,High
E-T-HOMONYMS-VOCAB,E-S-HOMONYMS-V-CORRECT-HOMO,REQUIRED,Structural curriculum grouping,High
E-S-HOMONYMS-V-CORRECT-HOMO,E-M-HOMONYMS-CORRECT-HO-USAGE-DISC,REQUIRED,Structural curriculum grouping,High
E-M-HOMONYMS-CORRECT-HO-USAGE-DISC,E-A-CORRECT-HOMONYM-,REQUIRED,Structure instantiates the concept,High
E-A-CORRECT-HOMONYM-,E-V-CORRECT-HOMO-T0,REQUIRED,Trap annotation,High
E-A-CORRECT-HOMONYM-,E-V-CORRECT-HOMO-M,REQUIRED,Method annotation,High
E-T-HOMONYMS-VOCAB,E-S-HOMONYMS-V-GENERAL-WORD,REQUIRED,Structural curriculum grouping,High
E-S-HOMONYMS-V-GENERAL-WORD,E-M-HOMONYMS-GENERAL-WO-VOCABULARY,REQUIRED,Structural curriculum grouping,High
E-M-HOMONYMS-GENERAL-WO-VOCABULARY,E-A-GENERAL-WORD-MEA,REQUIRED,Structure instantiates the concept,High
E-A-GENERAL-WORD-MEA,E-V-GENERAL-WORD-T0,REQUIRED,Trap annotation,High
E-A-GENERAL-WORD-MEA,E-V-GENERAL-WORD-M,REQUIRED,Method annotation,High
E-T-HOMONYMS-VOCAB,E-S-HOMONYMS-V-WORD-MEANING,REQUIRED,Structural curriculum grouping,High
E-S-HOMONYMS-V-WORD-MEANING,E-M-HOMONYMS-WORD-MEANI-DEFINITION,REQUIRED,Structural curriculum grouping,High
E-M-HOMONYMS-WORD-MEANI-DEFINITION,E-A-WORD-MEANING-DIR,REQUIRED,Structure instantiates the concept,High
E-A-WORD-MEANING-DIR,E-V-WORD-MEANING-T0,REQUIRED,Trap annotation,High
E-A-WORD-MEANING-DIR,E-V-WORD-MEANING-M,REQUIRED,Method annotation,High
E-T-IDIOMS-PHRASES,E-S-IDIOMS-PHR-IDIOM-IN-SEN,REQUIRED,Structural curriculum grouping,High
E-S-IDIOMS-PHR-IDIOM-IN-SEN,E-M-IDIOMS-P-IDIOM-IN-S-CONTEXTUAL,REQUIRED,Structural curriculum grouping,High
E-M-IDIOMS-P-IDIOM-IN-S-CONTEXTUAL,E-A-IDIOM-IN-SENTENC,REQUIRED,Structure instantiates the concept,High
E-A-IDIOM-IN-SENTENC,E-V-IDIOM-IN-SEN-T0,REQUIRED,Trap annotation,High
E-A-IDIOM-IN-SENTENC,E-V-IDIOM-IN-SEN-M,REQUIRED,Method annotation,High
E-T-IDIOMS-PHRASES,E-S-IDIOMS-PHR-STANDALONE-I,REQUIRED,Structural curriculum grouping,High
E-S-IDIOMS-PHR-STANDALONE-I,E-M-IDIOMS-P-STANDALONE-IDIOM-RECA,REQUIRED,Structural curriculum grouping,High
E-M-IDIOMS-P-STANDALONE-IDIOM-RECA,E-A-STANDALONE-IDIOM,REQUIRED,Structure instantiates the concept,High
E-A-STANDALONE-IDIOM,E-V-STANDALONE-I-T0,REQUIRED,Trap annotation,High
E-A-STANDALONE-IDIOM,E-V-STANDALONE-I-M,REQUIRED,Method annotation,High
E-T-ONE-WORD-SUBST,E-S-ONE-WORD-S-DEFINITION-S,REQUIRED,Structural curriculum grouping,High
E-S-ONE-WORD-S-DEFINITION-S,E-M-ONE-WORD-DEFINITION-DEFINITION,REQUIRED,Structural curriculum grouping,High
E-M-ONE-WORD-DEFINITION-DEFINITION,E-A-DEFINITION-SINGL,REQUIRED,Structure instantiates the concept,High
E-A-DEFINITION-SINGL,E-V-DEFINITION-S-T0,REQUIRED,Trap annotation,High
E-A-DEFINITION-SINGL,E-V-DEFINITION-S-M,REQUIRED,Method annotation,High
E-T-ONE-WORD-SUBST,E-S-ONE-WORD-S-GENERAL-WORD,REQUIRED,Structural curriculum grouping,High
E-S-ONE-WORD-S-GENERAL-WORD,E-M-ONE-WORD-GENERAL-WO-VOCABULARY,REQUIRED,Structural curriculum grouping,High
E-M-ONE-WORD-GENERAL-WO-VOCABULARY,E-A-GENERAL-WORD-SUB,REQUIRED,Structure instantiates the concept,High
E-A-GENERAL-WORD-SUB,E-V-GENERAL-WORD-T0-2,REQUIRED,Trap annotation,High
E-A-GENERAL-WORD-SUB,E-V-GENERAL-WORD-M-2,REQUIRED,Method annotation,High
E-T-ONE-WORD-SUBST,E-S-ONE-WORD-S-UNDERLINED-B,REQUIRED,Structural curriculum grouping,High
E-S-ONE-WORD-S-UNDERLINED-B,E-M-ONE-WORD-UNDERLINED-CONTEXTUAL,REQUIRED,Structural curriculum grouping,High
E-M-ONE-WORD-UNDERLINED-CONTEXTUAL,E-A-UNDERLINED-BRACK,REQUIRED,Structure instantiates the concept,High
E-A-UNDERLINED-BRACK,E-V-UNDERLINED-B-T0,REQUIRED,Trap annotation,High
E-A-UNDERLINED-BRACK,E-V-UNDERLINED-B-M,REQUIRED,Method annotation,High
E-T-PARA-JUMBLES,E-S-PARA-JUMBL-FULL-ABCD-OR,REQUIRED,Structural curriculum grouping,High
E-S-PARA-JUMBL-FULL-ABCD-OR,E-M-PARA-JUM-FULL-ABCD--SEQUENCE-L,REQUIRED,Structural curriculum grouping,High
E-M-PARA-JUM-FULL-ABCD--SEQUENCE-L,E-A-FULL-ABCD-ORDER-,REQUIRED,Structure instantiates the concept,High
E-A-FULL-ABCD-ORDER-,E-V-FULL-ABCD-OR-T0,REQUIRED,Trap annotation,High
E-A-FULL-ABCD-ORDER-,E-V-FULL-ABCD-OR-M,REQUIRED,Method annotation,High
E-T-PARA-JUMBLES,E-S-PARA-JUMBL-S1,REQUIRED,Structural curriculum grouping,High
E-S-PARA-JUMBL-S1,E-M-PARA-JUM-S1-FIXED-ENDS,REQUIRED,Structural curriculum grouping,High
E-M-PARA-JUM-S1-FIXED-ENDS,E-A-S1S6-ANCHORED-OR,REQUIRED,Structure instantiates the concept,High
E-A-S1S6-ANCHORED-OR,E-V-S1S6-ANCHORE-T0,REQUIRED,Trap annotation,High
E-A-S1S6-ANCHORED-OR,E-V-S1S6-ANCHORE-M,REQUIRED,Method annotation,High
E-T-READING-COMPRE,E-S-READING-CO-AUTHOR-ATTIT,REQUIRED,Structural curriculum grouping,High
E-S-READING-CO-AUTHOR-ATTIT,E-M-READING--AUTHOR-ATT-TONE-DETEC,REQUIRED,Structural curriculum grouping,High
E-M-READING--AUTHOR-ATT-TONE-DETEC,E-A-AUTHOR-ATTITUDE-,REQUIRED,Structure instantiates the concept,High
E-A-AUTHOR-ATTITUDE-,E-V-AUTHOR-ATTIT-T0,REQUIRED,Trap annotation,High
E-A-AUTHOR-ATTITUDE-,E-V-AUTHOR-ATTIT-M,REQUIRED,Method annotation,High
E-T-READING-COMPRE,E-S-READING-CO-FACTUAL-DETA,REQUIRED,Structural curriculum grouping,High
E-S-READING-CO-FACTUAL-DETA,E-M-READING--FACTUAL-DE-LOCATE-AND,REQUIRED,Structural curriculum grouping,High
E-M-READING--FACTUAL-DE-LOCATE-AND,E-A-FACTUAL-DETAIL-R,REQUIRED,Structure instantiates the concept,High
E-A-FACTUAL-DETAIL-R,E-V-FACTUAL-DETA-T0,REQUIRED,Trap annotation,High
E-A-FACTUAL-DETAIL-R,E-V-FACTUAL-DETA-M,REQUIRED,Method annotation,High
E-T-READING-COMPRE,E-S-READING-CO-FACTUAL-RETR,REQUIRED,Structural curriculum grouping,High
E-S-READING-CO-FACTUAL-RETR,E-M-READING--FACTUAL-RE-LOCATE-AND,REQUIRED,Structural curriculum grouping,High
E-M-READING--FACTUAL-RE-LOCATE-AND,E-A-FACTUAL-RETRIEVA,REQUIRED,Structure instantiates the concept,High
E-A-FACTUAL-RETRIEVA,E-V-FACTUAL-RETR-T0,REQUIRED,Trap annotation,High
E-A-FACTUAL-RETRIEVA,E-V-FACTUAL-RETR-M,REQUIRED,Method annotation,High
E-T-READING-COMPRE,E-S-READING-CO-GENERAL-PASS,REQUIRED,Structural curriculum grouping,High
E-S-READING-CO-GENERAL-PASS,E-M-READING--GENERAL-PA-PASSAGE-EV,REQUIRED,Structural curriculum grouping,High
E-M-READING--GENERAL-PA-PASSAGE-EV,E-A-GENERAL-PASSAGE-,REQUIRED,Structure instantiates the concept,High
E-A-GENERAL-PASSAGE-,E-V-GENERAL-PASS-T0,REQUIRED,Trap annotation,High
E-A-GENERAL-PASSAGE-,E-V-GENERAL-PASS-M,REQUIRED,Method annotation,High
E-T-READING-COMPRE,E-S-READING-CO-INFERENCE-FR,REQUIRED,Structural curriculum grouping,High
E-S-READING-CO-INFERENCE-FR,E-M-READING--INFERENCE--READ-BETWE,REQUIRED,Structural curriculum grouping,High
E-M-READING--INFERENCE--READ-BETWE,E-A-INFERENCE-FROM-P,REQUIRED,Structure instantiates the concept,High
E-A-INFERENCE-FROM-P,E-V-INFERENCE-FR-T0,REQUIRED,Trap annotation,High
E-A-INFERENCE-FROM-P,E-V-INFERENCE-FR-M,REQUIRED,Method annotation,High
E-T-READING-COMPRE,E-S-READING-CO-MAIN-IDEA-TI,REQUIRED,Structural curriculum grouping,High
E-S-READING-CO-MAIN-IDEA-TI,E-M-READING--MAIN-IDEA--WHOLE-PASS,REQUIRED,Structural curriculum grouping,High
E-M-READING--MAIN-IDEA--WHOLE-PASS,E-A-MAIN-IDEA-TITLE,REQUIRED,Structure instantiates the concept,High
E-A-MAIN-IDEA-TITLE,E-V-MAIN-IDEA-TI-T0,REQUIRED,Trap annotation,High
E-A-MAIN-IDEA-TITLE,E-V-MAIN-IDEA-TI-M,REQUIRED,Method annotation,High
E-T-READING-COMPRE,E-S-READING-CO-REASON-CAUSE,REQUIRED,Structural curriculum grouping,High
E-S-READING-CO-REASON-CAUSE,E-M-READING--REASON-CAU-WHY-HOW-LI,REQUIRED,Structural curriculum grouping,High
E-M-READING--REASON-CAU-WHY-HOW-LI,E-A-REASON-CAUSE-EFF,REQUIRED,Structure instantiates the concept,High
E-A-REASON-CAUSE-EFF,E-V-REASON-CAUSE-T0,REQUIRED,Trap annotation,High
E-A-REASON-CAUSE-EFF,E-V-REASON-CAUSE-M,REQUIRED,Method annotation,High
E-T-READING-COMPRE,E-S-READING-CO-VOCABULARY-I,REQUIRED,Structural curriculum grouping,High
E-S-READING-CO-VOCABULARY-I,E-M-READING--VOCABULARY-CONTEXTUAL,REQUIRED,Structural curriculum grouping,High
E-M-READING--VOCABULARY-CONTEXTUAL,E-A-VOCABULARY-IN-PA,REQUIRED,Structure instantiates the concept,High
E-A-VOCABULARY-IN-PA,E-V-VOCABULARY-I-T0,REQUIRED,Trap annotation,High
E-A-VOCABULARY-IN-PA,E-V-VOCABULARY-I-M,REQUIRED,Method annotation,High
E-T-SENTENCE-IMPRO,E-S-SENTENCE-I-ADJECTIVEADV,REQUIRED,Structural curriculum grouping,High
E-S-SENTENCE-I-ADJECTIVEADV,E-M-SENTENCE-ADJECTIVEA-MANNER-ADV,REQUIRED,Structural curriculum grouping,High
E-M-SENTENCE-ADJECTIVEA-MANNER-ADV,E-A-ADJECTIVEADVERB-,REQUIRED,Structure instantiates the concept,High
E-A-ADJECTIVEADVERB-,E-V-ADJECTIVEADV-T0,REQUIRED,Trap annotation,High
E-A-ADJECTIVEADVERB-,E-V-ADJECTIVEADV-M,REQUIRED,Method annotation,High
E-T-SENTENCE-IMPRO,E-S-SENTENCE-I-AGREEMENT-CO,REQUIRED,Structural curriculum grouping,High
E-S-SENTENCE-I-AGREEMENT-CO,E-M-SENTENCE-AGREEMENT--SVA-IN-SEN,REQUIRED,Structural curriculum grouping,High
E-M-SENTENCE-AGREEMENT--SVA-IN-SEN,E-A-AGREEMENT-CORREC,REQUIRED,Structure instantiates the concept,High
E-A-AGREEMENT-CORREC,E-V-AGREEMENT-CO-T0,REQUIRED,Trap annotation,High
E-A-AGREEMENT-CORREC,E-V-AGREEMENT-CO-M,REQUIRED,Method annotation,High
E-T-SENTENCE-IMPRO,E-S-SENTENCE-I-GENERAL-SENT,REQUIRED,Structural curriculum grouping,High
E-S-SENTENCE-I-GENERAL-SENT,E-M-SENTENCE-GENERAL-SE-GRAMMAR-ST,REQUIRED,Structural curriculum grouping,High
E-M-SENTENCE-GENERAL-SE-GRAMMAR-ST,E-A-GENERAL-SENTENCE,REQUIRED,Structure instantiates the concept,High
E-A-GENERAL-SENTENCE,E-V-GENERAL-SENT-T0,REQUIRED,Trap annotation,High
E-A-GENERAL-SENTENCE,E-V-GENERAL-SENT-M,REQUIRED,Method annotation,High
E-T-SENTENCE-IMPRO,E-S-SENTENCE-I-NO-IMPROVEME,REQUIRED,Structural curriculum grouping,High
E-S-SENTENCE-I-NO-IMPROVEME,E-M-SENTENCE-NO-IMPROVE-VERIFY-COR,REQUIRED,Structural curriculum grouping,High
E-M-SENTENCE-NO-IMPROVE-VERIFY-COR,E-A-NO-IMPROVEMENT-C,REQUIRED,Structure instantiates the concept,High
E-A-NO-IMPROVEMENT-C,E-V-NO-IMPROVEME-T0,REQUIRED,Trap annotation,High
E-A-NO-IMPROVEMENT-C,E-V-NO-IMPROVEME-M,REQUIRED,Method annotation,High
E-T-SENTENCE-IMPRO,E-S-SENTENCE-I-SUBJUNCTIVE-,REQUIRED,Structural curriculum grouping,High
E-S-SENTENCE-I-SUBJUNCTIVE-,E-M-SENTENCE-SUBJUNCTIV-UNREAL-PAS,REQUIRED,Structural curriculum grouping,High
E-M-SENTENCE-SUBJUNCTIV-UNREAL-PAS,E-A-SUBJUNCTIVE-COND,REQUIRED,Structure instantiates the concept,High
E-A-SUBJUNCTIVE-COND,E-V-SUBJUNCTIVE--T0,REQUIRED,Trap annotation,High
E-A-SUBJUNCTIVE-COND,E-V-SUBJUNCTIVE--M,REQUIRED,Method annotation,High
E-T-SENTENCE-IMPRO,E-S-SENTENCE-I-TENSE-SEQUEN,REQUIRED,Structural curriculum grouping,High
E-S-SENTENCE-I-TENSE-SEQUEN,E-M-SENTENCE-TENSE-SEQU-SEQUENCE-O,REQUIRED,Structural curriculum grouping,High
E-M-SENTENCE-TENSE-SEQU-SEQUENCE-O,E-A-TENSE-SEQUENCE-C,REQUIRED,Structure instantiates the concept,High
E-A-TENSE-SEQUENCE-C,E-V-TENSE-SEQUEN-T0,REQUIRED,Trap annotation,High
E-A-TENSE-SEQUENCE-C,E-V-TENSE-SEQUEN-M,REQUIRED,Method annotation,High
E-T-SENTENCE-REARR,E-S-SENTENCE-R-P,REQUIRED,Structural curriculum grouping,High
E-S-SENTENCE-R-P,E-M-SENTENCE-P-PHRASE-SEQ,REQUIRED,Structural curriculum grouping,High
E-M-SENTENCE-P-PHRASE-SEQ,E-A-PQRS-PART-ORDER,REQUIRED,Structure instantiates the concept,High
E-A-PQRS-PART-ORDER,E-V-PQRS-PART-OR-T0,REQUIRED,Trap annotation,High
E-A-PQRS-PART-ORDER,E-V-PQRS-PART-OR-M,REQUIRED,Method annotation,High
E-T-SPELLINGS,E-S-SPELLINGS-CHOOSE-CORRE,REQUIRED,Structural curriculum grouping,High
E-S-SPELLINGS-CHOOSE-CORRE,E-M-SPELLING-CHOOSE-COR-RECALL-SPE,REQUIRED,Structural curriculum grouping,High
E-M-SPELLING-CHOOSE-COR-RECALL-SPE,E-A-CHOOSE-CORRECT-S,REQUIRED,Structure instantiates the concept,High
E-A-CHOOSE-CORRECT-S,E-V-CHOOSE-CORRE-T0,REQUIRED,Trap annotation,High
E-A-CHOOSE-CORRECT-S,E-V-CHOOSE-CORRE-M,REQUIRED,Method annotation,High
E-T-SPELLINGS,E-S-SPELLINGS-CHOOSE-CORRE-2,REQUIRED,Structural curriculum grouping,High
E-S-SPELLINGS-CHOOSE-CORRE-2,E-M-SPELLING-CHOOSE-COR-WHOLE-STRI,REQUIRED,Structural curriculum grouping,High
E-M-SPELLING-CHOOSE-COR-WHOLE-STRI,E-A-CHOOSE-CORRECTLY,REQUIRED,Structure instantiates the concept,High
E-A-CHOOSE-CORRECTLY,E-V-CHOOSE-CORRE-T0-2,REQUIRED,Trap annotation,High
E-A-CHOOSE-CORRECTLY,E-V-CHOOSE-CORRE-M-2,REQUIRED,Method annotation,High
E-T-SPELLINGS,E-S-SPELLINGS-FIND-CORRECT,REQUIRED,Structural curriculum grouping,High
E-S-SPELLINGS-FIND-CORRECT,E-M-SPELLING-FIND-CORRE-SCAN-SPELL,REQUIRED,Structural curriculum grouping,High
E-M-SPELLING-FIND-CORRE-SCAN-SPELL,E-A-FIND-CORRECT-MIS,REQUIRED,Structure instantiates the concept,High
E-A-FIND-CORRECT-MIS,E-V-FIND-CORRECT-T0,REQUIRED,Trap annotation,High
E-A-FIND-CORRECT-MIS,E-V-FIND-CORRECT-M,REQUIRED,Method annotation,High
E-T-SPELLINGS,E-S-SPELLINGS-GENERAL-SPEL,REQUIRED,Structural curriculum grouping,High
E-S-SPELLINGS-GENERAL-SPEL,E-M-SPELLING-GENERAL-SP-SPELLING-M,REQUIRED,Structural curriculum grouping,High
E-M-SPELLING-GENERAL-SP-SPELLING-M,E-A-GENERAL-SPELLING,REQUIRED,Structure instantiates the concept,High
E-A-GENERAL-SPELLING,E-V-GENERAL-SPEL-T0,REQUIRED,Trap annotation,High
E-A-GENERAL-SPELLING,E-V-GENERAL-SPEL-M,REQUIRED,Method annotation,High
E-T-SPELLINGS,E-S-SPELLINGS-ISOLATED-MIS,REQUIRED,Structural curriculum grouping,High
E-S-SPELLINGS-ISOLATED-MIS,E-M-SPELLING-ISOLATED-M-WORD-LIST-,REQUIRED,Structural curriculum grouping,High
E-M-SPELLING-ISOLATED-M-WORD-LIST-,E-A-ISOLATED-MISSPEL,REQUIRED,Structure instantiates the concept,High
E-A-ISOLATED-MISSPEL,E-V-ISOLATED-MIS-T0,REQUIRED,Trap annotation,High
E-A-ISOLATED-MISSPEL,E-V-ISOLATED-MIS-M,REQUIRED,Method annotation,High
E-T-SPELLINGS,E-S-SPELLINGS-PICK-ERROR-F,REQUIRED,Structural curriculum grouping,High
E-S-SPELLINGS-PICK-ERROR-F,E-M-SPELLING-PICK-ERROR-WHOLE-STRI,REQUIRED,Structural curriculum grouping,High
E-M-SPELLING-PICK-ERROR-WHOLE-STRI,E-A-PICK-ERROR-FREE-,REQUIRED,Structure instantiates the concept,High
E-A-PICK-ERROR-FREE-,E-V-PICK-ERROR-F-T0,REQUIRED,Trap annotation,High
E-A-PICK-ERROR-FREE-,E-V-PICK-ERROR-F-M,REQUIRED,Method annotation,High
E-T-SYNONYMS,E-S-SYNONYMS-GENERAL-SYNO,REQUIRED,Structural curriculum grouping,High
E-S-SYNONYMS-GENERAL-SYNO,E-M-SYNONYMS-GENERAL-SY-VOCABULARY,REQUIRED,Structural curriculum grouping,High
E-M-SYNONYMS-GENERAL-SY-VOCABULARY,E-A-GENERAL-SYNONYM-,REQUIRED,Structure instantiates the concept,High
E-A-GENERAL-SYNONYM-,E-V-GENERAL-SYNO-T0,REQUIRED,Trap annotation,High
E-A-GENERAL-SYNONYM-,E-V-GENERAL-SYNO-M,REQUIRED,Method annotation,High
E-T-SYNONYMS,E-S-SYNONYMS-ISOLATED-BRA,REQUIRED,Structural curriculum grouping,High
E-S-SYNONYMS-ISOLATED-BRA,E-M-SYNONYMS-ISOLATED-B-MARKED-WOR,REQUIRED,Structural curriculum grouping,High
E-M-SYNONYMS-ISOLATED-B-MARKED-WOR,E-A-ISOLATED-BRACKET,REQUIRED,Structure instantiates the concept,High
E-A-ISOLATED-BRACKET,E-V-ISOLATED-BRA-T0,REQUIRED,Trap annotation,High
E-A-ISOLATED-BRACKET,E-V-ISOLATED-BRA-M,REQUIRED,Method annotation,High
E-T-SYNONYMS,E-S-SYNONYMS-PICK-SYNONYM,REQUIRED,Structural curriculum grouping,High
E-S-SYNONYMS-PICK-SYNONYM,E-M-SYNONYMS-PICK-SYNON-USAGE-MATC,REQUIRED,Structural curriculum grouping,High
E-M-SYNONYMS-PICK-SYNON-USAGE-MATC,E-A-PICK-SYNONYM-FRO,REQUIRED,Structure instantiates the concept,High
E-A-PICK-SYNONYM-FRO,E-V-PICK-SYNONYM-T0,REQUIRED,Trap annotation,High
E-A-PICK-SYNONYM-FRO,E-V-PICK-SYNONYM-M,REQUIRED,Method annotation,High
E-T-SYNONYMS,E-S-SYNONYMS-SYNONYM,REQUIRED,Structural curriculum grouping,High
E-S-SYNONYMS-SYNONYM,E-M-SYNONYMS-SYNONYM-CONTEXTUAL,REQUIRED,Structural curriculum grouping,High
E-M-SYNONYMS-SYNONYM-CONTEXTUAL,E-A-SYNONYM-ISOLATED,REQUIRED,Structure instantiates the concept,High
E-A-SYNONYM-ISOLATED,E-V-SYNONYM-ISOL-T0,REQUIRED,Trap annotation,High
E-A-SYNONYM-ISOLATED,E-V-SYNONYM-ISOL-M,REQUIRED,Method annotation,High
E-T-TENSES-GRAMMAR,E-S-TENSES-GRA-ARTICLE-MISU,REQUIRED,Structural curriculum grouping,High
E-S-TENSES-GRA-ARTICLE-MISU,E-M-TENSES-G-ARTICLE-MI-ARTICLE-RU,REQUIRED,Structural curriculum grouping,High
E-M-TENSES-G-ARTICLE-MI-ARTICLE-RU,E-A-ARTICLE-MISUSE-L,REQUIRED,Structure instantiates the concept,High
E-A-ARTICLE-MISUSE-L,E-V-ARTICLE-MISU-T0,REQUIRED,Trap annotation,High
E-A-ARTICLE-MISUSE-L,E-V-ARTICLE-MISU-M,REQUIRED,Method annotation,High
E-T-TENSES-GRAMMAR,E-S-TENSES-GRA-CHOOSE-GRAMM,REQUIRED,Structural curriculum grouping,High
E-S-TENSES-GRA-CHOOSE-GRAMM,E-M-TENSES-G-CHOOSE-GRA-ERROR-SPOT,REQUIRED,Structural curriculum grouping,High
E-M-TENSES-G-CHOOSE-GRA-ERROR-SPOT,E-A-CHOOSE-GRAMMATIC,REQUIRED,Structure instantiates the concept,High
E-A-CHOOSE-GRAMMATIC,E-V-CHOOSE-GRAMM-T0,REQUIRED,Trap annotation,High
E-A-CHOOSE-GRAMMATIC,E-V-CHOOSE-GRAMM-M,REQUIRED,Method annotation,High
E-T-TENSES-GRAMMAR,E-S-TENSES-GRA-GENERAL-GRAM,REQUIRED,Structural curriculum grouping,High
E-S-TENSES-GRA-GENERAL-GRAM,E-M-TENSES-G-GENERAL-GR-GRAMMAR-RU,REQUIRED,Structural curriculum grouping,High
E-M-TENSES-G-GENERAL-GR-GRAMMAR-RU,E-A-GENERAL-GRAMMAR-,REQUIRED,Structure instantiates the concept,High
E-A-GENERAL-GRAMMAR-,E-V-GENERAL-GRAM-T0,REQUIRED,Trap annotation,High
E-A-GENERAL-GRAMMAR-,E-V-GENERAL-GRAM-M,REQUIRED,Method annotation,High
R-T-ANALOGY,R-S-ANALOGY-GENERAL-ANAL,REQUIRED,Structural curriculum grouping,High
R-S-ANALOGY-GENERAL-ANAL,R-M-ANALOGY-GENERAL-AN-RELATION-M,REQUIRED,Structural curriculum grouping,High
R-M-ANALOGY-GENERAL-AN-RELATION-M,R-A-GENERAL-ANALOGY,REQUIRED,Structure instantiates the concept,High
R-A-GENERAL-ANALOGY,R-V-GENERAL-ANAL-T0,REQUIRED,Trap annotation,High
R-A-GENERAL-ANALOGY,R-V-GENERAL-ANAL-M,REQUIRED,Method annotation,High
R-T-ANALOGY,R-S-ANALOGY-LETTER-TERM-,REQUIRED,Structural curriculum grouping,High
R-S-ANALOGY-LETTER-TERM-,R-M-ANALOGY-LETTER-TER-POSITIONAL,REQUIRED,Structural curriculum grouping,High
R-M-ANALOGY-LETTER-TER-POSITIONAL,R-A-LETTER-TERM-ANAL,REQUIRED,Structure instantiates the concept,High
R-A-LETTER-TERM-ANAL,R-V-LETTER-TERM--T0,REQUIRED,Trap annotation,High
R-A-LETTER-TERM-ANAL,R-V-LETTER-TERM--M,REQUIRED,Method annotation,High
R-T-ANALOGY,R-S-ANALOGY-NUMBER-ANALO,REQUIRED,Structural curriculum grouping,High
R-S-ANALOGY-NUMBER-ANALO,R-M-ANALOGY-NUMBER-ANA-OPERATION-,REQUIRED,Structural curriculum grouping,High
R-M-ANALOGY-NUMBER-ANA-OPERATION-,R-A-NUMBER-ANALOGY-A,REQUIRED,Structure instantiates the concept,High
R-A-NUMBER-ANALOGY-A,R-V-NUMBER-ANALO-T0,REQUIRED,Trap annotation,High
R-A-NUMBER-ANALOGY-A,R-V-NUMBER-ANALO-M,REQUIRED,Method annotation,High
R-T-ANALOGY,R-S-ANALOGY-SET-TRIAD-AN,REQUIRED,Structural curriculum grouping,High
R-S-ANALOGY-SET-TRIAD-AN,R-M-ANALOGY-SET-TRIAD--COMMON-RUL,REQUIRED,Structural curriculum grouping,High
R-M-ANALOGY-SET-TRIAD--COMMON-RUL,R-A-SET-TRIAD-ANALOG,REQUIRED,Structure instantiates the concept,High
R-A-SET-TRIAD-ANALOG,R-V-SET-TRIAD-AN-T0,REQUIRED,Trap annotation,High
R-A-SET-TRIAD-ANALOG,R-V-SET-TRIAD-AN-M,REQUIRED,Method annotation,High
R-T-ANALOGY,R-S-ANALOGY-WORD-ANALOGY,REQUIRED,Structural curriculum grouping,High
R-S-ANALOGY-WORD-ANALOGY,R-M-ANALOGY-WORD-ANALO-RELATION-T,REQUIRED,Structural curriculum grouping,High
R-M-ANALOGY-WORD-ANALO-RELATION-T,R-A-WORD-ANALOGY-SEM,REQUIRED,Structure instantiates the concept,High
R-A-WORD-ANALOGY-SEM,R-V-WORD-ANALOGY-T0,REQUIRED,Trap annotation,High
R-A-WORD-ANALOGY-SEM,R-V-WORD-ANALOGY-M,REQUIRED,Method annotation,High
R-S-ANALOGY-WORD-ANALOGY,R-M-ANALOGY-WORD-ANALO-RELATION-M,REQUIRED,Structural curriculum grouping,High
R-M-ANALOGY-WORD-ANALO-RELATION-M,R-A-WORD-ANALOGY-HIN,REQUIRED,Structure instantiates the concept,High
R-A-WORD-ANALOGY-HIN,R-V-WORD-ANALOGY-T0-2,REQUIRED,Trap annotation,High
R-A-WORD-ANALOGY-HIN,R-V-WORD-ANALOGY-M-2,REQUIRED,Method annotation,High
R-T-ATTENTION-TO-D,R-S-ATTENTION--EXACT-STRING,REQUIRED,Structural curriculum grouping,High
R-S-ATTENTION--EXACT-STRING,R-M-ATTENTIO-EXACT-STRI-CHARACTER-,REQUIRED,Structural curriculum grouping,High
R-M-ATTENTIO-EXACT-STRI-CHARACTER-,R-A-EXACT-STRING-ADD,REQUIRED,Structure instantiates the concept,High
R-A-EXACT-STRING-ADD,R-V-EXACT-STRING-T0,REQUIRED,Trap annotation,High
R-A-EXACT-STRING-ADD,R-V-EXACT-STRING-M,REQUIRED,Method annotation,High
R-T-BLOOD-RELATION,R-S-BLOOD-RELA-CHAINED-RELA,REQUIRED,Structural curriculum grouping,High
R-S-BLOOD-RELA-CHAINED-RELA,R-M-BLOOD-RE-CHAINED-RE-MULTI-HOP-,REQUIRED,Structural curriculum grouping,High
R-M-BLOOD-RE-CHAINED-RE-MULTI-HOP-,R-A-CHAINED-RELATION,REQUIRED,Structure instantiates the concept,High
R-A-CHAINED-RELATION,R-V-CHAINED-RELA-T0,REQUIRED,Trap annotation,High
R-A-CHAINED-RELATION,R-V-CHAINED-RELA-M,REQUIRED,Method annotation,High
R-T-BLOOD-RELATION,R-S-BLOOD-RELA-CODED-RELATI,REQUIRED,Structural curriculum grouping,High
R-S-BLOOD-RELA-CODED-RELATI,R-M-BLOOD-RE-CODED-RELA-DECODE-THE,REQUIRED,Structural curriculum grouping,High
R-M-BLOOD-RE-CODED-RELA-DECODE-THE,R-A-CODED-RELATION-S,REQUIRED,Structure instantiates the concept,High
R-A-CODED-RELATION-S,R-V-CODED-RELATI-T0,REQUIRED,Trap annotation,High
R-A-CODED-RELATION-S,R-V-CODED-RELATI-M,REQUIRED,Method annotation,High
R-T-BLOOD-RELATION,R-S-BLOOD-RELA-DIRECT-RELAT,REQUIRED,Structural curriculum grouping,High
R-S-BLOOD-RELA-DIRECT-RELAT,R-M-BLOOD-RE-DIRECT-REL-SINGLE-HOP,REQUIRED,Structural curriculum grouping,High
R-M-BLOOD-RE-DIRECT-REL-SINGLE-HOP,R-A-DIRECT-RELATION-,REQUIRED,Structure instantiates the concept,High
R-A-DIRECT-RELATION-,R-V-DIRECT-RELAT-T0,REQUIRED,Trap annotation,High
R-A-DIRECT-RELATION-,R-V-DIRECT-RELAT-M,REQUIRED,Method annotation,High
R-T-CALENDAR-CLOCK,R-S-CALENDAR-C-CALENDAR-DAY,REQUIRED,Structural curriculum grouping,High
R-S-CALENDAR-C-CALENDAR-DAY,R-M-CALENDAR-CALENDAR-D-ODD-DAY-CO,REQUIRED,Structural curriculum grouping,High
R-M-CALENDAR-CALENDAR-D-ODD-DAY-CO,R-A-CALENDAR-DAY-DAT,REQUIRED,Structure instantiates the concept,High
R-A-CALENDAR-DAY-DAT,R-V-CALENDAR-DAY-T0,REQUIRED,Trap annotation,High
R-A-CALENDAR-DAY-DAT,R-V-CALENDAR-DAY-M,REQUIRED,Method annotation,High
R-T-CALENDAR-CLOCK,R-S-CALENDAR-C-CLOCK-HANDS-,REQUIRED,Structural curriculum grouping,High
R-S-CALENDAR-C-CLOCK-HANDS-,R-M-CALENDAR-CLOCK-HAND-RELATIVE-S,REQUIRED,Structural curriculum grouping,High
R-M-CALENDAR-CLOCK-HAND-RELATIVE-S,R-A-CLOCK-HANDS-ANGL,REQUIRED,Structure instantiates the concept,High
R-A-CLOCK-HANDS-ANGL,R-V-CLOCK-HANDS--T0,REQUIRED,Trap annotation,High
R-A-CLOCK-HANDS-ANGL,R-V-CLOCK-HANDS--M,REQUIRED,Method annotation,High
R-T-CALENDAR-CLOCK,R-S-CALENDAR-C-GENERAL-CALE,REQUIRED,Structural curriculum grouping,High
R-S-CALENDAR-C-GENERAL-CALE,R-M-CALENDAR-GENERAL-CA-CYCLE-MATH,REQUIRED,Structural curriculum grouping,High
R-M-CALENDAR-GENERAL-CA-CYCLE-MATH,R-A-GENERAL-CALENDAR,REQUIRED,Structure instantiates the concept,High
R-A-GENERAL-CALENDAR,R-V-GENERAL-CALE-T0,REQUIRED,Trap annotation,High
R-A-GENERAL-CALENDAR,R-V-GENERAL-CALE-M,REQUIRED,Method annotation,High
R-T-CLASSIFICATION,R-S-CLASSIFICA-BARE-ODD-ONE,REQUIRED,Structural curriculum grouping,High
R-S-CLASSIFICA-BARE-ODD-ONE,R-M-CLASSIFI-BARE-ODD-O-OPTION-DRI,REQUIRED,Structural curriculum grouping,High
R-M-CLASSIFI-BARE-ODD-O-OPTION-DRI,R-A-BARE-ODD-ONE-OUT,REQUIRED,Structure instantiates the concept,High
R-A-BARE-ODD-ONE-OUT,R-V-BARE-ODD-ONE-T0,REQUIRED,Trap annotation,High
R-A-BARE-ODD-ONE-OUT,R-V-BARE-ODD-ONE-M,REQUIRED,Method annotation,High
R-T-CLASSIFICATION,R-S-CLASSIFICA-GENERAL-ODD-,REQUIRED,Structural curriculum grouping,High
R-S-CLASSIFICA-GENERAL-ODD-,R-M-CLASSIFI-GENERAL-OD-PROPERTY-B,REQUIRED,Structural curriculum grouping,High
R-M-CLASSIFI-GENERAL-OD-PROPERTY-B,R-A-GENERAL-ODD-ONE-,REQUIRED,Structure instantiates the concept,High
R-A-GENERAL-ODD-ONE-,R-V-GENERAL-ODD--T0,REQUIRED,Trap annotation,High
R-A-GENERAL-ODD-ONE-,R-V-GENERAL-ODD--M,REQUIRED,Method annotation,High
R-T-CLASSIFICATION,R-S-CLASSIFICA-GROUP-OF-FOU,REQUIRED,Structural curriculum grouping,High
R-S-CLASSIFICA-GROUP-OF-FOU,R-M-CLASSIFI-GROUP-OF-F-ARITHMETIC,REQUIRED,Structural curriculum grouping,High
R-M-CLASSIFI-GROUP-OF-F-ARITHMETIC,R-A-GROUP-OF-FOUR-OD,REQUIRED,Structure instantiates the concept,High
R-A-GROUP-OF-FOUR-OD,R-V-GROUP-OF-FOU-T0,REQUIRED,Trap annotation,High
R-A-GROUP-OF-FOUR-OD,R-V-GROUP-OF-FOU-M,REQUIRED,Method annotation,High
R-T-CLASSIFICATION,R-S-CLASSIFICA-LETTER-CLUST,REQUIRED,Structural curriculum grouping,High
R-S-CLASSIFICA-LETTER-CLUST,R-M-CLASSIFI-LETTER-CLU-POSITIONAL,REQUIRED,Structural curriculum grouping,High
R-M-CLASSIFI-LETTER-CLU-POSITIONAL,R-A-LETTER-CLUSTER-C,REQUIRED,Structure instantiates the concept,High
R-A-LETTER-CLUSTER-C,R-V-LETTER-CLUST-T0,REQUIRED,Trap annotation,High
R-A-LETTER-CLUSTER-C,R-V-LETTER-CLUST-M,REQUIRED,Method annotation,High
R-T-CLASSIFICATION,R-S-CLASSIFICA-NUMBER-BASED,REQUIRED,Structural curriculum grouping,High
R-S-CLASSIFICA-NUMBER-BASED,R-M-CLASSIFI-NUMBER-BAS-ARITHMETIC,REQUIRED,Structural curriculum grouping,High
R-M-CLASSIFI-NUMBER-BAS-ARITHMETIC,R-A-NUMBER-BASED-CLA,REQUIRED,Structure instantiates the concept,High
R-A-NUMBER-BASED-CLA,R-V-NUMBER-BASED-T0,REQUIRED,Trap annotation,High
R-A-NUMBER-BASED-CLA,R-V-NUMBER-BASED-M,REQUIRED,Method annotation,High
R-T-CODING-DECODIN,R-S-CODING-DEC-ALPHANUMERIC,REQUIRED,Structural curriculum grouping,High
R-S-CODING-DEC-ALPHANUMERIC,R-M-CODING-D-ALPHANUMER-LETTERS-NU,REQUIRED,Structural curriculum grouping,High
R-M-CODING-D-ALPHANUMER-LETTERS-NU,R-A-ALPHANUMERIC-POS,REQUIRED,Structure instantiates the concept,High
R-A-ALPHANUMERIC-POS,R-V-ALPHANUMERIC-T0,REQUIRED,Trap annotation,High
R-A-ALPHANUMERIC-POS,R-V-ALPHANUMERIC-M,REQUIRED,Method annotation,High
R-T-CODING-DECODIN,R-S-CODING-DEC-GENERAL-CODE,REQUIRED,Structural curriculum grouping,High
R-S-CODING-DEC-GENERAL-CODE,R-M-CODING-D-GENERAL-CO-ENCODE-DEC,REQUIRED,Structural curriculum grouping,High
R-M-CODING-D-GENERAL-CO-ENCODE-DEC,R-A-GENERAL-CODE-TRA,REQUIRED,Structure instantiates the concept,High
R-A-GENERAL-CODE-TRA,R-V-GENERAL-CODE-T0,REQUIRED,Trap annotation,High
R-A-GENERAL-CODE-TRA,R-V-GENERAL-CODE-M,REQUIRED,Method annotation,High
R-T-CODING-DECODIN,R-S-CODING-DEC-LETTER-TRANS,REQUIRED,Structural curriculum grouping,High
R-S-CODING-DEC-LETTER-TRANS,R-M-CODING-D-LETTER-TRA-PER-POSITI,REQUIRED,Structural curriculum grouping,High
R-M-CODING-D-LETTER-TRA-PER-POSITI,R-A-LETTER-TRANSFORM,REQUIRED,Structure instantiates the concept,High
R-A-LETTER-TRANSFORM,R-V-LETTER-TRANS-T0,REQUIRED,Trap annotation,High
R-A-LETTER-TRANSFORM,R-V-LETTER-TRANS-M,REQUIRED,Method annotation,High
R-T-CODING-DECODIN,R-S-CODING-DEC-LETTER-SHIFT,REQUIRED,Structural curriculum grouping,High
R-S-CODING-DEC-LETTER-SHIFT,R-M-CODING-D-LETTER-SHI-UNIFORM-SH,REQUIRED,Structural curriculum grouping,High
R-M-CODING-D-LETTER-SHI-UNIFORM-SH,R-A-LETTER-SHIFT-TRA,REQUIRED,Structure instantiates the concept,High
R-A-LETTER-SHIFT-TRA,R-V-LETTER-SHIFT-T0,REQUIRED,Trap annotation,High
R-A-LETTER-SHIFT-TRA,R-V-LETTER-SHIFT-M,REQUIRED,Method annotation,High
R-T-CODING-DECODIN,R-S-CODING-DEC-MATRIX-CODE-,REQUIRED,Structural curriculum grouping,High
R-S-CODING-DEC-MATRIX-CODE-,R-M-CODING-D-MATRIX-COD-LOOKUP-MAP,REQUIRED,Structural curriculum grouping,High
R-M-CODING-D-MATRIX-COD-LOOKUP-MAP,R-A-MATRIX-CODE-TABL,REQUIRED,Structure instantiates the concept,High
R-A-MATRIX-CODE-TABL,R-V-MATRIX-CODE--T0,REQUIRED,Trap annotation,High
R-A-MATRIX-CODE-TABL,R-V-MATRIX-CODE--M,REQUIRED,Method annotation,High
R-T-CODING-DECODIN,R-S-CODING-DEC-REARRANGEMEN,REQUIRED,Structural curriculum grouping,High
R-S-CODING-DEC-REARRANGEMEN,R-M-CODING-D-REARRANGEM-POSITION-P,REQUIRED,Structural curriculum grouping,High
R-M-CODING-D-REARRANGEM-POSITION-P,R-A-REARRANGEMENT-CO,REQUIRED,Structure instantiates the concept,High
R-A-REARRANGEMENT-CO,R-V-REARRANGEMEN-T0,REQUIRED,Trap annotation,High
R-A-REARRANGEMENT-CO,R-V-REARRANGEMEN-M,REQUIRED,Method annotation,High
R-T-DICE-CUBES,R-S-DICE-CUBES-GENERAL-DICE,REQUIRED,Structural curriculum grouping,High
R-S-DICE-CUBES-GENERAL-DICE,R-M-DICE-CUB-GENERAL-DI-SPATIAL-LO,REQUIRED,Structural curriculum grouping,High
R-M-DICE-CUB-GENERAL-DI-SPATIAL-LO,R-A-GENERAL-DICE-CUB,REQUIRED,Structure instantiates the concept,High
R-A-GENERAL-DICE-CUB,R-V-GENERAL-DICE-T0,REQUIRED,Trap annotation,High
R-A-GENERAL-DICE-CUB,R-V-GENERAL-DICE-M,REQUIRED,Method annotation,High
R-T-DICE-CUBES,R-S-DICE-CUBES-STANDARD-DIC,REQUIRED,Structural curriculum grouping,High
R-S-DICE-CUBES-STANDARD-DIC,R-M-DICE-CUB-STANDARD-D-ADJACENT-N,REQUIRED,Structural curriculum grouping,High
R-M-DICE-CUB-STANDARD-D-ADJACENT-N,R-A-STANDARD-DICE-OP,REQUIRED,Structure instantiates the concept,High
R-A-STANDARD-DICE-OP,R-V-STANDARD-DIC-T0,REQUIRED,Trap annotation,High
R-A-STANDARD-DICE-OP,R-V-STANDARD-DIC-M,REQUIRED,Method annotation,High
R-T-DICTIONARY-WOR,R-S-DICTIONARY-ALPHABET-POS,REQUIRED,Structural curriculum grouping,High
R-S-DICTIONARY-ALPHABET-POS,R-M-DICTIONA-ALPHABET-P-A1Z26-SPAN,REQUIRED,Structural curriculum grouping,High
R-M-DICTIONA-ALPHABET-P-A1Z26-SPAN,R-A-ALPHABET-POSITIO,REQUIRED,Structure instantiates the concept,High
R-A-ALPHABET-POSITIO,R-V-ALPHABET-POS-T0,REQUIRED,Trap annotation,High
R-A-ALPHABET-POSITIO,R-V-ALPHABET-POS-M,REQUIRED,Method annotation,High
R-T-DICTIONARY-WOR,R-S-DICTIONARY-DICTIONARY-O,REQUIRED,Structural curriculum grouping,High
R-S-DICTIONARY-DICTIONARY-O,R-M-DICTIONA-DICTIONARY-LETTER-BY-,REQUIRED,Structural curriculum grouping,High
R-M-DICTIONA-DICTIONARY-LETTER-BY-,R-A-DICTIONARY-ORDER,REQUIRED,Structure instantiates the concept,High
R-A-DICTIONARY-ORDER,R-V-DICTIONARY-O-T0,REQUIRED,Trap annotation,High
R-A-DICTIONARY-ORDER,R-V-DICTIONARY-O-M,REQUIRED,Method annotation,High
R-T-DICTIONARY-WOR,R-S-DICTIONARY-GENERAL-ORDE,REQUIRED,Structural curriculum grouping,High
R-S-DICTIONARY-GENERAL-ORDE,R-M-DICTIONA-GENERAL-OR-LEXICOGRAP,REQUIRED,Structural curriculum grouping,High
R-M-DICTIONA-GENERAL-OR-LEXICOGRAP,R-A-GENERAL-ORDER-FO,REQUIRED,Structure instantiates the concept,High
R-A-GENERAL-ORDER-FO,R-V-GENERAL-ORDE-T0,REQUIRED,Trap annotation,High
R-A-GENERAL-ORDER-FO,R-V-GENERAL-ORDE-M,REQUIRED,Method annotation,High
R-T-DICTIONARY-WOR,R-S-DICTIONARY-MEANINGFUL-W,REQUIRED,Structural curriculum grouping,High
R-S-DICTIONARY-MEANINGFUL-W,R-M-DICTIONA-MEANINGFUL-ANAGRAM-SE,REQUIRED,Structural curriculum grouping,High
R-M-DICTIONA-MEANINGFUL-ANAGRAM-SE,R-A-MEANINGFUL-WORD-,REQUIRED,Structure instantiates the concept,High
R-A-MEANINGFUL-WORD-,R-V-MEANINGFUL-W-T0,REQUIRED,Trap annotation,High
R-A-MEANINGFUL-WORD-,R-V-MEANINGFUL-W-M,REQUIRED,Method annotation,High
R-T-DIRECTION-SENS,R-S-DIRECTION--GENERAL-DIRE,REQUIRED,Structural curriculum grouping,High
R-S-DIRECTION--GENERAL-DIRE,R-M-DIRECTIO-GENERAL-DI-PATH-TRACK,REQUIRED,Structural curriculum grouping,High
R-M-DIRECTIO-GENERAL-DI-PATH-TRACK,R-A-GENERAL-DIRECTIO,REQUIRED,Structure instantiates the concept,High
R-A-GENERAL-DIRECTIO,R-V-GENERAL-DIRE-T0,REQUIRED,Trap annotation,High
R-A-GENERAL-DIRECTIO,R-V-GENERAL-DIRE-M,REQUIRED,Method annotation,High
R-T-DIRECTION-SENS,R-S-DIRECTION--SHADOW-BASED,REQUIRED,Structural curriculum grouping,High
R-S-DIRECTION--SHADOW-BASED,R-M-DIRECTIO-SHADOW-BAS-SUN-ORIENT,REQUIRED,Structural curriculum grouping,High
R-M-DIRECTIO-SHADOW-BAS-SUN-ORIENT,R-A-SHADOW-BASED-DIR,REQUIRED,Structure instantiates the concept,High
R-A-SHADOW-BASED-DIR,R-V-SHADOW-BASED-T0,REQUIRED,Trap annotation,High
R-A-SHADOW-BASED-DIR,R-V-SHADOW-BASED-M,REQUIRED,Method annotation,High
R-T-DIRECTION-SENS,R-S-DIRECTION--TURN-AND-DIS,REQUIRED,Structural curriculum grouping,High
R-S-DIRECTION--TURN-AND-DIS,R-M-DIRECTIO-TURN-AND-D-CARDINAL-T,REQUIRED,Structural curriculum grouping,High
R-M-DIRECTIO-TURN-AND-D-CARDINAL-T,R-A-TURN-AND-DISTANC,REQUIRED,Structure instantiates the concept,High
R-A-TURN-AND-DISTANC,R-V-TURN-AND-DIS-T0,REQUIRED,Trap annotation,High
R-A-TURN-AND-DISTANC,R-V-TURN-AND-DIS-M,REQUIRED,Method annotation,High
R-T-EMBEDDED-COMPL,R-S-EMBEDDED-C-COUNT-GEOMET,REQUIRED,Structural curriculum grouping,High
R-S-EMBEDDED-C-COUNT-GEOMET,R-M-EMBEDDED-COUNT-GEOM-SYSTEMATIC,REQUIRED,Structural curriculum grouping,High
R-M-EMBEDDED-COUNT-GEOM-SYSTEMATIC,R-A-COUNT-GEOMETRIC-,REQUIRED,Structure instantiates the concept,High
R-A-COUNT-GEOMETRIC-,R-V-COUNT-GEOMET-T0,REQUIRED,Trap annotation,High
R-A-COUNT-GEOMETRIC-,R-V-COUNT-GEOMET-M,REQUIRED,Method annotation,High
R-T-EMBEDDED-COMPL,R-S-EMBEDDED-C-EMBEDDED,REQUIRED,Structural curriculum grouping,High
R-S-EMBEDDED-C-EMBEDDED,R-M-EMBEDDED-EMBEDDED-PART-WHOLE,REQUIRED,Structural curriculum grouping,High
R-M-EMBEDDED-EMBEDDED-PART-WHOLE,R-A-EMBEDDED-HIDDEN-,REQUIRED,Structure instantiates the concept,High
R-A-EMBEDDED-HIDDEN-,R-V-EMBEDDED-HID-T0,REQUIRED,Trap annotation,High
R-A-EMBEDDED-HIDDEN-,R-V-EMBEDDED-HID-M,REQUIRED,Method annotation,High
R-T-EMBEDDED-COMPL,R-S-EMBEDDED-C-FIGURE-COMPL,REQUIRED,Structural curriculum grouping,High
R-S-EMBEDDED-C-FIGURE-COMPL,R-M-EMBEDDED-FIGURE-COM-SYMMETRY-F,REQUIRED,Structural curriculum grouping,High
R-M-EMBEDDED-FIGURE-COM-SYMMETRY-F,R-A-FIGURE-COMPLETIO,REQUIRED,Structure instantiates the concept,High
R-A-FIGURE-COMPLETIO,R-V-FIGURE-COMPL-T0,REQUIRED,Trap annotation,High
R-A-FIGURE-COMPLETIO,R-V-FIGURE-COMPL-M,REQUIRED,Method annotation,High
R-T-EMBEDDED-COMPL,R-S-EMBEDDED-C-GENERAL-FIGU,REQUIRED,Structural curriculum grouping,High
R-S-EMBEDDED-C-GENERAL-FIGU,R-M-EMBEDDED-GENERAL-FI-VISUAL-ANA,REQUIRED,Structural curriculum grouping,High
R-M-EMBEDDED-GENERAL-FI-VISUAL-ANA,R-A-GENERAL-FIGURE-T,REQUIRED,Structure instantiates the concept,High
R-A-GENERAL-FIGURE-T,R-V-GENERAL-FIGU-T0,REQUIRED,Trap annotation,High
R-A-GENERAL-FIGURE-T,R-V-GENERAL-FIGU-M,REQUIRED,Method annotation,High
R-T-FIGURE-SERIES,R-S-FIGURE-SER-FIGURE-SERIE,REQUIRED,Structural curriculum grouping,High
R-S-FIGURE-SER-FIGURE-SERIE,R-M-FIGURE-S-FIGURE-SER-VISUAL-RUL,REQUIRED,Structural curriculum grouping,High
R-M-FIGURE-S-FIGURE-SER-VISUAL-RUL,R-A-FIGURE-SERIES-CO,REQUIRED,Structure instantiates the concept,High
R-A-FIGURE-SERIES-CO,R-V-FIGURE-SERIE-T0,REQUIRED,Trap annotation,High
R-A-FIGURE-SERIES-CO,R-V-FIGURE-SERIE-M,REQUIRED,Method annotation,High
R-T-FIGURE-BASED-I,R-S-FIGURE-BAS-FIGURE-TASK,REQUIRED,Structural curriculum grouping,High
R-S-FIGURE-BAS-FIGURE-TASK,R-M-FIGURE-B-FIGURE-TAS-VISUAL-REA,REQUIRED,Structural curriculum grouping,High
R-M-FIGURE-B-FIGURE-TAS-VISUAL-REA,R-A-FIGURE-TASK-NEED,REQUIRED,Structure instantiates the concept,High
R-A-FIGURE-TASK-NEED,R-V-FIGURE-TASK--M,REQUIRED,Method annotation,High
R-T-MATHEMATICAL-O,R-S-MATHEMATIC-CUSTOM-OPERA,REQUIRED,Structural curriculum grouping,High
R-S-MATHEMATIC-CUSTOM-OPERA,R-M-MATHEMAT-CUSTOM-OPE-SYMBOL-REM,REQUIRED,Structural curriculum grouping,High
R-M-MATHEMAT-CUSTOM-OPE-SYMBOL-REM,R-A-CUSTOM-OPERATOR-,REQUIRED,Structure instantiates the concept,High
R-A-CUSTOM-OPERATOR-,R-V-CUSTOM-OPERA-T0,REQUIRED,Trap annotation,High
R-A-CUSTOM-OPERATOR-,R-V-CUSTOM-OPERA-M,REQUIRED,Method annotation,High
R-T-MATHEMATICAL-O,R-S-MATHEMATIC-FILL-WITH-OP,REQUIRED,Structural curriculum grouping,High
R-S-MATHEMATIC-FILL-WITH-OP,R-M-MATHEMAT-FILL-WITH--OPERATOR-P,REQUIRED,Structural curriculum grouping,High
R-M-MATHEMAT-FILL-WITH--OPERATOR-P,R-A-FILL-WITH-OPERAT,REQUIRED,Structure instantiates the concept,High
R-A-FILL-WITH-OPERAT,R-V-FILL-WITH-OP-T0,REQUIRED,Trap annotation,High
R-A-FILL-WITH-OPERAT,R-V-FILL-WITH-OP-M,REQUIRED,Method annotation,High
R-T-MATHEMATICAL-O,R-S-MATHEMATIC-GENERAL-OPER,REQUIRED,Structural curriculum grouping,High
R-S-MATHEMATIC-GENERAL-OPER,R-M-MATHEMAT-GENERAL-OP-BODMAS-TRI,REQUIRED,Structural curriculum grouping,High
R-M-MATHEMAT-GENERAL-OP-BODMAS-TRI,R-A-GENERAL-OPERATOR,REQUIRED,Structure instantiates the concept,High
R-A-GENERAL-OPERATOR,R-V-GENERAL-OPER-T0,REQUIRED,Trap annotation,High
R-A-GENERAL-OPERATOR,R-V-GENERAL-OPER-M,REQUIRED,Method annotation,High
R-T-MATHEMATICAL-O,R-S-MATHEMATIC-GRID-MATRIX-,REQUIRED,Structural curriculum grouping,High
R-S-MATHEMATIC-GRID-MATRIX-,R-M-MATHEMAT-GRID-MATRI-ROW-WISE-R,REQUIRED,Structural curriculum grouping,High
R-M-MATHEMAT-GRID-MATRI-ROW-WISE-R,R-A-GRID-MATRIX-NUMB,REQUIRED,Structure instantiates the concept,High
R-A-GRID-MATRIX-NUMB,R-V-GRID-MATRIX--T0,REQUIRED,Trap annotation,High
R-A-GRID-MATRIX-NUMB,R-V-GRID-MATRIX--M,REQUIRED,Method annotation,High
R-T-MATHEMATICAL-O,R-S-MATHEMATIC-ODD-OPERATIO,REQUIRED,Structural curriculum grouping,High
R-S-MATHEMATIC-ODD-OPERATIO,R-M-MATHEMAT-ODD-OPERAT-COMMON-OPE,REQUIRED,Structural curriculum grouping,High
R-M-MATHEMAT-ODD-OPERAT-COMMON-OPE,R-A-ODD-OPERATION-PA,REQUIRED,Structure instantiates the concept,High
R-A-ODD-OPERATION-PA,R-V-ODD-OPERATIO-T0,REQUIRED,Trap annotation,High
R-A-ODD-OPERATION-PA,R-V-ODD-OPERATIO-M,REQUIRED,Method annotation,High
R-T-MATHEMATICAL-O,R-S-MATHEMATIC-SIGN-SWAP-TO,REQUIRED,Structural curriculum grouping,High
R-S-MATHEMATIC-SIGN-SWAP-TO,R-M-MATHEMAT-SIGN-SWAP--SWAP-TWO-O,REQUIRED,Structural curriculum grouping,High
R-M-MATHEMAT-SIGN-SWAP--SWAP-TWO-O,R-A-SIGN-SWAP-TO-BAL,REQUIRED,Structure instantiates the concept,High
R-A-SIGN-SWAP-TO-BAL,R-V-SIGN-SWAP-TO-T0,REQUIRED,Trap annotation,High
R-A-SIGN-SWAP-TO-BAL,R-V-SIGN-SWAP-TO-M,REQUIRED,Method annotation,High
R-T-MATHEMATICAL-O,R-S-MATHEMATIC-SPECIAL-CHAR,REQUIRED,Structural curriculum grouping,High
R-S-MATHEMATIC-SPECIAL-CHAR,R-M-MATHEMAT-SPECIAL-CH-SYMBOL-REM,REQUIRED,Structural curriculum grouping,High
R-M-MATHEMAT-SPECIAL-CH-SYMBOL-REM,R-A-SPECIAL-CHARACTE,REQUIRED,Structure instantiates the concept,High
R-A-SPECIAL-CHARACTE,R-V-SPECIAL-CHAR-T0,REQUIRED,Trap annotation,High
R-A-SPECIAL-CHARACTE,R-V-SPECIAL-CHAR-M,REQUIRED,Method annotation,High
R-T-MIRROR-WATER-I,R-S-MIRROR-WAT-GENERAL-IMAG,REQUIRED,Structural curriculum grouping,High
R-S-MIRROR-WAT-GENERAL-IMAG,R-M-MIRROR-W-GENERAL-IM-FLIP-RULE,REQUIRED,Structural curriculum grouping,High
R-M-MIRROR-W-GENERAL-IM-FLIP-RULE,R-A-GENERAL-IMAGE-FL,REQUIRED,Structure instantiates the concept,High
R-A-GENERAL-IMAGE-FL,R-V-GENERAL-IMAG-T0,REQUIRED,Trap annotation,High
R-A-GENERAL-IMAGE-FL,R-V-GENERAL-IMAG-M,REQUIRED,Method annotation,High
R-T-MIRROR-WATER-I,R-S-MIRROR-WAT-MIRROR-IMAGE,REQUIRED,Structural curriculum grouping,High
R-S-MIRROR-WAT-MIRROR-IMAGE,R-M-MIRROR-W-MIRROR-IMA-LEFT-RIGHT,REQUIRED,Structural curriculum grouping,High
R-M-MIRROR-W-MIRROR-IMA-LEFT-RIGHT,R-A-MIRROR-IMAGE-LAT,REQUIRED,Structure instantiates the concept,High
R-A-MIRROR-IMAGE-LAT,R-V-MIRROR-IMAGE-T0,REQUIRED,Trap annotation,High
R-A-MIRROR-IMAGE-LAT,R-V-MIRROR-IMAGE-M,REQUIRED,Method annotation,High
R-T-MISCELLANEOUS-,R-S-MISCELLANE-UNCLASSIFIED,REQUIRED,Structural curriculum grouping,High
R-S-MISCELLANE-UNCLASSIFIED,R-M-MISCELLA-UNCLASSIFI-MIXED-SKIL,REQUIRED,Structural curriculum grouping,High
R-M-MISCELLA-UNCLASSIFI-MIXED-SKIL,R-A-UNCLASSIFIED-REA,REQUIRED,Structure instantiates the concept,High
R-A-UNCLASSIFIED-REA,R-V-UNCLASSIFIED-T0,REQUIRED,Trap annotation,High
R-A-UNCLASSIFIED-REA,R-V-UNCLASSIFIED-M,REQUIRED,Method annotation,High
R-T-NUMBER-ALPHABE,R-S-NUMBER-ALP-ADDITIVE,REQUIRED,Structural curriculum grouping,High
R-S-NUMBER-ALP-ADDITIVE,R-M-NUMBER-A-ADDITIVE-EACH-SUM-O,REQUIRED,Structural curriculum grouping,High
R-M-NUMBER-A-ADDITIVE-EACH-SUM-O,R-A-ADDITIVE-FIBONAC,REQUIRED,Structure instantiates the concept,High
R-A-ADDITIVE-FIBONAC,R-V-ADDITIVE-FIB-T0,REQUIRED,Trap annotation,High
R-A-ADDITIVE-FIBONAC,R-V-ADDITIVE-FIB-M,REQUIRED,Method annotation,High
R-T-NUMBER-ALPHABE,R-S-NUMBER-ALP-ALPHABET-POS,REQUIRED,Structural curriculum grouping,High
R-S-NUMBER-ALP-ALPHABET-POS,R-M-NUMBER-A-ALPHABET-P-A1Z26-LOGI,REQUIRED,Structural curriculum grouping,High
R-M-NUMBER-A-ALPHABET-P-A1Z26-LOGI,R-A-ALPHABET-POSITIO-2,REQUIRED,Structure instantiates the concept,High
R-A-ALPHABET-POSITIO-2,R-V-ALPHABET-POS-T0-2,REQUIRED,Trap annotation,High
R-A-ALPHABET-POSITIO-2,R-V-ALPHABET-POS-M-2,REQUIRED,Method annotation,High
R-T-NUMBER-ALPHABE,R-S-NUMBER-ALP-ALTERNATING,REQUIRED,Structural curriculum grouping,High
R-S-NUMBER-ALP-ALTERNATING,R-M-NUMBER-A-ALTERNATIN-EVEN-ODD-P,REQUIRED,Structural curriculum grouping,High
R-M-NUMBER-A-ALTERNATIN-EVEN-ODD-P,R-A-ALTERNATING-TWO-,REQUIRED,Structure instantiates the concept,High
R-A-ALTERNATING-TWO-,R-V-ALTERNATING--T0,REQUIRED,Trap annotation,High
R-A-ALTERNATING-TWO-,R-V-ALTERNATING--M,REQUIRED,Method annotation,High
R-T-NUMBER-ALPHABE,R-S-NUMBER-ALP-ALTERNATING-,REQUIRED,Structural curriculum grouping,High
R-S-NUMBER-ALP-ALTERNATING-,R-M-NUMBER-A-ALTERNATIN-TWO-INTERL,REQUIRED,Structural curriculum grouping,High
R-M-NUMBER-A-ALTERNATIN-TWO-INTERL,R-A-ALTERNATING-ALPH,REQUIRED,Structure instantiates the concept,High
R-A-ALTERNATING-ALPH,R-V-ALTERNATING--T0-2,REQUIRED,Trap annotation,High
R-A-ALTERNATING-ALPH,R-V-ALTERNATING--M-2,REQUIRED,Method annotation,High
R-T-NUMBER-ALPHABE,R-S-NUMBER-ALP-CONSTANT-DIF,REQUIRED,Structural curriculum grouping,High
R-S-NUMBER-ALP-CONSTANT-DIF,R-M-NUMBER-A-CONSTANT-D-AP-WITH-D-,REQUIRED,Structural curriculum grouping,High
R-M-NUMBER-A-CONSTANT-D-AP-WITH-D-,R-A-CONSTANT-DIFFERE,REQUIRED,Structure instantiates the concept,High
R-A-CONSTANT-DIFFERE,R-V-CONSTANT-DIF-T0,REQUIRED,Trap annotation,High
R-A-CONSTANT-DIFFERE,R-V-CONSTANT-DIF-M,REQUIRED,Method annotation,High
R-S-NUMBER-ALP-CONSTANT-DIF,R-M-NUMBER-A-CONSTANT-D-AP-WITH-D--2,REQUIRED,Structural curriculum grouping,High
R-M-NUMBER-A-CONSTANT-D-AP-WITH-D--2,R-A-CONSTANT-DIFFERE-2,REQUIRED,Structure instantiates the concept,High
R-A-CONSTANT-DIFFERE-2,R-V-CONSTANT-DIF-T0-2,REQUIRED,Trap annotation,High
R-A-CONSTANT-DIFFERE-2,R-V-CONSTANT-DIF-M-2,REQUIRED,Method annotation,High
R-S-NUMBER-ALP-CONSTANT-DIF,R-M-NUMBER-A-CONSTANT-D-AP-WITH-D--3,REQUIRED,Structural curriculum grouping,High
R-M-NUMBER-A-CONSTANT-D-AP-WITH-D--3,R-A-CONSTANT-DIFFERE-3,REQUIRED,Structure instantiates the concept,High
R-A-CONSTANT-DIFFERE-3,R-V-CONSTANT-DIF-T0-3,REQUIRED,Trap annotation,High
R-A-CONSTANT-DIFFERE-3,R-V-CONSTANT-DIF-M-3,REQUIRED,Method annotation,High
R-S-NUMBER-ALP-CONSTANT-DIF,R-M-NUMBER-A-CONSTANT-D-AP-WITH-D--4,REQUIRED,Structural curriculum grouping,High
R-M-NUMBER-A-CONSTANT-D-AP-WITH-D--4,R-A-CONSTANT-DIFFERE-4,REQUIRED,Structure instantiates the concept,High
R-A-CONSTANT-DIFFERE-4,R-V-CONSTANT-DIF-T0-4,REQUIRED,Trap annotation,High
R-A-CONSTANT-DIFFERE-4,R-V-CONSTANT-DIF-M-4,REQUIRED,Method annotation,High
R-S-NUMBER-ALP-CONSTANT-DIF,R-M-NUMBER-A-CONSTANT-D-AP-WITH-D--5,REQUIRED,Structural curriculum grouping,High
R-M-NUMBER-A-CONSTANT-D-AP-WITH-D--5,R-A-CONSTANT-DIFFERE-5,REQUIRED,Structure instantiates the concept,High
R-A-CONSTANT-DIFFERE-5,R-V-CONSTANT-DIF-T0-5,REQUIRED,Trap annotation,High
R-A-CONSTANT-DIFFERE-5,R-V-CONSTANT-DIF-M-5,REQUIRED,Method annotation,High
R-S-NUMBER-ALP-CONSTANT-DIF,R-M-NUMBER-A-CONSTANT-D-AP-WITH-D--6,REQUIRED,Structural curriculum grouping,High
R-M-NUMBER-A-CONSTANT-D-AP-WITH-D--6,R-A-CONSTANT-DIFFERE-6,REQUIRED,Structure instantiates the concept,High
R-A-CONSTANT-DIFFERE-6,R-V-CONSTANT-DIF-T0-6,REQUIRED,Trap annotation,High
R-A-CONSTANT-DIFFERE-6,R-V-CONSTANT-DIF-M-6,REQUIRED,Method annotation,High
R-S-NUMBER-ALP-CONSTANT-DIF,R-M-NUMBER-A-CONSTANT-D-AP-WITH-D--7,REQUIRED,Structural curriculum grouping,High
R-M-NUMBER-A-CONSTANT-D-AP-WITH-D--7,R-A-CONSTANT-DIFFERE-7,REQUIRED,Structure instantiates the concept,High
R-A-CONSTANT-DIFFERE-7,R-V-CONSTANT-DIF-T0-7,REQUIRED,Trap annotation,High
R-A-CONSTANT-DIFFERE-7,R-V-CONSTANT-DIF-M-7,REQUIRED,Method annotation,High
R-T-NUMBER-ALPHABE,R-S-NUMBER-ALP-CONSTANT-SHI,REQUIRED,Structural curriculum grouping,High
R-S-NUMBER-ALP-CONSTANT-SHI,R-M-NUMBER-A-CONSTANT-S-UNIFORM-SH,REQUIRED,Structural curriculum grouping,High
R-M-NUMBER-A-CONSTANT-S-UNIFORM-SH,R-A-CONSTANT-SHIFT-A,REQUIRED,Structure instantiates the concept,High
R-A-CONSTANT-SHIFT-A,R-V-CONSTANT-SHI-T0,REQUIRED,Trap annotation,High
R-A-CONSTANT-SHIFT-A,R-V-CONSTANT-SHI-M,REQUIRED,Method annotation,High
R-T-NUMBER-ALPHABE,R-S-NUMBER-ALP-GENERAL-SERI,REQUIRED,Structural curriculum grouping,High
R-S-NUMBER-ALP-GENERAL-SERI,R-M-NUMBER-A-GENERAL-SE-PATTERN-EX,REQUIRED,Structural curriculum grouping,High
R-M-NUMBER-A-GENERAL-SE-PATTERN-EX,R-A-GENERAL-SERIES-C,REQUIRED,Structure instantiates the concept,High
R-A-GENERAL-SERIES-C,R-V-GENERAL-SERI-T0,REQUIRED,Trap annotation,High
R-A-GENERAL-SERIES-C,R-V-GENERAL-SERI-M,REQUIRED,Method annotation,High
R-T-NUMBER-ALPHABE,R-S-NUMBER-ALP-GEOMETRIC-SE,REQUIRED,Structural curriculum grouping,High
R-S-NUMBER-ALP-GEOMETRIC-SE,R-M-NUMBER-A-GEOMETRIC--CONSTANT-R,REQUIRED,Structural curriculum grouping,High
R-M-NUMBER-A-GEOMETRIC--CONSTANT-R,R-A-GEOMETRIC-SERIES,REQUIRED,Structure instantiates the concept,High
R-A-GEOMETRIC-SERIES,R-V-GEOMETRIC-SE-T0,REQUIRED,Trap annotation,High
R-A-GEOMETRIC-SERIES,R-V-GEOMETRIC-SE-M,REQUIRED,Method annotation,High
R-T-NUMBER-ALPHABE,R-S-NUMBER-ALP-INCREASING-S,REQUIRED,Structural curriculum grouping,High
R-S-NUMBER-ALP-INCREASING-S,R-M-NUMBER-A-INCREASING-SHIFT-GROW,REQUIRED,Structural curriculum grouping,High
R-M-NUMBER-A-INCREASING-SHIFT-GROW,R-A-INCREASING-SHIFT,REQUIRED,Structure instantiates the concept,High
R-A-INCREASING-SHIFT,R-V-INCREASING-S-T0,REQUIRED,Trap annotation,High
R-A-INCREASING-SHIFT,R-V-INCREASING-S-M,REQUIRED,Method annotation,High
R-T-NUMBER-ALPHABE,R-S-NUMBER-ALP-LETTER-BLANK,REQUIRED,Structural curriculum grouping,High
R-S-NUMBER-ALP-LETTER-BLANK,R-M-NUMBER-A-LETTER-BLA-SLOT-COMPL,REQUIRED,Structural curriculum grouping,High
R-M-NUMBER-A-LETTER-BLA-SLOT-COMPL,R-A-LETTER-BLANK-FIL,REQUIRED,Structure instantiates the concept,High
R-A-LETTER-BLANK-FIL,R-V-LETTER-BLANK-T0,REQUIRED,Trap annotation,High
R-A-LETTER-BLANK-FIL,R-V-LETTER-BLANK-M,REQUIRED,Method annotation,High
R-T-NUMBER-ALPHABE,R-S-NUMBER-ALP-MIXED-OPERAT,REQUIRED,Structural curriculum grouping,High
R-S-NUMBER-ALP-MIXED-OPERAT,R-M-NUMBER-A-MIXED-OPER-COMBINED-R,REQUIRED,Structural curriculum grouping,High
R-M-NUMBER-A-MIXED-OPER-COMBINED-R,R-A-MIXED-OPERATION-,REQUIRED,Structure instantiates the concept,High
R-A-MIXED-OPERATION-,R-V-MIXED-OPERAT-T0,REQUIRED,Trap annotation,High
R-A-MIXED-OPERATION-,R-V-MIXED-OPERAT-M,REQUIRED,Method annotation,High
R-T-NUMBER-ALPHABE,R-S-NUMBER-ALP-MULTIPLY-ADD,REQUIRED,Structural curriculum grouping,High
R-S-NUMBER-ALP-MULTIPLY-ADD,R-M-NUMBER-A-MULTIPLY-A-FIXED-K-C-,REQUIRED,Structural curriculum grouping,High
R-M-NUMBER-A-MULTIPLY-A-FIXED-K-C-,R-A-MULTIPLY-ADD-KC-,REQUIRED,Structure instantiates the concept,High
R-A-MULTIPLY-ADD-KC-,R-V-MULTIPLY-ADD-T0,REQUIRED,Trap annotation,High
R-A-MULTIPLY-ADD-KC-,R-V-MULTIPLY-ADD-M,REQUIRED,Method annotation,High
R-T-NUMBER-ALPHABE,R-S-NUMBER-ALP-NUMERIC-ARRA,REQUIRED,Structural curriculum grouping,High
R-S-NUMBER-ALP-NUMERIC-ARRA,R-M-NUMBER-A-NUMERIC-AR-RELATION-A,REQUIRED,Structural curriculum grouping,High
R-M-NUMBER-A-NUMERIC-AR-RELATION-A,R-A-NUMERIC-ARRANGEM,REQUIRED,Structure instantiates the concept,High
R-A-NUMERIC-ARRANGEM,R-V-NUMERIC-ARRA-T0,REQUIRED,Trap annotation,High
R-A-NUMERIC-ARRANGEM,R-V-NUMERIC-ARRA-M,REQUIRED,Method annotation,High
R-T-NUMBER-ALPHABE,R-S-NUMBER-ALP-SECOND-ORDER,REQUIRED,Structural curriculum grouping,High
R-S-NUMBER-ALP-SECOND-ORDER,R-M-NUMBER-A-SECOND-ORD-CONSTANT-S,REQUIRED,Structural curriculum grouping,High
R-M-NUMBER-A-SECOND-ORD-CONSTANT-S,R-A-SECOND-ORDER-AP-,REQUIRED,Structure instantiates the concept,High
R-A-SECOND-ORDER-AP-,R-V-SECOND-ORDER-T0,REQUIRED,Trap annotation,High
R-A-SECOND-ORDER-AP-,R-V-SECOND-ORDER-M,REQUIRED,Method annotation,High
R-T-NUMBER-ALPHABE,R-S-NUMBER-ALP-SQUARES-CUBE,REQUIRED,Structural curriculum grouping,High
R-S-NUMBER-ALP-SQUARES-CUBE,R-M-NUMBER-A-SQUARES-CU-PERFECT-PO,REQUIRED,Structural curriculum grouping,High
R-M-NUMBER-A-SQUARES-CU-PERFECT-PO,R-A-SQUARES-CUBES-PA,REQUIRED,Structure instantiates the concept,High
R-A-SQUARES-CUBES-PA,R-V-SQUARES-CUBE-T0,REQUIRED,Trap annotation,High
R-A-SQUARES-CUBES-PA,R-V-SQUARES-CUBE-M,REQUIRED,Method annotation,High
R-T-PAPER-FOLDING-,R-S-PAPER-FOLD-FOLD-PUNCH-U,REQUIRED,Structural curriculum grouping,High
R-S-PAPER-FOLD-FOLD-PUNCH-U,R-M-PAPER-FO-FOLD-PUNCH-SYMMETRIC-,REQUIRED,Structural curriculum grouping,High
R-M-PAPER-FO-FOLD-PUNCH-SYMMETRIC-,R-A-FOLD-PUNCH-UNFOL,REQUIRED,Structure instantiates the concept,High
R-A-FOLD-PUNCH-UNFOL,R-V-FOLD-PUNCH-U-T0,REQUIRED,Trap annotation,High
R-A-FOLD-PUNCH-UNFOL,R-V-FOLD-PUNCH-U-M,REQUIRED,Method annotation,High
R-T-RANKING-ORDER,R-S-RANKING-OR-RANK-POSITIO,REQUIRED,Structural curriculum grouping,High
R-S-RANKING-OR-RANK-POSITIO,R-M-RANKING--RANK-POSIT-ENDS-COUNT,REQUIRED,Structural curriculum grouping,High
R-M-RANKING--RANK-POSIT-ENDS-COUNT,R-A-RANK-POSITION-IN,REQUIRED,Structure instantiates the concept,High
R-A-RANK-POSITION-IN,R-V-RANK-POSITIO-T0,REQUIRED,Trap annotation,High
R-A-RANK-POSITION-IN,R-V-RANK-POSITIO-M,REQUIRED,Method annotation,High
R-T-SEATING-ARRANG,R-S-SEATING-AR-CIRCULAR-ARR,REQUIRED,Structural curriculum grouping,High
R-S-SEATING-AR-CIRCULAR-ARR,R-M-SEATING--CIRCULAR-A-AROUND-TAB,REQUIRED,Structural curriculum grouping,High
R-M-SEATING--CIRCULAR-A-AROUND-TAB,R-A-CIRCULAR-ARRANGE,REQUIRED,Structure instantiates the concept,High
R-A-CIRCULAR-ARRANGE,R-V-CIRCULAR-ARR-T0,REQUIRED,Trap annotation,High
R-A-CIRCULAR-ARRANGE,R-V-CIRCULAR-ARR-M,REQUIRED,Method annotation,High
R-T-SEATING-ARRANG,R-S-SEATING-AR-GENERAL-ARRA,REQUIRED,Structural curriculum grouping,High
R-S-SEATING-AR-GENERAL-ARRA,R-M-SEATING--GENERAL-AR-PLACEMENT-,REQUIRED,Structural curriculum grouping,High
R-M-SEATING--GENERAL-AR-PLACEMENT-,R-A-GENERAL-ARRANGEM,REQUIRED,Structure instantiates the concept,High
R-A-GENERAL-ARRANGEM,R-V-GENERAL-ARRA-T0,REQUIRED,Trap annotation,High
R-A-GENERAL-ARRANGEM,R-V-GENERAL-ARRA-M,REQUIRED,Method annotation,High
R-T-SYLLOGISM-CONC,R-S-SYLLOGISM--ARGUMENT-COU,REQUIRED,Structural curriculum grouping,High
R-S-SYLLOGISM--ARGUMENT-COU,R-M-SYLLOGIS-ARGUMENT-C-STRENGTH-T,REQUIRED,Structural curriculum grouping,High
R-M-SYLLOGIS-ARGUMENT-C-STRENGTH-T,R-A-ARGUMENT-COURSE-,REQUIRED,Structure instantiates the concept,High
R-A-ARGUMENT-COURSE-,R-V-ARGUMENT-COU-T0,REQUIRED,Trap annotation,High
R-A-ARGUMENT-COURSE-,R-V-ARGUMENT-COU-M,REQUIRED,Method annotation,High
R-T-SYLLOGISM-CONC,R-S-SYLLOGISM--GENERAL-SYLL,REQUIRED,Structural curriculum grouping,High
R-S-SYLLOGISM--GENERAL-SYLL,R-M-SYLLOGIS-GENERAL-SY-VENN-TEST-,REQUIRED,Structural curriculum grouping,High
R-M-SYLLOGIS-GENERAL-SY-VENN-TEST-,R-A-GENERAL-SYLLOGIS,REQUIRED,Structure instantiates the concept,High
R-A-GENERAL-SYLLOGIS,R-V-GENERAL-SYLL-T0,REQUIRED,Trap annotation,High
R-A-GENERAL-SYLLOGIS,R-V-GENERAL-SYLL-M,REQUIRED,Method annotation,High
R-T-SYLLOGISM-CONC,R-S-SYLLOGISM--SINGLE-STATE,REQUIRED,Structural curriculum grouping,High
R-S-SYLLOGISM--SINGLE-STATE,R-M-SYLLOGIS-SINGLE-STA-DIRECT-INF,REQUIRED,Structural curriculum grouping,High
R-M-SYLLOGIS-SINGLE-STA-DIRECT-INF,R-A-SINGLE-STATEMENT,REQUIRED,Structure instantiates the concept,High
R-A-SINGLE-STATEMENT,R-V-SINGLE-STATE-T0,REQUIRED,Trap annotation,High
R-A-SINGLE-STATEMENT,R-V-SINGLE-STATE-M,REQUIRED,Method annotation,High
R-T-SYLLOGISM-CONC,R-S-SYLLOGISM--STANDARD-SYL,REQUIRED,Structural curriculum grouping,High
R-S-SYLLOGISM--STANDARD-SYL,R-M-SYLLOGIS-STANDARD-S-VENN-CHAIN,REQUIRED,Structural curriculum grouping,High
R-M-SYLLOGIS-STANDARD-S-VENN-CHAIN,R-A-STANDARD-SYLLOGI,REQUIRED,Structure instantiates the concept,High
R-A-STANDARD-SYLLOGI,R-V-STANDARD-SYL-T0,REQUIRED,Trap annotation,High
R-A-STANDARD-SYLLOGI,R-V-STANDARD-SYL-M,REQUIRED,Method annotation,High
R-T-SYLLOGISM-CONC,R-S-SYLLOGISM--STATEMENT,REQUIRED,Structural curriculum grouping,High
R-S-SYLLOGISM--STATEMENT,R-M-SYLLOGIS-STATEMENT-IMPLICIT-P,REQUIRED,Structural curriculum grouping,High
R-M-SYLLOGIS-STATEMENT-IMPLICIT-P,R-A-STATEMENTASSUMPT,REQUIRED,Structure instantiates the concept,High
R-A-STATEMENTASSUMPT,R-V-STATEMENTASS-T0,REQUIRED,Trap annotation,High
R-A-STATEMENTASSUMPT,R-V-STATEMENTASS-M,REQUIRED,Method annotation,High
R-T-SYLLOGISM-CONC,R-S-SYLLOGISM--THREE-STATEM,REQUIRED,Structural curriculum grouping,High
R-S-SYLLOGISM--THREE-STATEM,R-M-SYLLOGIS-THREE-STAT-VENN-CHAIN,REQUIRED,Structural curriculum grouping,High
R-M-SYLLOGIS-THREE-STAT-VENN-CHAIN,R-A-THREE-STATEMENT-,REQUIRED,Structure instantiates the concept,High
R-A-THREE-STATEMENT-,R-V-THREE-STATEM-T0,REQUIRED,Trap annotation,High
R-A-THREE-STATEMENT-,R-V-THREE-STATEM-M,REQUIRED,Method annotation,High
R-T-VENN-DIAGRAM,R-S-VENN-DIAGR-VENN-CLASS-D,REQUIRED,Structural curriculum grouping,High
R-S-VENN-DIAGR-VENN-CLASS-D,R-M-VENN-DIA-VENN-CLASS-SET-INCLUS,REQUIRED,Structural curriculum grouping,High
R-M-VENN-DIA-VENN-CLASS-SET-INCLUS,R-A-VENN-CLASS-DIAGR,REQUIRED,Structure instantiates the concept,High
R-A-VENN-CLASS-DIAGR,R-V-VENN-CLASS-D-T0,REQUIRED,Trap annotation,High
R-A-VENN-CLASS-DIAGR,R-V-VENN-CLASS-D-M,REQUIRED,Method annotation,High
G-T-ART-CULTURE,G-S-ART-CULTUR-CLASSICAL-DA,REQUIRED,Structural curriculum grouping,High
G-S-ART-CULTUR-CLASSICAL-DA,G-M-CLASSICAL--GENERAL-FACT,REQUIRED,Fact family of the subtopic,High
G-M-CLASSICAL--GENERAL-FACT,G-A-CLASSICA-GENERAL--DIRECT-F,REQUIRED,Observed question form,High
G-A-CLASSICA-GENERAL--DIRECT-F,G-V-CLASSICA-GENERA-DIRECT,REQUIRED,Variation annotation,High
G-M-CLASSICAL--GENERAL-FACT,G-A-CLASSICA-GENERAL--MATCHING,REQUIRED,Observed question form,High
G-A-CLASSICA-GENERAL--MATCHING,G-V-CLASSICA-GENERA-MATCHI,REQUIRED,Variation annotation,High
G-M-CLASSICAL--GENERAL-FACT,G-A-CLASSICA-GENERAL--FILL-UP,REQUIRED,Observed question form,High
G-A-CLASSICA-GENERAL--FILL-UP,G-V-CLASSICA-GENERA-FILL-U,REQUIRED,Variation annotation,High
G-M-CLASSICAL--GENERAL-FACT,G-A-CLASSICA-GENERAL--STATEMEN,REQUIRED,Observed question form,High
G-A-CLASSICA-GENERAL--STATEMEN,G-V-CLASSICA-GENERA-STATEM,REQUIRED,Variation annotation,High
G-S-ART-CULTUR-CLASSICAL-DA,G-M-CLASSICAL--AWARD-ANCHOR,REQUIRED,Fact family of the subtopic,High
G-M-CLASSICAL--AWARD-ANCHOR,G-A-CLASSICA-AWARD-AN-DIRECT-F,REQUIRED,Observed question form,High
G-A-CLASSICA-AWARD-AN-DIRECT-F,G-V-CLASSICA-AWARD--DIRECT,REQUIRED,Variation annotation,High
G-S-ART-CULTUR-CLASSICAL-DA,G-M-CLASSICAL--PERSON-ANCHO,REQUIRED,Fact family of the subtopic,High
G-M-CLASSICAL--PERSON-ANCHO,G-A-CLASSICA-PERSON-A-DIRECT-F,REQUIRED,Observed question form,High
G-A-CLASSICA-PERSON-A-DIRECT-F,G-V-CLASSICA-PERSON-DIRECT,REQUIRED,Variation annotation,High
G-S-ART-CULTUR-CLASSICAL-DA,G-M-CLASSICAL--YEAR-ANCHORE,REQUIRED,Fact family of the subtopic,High
G-M-CLASSICAL--YEAR-ANCHORE,G-A-CLASSICA-YEAR-ANC-DIRECT-F,REQUIRED,Observed question form,High
G-A-CLASSICA-YEAR-ANC-DIRECT-F,G-V-CLASSICA-YEAR-A-DIRECT,REQUIRED,Variation annotation,High
G-S-ART-CULTUR-CLASSICAL-DA,G-M-CLASSICAL--PLACE-ANCHOR,REQUIRED,Fact family of the subtopic,High
G-M-CLASSICAL--PLACE-ANCHOR,G-A-CLASSICA-PLACE-AN-DIRECT-F,REQUIRED,Observed question form,High
G-A-CLASSICA-PLACE-AN-DIRECT-F,G-V-CLASSICA-PLACE--DIRECT,REQUIRED,Variation annotation,High
G-S-ART-CULTUR-CLASSICAL-DA,G-M-CLASSICAL--OTHER-CLASSI,REQUIRED,Fact family of the subtopic,High
G-M-CLASSICAL--OTHER-CLASSI,G-A-CLASSICA-OTHER-CL-DIRECT-F,REQUIRED,Observed question form,High
G-A-CLASSICA-OTHER-CL-DIRECT-F,G-V-CLASSICA-OTHER--DIRECT,REQUIRED,Variation annotation,High
G-M-CLASSICAL--OTHER-CLASSI,G-A-CLASSICA-OTHER-CL-STATEMEN,REQUIRED,Observed question form,High
G-A-CLASSICA-OTHER-CL-STATEMEN,G-V-CLASSICA-OTHER--STATEM,REQUIRED,Variation annotation,High
G-T-ART-CULTURE,G-S-ART-CULTUR-FESTIVALS-FA,REQUIRED,Structural curriculum grouping,High
G-S-ART-CULTUR-FESTIVALS-FA,G-M-FESTIVALS--GENERAL-FACT,REQUIRED,Fact family of the subtopic,High
G-M-FESTIVALS--GENERAL-FACT,G-A-FESTIVAL-GENERAL--DIRECT-F,REQUIRED,Observed question form,High
G-A-FESTIVAL-GENERAL--DIRECT-F,G-V-FESTIVAL-GENERA-DIRECT,REQUIRED,Variation annotation,High
G-M-FESTIVALS--GENERAL-FACT,G-A-FESTIVAL-GENERAL--FILL-UP,REQUIRED,Observed question form,High
G-A-FESTIVAL-GENERAL--FILL-UP,G-V-FESTIVAL-GENERA-FILL-U,REQUIRED,Variation annotation,High
G-M-FESTIVALS--GENERAL-FACT,G-A-FESTIVAL-GENERAL--MATCHING,REQUIRED,Observed question form,High
G-A-FESTIVAL-GENERAL--MATCHING,G-V-FESTIVAL-GENERA-MATCHI,REQUIRED,Variation annotation,High
G-S-ART-CULTUR-FESTIVALS-FA,G-M-FESTIVALS--PLACE-ANCHOR,REQUIRED,Fact family of the subtopic,High
G-M-FESTIVALS--PLACE-ANCHOR,G-A-FESTIVAL-PLACE-AN-DIRECT-F,REQUIRED,Observed question form,High
G-A-FESTIVAL-PLACE-AN-DIRECT-F,G-V-FESTIVAL-PLACE--DIRECT,REQUIRED,Variation annotation,High
G-S-ART-CULTUR-FESTIVALS-FA,G-M-FESTIVALS--SUPERLATIVE-,REQUIRED,Fact family of the subtopic,High
G-M-FESTIVALS--SUPERLATIVE-,G-A-FESTIVAL-SUPERLAT-DIRECT-F,REQUIRED,Observed question form,High
G-A-FESTIVAL-SUPERLAT-DIRECT-F,G-V-FESTIVAL-SUPERL-DIRECT,REQUIRED,Variation annotation,High
G-M-FESTIVALS--SUPERLATIVE-,G-A-FESTIVAL-SUPERLAT-MATCHING,REQUIRED,Observed question form,High
G-A-FESTIVAL-SUPERLAT-MATCHING,G-V-FESTIVAL-SUPERL-MATCHI,REQUIRED,Variation annotation,High
G-S-ART-CULTUR-FESTIVALS-FA,G-M-FESTIVALS--OTHER-FESTIV,REQUIRED,Fact family of the subtopic,High
G-M-FESTIVALS--OTHER-FESTIV,G-A-FESTIVAL-OTHER-FE-DIRECT-F,REQUIRED,Observed question form,High
G-A-FESTIVAL-OTHER-FE-DIRECT-F,G-V-FESTIVAL-OTHER--DIRECT,REQUIRED,Variation annotation,High
G-M-FESTIVALS--OTHER-FESTIV,G-A-FESTIVAL-OTHER-FE-STATEMEN,REQUIRED,Observed question form,High
G-A-FESTIVAL-OTHER-FE-STATEMEN,G-V-FESTIVAL-OTHER--STATEM,REQUIRED,Variation annotation,High
G-T-ART-CULTURE,G-S-ART-CULTUR-GENERAL-ART-,REQUIRED,Structural curriculum grouping,High
G-S-ART-CULTUR-GENERAL-ART-,G-M-GENERAL-AR-GENERAL-FACT,REQUIRED,Fact family of the subtopic,High
G-M-GENERAL-AR-GENERAL-FACT,G-A-GENERAL--GENERAL--DIRECT-F,REQUIRED,Observed question form,High
G-A-GENERAL--GENERAL--DIRECT-F,G-V-GENERAL--GENERA-DIRECT,REQUIRED,Variation annotation,High
G-M-GENERAL-AR-GENERAL-FACT,G-A-GENERAL--GENERAL--STATEMEN,REQUIRED,Observed question form,High
G-A-GENERAL--GENERAL--STATEMEN,G-V-GENERAL--GENERA-STATEM,REQUIRED,Variation annotation,High
G-M-GENERAL-AR-GENERAL-FACT,G-A-GENERAL--GENERAL--FILL-UP,REQUIRED,Observed question form,High
G-A-GENERAL--GENERAL--FILL-UP,G-V-GENERAL--GENERA-FILL-U,REQUIRED,Variation annotation,High
G-S-ART-CULTUR-GENERAL-ART-,G-M-GENERAL-AR-YEAR-ANCHORE,REQUIRED,Fact family of the subtopic,High
G-M-GENERAL-AR-YEAR-ANCHORE,G-A-GENERAL--YEAR-ANC-DIRECT-F,REQUIRED,Observed question form,High
G-A-GENERAL--YEAR-ANC-DIRECT-F,G-V-GENERAL--YEAR-A-DIRECT,REQUIRED,Variation annotation,High
G-M-GENERAL-AR-YEAR-ANCHORE,G-A-GENERAL--YEAR-ANC-FILL-UP,REQUIRED,Observed question form,High
G-A-GENERAL--YEAR-ANC-FILL-UP,G-V-GENERAL--YEAR-A-FILL-U,REQUIRED,Variation annotation,High
G-S-ART-CULTUR-GENERAL-ART-,G-M-GENERAL-AR-AWARD-ANCHOR,REQUIRED,Fact family of the subtopic,High
G-M-GENERAL-AR-AWARD-ANCHOR,G-A-GENERAL--AWARD-AN-DIRECT-F,REQUIRED,Observed question form,High
G-A-GENERAL--AWARD-AN-DIRECT-F,G-V-GENERAL--AWARD--DIRECT,REQUIRED,Variation annotation,High
G-M-GENERAL-AR-AWARD-ANCHOR,G-A-GENERAL--AWARD-AN-FILL-UP,REQUIRED,Observed question form,High
G-A-GENERAL--AWARD-AN-FILL-UP,G-V-GENERAL--AWARD--FILL-U,REQUIRED,Variation annotation,High
G-S-ART-CULTUR-GENERAL-ART-,G-M-GENERAL-AR-PERSON-ANCHO,REQUIRED,Fact family of the subtopic,High
G-M-GENERAL-AR-PERSON-ANCHO,G-A-GENERAL--PERSON-A-DIRECT-F,REQUIRED,Observed question form,High
G-A-GENERAL--PERSON-A-DIRECT-F,G-V-GENERAL--PERSON-DIRECT,REQUIRED,Variation annotation,High
G-S-ART-CULTUR-GENERAL-ART-,G-M-GENERAL-AR-SUPERLATIVE-,REQUIRED,Fact family of the subtopic,High
G-M-GENERAL-AR-SUPERLATIVE-,G-A-GENERAL--SUPERLAT-DIRECT-F,REQUIRED,Observed question form,High
G-A-GENERAL--SUPERLAT-DIRECT-F,G-V-GENERAL--SUPERL-DIRECT,REQUIRED,Variation annotation,High
G-S-ART-CULTUR-GENERAL-ART-,G-M-GENERAL-AR-OTHER-GENERA,REQUIRED,Fact family of the subtopic,High
G-M-GENERAL-AR-OTHER-GENERA,G-A-GENERAL--OTHER-GE-DIRECT-F,REQUIRED,Observed question form,High
G-A-GENERAL--OTHER-GE-DIRECT-F,G-V-GENERAL--OTHER--DIRECT,REQUIRED,Variation annotation,High
G-T-ART-CULTURE,G-S-ART-CULTUR-MUSIC-INSTRU,REQUIRED,Structural curriculum grouping,High
G-S-ART-CULTUR-MUSIC-INSTRU,G-M-MUSIC-INST-GENERAL-FACT,REQUIRED,Fact family of the subtopic,High
G-M-MUSIC-INST-GENERAL-FACT,G-A-MUSIC-IN-GENERAL--DIRECT-F,REQUIRED,Observed question form,High
G-A-MUSIC-IN-GENERAL--DIRECT-F,G-V-MUSIC-IN-GENERA-DIRECT,REQUIRED,Variation annotation,High
G-M-MUSIC-INST-GENERAL-FACT,G-A-MUSIC-IN-GENERAL--FILL-UP,REQUIRED,Observed question form,High
G-A-MUSIC-IN-GENERAL--FILL-UP,G-V-MUSIC-IN-GENERA-FILL-U,REQUIRED,Variation annotation,High
G-M-MUSIC-INST-GENERAL-FACT,G-A-MUSIC-IN-GENERAL--STATEMEN,REQUIRED,Observed question form,High
G-A-MUSIC-IN-GENERAL--STATEMEN,G-V-MUSIC-IN-GENERA-STATEM,REQUIRED,Variation annotation,High
G-M-MUSIC-INST-GENERAL-FACT,G-A-MUSIC-IN-GENERAL--MATCHING,REQUIRED,Observed question form,High
G-A-MUSIC-IN-GENERAL--MATCHING,G-V-MUSIC-IN-GENERA-MATCHI,REQUIRED,Variation annotation,High
G-S-ART-CULTUR-MUSIC-INSTRU,G-M-MUSIC-INST-PERSON-ANCHO,REQUIRED,Fact family of the subtopic,High
G-M-MUSIC-INST-PERSON-ANCHO,G-A-MUSIC-IN-PERSON-A-DIRECT-F,REQUIRED,Observed question form,High
G-A-MUSIC-IN-PERSON-A-DIRECT-F,G-V-MUSIC-IN-PERSON-DIRECT,REQUIRED,Variation annotation,High
G-S-ART-CULTUR-MUSIC-INSTRU,G-M-MUSIC-INST-AWARD-ANCHOR,REQUIRED,Fact family of the subtopic,High
G-M-MUSIC-INST-AWARD-ANCHOR,G-A-MUSIC-IN-AWARD-AN-DIRECT-F,REQUIRED,Observed question form,High
G-A-MUSIC-IN-AWARD-AN-DIRECT-F,G-V-MUSIC-IN-AWARD--DIRECT,REQUIRED,Variation annotation,High
G-M-MUSIC-INST-AWARD-ANCHOR,G-A-MUSIC-IN-AWARD-AN-FILL-UP,REQUIRED,Observed question form,High
G-A-MUSIC-IN-AWARD-AN-FILL-UP,G-V-MUSIC-IN-AWARD--FILL-U,REQUIRED,Variation annotation,High
G-S-ART-CULTUR-MUSIC-INSTRU,G-M-MUSIC-INST-YEAR-ANCHORE,REQUIRED,Fact family of the subtopic,High
G-M-MUSIC-INST-YEAR-ANCHORE,G-A-MUSIC-IN-YEAR-ANC-DIRECT-F,REQUIRED,Observed question form,High
G-A-MUSIC-IN-YEAR-ANC-DIRECT-F,G-V-MUSIC-IN-YEAR-A-DIRECT,REQUIRED,Variation annotation,High
G-M-MUSIC-INST-YEAR-ANCHORE,G-A-MUSIC-IN-YEAR-ANC-FILL-UP,REQUIRED,Observed question form,High
G-A-MUSIC-IN-YEAR-ANC-FILL-UP,G-V-MUSIC-IN-YEAR-A-FILL-U,REQUIRED,Variation annotation,High
G-M-MUSIC-INST-YEAR-ANCHORE,G-A-MUSIC-IN-YEAR-ANC-MATCHING,REQUIRED,Observed question form,High
G-A-MUSIC-IN-YEAR-ANC-MATCHING,G-V-MUSIC-IN-YEAR-A-MATCHI,REQUIRED,Variation annotation,High
G-S-ART-CULTUR-MUSIC-INSTRU,G-M-MUSIC-INST-PLACE-ANCHOR,REQUIRED,Fact family of the subtopic,High
G-M-MUSIC-INST-PLACE-ANCHOR,G-A-MUSIC-IN-PLACE-AN-DIRECT-F,REQUIRED,Observed question form,High
G-A-MUSIC-IN-PLACE-AN-DIRECT-F,G-V-MUSIC-IN-PLACE--DIRECT,REQUIRED,Variation annotation,High
G-S-ART-CULTUR-MUSIC-INSTRU,G-M-MUSIC-INST-OTHER-MUSIC-,REQUIRED,Fact family of the subtopic,High
G-M-MUSIC-INST-OTHER-MUSIC-,G-A-MUSIC-IN-OTHER-MU-DIRECT-F,REQUIRED,Observed question form,High
G-A-MUSIC-IN-OTHER-MU-DIRECT-F,G-V-MUSIC-IN-OTHER--DIRECT,REQUIRED,Variation annotation,High
G-M-MUSIC-INST-OTHER-MUSIC-,G-A-MUSIC-IN-OTHER-MU-FILL-UP,REQUIRED,Observed question form,High
G-A-MUSIC-IN-OTHER-MU-FILL-UP,G-V-MUSIC-IN-OTHER--FILL-U,REQUIRED,Variation annotation,High
G-M-MUSIC-INST-OTHER-MUSIC-,G-A-MUSIC-IN-OTHER-MU-STATEMEN,REQUIRED,Observed question form,High
G-A-MUSIC-IN-OTHER-MU-STATEMEN,G-V-MUSIC-IN-OTHER--STATEM,REQUIRED,Variation annotation,High
G-T-AWARDS,G-S-AWARDS-CIVILIAN-HON,REQUIRED,Structural curriculum grouping,High
G-S-AWARDS-CIVILIAN-HON,G-M-CIVILIAN-H-AWARD-ANCHOR,REQUIRED,Fact family of the subtopic,High
G-M-CIVILIAN-H-AWARD-ANCHOR,G-A-CIVILIAN-AWARD-AN-FILL-UP,REQUIRED,Observed question form,High
G-A-CIVILIAN-AWARD-AN-FILL-UP,G-V-CIVILIAN-AWARD--FILL-U,REQUIRED,Variation annotation,High
G-M-CIVILIAN-H-AWARD-ANCHOR,G-A-CIVILIAN-AWARD-AN-STATEMEN,REQUIRED,Observed question form,High
G-A-CIVILIAN-AWARD-AN-STATEMEN,G-V-CIVILIAN-AWARD--STATEM,REQUIRED,Variation annotation,High
G-T-AWARDS,G-S-AWARDS-FILM-LITERAR,REQUIRED,Structural curriculum grouping,High
G-S-AWARDS-FILM-LITERAR,G-M-FILM-LITER-OTHER-FILM-L,REQUIRED,Fact family of the subtopic,High
G-M-FILM-LITER-OTHER-FILM-L,G-A-FILM-LIT-OTHER-FI-DIRECT-F,REQUIRED,Observed question form,High
G-A-FILM-LIT-OTHER-FI-DIRECT-F,G-V-FILM-LIT-OTHER--DIRECT,REQUIRED,Variation annotation,High
G-M-FILM-LITER-OTHER-FILM-L,G-A-FILM-LIT-OTHER-FI-STATEMEN,REQUIRED,Observed question form,High
G-A-FILM-LIT-OTHER-FI-STATEMEN,G-V-FILM-LIT-OTHER--STATEM,REQUIRED,Variation annotation,High
G-T-AWARDS,G-S-AWARDS-GENERAL-AWAR,REQUIRED,Structural curriculum grouping,High
G-S-AWARDS-GENERAL-AWAR,G-M-GENERAL-AW-AWARD-ANCHOR,REQUIRED,Fact family of the subtopic,High
G-M-GENERAL-AW-AWARD-ANCHOR,G-A-GENERAL--AWARD-AN-DIRECT-F-2,REQUIRED,Observed question form,High
G-A-GENERAL--AWARD-AN-DIRECT-F-2,G-V-GENERAL--AWARD--DIRECT-2,REQUIRED,Variation annotation,High
G-M-GENERAL-AW-AWARD-ANCHOR,G-A-GENERAL--AWARD-AN-FILL-UP-2,REQUIRED,Observed question form,High
G-A-GENERAL--AWARD-AN-FILL-UP-2,G-V-GENERAL--AWARD--FILL-U-2,REQUIRED,Variation annotation,High
G-S-AWARDS-GENERAL-AWAR,G-M-GENERAL-AW-OTHER-GENERA,REQUIRED,Fact family of the subtopic,High
G-M-GENERAL-AW-OTHER-GENERA,G-A-GENERAL--OTHER-GE-DIRECT-F-2,REQUIRED,Observed question form,High
G-A-GENERAL--OTHER-GE-DIRECT-F-2,G-V-GENERAL--OTHER--DIRECT-2,REQUIRED,Variation annotation,High
G-T-AWARDS,G-S-AWARDS-INTERNATIONA,REQUIRED,Structural curriculum grouping,High
G-S-AWARDS-INTERNATIONA,G-M-INTERNATIO-PERSON-ANCHO,REQUIRED,Fact family of the subtopic,High
G-M-INTERNATIO-PERSON-ANCHO,G-A-INTERNAT-PERSON-A-DIRECT-F,REQUIRED,Observed question form,High
G-A-INTERNAT-PERSON-A-DIRECT-F,G-V-INTERNAT-PERSON-DIRECT,REQUIRED,Variation annotation,High
G-S-AWARDS-INTERNATIONA,G-M-INTERNATIO-AWARD-ANCHOR,REQUIRED,Fact family of the subtopic,High
G-M-INTERNATIO-AWARD-ANCHOR,G-A-INTERNAT-AWARD-AN-DIRECT-F,REQUIRED,Observed question form,High
G-A-INTERNAT-AWARD-AN-DIRECT-F,G-V-INTERNAT-AWARD--DIRECT,REQUIRED,Variation annotation,High
G-S-AWARDS-INTERNATIONA,G-M-INTERNATIO-OTHER-INTERN,REQUIRED,Fact family of the subtopic,High
G-M-INTERNATIO-OTHER-INTERN,G-A-INTERNAT-OTHER-IN-DIRECT-F,REQUIRED,Observed question form,High
G-A-INTERNAT-OTHER-IN-DIRECT-F,G-V-INTERNAT-OTHER--DIRECT,REQUIRED,Variation annotation,High
G-T-AWARDS,G-S-AWARDS-SPORTS-AWARD,REQUIRED,Structural curriculum grouping,High
G-S-AWARDS-SPORTS-AWARD,G-M-SPORTS-AWA-OTHER-SPORTS,REQUIRED,Fact family of the subtopic,High
G-M-SPORTS-AWA-OTHER-SPORTS,G-A-SPORTS-A-OTHER-SP-STATEMEN,REQUIRED,Observed question form,High
G-A-SPORTS-A-OTHER-SP-STATEMEN,G-V-SPORTS-A-OTHER--STATEM,REQUIRED,Variation annotation,High
G-T-BIOLOGY,G-S-BIOLOGY-CELL-GENETIC,REQUIRED,Structural curriculum grouping,High
G-S-BIOLOGY-CELL-GENETIC,G-M-CELL-GENET-GENERAL-FACT,REQUIRED,Fact family of the subtopic,High
G-M-CELL-GENET-GENERAL-FACT,G-A-CELL-GEN-GENERAL--DIRECT-F,REQUIRED,Observed question form,High
G-A-CELL-GEN-GENERAL--DIRECT-F,G-V-CELL-GEN-GENERA-DIRECT,REQUIRED,Variation annotation,High
G-S-BIOLOGY-CELL-GENETIC,G-M-CELL-GENET-OTHER-CELL-G,REQUIRED,Fact family of the subtopic,High
G-M-CELL-GENET-OTHER-CELL-G,G-A-CELL-GEN-OTHER-CE-DIRECT-F,REQUIRED,Observed question form,High
G-A-CELL-GEN-OTHER-CE-DIRECT-F,G-V-CELL-GEN-OTHER--DIRECT,REQUIRED,Variation annotation,High
G-T-BIOLOGY,G-S-BIOLOGY-ECOLOGY-DIVE,REQUIRED,Structural curriculum grouping,High
G-S-BIOLOGY-ECOLOGY-DIVE,G-M-ECOLOGY-DI-GENERAL-FACT,REQUIRED,Fact family of the subtopic,High
G-M-ECOLOGY-DI-GENERAL-FACT,G-A-ECOLOGY--GENERAL--DIRECT-F,REQUIRED,Observed question form,High
G-A-ECOLOGY--GENERAL--DIRECT-F,G-V-ECOLOGY--GENERA-DIRECT,REQUIRED,Variation annotation,High
G-M-ECOLOGY-DI-GENERAL-FACT,G-A-ECOLOGY--GENERAL--STATEMEN,REQUIRED,Observed question form,High
G-A-ECOLOGY--GENERAL--STATEMEN,G-V-ECOLOGY--GENERA-STATEM,REQUIRED,Variation annotation,High
G-S-BIOLOGY-ECOLOGY-DIVE,G-M-ECOLOGY-DI-OTHER-ECOLOG,REQUIRED,Fact family of the subtopic,High
G-M-ECOLOGY-DI-OTHER-ECOLOG,G-A-ECOLOGY--OTHER-EC-DIRECT-F,REQUIRED,Observed question form,High
G-A-ECOLOGY--OTHER-EC-DIRECT-F,G-V-ECOLOGY--OTHER--DIRECT,REQUIRED,Variation annotation,High
G-T-BIOLOGY,G-S-BIOLOGY-GENERAL-BIOL,REQUIRED,Structural curriculum grouping,High
G-S-BIOLOGY-GENERAL-BIOL,G-M-GENERAL-BI-GENERAL-FACT,REQUIRED,Fact family of the subtopic,High
G-M-GENERAL-BI-GENERAL-FACT,G-A-GENERAL--GENERAL--DIRECT-F-2,REQUIRED,Observed question form,High
G-A-GENERAL--GENERAL--DIRECT-F-2,G-V-GENERAL--GENERA-DIRECT-2,REQUIRED,Variation annotation,High
G-M-GENERAL-BI-GENERAL-FACT,G-A-GENERAL--GENERAL--FILL-UP-2,REQUIRED,Observed question form,High
G-A-GENERAL--GENERAL--FILL-UP-2,G-V-GENERAL--GENERA-FILL-U-2,REQUIRED,Variation annotation,High
G-M-GENERAL-BI-GENERAL-FACT,G-A-GENERAL--GENERAL--STATEMEN-2,REQUIRED,Observed question form,High
G-A-GENERAL--GENERAL--STATEMEN-2,G-V-GENERAL--GENERA-STATEM-2,REQUIRED,Variation annotation,High
G-S-BIOLOGY-GENERAL-BIOL,G-M-GENERAL-BI-TERM-ANCHORE,REQUIRED,Fact family of the subtopic,High
G-M-GENERAL-BI-TERM-ANCHORE,G-A-GENERAL--TERM-ANC-DIRECT-F,REQUIRED,Observed question form,High
G-A-GENERAL--TERM-ANC-DIRECT-F,G-V-GENERAL--TERM-A-DIRECT,REQUIRED,Variation annotation,High
G-M-GENERAL-BI-TERM-ANCHORE,G-A-GENERAL--TERM-ANC-FILL-UP,REQUIRED,Observed question form,High
G-A-GENERAL--TERM-ANC-FILL-UP,G-V-GENERAL--TERM-A-FILL-U,REQUIRED,Variation annotation,High
G-S-BIOLOGY-GENERAL-BIOL,G-M-GENERAL-BI-OTHER-GENERA,REQUIRED,Fact family of the subtopic,High
G-M-GENERAL-BI-OTHER-GENERA,G-A-GENERAL--OTHER-GE-DIRECT-F-3,REQUIRED,Observed question form,High
G-A-GENERAL--OTHER-GE-DIRECT-F-3,G-V-GENERAL--OTHER--DIRECT-3,REQUIRED,Variation annotation,High
G-M-GENERAL-BI-OTHER-GENERA,G-A-GENERAL--OTHER-GE-STATEMEN,REQUIRED,Observed question form,High
G-A-GENERAL--OTHER-GE-STATEMEN,G-V-GENERAL--OTHER--STATEM,REQUIRED,Variation annotation,High
G-T-BIOLOGY,G-S-BIOLOGY-HUMAN-BODY-H,REQUIRED,Structural curriculum grouping,High
G-S-BIOLOGY-HUMAN-BODY-H,G-M-HUMAN-BODY-GENERAL-FACT,REQUIRED,Fact family of the subtopic,High
G-M-HUMAN-BODY-GENERAL-FACT,G-A-HUMAN-BO-GENERAL--DIRECT-F,REQUIRED,Observed question form,High
G-A-HUMAN-BO-GENERAL--DIRECT-F,G-V-HUMAN-BO-GENERA-DIRECT,REQUIRED,Variation annotation,High
G-S-BIOLOGY-HUMAN-BODY-H,G-M-HUMAN-BODY-QUANTITY-ANC,REQUIRED,Fact family of the subtopic,High
G-M-HUMAN-BODY-QUANTITY-ANC,G-A-HUMAN-BO-QUANTITY-DIRECT-F,REQUIRED,Observed question form,High
G-A-HUMAN-BO-QUANTITY-DIRECT-F,G-V-HUMAN-BO-QUANTI-DIRECT,REQUIRED,Variation annotation,High
G-S-BIOLOGY-HUMAN-BODY-H,G-M-HUMAN-BODY-OTHER-HUMAN-,REQUIRED,Fact family of the subtopic,High
G-M-HUMAN-BODY-OTHER-HUMAN-,G-A-HUMAN-BO-OTHER-HU-STATEMEN,REQUIRED,Observed question form,High
G-A-HUMAN-BO-OTHER-HU-STATEMEN,G-V-HUMAN-BO-OTHER--STATEM,REQUIRED,Variation annotation,High
G-M-HUMAN-BODY-OTHER-HUMAN-,G-A-HUMAN-BO-OTHER-HU-DIRECT-F,REQUIRED,Observed question form,High
G-A-HUMAN-BO-OTHER-HU-DIRECT-F,G-V-HUMAN-BO-OTHER--DIRECT,REQUIRED,Variation annotation,High
G-T-BIOLOGY,G-S-BIOLOGY-PLANT-PHYSIO,REQUIRED,Structural curriculum grouping,High
G-S-BIOLOGY-PLANT-PHYSIO,G-M-PLANT-PHYS-GENERAL-FACT,REQUIRED,Fact family of the subtopic,High
G-M-PLANT-PHYS-GENERAL-FACT,G-A-PLANT-PH-GENERAL--DIRECT-F,REQUIRED,Observed question form,High
G-A-PLANT-PH-GENERAL--DIRECT-F,G-V-PLANT-PH-GENERA-DIRECT,REQUIRED,Variation annotation,High
G-S-BIOLOGY-PLANT-PHYSIO,G-M-PLANT-PHYS-OTHER-PLANT-,REQUIRED,Fact family of the subtopic,High
G-M-PLANT-PHYS-OTHER-PLANT-,G-A-PLANT-PH-OTHER-PL-DIRECT-F,REQUIRED,Observed question form,High
G-A-PLANT-PH-OTHER-PL-DIRECT-F,G-V-PLANT-PH-OTHER--DIRECT,REQUIRED,Variation annotation,High
G-T-BOOKS,G-S-BOOKS-ANCIENT-CLAS,REQUIRED,Structural curriculum grouping,High
G-S-BOOKS-ANCIENT-CLAS,G-M-ANCIENT-CL-GENERAL-FACT,REQUIRED,Fact family of the subtopic,High
G-M-ANCIENT-CL-GENERAL-FACT,G-A-ANCIENT--GENERAL--DIRECT-F,REQUIRED,Observed question form,High
G-A-ANCIENT--GENERAL--DIRECT-F,G-V-ANCIENT--GENERA-DIRECT,REQUIRED,Variation annotation,High
G-M-ANCIENT-CL-GENERAL-FACT,G-A-ANCIENT--GENERAL--FILL-UP,REQUIRED,Observed question form,High
G-A-ANCIENT--GENERAL--FILL-UP,G-V-ANCIENT--GENERA-FILL-U,REQUIRED,Variation annotation,High
G-S-BOOKS-ANCIENT-CLAS,G-M-ANCIENT-CL-OTHER-ANCIEN,REQUIRED,Fact family of the subtopic,High
G-M-ANCIENT-CL-OTHER-ANCIEN,G-A-ANCIENT--OTHER-AN-DIRECT-F,REQUIRED,Observed question form,High
G-A-ANCIENT--OTHER-AN-DIRECT-F,G-V-ANCIENT--OTHER--DIRECT,REQUIRED,Variation annotation,High
G-T-BOOKS,G-S-BOOKS-DRAMA,REQUIRED,Structural curriculum grouping,High
G-S-BOOKS-DRAMA,G-M-DRAMA-PERSON-ANCHO,REQUIRED,Fact family of the subtopic,High
G-M-DRAMA-PERSON-ANCHO,G-A-DRAMA-PERSON-A-DIRECT-F,REQUIRED,Observed question form,High
G-A-DRAMA-PERSON-A-DIRECT-F,G-V-DRAMA-PERSON-DIRECT,REQUIRED,Variation annotation,High
G-T-BOOKS,G-S-BOOKS-FICTION,REQUIRED,Structural curriculum grouping,High
G-S-BOOKS-FICTION,G-M-FICTION-PERSON-ANCHO,REQUIRED,Fact family of the subtopic,High
G-M-FICTION-PERSON-ANCHO,G-A-FICTION-PERSON-A-DIRECT-F,REQUIRED,Observed question form,High
G-A-FICTION-PERSON-A-DIRECT-F,G-V-FICTION-PERSON-DIRECT,REQUIRED,Variation annotation,High
G-S-BOOKS-FICTION,G-M-FICTION-BOOK-ANCHORE,REQUIRED,Fact family of the subtopic,High
G-M-FICTION-BOOK-ANCHORE,G-A-FICTION-BOOK-ANC-DIRECT-F,REQUIRED,Observed question form,High
G-A-FICTION-BOOK-ANC-DIRECT-F,G-V-FICTION-BOOK-A-DIRECT,REQUIRED,Variation annotation,High
G-M-FICTION-BOOK-ANCHORE,G-A-FICTION-BOOK-ANC-STATEMEN,REQUIRED,Observed question form,High
G-A-FICTION-BOOK-ANC-STATEMEN,G-V-FICTION-BOOK-A-STATEM,REQUIRED,Variation annotation,High
G-S-BOOKS-FICTION,G-M-FICTION-OTHER-FICTIO,REQUIRED,Fact family of the subtopic,High
G-M-FICTION-OTHER-FICTIO,G-A-FICTION-OTHER-FI-STATEMEN,REQUIRED,Observed question form,High
G-A-FICTION-OTHER-FI-STATEMEN,G-V-FICTION-OTHER--STATEM,REQUIRED,Variation annotation,High
G-T-BOOKS,G-S-BOOKS-GENERAL-BOOK,REQUIRED,Structural curriculum grouping,High
G-S-BOOKS-GENERAL-BOOK,G-M-GENERAL-BO-BOOK-ANCHORE,REQUIRED,Fact family of the subtopic,High
G-M-GENERAL-BO-BOOK-ANCHORE,G-A-GENERAL--BOOK-ANC-DIRECT-F,REQUIRED,Observed question form,High
G-A-GENERAL--BOOK-ANC-DIRECT-F,G-V-GENERAL--BOOK-A-DIRECT,REQUIRED,Variation annotation,High
G-M-GENERAL-BO-BOOK-ANCHORE,G-A-GENERAL--BOOK-ANC-FILL-UP,REQUIRED,Observed question form,High
G-A-GENERAL--BOOK-ANC-FILL-UP,G-V-GENERAL--BOOK-A-FILL-U,REQUIRED,Variation annotation,High
G-M-GENERAL-BO-BOOK-ANCHORE,G-A-GENERAL--BOOK-ANC-MATCHING,REQUIRED,Observed question form,High
G-A-GENERAL--BOOK-ANC-MATCHING,G-V-GENERAL--BOOK-A-MATCHI,REQUIRED,Variation annotation,High
G-M-GENERAL-BO-BOOK-ANCHORE,G-A-GENERAL--BOOK-ANC-STATEMEN,REQUIRED,Observed question form,High
G-A-GENERAL--BOOK-ANC-STATEMEN,G-V-GENERAL--BOOK-A-STATEM,REQUIRED,Variation annotation,High
G-S-BOOKS-GENERAL-BOOK,G-M-GENERAL-BO-PERSON-ANCHO,REQUIRED,Fact family of the subtopic,High
G-M-GENERAL-BO-PERSON-ANCHO,G-A-GENERAL--PERSON-A-DIRECT-F-2,REQUIRED,Observed question form,High
G-A-GENERAL--PERSON-A-DIRECT-F-2,G-V-GENERAL--PERSON-DIRECT-2,REQUIRED,Variation annotation,High
G-S-BOOKS-GENERAL-BOOK,G-M-GENERAL-BO-OTHER-GENERA,REQUIRED,Fact family of the subtopic,High
G-M-GENERAL-BO-OTHER-GENERA,G-A-GENERAL--OTHER-GE-DIRECT-F-4,REQUIRED,Observed question form,High
G-A-GENERAL--OTHER-GE-DIRECT-F-4,G-V-GENERAL--OTHER--DIRECT-4,REQUIRED,Variation annotation,High
G-T-BOOKS,G-S-BOOKS-MEMOIRS-BIOG,REQUIRED,Structural curriculum grouping,High
G-S-BOOKS-MEMOIRS-BIOG,G-M-MEMOIRS-BI-OTHER-MEMOIR,REQUIRED,Fact family of the subtopic,High
G-M-MEMOIRS-BI-OTHER-MEMOIR,G-A-MEMOIRS--OTHER-ME-DIRECT-F,REQUIRED,Observed question form,High
G-A-MEMOIRS--OTHER-ME-DIRECT-F,G-V-MEMOIRS--OTHER--DIRECT,REQUIRED,Variation annotation,High
G-T-BOOKS,G-S-BOOKS-POETRY,REQUIRED,Structural curriculum grouping,High
G-S-BOOKS-POETRY,G-M-POETRY-OTHER-POETRY,REQUIRED,Fact family of the subtopic,High
G-M-POETRY-OTHER-POETRY,G-A-POETRY-OTHER-PO-DIRECT-F,REQUIRED,Observed question form,High
G-A-POETRY-OTHER-PO-DIRECT-F,G-V-POETRY-OTHER--DIRECT,REQUIRED,Variation annotation,High
G-T-CHEMISTRY,G-S-CHEMISTRY-ACIDS-BASES-,REQUIRED,Structural curriculum grouping,High
G-S-CHEMISTRY-ACIDS-BASES-,G-M-ACIDS-BASE-GENERAL-FACT,REQUIRED,Fact family of the subtopic,High
G-M-ACIDS-BASE-GENERAL-FACT,G-A-ACIDS-BA-GENERAL--DIRECT-F,REQUIRED,Observed question form,High
G-A-ACIDS-BA-GENERAL--DIRECT-F,G-V-ACIDS-BA-GENERA-DIRECT,REQUIRED,Variation annotation,High
G-M-ACIDS-BASE-GENERAL-FACT,G-A-ACIDS-BA-GENERAL--STATEMEN,REQUIRED,Observed question form,High
G-A-ACIDS-BA-GENERAL--STATEMEN,G-V-ACIDS-BA-GENERA-STATEM,REQUIRED,Variation annotation,High
G-T-CHEMISTRY,G-S-CHEMISTRY-APPLIED-CHEM,REQUIRED,Structural curriculum grouping,High
G-S-CHEMISTRY-APPLIED-CHEM,G-M-APPLIED-CH-OTHER-APPLIE,REQUIRED,Fact family of the subtopic,High
G-M-APPLIED-CH-OTHER-APPLIE,G-A-APPLIED--OTHER-AP-DIRECT-F,REQUIRED,Observed question form,High
G-A-APPLIED--OTHER-AP-DIRECT-F,G-V-APPLIED--OTHER--DIRECT,REQUIRED,Variation annotation,High
G-T-CHEMISTRY,G-S-CHEMISTRY-ELEMENTS-MET,REQUIRED,Structural curriculum grouping,High
G-S-CHEMISTRY-ELEMENTS-MET,G-M-ELEMENTS-M-GENERAL-FACT,REQUIRED,Fact family of the subtopic,High
G-M-ELEMENTS-M-GENERAL-FACT,G-A-ELEMENTS-GENERAL--DIRECT-F,REQUIRED,Observed question form,High
G-A-ELEMENTS-GENERAL--DIRECT-F,G-V-ELEMENTS-GENERA-DIRECT,REQUIRED,Variation annotation,High
G-M-ELEMENTS-M-GENERAL-FACT,G-A-ELEMENTS-GENERAL--STATEMEN,REQUIRED,Observed question form,High
G-A-ELEMENTS-GENERAL--STATEMEN,G-V-ELEMENTS-GENERA-STATEM,REQUIRED,Variation annotation,High
G-M-ELEMENTS-M-GENERAL-FACT,G-A-ELEMENTS-GENERAL--FILL-UP,REQUIRED,Observed question form,High
G-A-ELEMENTS-GENERAL--FILL-UP,G-V-ELEMENTS-GENERA-FILL-U,REQUIRED,Variation annotation,High
G-S-CHEMISTRY-ELEMENTS-MET,G-M-ELEMENTS-M-QUANTITY-ANC,REQUIRED,Fact family of the subtopic,High
G-M-ELEMENTS-M-QUANTITY-ANC,G-A-ELEMENTS-QUANTITY-DIRECT-F,REQUIRED,Observed question form,High
G-A-ELEMENTS-QUANTITY-DIRECT-F,G-V-ELEMENTS-QUANTI-DIRECT,REQUIRED,Variation annotation,High
G-S-CHEMISTRY-ELEMENTS-MET,G-M-ELEMENTS-M-YEAR-ANCHORE,REQUIRED,Fact family of the subtopic,High
G-M-ELEMENTS-M-YEAR-ANCHORE,G-A-ELEMENTS-YEAR-ANC-DIRECT-F,REQUIRED,Observed question form,High
G-A-ELEMENTS-YEAR-ANC-DIRECT-F,G-V-ELEMENTS-YEAR-A-DIRECT,REQUIRED,Variation annotation,High
G-S-CHEMISTRY-ELEMENTS-MET,G-M-ELEMENTS-M-TERM-ANCHORE,REQUIRED,Fact family of the subtopic,High
G-M-ELEMENTS-M-TERM-ANCHORE,G-A-ELEMENTS-TERM-ANC-FILL-UP,REQUIRED,Observed question form,High
G-A-ELEMENTS-TERM-ANC-FILL-UP,G-V-ELEMENTS-TERM-A-FILL-U,REQUIRED,Variation annotation,High
G-M-ELEMENTS-M-TERM-ANCHORE,G-A-ELEMENTS-TERM-ANC-DIRECT-F,REQUIRED,Observed question form,High
G-A-ELEMENTS-TERM-ANC-DIRECT-F,G-V-ELEMENTS-TERM-A-DIRECT,REQUIRED,Variation annotation,High
G-T-CHEMISTRY,G-S-CHEMISTRY-GASES,REQUIRED,Structural curriculum grouping,High
G-S-CHEMISTRY-GASES,G-M-GASES-GENERAL-FACT,REQUIRED,Fact family of the subtopic,High
G-M-GASES-GENERAL-FACT,G-A-GASES-GENERAL--DIRECT-F,REQUIRED,Observed question form,High
G-A-GASES-GENERAL--DIRECT-F,G-V-GASES-GENERA-DIRECT,REQUIRED,Variation annotation,High
G-M-GASES-GENERAL-FACT,G-A-GASES-GENERAL--FILL-UP,REQUIRED,Observed question form,High
G-A-GASES-GENERAL--FILL-UP,G-V-GASES-GENERA-FILL-U,REQUIRED,Variation annotation,High
G-M-GASES-GENERAL-FACT,G-A-GASES-GENERAL--STATEMEN,REQUIRED,Observed question form,High
G-A-GASES-GENERAL--STATEMEN,G-V-GASES-GENERA-STATEM,REQUIRED,Variation annotation,High
G-S-CHEMISTRY-GASES,G-M-GASES-OTHER-GASES-,REQUIRED,Fact family of the subtopic,High
G-M-GASES-OTHER-GASES-,G-A-GASES-OTHER-GA-DIRECT-F,REQUIRED,Observed question form,High
G-A-GASES-OTHER-GA-DIRECT-F,G-V-GASES-OTHER--DIRECT,REQUIRED,Variation annotation,High
G-T-CHEMISTRY,G-S-CHEMISTRY-GENERAL-CHEM,REQUIRED,Structural curriculum grouping,High
G-S-CHEMISTRY-GENERAL-CHEM,G-M-GENERAL-CH-GENERAL-FACT,REQUIRED,Fact family of the subtopic,High
G-M-GENERAL-CH-GENERAL-FACT,G-A-GENERAL--GENERAL--DIRECT-F-3,REQUIRED,Observed question form,High
G-A-GENERAL--GENERAL--DIRECT-F-3,G-V-GENERAL--GENERA-DIRECT-3,REQUIRED,Variation annotation,High
G-M-GENERAL-CH-GENERAL-FACT,G-A-GENERAL--GENERAL--FILL-UP-3,REQUIRED,Observed question form,High
G-A-GENERAL--GENERAL--FILL-UP-3,G-V-GENERAL--GENERA-FILL-U-3,REQUIRED,Variation annotation,High
G-M-GENERAL-CH-GENERAL-FACT,G-A-GENERAL--GENERAL--STATEMEN-3,REQUIRED,Observed question form,High
G-A-GENERAL--GENERAL--STATEMEN-3,G-V-GENERAL--GENERA-STATEM-3,REQUIRED,Variation annotation,High
G-S-CHEMISTRY-GENERAL-CHEM,G-M-GENERAL-CH-SUPERLATIVE-,REQUIRED,Fact family of the subtopic,High
G-M-GENERAL-CH-SUPERLATIVE-,G-A-GENERAL--SUPERLAT-DIRECT-F-2,REQUIRED,Observed question form,High
G-A-GENERAL--SUPERLAT-DIRECT-F-2,G-V-GENERAL--SUPERL-DIRECT-2,REQUIRED,Variation annotation,High
G-S-CHEMISTRY-GENERAL-CHEM,G-M-GENERAL-CH-PERSON-ANCHO,REQUIRED,Fact family of the subtopic,High
G-M-GENERAL-CH-PERSON-ANCHO,G-A-GENERAL--PERSON-A-DIRECT-F-3,REQUIRED,Observed question form,High
G-A-GENERAL--PERSON-A-DIRECT-F-3,G-V-GENERAL--PERSON-DIRECT-3,REQUIRED,Variation annotation,High
G-M-GENERAL-CH-PERSON-ANCHO,G-A-GENERAL--PERSON-A-FILL-UP,REQUIRED,Observed question form,High
G-A-GENERAL--PERSON-A-FILL-UP,G-V-GENERAL--PERSON-FILL-U,REQUIRED,Variation annotation,High
G-S-CHEMISTRY-GENERAL-CHEM,G-M-GENERAL-CH-YEAR-ANCHORE,REQUIRED,Fact family of the subtopic,High
G-M-GENERAL-CH-YEAR-ANCHORE,G-A-GENERAL--YEAR-ANC-DIRECT-F-2,REQUIRED,Observed question form,High
G-A-GENERAL--YEAR-ANC-DIRECT-F-2,G-V-GENERAL--YEAR-A-DIRECT-2,REQUIRED,Variation annotation,High
G-S-CHEMISTRY-GENERAL-CHEM,G-M-GENERAL-CH-AWARD-ANCHOR,REQUIRED,Fact family of the subtopic,High
G-M-GENERAL-CH-AWARD-ANCHOR,G-A-GENERAL--AWARD-AN-DIRECT-F-3,REQUIRED,Observed question form,High
G-A-GENERAL--AWARD-AN-DIRECT-F-3,G-V-GENERAL--AWARD--DIRECT-3,REQUIRED,Variation annotation,High
G-M-GENERAL-CH-AWARD-ANCHOR,G-A-GENERAL--AWARD-AN-STATEMEN,REQUIRED,Observed question form,High
G-A-GENERAL--AWARD-AN-STATEMEN,G-V-GENERAL--AWARD--STATEM,REQUIRED,Variation annotation,High
G-S-CHEMISTRY-GENERAL-CHEM,G-M-GENERAL-CH-OTHER-GENERA,REQUIRED,Fact family of the subtopic,High
G-M-GENERAL-CH-OTHER-GENERA,G-A-GENERAL--OTHER-GE-DIRECT-F-5,REQUIRED,Observed question form,High
G-A-GENERAL--OTHER-GE-DIRECT-F-5,G-V-GENERAL--OTHER--DIRECT-5,REQUIRED,Variation annotation,High
G-T-CHEMISTRY,G-S-CHEMISTRY-REACTIONS-CO,REQUIRED,Structural curriculum grouping,High
G-S-CHEMISTRY-REACTIONS-CO,G-M-REACTIONS--GENERAL-FACT,REQUIRED,Fact family of the subtopic,High
G-M-REACTIONS--GENERAL-FACT,G-A-REACTION-GENERAL--DIRECT-F,REQUIRED,Observed question form,High
G-A-REACTION-GENERAL--DIRECT-F,G-V-REACTION-GENERA-DIRECT,REQUIRED,Variation annotation,High
G-M-REACTIONS--GENERAL-FACT,G-A-REACTION-GENERAL--FILL-UP,REQUIRED,Observed question form,High
G-A-REACTION-GENERAL--FILL-UP,G-V-REACTION-GENERA-FILL-U,REQUIRED,Variation annotation,High
G-S-CHEMISTRY-REACTIONS-CO,G-M-REACTIONS--TERM-ANCHORE,REQUIRED,Fact family of the subtopic,High
G-M-REACTIONS--TERM-ANCHORE,G-A-REACTION-TERM-ANC-DIRECT-F,REQUIRED,Observed question form,High
G-A-REACTION-TERM-ANC-DIRECT-F,G-V-REACTION-TERM-A-DIRECT,REQUIRED,Variation annotation,High
G-M-REACTIONS--TERM-ANCHORE,G-A-REACTION-TERM-ANC-FILL-UP,REQUIRED,Observed question form,High
G-A-REACTION-TERM-ANC-FILL-UP,G-V-REACTION-TERM-A-FILL-U,REQUIRED,Variation annotation,High
G-T-CURRENT-AFFAIR,G-S-CURRENT-AF-APPOINTMENTS,REQUIRED,Structural curriculum grouping,High
G-S-CURRENT-AF-APPOINTMENTS,G-M-APPOINTMEN-PERSON-ANCHO,REQUIRED,Fact family of the subtopic,High
G-M-APPOINTMEN-PERSON-ANCHO,G-A-APPOINTM-PERSON-A-DIRECT-F,REQUIRED,Observed question form,High
G-A-APPOINTM-PERSON-A-DIRECT-F,G-V-APPOINTM-PERSON-DIRECT,REQUIRED,Variation annotation,High
G-S-CURRENT-AF-APPOINTMENTS,G-M-APPOINTMEN-GENERAL-FACT,REQUIRED,Fact family of the subtopic,High
G-M-APPOINTMEN-GENERAL-FACT,G-A-APPOINTM-GENERAL--FILL-UP,REQUIRED,Observed question form,High
G-A-APPOINTM-GENERAL--FILL-UP,G-V-APPOINTM-GENERA-FILL-U,REQUIRED,Variation annotation,High
G-M-APPOINTMEN-GENERAL-FACT,G-A-APPOINTM-GENERAL--DIRECT-F,REQUIRED,Observed question form,High
G-A-APPOINTM-GENERAL--DIRECT-F,G-V-APPOINTM-GENERA-DIRECT,REQUIRED,Variation annotation,High
G-T-CURRENT-AFFAIR,G-S-CURRENT-AF-GENERAL-CURR,REQUIRED,Structural curriculum grouping,High
G-S-CURRENT-AF-GENERAL-CURR,G-M-GENERAL-CU-GENERAL-FACT,REQUIRED,Fact family of the subtopic,High
G-M-GENERAL-CU-GENERAL-FACT,G-A-GENERAL--GENERAL--DIRECT-F-4,REQUIRED,Observed question form,High
G-A-GENERAL--GENERAL--DIRECT-F-4,G-V-GENERAL--GENERA-DIRECT-4,REQUIRED,Variation annotation,High
G-M-GENERAL-CU-GENERAL-FACT,G-A-GENERAL--GENERAL--STATEMEN-4,REQUIRED,Observed question form,High
G-A-GENERAL--GENERAL--STATEMEN-4,G-V-GENERAL--GENERA-STATEM-4,REQUIRED,Variation annotation,High
G-M-GENERAL-CU-GENERAL-FACT,G-A-GENERAL--GENERAL--FILL-UP-4,REQUIRED,Observed question form,High
G-A-GENERAL--GENERAL--FILL-UP-4,G-V-GENERAL--GENERA-FILL-U-4,REQUIRED,Variation annotation,High
G-M-GENERAL-CU-GENERAL-FACT,G-A-GENERAL--GENERAL--MATCHING,REQUIRED,Observed question form,High
G-A-GENERAL--GENERAL--MATCHING,G-V-GENERAL--GENERA-MATCHI,REQUIRED,Variation annotation,High
G-S-CURRENT-AF-GENERAL-CURR,G-M-GENERAL-CU-TERM-ANCHORE,REQUIRED,Fact family of the subtopic,High
G-M-GENERAL-CU-TERM-ANCHORE,G-A-GENERAL--TERM-ANC-DIRECT-F-2,REQUIRED,Observed question form,High
G-A-GENERAL--TERM-ANC-DIRECT-F-2,G-V-GENERAL--TERM-A-DIRECT-2,REQUIRED,Variation annotation,High
G-M-GENERAL-CU-TERM-ANCHORE,G-A-GENERAL--TERM-ANC-FILL-UP-2,REQUIRED,Observed question form,High
G-A-GENERAL--TERM-ANC-FILL-UP-2,G-V-GENERAL--TERM-A-FILL-U-2,REQUIRED,Variation annotation,High
G-S-CURRENT-AF-GENERAL-CURR,G-M-GENERAL-CU-YEAR-ANCHORE,REQUIRED,Fact family of the subtopic,High
G-M-GENERAL-CU-YEAR-ANCHORE,G-A-GENERAL--YEAR-ANC-DIRECT-F-3,REQUIRED,Observed question form,High
G-A-GENERAL--YEAR-ANC-DIRECT-F-3,G-V-GENERAL--YEAR-A-DIRECT-3,REQUIRED,Variation annotation,High
G-M-GENERAL-CU-YEAR-ANCHORE,G-A-GENERAL--YEAR-ANC-FILL-UP-2,REQUIRED,Observed question form,High
G-A-GENERAL--YEAR-ANC-FILL-UP-2,G-V-GENERAL--YEAR-A-FILL-U-2,REQUIRED,Variation annotation,High
G-S-CURRENT-AF-GENERAL-CURR,G-M-GENERAL-CU-PERSON-ANCHO,REQUIRED,Fact family of the subtopic,High
G-M-GENERAL-CU-PERSON-ANCHO,G-A-GENERAL--PERSON-A-DIRECT-F-4,REQUIRED,Observed question form,High
G-A-GENERAL--PERSON-A-DIRECT-F-4,G-V-GENERAL--PERSON-DIRECT-4,REQUIRED,Variation annotation,High
G-M-GENERAL-CU-PERSON-ANCHO,G-A-GENERAL--PERSON-A-FILL-UP-2,REQUIRED,Observed question form,High
G-A-GENERAL--PERSON-A-FILL-UP-2,G-V-GENERAL--PERSON-FILL-U-2,REQUIRED,Variation annotation,High
G-S-CURRENT-AF-GENERAL-CURR,G-M-GENERAL-CU-SUPERLATIVE-,REQUIRED,Fact family of the subtopic,High
G-M-GENERAL-CU-SUPERLATIVE-,G-A-GENERAL--SUPERLAT-DIRECT-F-3,REQUIRED,Observed question form,High
G-A-GENERAL--SUPERLAT-DIRECT-F-3,G-V-GENERAL--SUPERL-DIRECT-3,REQUIRED,Variation annotation,High
G-S-CURRENT-AF-GENERAL-CURR,G-M-GENERAL-CU-OTHER-GENERA,REQUIRED,Fact family of the subtopic,High
G-M-GENERAL-CU-OTHER-GENERA,G-A-GENERAL--OTHER-GE-DIRECT-F-6,REQUIRED,Observed question form,High
G-A-GENERAL--OTHER-GE-DIRECT-F-6,G-V-GENERAL--OTHER--DIRECT-6,REQUIRED,Variation annotation,High
G-T-CURRENT-AFFAIR,G-S-CURRENT-AF-REPORTS-INDI,REQUIRED,Structural curriculum grouping,High
G-S-CURRENT-AF-REPORTS-INDI,G-M-REPORTS-IN-OTHER-REPORT,REQUIRED,Fact family of the subtopic,High
G-M-REPORTS-IN-OTHER-REPORT,G-A-REPORTS--OTHER-RE-DIRECT-F,REQUIRED,Observed question form,High
G-A-REPORTS--OTHER-RE-DIRECT-F,G-V-REPORTS--OTHER--DIRECT,REQUIRED,Variation annotation,High
G-T-ECONOMY,G-S-ECONOMY-BANKING-RBI-,REQUIRED,Structural curriculum grouping,High
G-S-ECONOMY-BANKING-RBI-,G-M-BANKING-RB-GENERAL-FACT,REQUIRED,Fact family of the subtopic,High
G-M-BANKING-RB-GENERAL-FACT,G-A-BANKING--GENERAL--DIRECT-F,REQUIRED,Observed question form,High
G-A-BANKING--GENERAL--DIRECT-F,G-V-BANKING--GENERA-DIRECT,REQUIRED,Variation annotation,High
G-M-BANKING-RB-GENERAL-FACT,G-A-BANKING--GENERAL--STATEMEN,REQUIRED,Observed question form,High
G-A-BANKING--GENERAL--STATEMEN,G-V-BANKING--GENERA-STATEM,REQUIRED,Variation annotation,High
G-M-BANKING-RB-GENERAL-FACT,G-A-BANKING--GENERAL--FILL-UP,REQUIRED,Observed question form,High
G-A-BANKING--GENERAL--FILL-UP,G-V-BANKING--GENERA-FILL-U,REQUIRED,Variation annotation,High
G-S-ECONOMY-BANKING-RBI-,G-M-BANKING-RB-TERM-ANCHORE,REQUIRED,Fact family of the subtopic,High
G-M-BANKING-RB-TERM-ANCHORE,G-A-BANKING--TERM-ANC-DIRECT-F,REQUIRED,Observed question form,High
G-A-BANKING--TERM-ANC-DIRECT-F,G-V-BANKING--TERM-A-DIRECT,REQUIRED,Variation annotation,High
G-M-BANKING-RB-TERM-ANCHORE,G-A-BANKING--TERM-ANC-FILL-UP,REQUIRED,Observed question form,High
G-A-BANKING--TERM-ANC-FILL-UP,G-V-BANKING--TERM-A-FILL-U,REQUIRED,Variation annotation,High
G-S-ECONOMY-BANKING-RBI-,G-M-BANKING-RB-SUPERLATIVE-,REQUIRED,Fact family of the subtopic,High
G-M-BANKING-RB-SUPERLATIVE-,G-A-BANKING--SUPERLAT-DIRECT-F,REQUIRED,Observed question form,High
G-A-BANKING--SUPERLAT-DIRECT-F,G-V-BANKING--SUPERL-DIRECT,REQUIRED,Variation annotation,High
G-M-BANKING-RB-SUPERLATIVE-,G-A-BANKING--SUPERLAT-FILL-UP,REQUIRED,Observed question form,High
G-A-BANKING--SUPERLAT-FILL-UP,G-V-BANKING--SUPERL-FILL-U,REQUIRED,Variation annotation,High
G-S-ECONOMY-BANKING-RBI-,G-M-BANKING-RB-AWARD-ANCHOR,REQUIRED,Fact family of the subtopic,High
G-M-BANKING-RB-AWARD-ANCHOR,G-A-BANKING--AWARD-AN-DIRECT-F,REQUIRED,Observed question form,High
G-A-BANKING--AWARD-AN-DIRECT-F,G-V-BANKING--AWARD--DIRECT,REQUIRED,Variation annotation,High
G-S-ECONOMY-BANKING-RBI-,G-M-BANKING-RB-PERSON-ANCHO,REQUIRED,Fact family of the subtopic,High
G-M-BANKING-RB-PERSON-ANCHO,G-A-BANKING--PERSON-A-DIRECT-F,REQUIRED,Observed question form,High
G-A-BANKING--PERSON-A-DIRECT-F,G-V-BANKING--PERSON-DIRECT,REQUIRED,Variation annotation,High
G-S-ECONOMY-BANKING-RBI-,G-M-BANKING-RB-OTHER-BANKIN,REQUIRED,Fact family of the subtopic,High
G-M-BANKING-RB-OTHER-BANKIN,G-A-BANKING--OTHER-BA-DIRECT-F,REQUIRED,Observed question form,High
G-A-BANKING--OTHER-BA-DIRECT-F,G-V-BANKING--OTHER--DIRECT,REQUIRED,Variation annotation,High
G-M-BANKING-RB-OTHER-BANKIN,G-A-BANKING--OTHER-BA-FILL-UP,REQUIRED,Observed question form,High
G-A-BANKING--OTHER-BA-FILL-UP,G-V-BANKING--OTHER--FILL-U,REQUIRED,Variation annotation,High
G-M-BANKING-RB-OTHER-BANKIN,G-A-BANKING--OTHER-BA-STATEMEN,REQUIRED,Observed question form,High
G-A-BANKING--OTHER-BA-STATEMEN,G-V-BANKING--OTHER--STATEM,REQUIRED,Variation annotation,High
G-T-ECONOMY,G-S-ECONOMY-GENERAL-ECON,REQUIRED,Structural curriculum grouping,High
G-S-ECONOMY-GENERAL-ECON,G-M-GENERAL-EC-GENERAL-FACT,REQUIRED,Fact family of the subtopic,High
G-M-GENERAL-EC-GENERAL-FACT,G-A-GENERAL--GENERAL--DIRECT-F-5,REQUIRED,Observed question form,High
G-A-GENERAL--GENERAL--DIRECT-F-5,G-V-GENERAL--GENERA-DIRECT-5,REQUIRED,Variation annotation,High
G-M-GENERAL-EC-GENERAL-FACT,G-A-GENERAL--GENERAL--STATEMEN-5,REQUIRED,Observed question form,High
G-A-GENERAL--GENERAL--STATEMEN-5,G-V-GENERAL--GENERA-STATEM-5,REQUIRED,Variation annotation,High
G-M-GENERAL-EC-GENERAL-FACT,G-A-GENERAL--GENERAL--MATCHING-2,REQUIRED,Observed question form,High
G-A-GENERAL--GENERAL--MATCHING-2,G-V-GENERAL--GENERA-MATCHI-2,REQUIRED,Variation annotation,High
G-M-GENERAL-EC-GENERAL-FACT,G-A-GENERAL--GENERAL--FILL-UP-5,REQUIRED,Observed question form,High
G-A-GENERAL--GENERAL--FILL-UP-5,G-V-GENERAL--GENERA-FILL-U-5,REQUIRED,Variation annotation,High
G-S-ECONOMY-GENERAL-ECON,G-M-GENERAL-EC-OBJECTIVE-AN,REQUIRED,Fact family of the subtopic,High
G-M-GENERAL-EC-OBJECTIVE-AN,G-A-GENERAL--OBJECTIV-DIRECT-F,REQUIRED,Observed question form,High
G-A-GENERAL--OBJECTIV-DIRECT-F,G-V-GENERAL--OBJECT-DIRECT,REQUIRED,Variation annotation,High
G-S-ECONOMY-GENERAL-ECON,G-M-GENERAL-EC-PLACE-ANCHOR,REQUIRED,Fact family of the subtopic,High
G-M-GENERAL-EC-PLACE-ANCHOR,G-A-GENERAL--PLACE-AN-DIRECT-F,REQUIRED,Observed question form,High
G-A-GENERAL--PLACE-AN-DIRECT-F,G-V-GENERAL--PLACE--DIRECT,REQUIRED,Variation annotation,High
G-S-ECONOMY-GENERAL-ECON,G-M-GENERAL-EC-YEAR-ANCHORE,REQUIRED,Fact family of the subtopic,High
G-M-GENERAL-EC-YEAR-ANCHORE,G-A-GENERAL--YEAR-ANC-DIRECT-F-4,REQUIRED,Observed question form,High
G-A-GENERAL--YEAR-ANC-DIRECT-F-4,G-V-GENERAL--YEAR-A-DIRECT-4,REQUIRED,Variation annotation,High
G-S-ECONOMY-GENERAL-ECON,G-M-GENERAL-EC-PERSON-ANCHO,REQUIRED,Fact family of the subtopic,High
G-M-GENERAL-EC-PERSON-ANCHO,G-A-GENERAL--PERSON-A-DIRECT-F-5,REQUIRED,Observed question form,High
G-A-GENERAL--PERSON-A-DIRECT-F-5,G-V-GENERAL--PERSON-DIRECT-5,REQUIRED,Variation annotation,High
G-S-ECONOMY-GENERAL-ECON,G-M-GENERAL-EC-OTHER-GENERA,REQUIRED,Fact family of the subtopic,High
G-M-GENERAL-EC-OTHER-GENERA,G-A-GENERAL--OTHER-GE-DIRECT-F-7,REQUIRED,Observed question form,High
G-A-GENERAL--OTHER-GE-DIRECT-F-7,G-V-GENERAL--OTHER--DIRECT-7,REQUIRED,Variation annotation,High
G-T-ECONOMY,G-S-ECONOMY-INDUSTRY-MSM,REQUIRED,Structural curriculum grouping,High
G-S-ECONOMY-INDUSTRY-MSM,G-M-INDUSTRY-M-GENERAL-FACT,REQUIRED,Fact family of the subtopic,High
G-M-INDUSTRY-M-GENERAL-FACT,G-A-INDUSTRY-GENERAL--DIRECT-F,REQUIRED,Observed question form,High
G-A-INDUSTRY-GENERAL--DIRECT-F,G-V-INDUSTRY-GENERA-DIRECT,REQUIRED,Variation annotation,High
G-M-INDUSTRY-M-GENERAL-FACT,G-A-INDUSTRY-GENERAL--STATEMEN,REQUIRED,Observed question form,High
G-A-INDUSTRY-GENERAL--STATEMEN,G-V-INDUSTRY-GENERA-STATEM,REQUIRED,Variation annotation,High
G-M-INDUSTRY-M-GENERAL-FACT,G-A-INDUSTRY-GENERAL--FILL-UP,REQUIRED,Observed question form,High
G-A-INDUSTRY-GENERAL--FILL-UP,G-V-INDUSTRY-GENERA-FILL-U,REQUIRED,Variation annotation,High
G-S-ECONOMY-INDUSTRY-MSM,G-M-INDUSTRY-M-PLACE-ANCHOR,REQUIRED,Fact family of the subtopic,High
G-M-INDUSTRY-M-PLACE-ANCHOR,G-A-INDUSTRY-PLACE-AN-MATCHING,REQUIRED,Observed question form,High
G-A-INDUSTRY-PLACE-AN-MATCHING,G-V-INDUSTRY-PLACE--MATCHI,REQUIRED,Variation annotation,High
G-M-INDUSTRY-M-PLACE-ANCHOR,G-A-INDUSTRY-PLACE-AN-DIRECT-F,REQUIRED,Observed question form,High
G-A-INDUSTRY-PLACE-AN-DIRECT-F,G-V-INDUSTRY-PLACE--DIRECT,REQUIRED,Variation annotation,High
G-S-ECONOMY-INDUSTRY-MSM,G-M-INDUSTRY-M-YEAR-ANCHORE,REQUIRED,Fact family of the subtopic,High
G-M-INDUSTRY-M-YEAR-ANCHORE,G-A-INDUSTRY-YEAR-ANC-FILL-UP,REQUIRED,Observed question form,High
G-A-INDUSTRY-YEAR-ANC-FILL-UP,G-V-INDUSTRY-YEAR-A-FILL-U,REQUIRED,Variation annotation,High
G-M-INDUSTRY-M-YEAR-ANCHORE,G-A-INDUSTRY-YEAR-ANC-DIRECT-F,REQUIRED,Observed question form,High
G-A-INDUSTRY-YEAR-ANC-DIRECT-F,G-V-INDUSTRY-YEAR-A-DIRECT,REQUIRED,Variation annotation,High
G-S-ECONOMY-INDUSTRY-MSM,G-M-INDUSTRY-M-OBJECTIVE-AN,REQUIRED,Fact family of the subtopic,High
G-M-INDUSTRY-M-OBJECTIVE-AN,G-A-INDUSTRY-OBJECTIV-DIRECT-F,REQUIRED,Observed question form,High
G-A-INDUSTRY-OBJECTIV-DIRECT-F,G-V-INDUSTRY-OBJECT-DIRECT,REQUIRED,Variation annotation,High
G-S-ECONOMY-INDUSTRY-MSM,G-M-INDUSTRY-M-SUPERLATIVE-,REQUIRED,Fact family of the subtopic,High
G-M-INDUSTRY-M-SUPERLATIVE-,G-A-INDUSTRY-SUPERLAT-STATEMEN,REQUIRED,Observed question form,High
G-A-INDUSTRY-SUPERLAT-STATEMEN,G-V-INDUSTRY-SUPERL-STATEM,REQUIRED,Variation annotation,High
G-M-INDUSTRY-M-SUPERLATIVE-,G-A-INDUSTRY-SUPERLAT-DIRECT-F,REQUIRED,Observed question form,High
G-A-INDUSTRY-SUPERLAT-DIRECT-F,G-V-INDUSTRY-SUPERL-DIRECT,REQUIRED,Variation annotation,High
G-S-ECONOMY-INDUSTRY-MSM,G-M-INDUSTRY-M-OTHER-INDUST,REQUIRED,Fact family of the subtopic,High
G-M-INDUSTRY-M-OTHER-INDUST,G-A-INDUSTRY-OTHER-IN-FILL-UP,REQUIRED,Observed question form,High
G-A-INDUSTRY-OTHER-IN-FILL-UP,G-V-INDUSTRY-OTHER--FILL-U,REQUIRED,Variation annotation,High
G-M-INDUSTRY-M-OTHER-INDUST,G-A-INDUSTRY-OTHER-IN-DIRECT-F,REQUIRED,Observed question form,High
G-A-INDUSTRY-OTHER-IN-DIRECT-F,G-V-INDUSTRY-OTHER--DIRECT,REQUIRED,Variation annotation,High
G-T-ECONOMY,G-S-ECONOMY-INFLATION-PO,REQUIRED,Structural curriculum grouping,High
G-S-ECONOMY-INFLATION-PO,G-M-INFLATION--GENERAL-FACT,REQUIRED,Fact family of the subtopic,High
G-M-INFLATION--GENERAL-FACT,G-A-INFLATIO-GENERAL--DIRECT-F,REQUIRED,Observed question form,High
G-A-INFLATIO-GENERAL--DIRECT-F,G-V-INFLATIO-GENERA-DIRECT,REQUIRED,Variation annotation,High
G-M-INFLATION--GENERAL-FACT,G-A-INFLATIO-GENERAL--STATEMEN,REQUIRED,Observed question form,High
G-A-INFLATIO-GENERAL--STATEMEN,G-V-INFLATIO-GENERA-STATEM,REQUIRED,Variation annotation,High
G-M-INFLATION--GENERAL-FACT,G-A-INFLATIO-GENERAL--FILL-UP,REQUIRED,Observed question form,High
G-A-INFLATIO-GENERAL--FILL-UP,G-V-INFLATIO-GENERA-FILL-U,REQUIRED,Variation annotation,High
G-S-ECONOMY-INFLATION-PO,G-M-INFLATION--PERSON-ANCHO,REQUIRED,Fact family of the subtopic,High
G-M-INFLATION--PERSON-ANCHO,G-A-INFLATIO-PERSON-A-DIRECT-F,REQUIRED,Observed question form,High
G-A-INFLATIO-PERSON-A-DIRECT-F,G-V-INFLATIO-PERSON-DIRECT,REQUIRED,Variation annotation,High
G-S-ECONOMY-INFLATION-PO,G-M-INFLATION--OTHER-INFLAT,REQUIRED,Fact family of the subtopic,High
G-M-INFLATION--OTHER-INFLAT,G-A-INFLATIO-OTHER-IN-DIRECT-F,REQUIRED,Observed question form,High
G-A-INFLATIO-OTHER-IN-DIRECT-F,G-V-INFLATIO-OTHER--DIRECT,REQUIRED,Variation annotation,High
G-M-INFLATION--OTHER-INFLAT,G-A-INFLATIO-OTHER-IN-STATEMEN,REQUIRED,Observed question form,High
G-A-INFLATIO-OTHER-IN-STATEMEN,G-V-INFLATIO-OTHER--STATEM,REQUIRED,Variation annotation,High
G-T-ECONOMY,G-S-ECONOMY-NATIONAL-INC,REQUIRED,Structural curriculum grouping,High
G-S-ECONOMY-NATIONAL-INC,G-M-NATIONAL-I-GENERAL-FACT,REQUIRED,Fact family of the subtopic,High
G-M-NATIONAL-I-GENERAL-FACT,G-A-NATIONAL-GENERAL--DIRECT-F,REQUIRED,Observed question form,High
G-A-NATIONAL-GENERAL--DIRECT-F,G-V-NATIONAL-GENERA-DIRECT,REQUIRED,Variation annotation,High
G-M-NATIONAL-I-GENERAL-FACT,G-A-NATIONAL-GENERAL--STATEMEN,REQUIRED,Observed question form,High
G-A-NATIONAL-GENERAL--STATEMEN,G-V-NATIONAL-GENERA-STATEM,REQUIRED,Variation annotation,High
G-M-NATIONAL-I-GENERAL-FACT,G-A-NATIONAL-GENERAL--FILL-UP,REQUIRED,Observed question form,High
G-A-NATIONAL-GENERAL--FILL-UP,G-V-NATIONAL-GENERA-FILL-U,REQUIRED,Variation annotation,High
G-S-ECONOMY-NATIONAL-INC,G-M-NATIONAL-I-SUPERLATIVE-,REQUIRED,Fact family of the subtopic,High
G-M-NATIONAL-I-SUPERLATIVE-,G-A-NATIONAL-SUPERLAT-DIRECT-F,REQUIRED,Observed question form,High
G-A-NATIONAL-SUPERLAT-DIRECT-F,G-V-NATIONAL-SUPERL-DIRECT,REQUIRED,Variation annotation,High
G-M-NATIONAL-I-SUPERLATIVE-,G-A-NATIONAL-SUPERLAT-STATEMEN,REQUIRED,Observed question form,High
G-A-NATIONAL-SUPERLAT-STATEMEN,G-V-NATIONAL-SUPERL-STATEM,REQUIRED,Variation annotation,High
G-S-ECONOMY-NATIONAL-INC,G-M-NATIONAL-I-OTHER-NATION,REQUIRED,Fact family of the subtopic,High
G-M-NATIONAL-I-OTHER-NATION,G-A-NATIONAL-OTHER-NA-DIRECT-F,REQUIRED,Observed question form,High
G-A-NATIONAL-OTHER-NA-DIRECT-F,G-V-NATIONAL-OTHER--DIRECT,REQUIRED,Variation annotation,High
G-T-ECONOMY,G-S-ECONOMY-PLANNING-NIT,REQUIRED,Structural curriculum grouping,High
G-S-ECONOMY-PLANNING-NIT,G-M-PLANNING-N-GENERAL-FACT,REQUIRED,Fact family of the subtopic,High
G-M-PLANNING-N-GENERAL-FACT,G-A-PLANNING-GENERAL--DIRECT-F,REQUIRED,Observed question form,High
G-A-PLANNING-GENERAL--DIRECT-F,G-V-PLANNING-GENERA-DIRECT,REQUIRED,Variation annotation,High
G-M-PLANNING-N-GENERAL-FACT,G-A-PLANNING-GENERAL--STATEMEN,REQUIRED,Observed question form,High
G-A-PLANNING-GENERAL--STATEMEN,G-V-PLANNING-GENERA-STATEM,REQUIRED,Variation annotation,High
G-M-PLANNING-N-GENERAL-FACT,G-A-PLANNING-GENERAL--FILL-UP,REQUIRED,Observed question form,High
G-A-PLANNING-GENERAL--FILL-UP,G-V-PLANNING-GENERA-FILL-U,REQUIRED,Variation annotation,High
G-S-ECONOMY-PLANNING-NIT,G-M-PLANNING-N-SUPERLATIVE-,REQUIRED,Fact family of the subtopic,High
G-M-PLANNING-N-SUPERLATIVE-,G-A-PLANNING-SUPERLAT-DIRECT-F,REQUIRED,Observed question form,High
G-A-PLANNING-SUPERLAT-DIRECT-F,G-V-PLANNING-SUPERL-DIRECT,REQUIRED,Variation annotation,High
G-S-ECONOMY-PLANNING-NIT,G-M-PLANNING-N-OTHER-PLANNI,REQUIRED,Fact family of the subtopic,High
G-M-PLANNING-N-OTHER-PLANNI,G-A-PLANNING-OTHER-PL-DIRECT-F,REQUIRED,Observed question form,High
G-A-PLANNING-OTHER-PL-DIRECT-F,G-V-PLANNING-OTHER--DIRECT,REQUIRED,Variation annotation,High
G-M-PLANNING-N-OTHER-PLANNI,G-A-PLANNING-OTHER-PL-STATEMEN,REQUIRED,Observed question form,High
G-A-PLANNING-OTHER-PL-STATEMEN,G-V-PLANNING-OTHER--STATEM,REQUIRED,Variation annotation,High
G-T-ECONOMY,G-S-ECONOMY-TRADE-EXTERN,REQUIRED,Structural curriculum grouping,High
G-S-ECONOMY-TRADE-EXTERN,G-M-TRADE-EXTE-GENERAL-FACT,REQUIRED,Fact family of the subtopic,High
G-M-TRADE-EXTE-GENERAL-FACT,G-A-TRADE-EX-GENERAL--DIRECT-F,REQUIRED,Observed question form,High
G-A-TRADE-EX-GENERAL--DIRECT-F,G-V-TRADE-EX-GENERA-DIRECT,REQUIRED,Variation annotation,High
G-M-TRADE-EXTE-GENERAL-FACT,G-A-TRADE-EX-GENERAL--STATEMEN,REQUIRED,Observed question form,High
G-A-TRADE-EX-GENERAL--STATEMEN,G-V-TRADE-EX-GENERA-STATEM,REQUIRED,Variation annotation,High
G-M-TRADE-EXTE-GENERAL-FACT,G-A-TRADE-EX-GENERAL--FILL-UP,REQUIRED,Observed question form,High
G-A-TRADE-EX-GENERAL--FILL-UP,G-V-TRADE-EX-GENERA-FILL-U,REQUIRED,Variation annotation,High
G-S-ECONOMY-TRADE-EXTERN,G-M-TRADE-EXTE-TERM-ANCHORE,REQUIRED,Fact family of the subtopic,High
G-M-TRADE-EXTE-TERM-ANCHORE,G-A-TRADE-EX-TERM-ANC-FILL-UP,REQUIRED,Observed question form,High
G-A-TRADE-EX-TERM-ANC-FILL-UP,G-V-TRADE-EX-TERM-A-FILL-U,REQUIRED,Variation annotation,High
G-M-TRADE-EXTE-TERM-ANCHORE,G-A-TRADE-EX-TERM-ANC-DIRECT-F,REQUIRED,Observed question form,High
G-A-TRADE-EX-TERM-ANC-DIRECT-F,G-V-TRADE-EX-TERM-A-DIRECT,REQUIRED,Variation annotation,High
G-T-FIGURE-BASED-I,G-S-FIGURE-BAS-FIGURE-BASED,REQUIRED,Structural curriculum grouping,High
G-S-FIGURE-BAS-FIGURE-BASED,G-M-FIGURE-BAS-GENERAL-FACT,REQUIRED,Fact family of the subtopic,High
G-M-FIGURE-BAS-GENERAL-FACT,G-A-FIGURE-B-GENERAL--IMAGE-BA,REQUIRED,Observed question form,High
G-A-FIGURE-B-GENERAL--IMAGE-BA,G-V-FIGURE-B-GENERA-IMAGE-,REQUIRED,Variation annotation,High
G-T-GEOGRAPHY,G-S-GEOGRAPHY-GENERAL-GEOG,REQUIRED,Structural curriculum grouping,High
G-S-GEOGRAPHY-GENERAL-GEOG,G-M-GENERAL-GE-GENERAL-FACT,REQUIRED,Fact family of the subtopic,High
G-M-GENERAL-GE-GENERAL-FACT,G-A-GENERAL--GENERAL--DIRECT-F-6,REQUIRED,Observed question form,High
G-A-GENERAL--GENERAL--DIRECT-F-6,G-V-GENERAL--GENERA-DIRECT-6,REQUIRED,Variation annotation,High
G-M-GENERAL-GE-GENERAL-FACT,G-A-GENERAL--GENERAL--STATEMEN-6,REQUIRED,Observed question form,High
G-A-GENERAL--GENERAL--STATEMEN-6,G-V-GENERAL--GENERA-STATEM-6,REQUIRED,Variation annotation,High
G-S-GEOGRAPHY-GENERAL-GEOG,G-M-GENERAL-GE-SUPERLATIVE-,REQUIRED,Fact family of the subtopic,High
G-M-GENERAL-GE-SUPERLATIVE-,G-A-GENERAL--SUPERLAT-DIRECT-F-4,REQUIRED,Observed question form,High
G-A-GENERAL--SUPERLAT-DIRECT-F-4,G-V-GENERAL--SUPERL-DIRECT-4,REQUIRED,Variation annotation,High
G-M-GENERAL-GE-SUPERLATIVE-,G-A-GENERAL--SUPERLAT-STATEMEN,REQUIRED,Observed question form,High
G-A-GENERAL--SUPERLAT-STATEMEN,G-V-GENERAL--SUPERL-STATEM,REQUIRED,Variation annotation,High
G-S-GEOGRAPHY-GENERAL-GEOG,G-M-GENERAL-GE-YEAR-ANCHORE,REQUIRED,Fact family of the subtopic,High
G-M-GENERAL-GE-YEAR-ANCHORE,G-A-GENERAL--YEAR-ANC-DIRECT-F-5,REQUIRED,Observed question form,High
G-A-GENERAL--YEAR-ANC-DIRECT-F-5,G-V-GENERAL--YEAR-A-DIRECT-5,REQUIRED,Variation annotation,High
G-M-GENERAL-GE-YEAR-ANCHORE,G-A-GENERAL--YEAR-ANC-MATCHING,REQUIRED,Observed question form,High
G-A-GENERAL--YEAR-ANC-MATCHING,G-V-GENERAL--YEAR-A-MATCHI,REQUIRED,Variation annotation,High
G-S-GEOGRAPHY-GENERAL-GEOG,G-M-GENERAL-GE-TERM-ANCHORE,REQUIRED,Fact family of the subtopic,High
G-M-GENERAL-GE-TERM-ANCHORE,G-A-GENERAL--TERM-ANC-DIRECT-F-3,REQUIRED,Observed question form,High
G-A-GENERAL--TERM-ANC-DIRECT-F-3,G-V-GENERAL--TERM-A-DIRECT-3,REQUIRED,Variation annotation,High
G-S-GEOGRAPHY-GENERAL-GEOG,G-M-GENERAL-GE-PERSON-ANCHO,REQUIRED,Fact family of the subtopic,High
G-M-GENERAL-GE-PERSON-ANCHO,G-A-GENERAL--PERSON-A-DIRECT-F-6,REQUIRED,Observed question form,High
G-A-GENERAL--PERSON-A-DIRECT-F-6,G-V-GENERAL--PERSON-DIRECT-6,REQUIRED,Variation annotation,High
G-S-GEOGRAPHY-GENERAL-GEOG,G-M-GENERAL-GE-OTHER-GENERA,REQUIRED,Fact family of the subtopic,High
G-M-GENERAL-GE-OTHER-GENERA,G-A-GENERAL--OTHER-GE-DIRECT-F-8,REQUIRED,Observed question form,High
G-A-GENERAL--OTHER-GE-DIRECT-F-8,G-V-GENERAL--OTHER--DIRECT-8,REQUIRED,Variation annotation,High
G-T-GEOGRAPHY,G-S-GEOGRAPHY-LAKES-WATER-,REQUIRED,Structural curriculum grouping,High
G-S-GEOGRAPHY-LAKES-WATER-,G-M-LAKES-WATE-GENERAL-FACT,REQUIRED,Fact family of the subtopic,High
G-M-LAKES-WATE-GENERAL-FACT,G-A-LAKES-WA-GENERAL--DIRECT-F,REQUIRED,Observed question form,High
G-A-LAKES-WA-GENERAL--DIRECT-F,G-V-LAKES-WA-GENERA-DIRECT,REQUIRED,Variation annotation,High
G-M-LAKES-WATE-GENERAL-FACT,G-A-LAKES-WA-GENERAL--STATEMEN,REQUIRED,Observed question form,High
G-A-LAKES-WA-GENERAL--STATEMEN,G-V-LAKES-WA-GENERA-STATEM,REQUIRED,Variation annotation,High
G-S-GEOGRAPHY-LAKES-WATER-,G-M-LAKES-WATE-SUPERLATIVE-,REQUIRED,Fact family of the subtopic,High
G-M-LAKES-WATE-SUPERLATIVE-,G-A-LAKES-WA-SUPERLAT-DIRECT-F,REQUIRED,Observed question form,High
G-A-LAKES-WA-SUPERLAT-DIRECT-F,G-V-LAKES-WA-SUPERL-DIRECT,REQUIRED,Variation annotation,High
G-S-GEOGRAPHY-LAKES-WATER-,G-M-LAKES-WATE-OTHER-LAKES-,REQUIRED,Fact family of the subtopic,High
G-M-LAKES-WATE-OTHER-LAKES-,G-A-LAKES-WA-OTHER-LA-DIRECT-F,REQUIRED,Observed question form,High
G-A-LAKES-WA-OTHER-LA-DIRECT-F,G-V-LAKES-WA-OTHER--DIRECT,REQUIRED,Variation annotation,High
G-T-GEOGRAPHY,G-S-GEOGRAPHY-MOUNTAINS-PH,REQUIRED,Structural curriculum grouping,High
G-S-GEOGRAPHY-MOUNTAINS-PH,G-M-MOUNTAINS--GENERAL-FACT,REQUIRED,Fact family of the subtopic,High
G-M-MOUNTAINS--GENERAL-FACT,G-A-MOUNTAIN-GENERAL--DIRECT-F,REQUIRED,Observed question form,High
G-A-MOUNTAIN-GENERAL--DIRECT-F,G-V-MOUNTAIN-GENERA-DIRECT,REQUIRED,Variation annotation,High
G-M-MOUNTAINS--GENERAL-FACT,G-A-MOUNTAIN-GENERAL--STATEMEN,REQUIRED,Observed question form,High
G-A-MOUNTAIN-GENERAL--STATEMEN,G-V-MOUNTAIN-GENERA-STATEM,REQUIRED,Variation annotation,High
G-M-MOUNTAINS--GENERAL-FACT,G-A-MOUNTAIN-GENERAL--MATCHING,REQUIRED,Observed question form,High
G-A-MOUNTAIN-GENERAL--MATCHING,G-V-MOUNTAIN-GENERA-MATCHI,REQUIRED,Variation annotation,High
G-S-GEOGRAPHY-MOUNTAINS-PH,G-M-MOUNTAINS--PLACE-ANCHOR,REQUIRED,Fact family of the subtopic,High
G-M-MOUNTAINS--PLACE-ANCHOR,G-A-MOUNTAIN-PLACE-AN-DIRECT-F,REQUIRED,Observed question form,High
G-A-MOUNTAIN-PLACE-AN-DIRECT-F,G-V-MOUNTAIN-PLACE--DIRECT,REQUIRED,Variation annotation,High
G-S-GEOGRAPHY-MOUNTAINS-PH,G-M-MOUNTAINS--SUPERLATIVE-,REQUIRED,Fact family of the subtopic,High
G-M-MOUNTAINS--SUPERLATIVE-,G-A-MOUNTAIN-SUPERLAT-DIRECT-F,REQUIRED,Observed question form,High
G-A-MOUNTAIN-SUPERLAT-DIRECT-F,G-V-MOUNTAIN-SUPERL-DIRECT,REQUIRED,Variation annotation,High
G-M-MOUNTAINS--SUPERLATIVE-,G-A-MOUNTAIN-SUPERLAT-STATEMEN,REQUIRED,Observed question form,High
G-A-MOUNTAIN-SUPERLAT-STATEMEN,G-V-MOUNTAIN-SUPERL-STATEM,REQUIRED,Variation annotation,High
G-S-GEOGRAPHY-MOUNTAINS-PH,G-M-MOUNTAINS--OTHER-MOUNTA,REQUIRED,Fact family of the subtopic,High
G-M-MOUNTAINS--OTHER-MOUNTA,G-A-MOUNTAIN-OTHER-MO-FILL-UP,REQUIRED,Observed question form,High
G-A-MOUNTAIN-OTHER-MO-FILL-UP,G-V-MOUNTAIN-OTHER--FILL-U,REQUIRED,Variation annotation,High
G-M-MOUNTAINS--OTHER-MOUNTA,G-A-MOUNTAIN-OTHER-MO-DIRECT-F,REQUIRED,Observed question form,High
G-A-MOUNTAIN-OTHER-MO-DIRECT-F,G-V-MOUNTAIN-OTHER--DIRECT,REQUIRED,Variation annotation,High
G-T-GEOGRAPHY,G-S-GEOGRAPHY-RIVERS-DRAIN,REQUIRED,Structural curriculum grouping,High
G-S-GEOGRAPHY-RIVERS-DRAIN,G-M-RIVERS-DRA-GENERAL-FACT,REQUIRED,Fact family of the subtopic,High
G-M-RIVERS-DRA-GENERAL-FACT,G-A-RIVERS-D-GENERAL--DIRECT-F,REQUIRED,Observed question form,High
G-A-RIVERS-D-GENERAL--DIRECT-F,G-V-RIVERS-D-GENERA-DIRECT,REQUIRED,Variation annotation,High
G-M-RIVERS-DRA-GENERAL-FACT,G-A-RIVERS-D-GENERAL--STATEMEN,REQUIRED,Observed question form,High
G-A-RIVERS-D-GENERAL--STATEMEN,G-V-RIVERS-D-GENERA-STATEM,REQUIRED,Variation annotation,High
G-M-RIVERS-DRA-GENERAL-FACT,G-A-RIVERS-D-GENERAL--FILL-UP,REQUIRED,Observed question form,High
G-A-RIVERS-D-GENERAL--FILL-UP,G-V-RIVERS-D-GENERA-FILL-U,REQUIRED,Variation annotation,High
G-S-GEOGRAPHY-RIVERS-DRAIN,G-M-RIVERS-DRA-PLACE-ANCHOR,REQUIRED,Fact family of the subtopic,High
G-M-RIVERS-DRA-PLACE-ANCHOR,G-A-RIVERS-D-PLACE-AN-DIRECT-F,REQUIRED,Observed question form,High
G-A-RIVERS-D-PLACE-AN-DIRECT-F,G-V-RIVERS-D-PLACE--DIRECT,REQUIRED,Variation annotation,High
G-S-GEOGRAPHY-RIVERS-DRAIN,G-M-RIVERS-DRA-OTHER-RIVERS,REQUIRED,Fact family of the subtopic,High
G-M-RIVERS-DRA-OTHER-RIVERS,G-A-RIVERS-D-OTHER-RI-DIRECT-F,REQUIRED,Observed question form,High
G-A-RIVERS-D-OTHER-RI-DIRECT-F,G-V-RIVERS-D-OTHER--DIRECT,REQUIRED,Variation annotation,High
G-T-GEOGRAPHY,G-S-GEOGRAPHY-SOILS-CLIMAT,REQUIRED,Structural curriculum grouping,High
G-S-GEOGRAPHY-SOILS-CLIMAT,G-M-SOILS-CLIM-GENERAL-FACT,REQUIRED,Fact family of the subtopic,High
G-M-SOILS-CLIM-GENERAL-FACT,G-A-SOILS-CL-GENERAL--DIRECT-F,REQUIRED,Observed question form,High
G-A-SOILS-CL-GENERAL--DIRECT-F,G-V-SOILS-CL-GENERA-DIRECT,REQUIRED,Variation annotation,High
G-M-SOILS-CLIM-GENERAL-FACT,G-A-SOILS-CL-GENERAL--STATEMEN,REQUIRED,Observed question form,High
G-A-SOILS-CL-GENERAL--STATEMEN,G-V-SOILS-CL-GENERA-STATEM,REQUIRED,Variation annotation,High
G-S-GEOGRAPHY-SOILS-CLIMAT,G-M-SOILS-CLIM-TERM-ANCHORE,REQUIRED,Fact family of the subtopic,High
G-M-SOILS-CLIM-TERM-ANCHORE,G-A-SOILS-CL-TERM-ANC-DIRECT-F,REQUIRED,Observed question form,High
G-A-SOILS-CL-TERM-ANC-DIRECT-F,G-V-SOILS-CL-TERM-A-DIRECT,REQUIRED,Variation annotation,High
G-M-SOILS-CLIM-TERM-ANCHORE,G-A-SOILS-CL-TERM-ANC-FILL-UP,REQUIRED,Observed question form,High
G-A-SOILS-CL-TERM-ANC-FILL-UP,G-V-SOILS-CL-TERM-A-FILL-U,REQUIRED,Variation annotation,High
G-S-GEOGRAPHY-SOILS-CLIMAT,G-M-SOILS-CLIM-PERSON-ANCHO,REQUIRED,Fact family of the subtopic,High
G-M-SOILS-CLIM-PERSON-ANCHO,G-A-SOILS-CL-PERSON-A-DIRECT-F,REQUIRED,Observed question form,High
G-A-SOILS-CL-PERSON-A-DIRECT-F,G-V-SOILS-CL-PERSON-DIRECT,REQUIRED,Variation annotation,High
G-S-GEOGRAPHY-SOILS-CLIMAT,G-M-SOILS-CLIM-OTHER-SOILS-,REQUIRED,Fact family of the subtopic,High
G-M-SOILS-CLIM-OTHER-SOILS-,G-A-SOILS-CL-OTHER-SO-DIRECT-F,REQUIRED,Observed question form,High
G-A-SOILS-CL-OTHER-SO-DIRECT-F,G-V-SOILS-CL-OTHER--DIRECT,REQUIRED,Variation annotation,High
G-T-GEOGRAPHY,G-S-GEOGRAPHY-STATES-CAPIT,REQUIRED,Structural curriculum grouping,High
G-S-GEOGRAPHY-STATES-CAPIT,G-M-STATES-CAP-GENERAL-FACT,REQUIRED,Fact family of the subtopic,High
G-M-STATES-CAP-GENERAL-FACT,G-A-STATES-C-GENERAL--DIRECT-F,REQUIRED,Observed question form,High
G-A-STATES-C-GENERAL--DIRECT-F,G-V-STATES-C-GENERA-DIRECT,REQUIRED,Variation annotation,High
G-M-STATES-CAP-GENERAL-FACT,G-A-STATES-C-GENERAL--STATEMEN,REQUIRED,Observed question form,High
G-A-STATES-C-GENERAL--STATEMEN,G-V-STATES-C-GENERA-STATEM,REQUIRED,Variation annotation,High
G-M-STATES-CAP-GENERAL-FACT,G-A-STATES-C-GENERAL--FILL-UP,REQUIRED,Observed question form,High
G-A-STATES-C-GENERAL--FILL-UP,G-V-STATES-C-GENERA-FILL-U,REQUIRED,Variation annotation,High
G-S-GEOGRAPHY-STATES-CAPIT,G-M-STATES-CAP-SUPERLATIVE-,REQUIRED,Fact family of the subtopic,High
G-M-STATES-CAP-SUPERLATIVE-,G-A-STATES-C-SUPERLAT-DIRECT-F,REQUIRED,Observed question form,High
G-A-STATES-C-SUPERLAT-DIRECT-F,G-V-STATES-C-SUPERL-DIRECT,REQUIRED,Variation annotation,High
G-S-GEOGRAPHY-STATES-CAPIT,G-M-STATES-CAP-YEAR-ANCHORE,REQUIRED,Fact family of the subtopic,High
G-M-STATES-CAP-YEAR-ANCHORE,G-A-STATES-C-YEAR-ANC-DIRECT-F,REQUIRED,Observed question form,High
G-A-STATES-C-YEAR-ANC-DIRECT-F,G-V-STATES-C-YEAR-A-DIRECT,REQUIRED,Variation annotation,High
G-S-GEOGRAPHY-STATES-CAPIT,G-M-STATES-CAP-TERM-ANCHORE,REQUIRED,Fact family of the subtopic,High
G-M-STATES-CAP-TERM-ANCHORE,G-A-STATES-C-TERM-ANC-DIRECT-F,REQUIRED,Observed question form,High
G-A-STATES-C-TERM-ANC-DIRECT-F,G-V-STATES-C-TERM-A-DIRECT,REQUIRED,Variation annotation,High
G-S-GEOGRAPHY-STATES-CAPIT,G-M-STATES-CAP-QUANTITY-ANC,REQUIRED,Fact family of the subtopic,High
G-M-STATES-CAP-QUANTITY-ANC,G-A-STATES-C-QUANTITY-DIRECT-F,REQUIRED,Observed question form,High
G-A-STATES-C-QUANTITY-DIRECT-F,G-V-STATES-C-QUANTI-DIRECT,REQUIRED,Variation annotation,High
G-S-GEOGRAPHY-STATES-CAPIT,G-M-STATES-CAP-OTHER-STATES,REQUIRED,Fact family of the subtopic,High
G-M-STATES-CAP-OTHER-STATES,G-A-STATES-C-OTHER-ST-DIRECT-F,REQUIRED,Observed question form,High
G-A-STATES-C-OTHER-ST-DIRECT-F,G-V-STATES-C-OTHER--DIRECT,REQUIRED,Variation annotation,High
G-T-ANCIENT-HISTOR,G-S-ANCIENT-HI-BUDDHISM-JAI,REQUIRED,Structural curriculum grouping,High
G-S-ANCIENT-HI-BUDDHISM-JAI,G-M-BUDDHISM-J-GENERAL-FACT,REQUIRED,Fact family of the subtopic,High
G-M-BUDDHISM-J-GENERAL-FACT,G-A-BUDDHISM-GENERAL--DIRECT-F,REQUIRED,Observed question form,High
G-A-BUDDHISM-GENERAL--DIRECT-F,G-V-BUDDHISM-GENERA-DIRECT,REQUIRED,Variation annotation,High
G-S-ANCIENT-HI-BUDDHISM-JAI,G-M-BUDDHISM-J-PERSON-ANCHO,REQUIRED,Fact family of the subtopic,High
G-M-BUDDHISM-J-PERSON-ANCHO,G-A-BUDDHISM-PERSON-A-DIRECT-F,REQUIRED,Observed question form,High
G-A-BUDDHISM-PERSON-A-DIRECT-F,G-V-BUDDHISM-PERSON-DIRECT,REQUIRED,Variation annotation,High
G-S-ANCIENT-HI-BUDDHISM-JAI,G-M-BUDDHISM-J-OTHER-BUDDHI,REQUIRED,Fact family of the subtopic,High
G-M-BUDDHISM-J-OTHER-BUDDHI,G-A-BUDDHISM-OTHER-BU-STATEMEN,REQUIRED,Observed question form,High
G-A-BUDDHISM-OTHER-BU-STATEMEN,G-V-BUDDHISM-OTHER--STATEM,REQUIRED,Variation annotation,High
G-T-ANCIENT-HISTOR,G-S-ANCIENT-HI-GENERAL-ANCI,REQUIRED,Structural curriculum grouping,High
G-S-ANCIENT-HI-GENERAL-ANCI,G-M-GENERAL-AN-GENERAL-FACT,REQUIRED,Fact family of the subtopic,High
G-M-GENERAL-AN-GENERAL-FACT,G-A-GENERAL--GENERAL--DIRECT-F-7,REQUIRED,Observed question form,High
G-A-GENERAL--GENERAL--DIRECT-F-7,G-V-GENERAL--GENERA-DIRECT-7,REQUIRED,Variation annotation,High
G-M-GENERAL-AN-GENERAL-FACT,G-A-GENERAL--GENERAL--STATEMEN-7,REQUIRED,Observed question form,High
G-A-GENERAL--GENERAL--STATEMEN-7,G-V-GENERAL--GENERA-STATEM-7,REQUIRED,Variation annotation,High
G-M-GENERAL-AN-GENERAL-FACT,G-A-GENERAL--GENERAL--FILL-UP-6,REQUIRED,Observed question form,High
G-A-GENERAL--GENERAL--FILL-UP-6,G-V-GENERAL--GENERA-FILL-U-6,REQUIRED,Variation annotation,High
G-S-ANCIENT-HI-GENERAL-ANCI,G-M-GENERAL-AN-OTHER-GENERA,REQUIRED,Fact family of the subtopic,High
G-M-GENERAL-AN-OTHER-GENERA,G-A-GENERAL--OTHER-GE-DIRECT-F-9,REQUIRED,Observed question form,High
G-A-GENERAL--OTHER-GE-DIRECT-F-9,G-V-GENERAL--OTHER--DIRECT-9,REQUIRED,Variation annotation,High
G-T-ANCIENT-HISTOR,G-S-ANCIENT-HI-GUPTA-POST-G,REQUIRED,Structural curriculum grouping,High
G-S-ANCIENT-HI-GUPTA-POST-G,G-M-GUPTA-POST-GENERAL-FACT,REQUIRED,Fact family of the subtopic,High
G-M-GUPTA-POST-GENERAL-FACT,G-A-GUPTA-PO-GENERAL--DIRECT-F,REQUIRED,Observed question form,High
G-A-GUPTA-PO-GENERAL--DIRECT-F,G-V-GUPTA-PO-GENERA-DIRECT,REQUIRED,Variation annotation,High
G-M-GUPTA-POST-GENERAL-FACT,G-A-GUPTA-PO-GENERAL--STATEMEN,REQUIRED,Observed question form,High
G-A-GUPTA-PO-GENERAL--STATEMEN,G-V-GUPTA-PO-GENERA-STATEM,REQUIRED,Variation annotation,High
G-M-GUPTA-POST-GENERAL-FACT,G-A-GUPTA-PO-GENERAL--FILL-UP,REQUIRED,Observed question form,High
G-A-GUPTA-PO-GENERAL--FILL-UP,G-V-GUPTA-PO-GENERA-FILL-U,REQUIRED,Variation annotation,High
G-M-GUPTA-POST-GENERAL-FACT,G-A-GUPTA-PO-GENERAL--MATCHING,REQUIRED,Observed question form,High
G-A-GUPTA-PO-GENERAL--MATCHING,G-V-GUPTA-PO-GENERA-MATCHI,REQUIRED,Variation annotation,High
G-S-ANCIENT-HI-GUPTA-POST-G,G-M-GUPTA-POST-BOOK-ANCHORE,REQUIRED,Fact family of the subtopic,High
G-M-GUPTA-POST-BOOK-ANCHORE,G-A-GUPTA-PO-BOOK-ANC-DIRECT-F,REQUIRED,Observed question form,High
G-A-GUPTA-PO-BOOK-ANC-DIRECT-F,G-V-GUPTA-PO-BOOK-A-DIRECT,REQUIRED,Variation annotation,High
G-S-ANCIENT-HI-GUPTA-POST-G,G-M-GUPTA-POST-PERSON-ANCHO,REQUIRED,Fact family of the subtopic,High
G-M-GUPTA-POST-PERSON-ANCHO,G-A-GUPTA-PO-PERSON-A-DIRECT-F,REQUIRED,Observed question form,High
G-A-GUPTA-PO-PERSON-A-DIRECT-F,G-V-GUPTA-PO-PERSON-DIRECT,REQUIRED,Variation annotation,High
G-S-ANCIENT-HI-GUPTA-POST-G,G-M-GUPTA-POST-OTHER-GUPTA-,REQUIRED,Fact family of the subtopic,High
G-M-GUPTA-POST-OTHER-GUPTA-,G-A-GUPTA-PO-OTHER-GU-FILL-UP,REQUIRED,Observed question form,High
G-A-GUPTA-PO-OTHER-GU-FILL-UP,G-V-GUPTA-PO-OTHER--FILL-U,REQUIRED,Variation annotation,High
G-M-GUPTA-POST-OTHER-GUPTA-,G-A-GUPTA-PO-OTHER-GU-STATEMEN,REQUIRED,Observed question form,High
G-A-GUPTA-PO-OTHER-GU-STATEMEN,G-V-GUPTA-PO-OTHER--STATEM,REQUIRED,Variation annotation,High
G-T-ANCIENT-HISTOR,G-S-ANCIENT-HI-INDUS-VALLEY,REQUIRED,Structural curriculum grouping,High
G-S-ANCIENT-HI-INDUS-VALLEY,G-M-INDUS-VALL-GENERAL-FACT,REQUIRED,Fact family of the subtopic,High
G-M-INDUS-VALL-GENERAL-FACT,G-A-INDUS-VA-GENERAL--DIRECT-F,REQUIRED,Observed question form,High
G-A-INDUS-VA-GENERAL--DIRECT-F,G-V-INDUS-VA-GENERA-DIRECT,REQUIRED,Variation annotation,High
G-M-INDUS-VALL-GENERAL-FACT,G-A-INDUS-VA-GENERAL--FILL-UP,REQUIRED,Observed question form,High
G-A-INDUS-VA-GENERAL--FILL-UP,G-V-INDUS-VA-GENERA-FILL-U,REQUIRED,Variation annotation,High
G-M-INDUS-VALL-GENERAL-FACT,G-A-INDUS-VA-GENERAL--STATEMEN,REQUIRED,Observed question form,High
G-A-INDUS-VA-GENERAL--STATEMEN,G-V-INDUS-VA-GENERA-STATEM,REQUIRED,Variation annotation,High
G-S-ANCIENT-HI-INDUS-VALLEY,G-M-INDUS-VALL-OBJECTIVE-AN,REQUIRED,Fact family of the subtopic,High
G-M-INDUS-VALL-OBJECTIVE-AN,G-A-INDUS-VA-OBJECTIV-DIRECT-F,REQUIRED,Observed question form,High
G-A-INDUS-VA-OBJECTIV-DIRECT-F,G-V-INDUS-VA-OBJECT-DIRECT,REQUIRED,Variation annotation,High
G-M-INDUS-VALL-OBJECTIVE-AN,G-A-INDUS-VA-OBJECTIV-FILL-UP,REQUIRED,Observed question form,High
G-A-INDUS-VA-OBJECTIV-FILL-UP,G-V-INDUS-VA-OBJECT-FILL-U,REQUIRED,Variation annotation,High
G-S-ANCIENT-HI-INDUS-VALLEY,G-M-INDUS-VALL-YEAR-ANCHORE,REQUIRED,Fact family of the subtopic,High
G-M-INDUS-VALL-YEAR-ANCHORE,G-A-INDUS-VA-YEAR-ANC-DIRECT-F,REQUIRED,Observed question form,High
G-A-INDUS-VA-YEAR-ANC-DIRECT-F,G-V-INDUS-VA-YEAR-A-DIRECT,REQUIRED,Variation annotation,High
G-S-ANCIENT-HI-INDUS-VALLEY,G-M-INDUS-VALL-TERM-ANCHORE,REQUIRED,Fact family of the subtopic,High
G-M-INDUS-VALL-TERM-ANCHORE,G-A-INDUS-VA-TERM-ANC-DIRECT-F,REQUIRED,Observed question form,High
G-A-INDUS-VA-TERM-ANC-DIRECT-F,G-V-INDUS-VA-TERM-A-DIRECT,REQUIRED,Variation annotation,High
G-M-INDUS-VALL-TERM-ANCHORE,G-A-INDUS-VA-TERM-ANC-STATEMEN,REQUIRED,Observed question form,High
G-A-INDUS-VA-TERM-ANC-STATEMEN,G-V-INDUS-VA-TERM-A-STATEM,REQUIRED,Variation annotation,High
G-S-ANCIENT-HI-INDUS-VALLEY,G-M-INDUS-VALL-PLACE-ANCHOR,REQUIRED,Fact family of the subtopic,High
G-M-INDUS-VALL-PLACE-ANCHOR,G-A-INDUS-VA-PLACE-AN-DIRECT-F,REQUIRED,Observed question form,High
G-A-INDUS-VA-PLACE-AN-DIRECT-F,G-V-INDUS-VA-PLACE--DIRECT,REQUIRED,Variation annotation,High
G-S-ANCIENT-HI-INDUS-VALLEY,G-M-INDUS-VALL-OTHER-INDUS-,REQUIRED,Fact family of the subtopic,High
G-M-INDUS-VALL-OTHER-INDUS-,G-A-INDUS-VA-OTHER-IN-DIRECT-F,REQUIRED,Observed question form,High
G-A-INDUS-VA-OTHER-IN-DIRECT-F,G-V-INDUS-VA-OTHER--DIRECT,REQUIRED,Variation annotation,High
G-T-ANCIENT-HISTOR,G-S-ANCIENT-HI-MAURYAN-AGE,REQUIRED,Structural curriculum grouping,High
G-S-ANCIENT-HI-MAURYAN-AGE,G-M-MAURYAN-AG-GENERAL-FACT,REQUIRED,Fact family of the subtopic,High
G-M-MAURYAN-AG-GENERAL-FACT,G-A-MAURYAN--GENERAL--DIRECT-F,REQUIRED,Observed question form,High
G-A-MAURYAN--GENERAL--DIRECT-F,G-V-MAURYAN--GENERA-DIRECT,REQUIRED,Variation annotation,High
G-M-MAURYAN-AG-GENERAL-FACT,G-A-MAURYAN--GENERAL--STATEMEN,REQUIRED,Observed question form,High
G-A-MAURYAN--GENERAL--STATEMEN,G-V-MAURYAN--GENERA-STATEM,REQUIRED,Variation annotation,High
G-M-MAURYAN-AG-GENERAL-FACT,G-A-MAURYAN--GENERAL--MATCHING,REQUIRED,Observed question form,High
G-A-MAURYAN--GENERAL--MATCHING,G-V-MAURYAN--GENERA-MATCHI,REQUIRED,Variation annotation,High
G-S-ANCIENT-HI-MAURYAN-AGE,G-M-MAURYAN-AG-PERSON-ANCHO,REQUIRED,Fact family of the subtopic,High
G-M-MAURYAN-AG-PERSON-ANCHO,G-A-MAURYAN--PERSON-A-DIRECT-F,REQUIRED,Observed question form,High
G-A-MAURYAN--PERSON-A-DIRECT-F,G-V-MAURYAN--PERSON-DIRECT,REQUIRED,Variation annotation,High
G-M-MAURYAN-AG-PERSON-ANCHO,G-A-MAURYAN--PERSON-A-FILL-UP,REQUIRED,Observed question form,High
G-A-MAURYAN--PERSON-A-FILL-UP,G-V-MAURYAN--PERSON-FILL-U,REQUIRED,Variation annotation,High
G-S-ANCIENT-HI-MAURYAN-AGE,G-M-MAURYAN-AG-OTHER-MAURYA,REQUIRED,Fact family of the subtopic,High
G-M-MAURYAN-AG-OTHER-MAURYA,G-A-MAURYAN--OTHER-MA-DIRECT-F,REQUIRED,Observed question form,High
G-A-MAURYAN--OTHER-MA-DIRECT-F,G-V-MAURYAN--OTHER--DIRECT,REQUIRED,Variation annotation,High
G-T-ANCIENT-HISTOR,G-S-ANCIENT-HI-VEDIC-MAHAJA,REQUIRED,Structural curriculum grouping,High
G-S-ANCIENT-HI-VEDIC-MAHAJA,G-M-VEDIC-MAHA-GENERAL-FACT,REQUIRED,Fact family of the subtopic,High
G-M-VEDIC-MAHA-GENERAL-FACT,G-A-VEDIC-MA-GENERAL--DIRECT-F,REQUIRED,Observed question form,High
G-A-VEDIC-MA-GENERAL--DIRECT-F,G-V-VEDIC-MA-GENERA-DIRECT,REQUIRED,Variation annotation,High
G-S-ANCIENT-HI-VEDIC-MAHAJA,G-M-VEDIC-MAHA-TERM-ANCHORE,REQUIRED,Fact family of the subtopic,High
G-M-VEDIC-MAHA-TERM-ANCHORE,G-A-VEDIC-MA-TERM-ANC-DIRECT-F,REQUIRED,Observed question form,High
G-A-VEDIC-MA-TERM-ANC-DIRECT-F,G-V-VEDIC-MA-TERM-A-DIRECT,REQUIRED,Variation annotation,High
G-M-VEDIC-MAHA-TERM-ANCHORE,G-A-VEDIC-MA-TERM-ANC-FILL-UP,REQUIRED,Observed question form,High
G-A-VEDIC-MA-TERM-ANC-FILL-UP,G-V-VEDIC-MA-TERM-A-FILL-U,REQUIRED,Variation annotation,High
G-T-MEDIEVAL-HISTO,G-S-MEDIEVAL-H-BHAKTI-SUFI,REQUIRED,Structural curriculum grouping,High
G-S-MEDIEVAL-H-BHAKTI-SUFI,G-M-BHAKTI-SUF-GENERAL-FACT,REQUIRED,Fact family of the subtopic,High
G-M-BHAKTI-SUF-GENERAL-FACT,G-A-BHAKTI-S-GENERAL--DIRECT-F,REQUIRED,Observed question form,High
G-A-BHAKTI-S-GENERAL--DIRECT-F,G-V-BHAKTI-S-GENERA-DIRECT,REQUIRED,Variation annotation,High
G-M-BHAKTI-SUF-GENERAL-FACT,G-A-BHAKTI-S-GENERAL--FILL-UP,REQUIRED,Observed question form,High
G-A-BHAKTI-S-GENERAL--FILL-UP,G-V-BHAKTI-S-GENERA-FILL-U,REQUIRED,Variation annotation,High
G-S-MEDIEVAL-H-BHAKTI-SUFI,G-M-BHAKTI-SUF-OTHER-BHAKTI,REQUIRED,Fact family of the subtopic,High
G-M-BHAKTI-SUF-OTHER-BHAKTI,G-A-BHAKTI-S-OTHER-BH-DIRECT-F,REQUIRED,Observed question form,High
G-A-BHAKTI-S-OTHER-BH-DIRECT-F,G-V-BHAKTI-S-OTHER--DIRECT,REQUIRED,Variation annotation,High
G-M-BHAKTI-SUF-OTHER-BHAKTI,G-A-BHAKTI-S-OTHER-BH-FILL-UP,REQUIRED,Observed question form,High
G-A-BHAKTI-S-OTHER-BH-FILL-UP,G-V-BHAKTI-S-OTHER--FILL-U,REQUIRED,Variation annotation,High
G-T-MEDIEVAL-HISTO,G-S-MEDIEVAL-H-DELHI-SULTAN,REQUIRED,Structural curriculum grouping,High
G-S-MEDIEVAL-H-DELHI-SULTAN,G-M-DELHI-SULT-GENERAL-FACT,REQUIRED,Fact family of the subtopic,High
G-M-DELHI-SULT-GENERAL-FACT,G-A-DELHI-SU-GENERAL--DIRECT-F,REQUIRED,Observed question form,High
G-A-DELHI-SU-GENERAL--DIRECT-F,G-V-DELHI-SU-GENERA-DIRECT,REQUIRED,Variation annotation,High
G-S-MEDIEVAL-H-DELHI-SULTAN,G-M-DELHI-SULT-PERSON-ANCHO,REQUIRED,Fact family of the subtopic,High
G-M-DELHI-SULT-PERSON-ANCHO,G-A-DELHI-SU-PERSON-A-DIRECT-F,REQUIRED,Observed question form,High
G-A-DELHI-SU-PERSON-A-DIRECT-F,G-V-DELHI-SU-PERSON-DIRECT,REQUIRED,Variation annotation,High
G-S-MEDIEVAL-H-DELHI-SULTAN,G-M-DELHI-SULT-OTHER-DELHI-,REQUIRED,Fact family of the subtopic,High
G-M-DELHI-SULT-OTHER-DELHI-,G-A-DELHI-SU-OTHER-DE-DIRECT-F,REQUIRED,Observed question form,High
G-A-DELHI-SU-OTHER-DE-DIRECT-F,G-V-DELHI-SU-OTHER--DIRECT,REQUIRED,Variation annotation,High
G-M-DELHI-SULT-OTHER-DELHI-,G-A-DELHI-SU-OTHER-DE-STATEMEN,REQUIRED,Observed question form,High
G-A-DELHI-SU-OTHER-DE-STATEMEN,G-V-DELHI-SU-OTHER--STATEM,REQUIRED,Variation annotation,High
G-T-MEDIEVAL-HISTO,G-S-MEDIEVAL-H-GENERAL-MEDI,REQUIRED,Structural curriculum grouping,High
G-S-MEDIEVAL-H-GENERAL-MEDI,G-M-GENERAL-ME-OTHER-GENERA,REQUIRED,Fact family of the subtopic,High
G-M-GENERAL-ME-OTHER-GENERA,G-A-GENERAL--OTHER-GE-DIRECT-F-10,REQUIRED,Observed question form,High
G-A-GENERAL--OTHER-GE-DIRECT-F-10,G-V-GENERAL--OTHER--DIRECT-10,REQUIRED,Variation annotation,High
G-T-MEDIEVAL-HISTO,G-S-MEDIEVAL-H-MARATHAS,REQUIRED,Structural curriculum grouping,High
G-S-MEDIEVAL-H-MARATHAS,G-M-MARATHAS-GENERAL-FACT,REQUIRED,Fact family of the subtopic,High
G-M-MARATHAS-GENERAL-FACT,G-A-MARATHAS-GENERAL--DIRECT-F,REQUIRED,Observed question form,High
G-A-MARATHAS-GENERAL--DIRECT-F,G-V-MARATHAS-GENERA-DIRECT,REQUIRED,Variation annotation,High
G-T-MEDIEVAL-HISTO,G-S-MEDIEVAL-H-MUGHALS,REQUIRED,Structural curriculum grouping,High
G-S-MEDIEVAL-H-MUGHALS,G-M-MUGHALS-GENERAL-FACT,REQUIRED,Fact family of the subtopic,High
G-M-MUGHALS-GENERAL-FACT,G-A-MUGHALS-GENERAL--DIRECT-F,REQUIRED,Observed question form,High
G-A-MUGHALS-GENERAL--DIRECT-F,G-V-MUGHALS-GENERA-DIRECT,REQUIRED,Variation annotation,High
G-M-MUGHALS-GENERAL-FACT,G-A-MUGHALS-GENERAL--FILL-UP,REQUIRED,Observed question form,High
G-A-MUGHALS-GENERAL--FILL-UP,G-V-MUGHALS-GENERA-FILL-U,REQUIRED,Variation annotation,High
G-M-MUGHALS-GENERAL-FACT,G-A-MUGHALS-GENERAL--STATEMEN,REQUIRED,Observed question form,High
G-A-MUGHALS-GENERAL--STATEMEN,G-V-MUGHALS-GENERA-STATEM,REQUIRED,Variation annotation,High
G-M-MUGHALS-GENERAL-FACT,G-A-MUGHALS-GENERAL--MATCHING,REQUIRED,Observed question form,High
G-A-MUGHALS-GENERAL--MATCHING,G-V-MUGHALS-GENERA-MATCHI,REQUIRED,Variation annotation,High
G-S-MEDIEVAL-H-MUGHALS,G-M-MUGHALS-YEAR-ANCHORE,REQUIRED,Fact family of the subtopic,High
G-M-MUGHALS-YEAR-ANCHORE,G-A-MUGHALS-YEAR-ANC-FILL-UP,REQUIRED,Observed question form,High
G-A-MUGHALS-YEAR-ANC-FILL-UP,G-V-MUGHALS-YEAR-A-FILL-U,REQUIRED,Variation annotation,High
G-M-MUGHALS-YEAR-ANCHORE,G-A-MUGHALS-YEAR-ANC-DIRECT-F,REQUIRED,Observed question form,High
G-A-MUGHALS-YEAR-ANC-DIRECT-F,G-V-MUGHALS-YEAR-A-DIRECT,REQUIRED,Variation annotation,High
G-S-MEDIEVAL-H-MUGHALS,G-M-MUGHALS-PERSON-ANCHO,REQUIRED,Fact family of the subtopic,High
G-M-MUGHALS-PERSON-ANCHO,G-A-MUGHALS-PERSON-A-DIRECT-F,REQUIRED,Observed question form,High
G-A-MUGHALS-PERSON-A-DIRECT-F,G-V-MUGHALS-PERSON-DIRECT,REQUIRED,Variation annotation,High
G-S-MEDIEVAL-H-MUGHALS,G-M-MUGHALS-OTHER-MUGHAL,REQUIRED,Fact family of the subtopic,High
G-M-MUGHALS-OTHER-MUGHAL,G-A-MUGHALS-OTHER-MU-STATEMEN,REQUIRED,Observed question form,High
G-A-MUGHALS-OTHER-MU-STATEMEN,G-V-MUGHALS-OTHER--STATEM,REQUIRED,Variation annotation,High
G-M-MUGHALS-OTHER-MUGHAL,G-A-MUGHALS-OTHER-MU-DIRECT-F,REQUIRED,Observed question form,High
G-A-MUGHALS-OTHER-MU-DIRECT-F,G-V-MUGHALS-OTHER--DIRECT,REQUIRED,Variation annotation,High
G-T-MEDIEVAL-HISTO,G-S-MEDIEVAL-H-RAJPUTS,REQUIRED,Structural curriculum grouping,High
G-S-MEDIEVAL-H-RAJPUTS,G-M-RAJPUTS-OTHER-RAJPUT,REQUIRED,Fact family of the subtopic,High
G-M-RAJPUTS-OTHER-RAJPUT,G-A-RAJPUTS-OTHER-RA-DIRECT-F,REQUIRED,Observed question form,High
G-A-RAJPUTS-OTHER-RA-DIRECT-F,G-V-RAJPUTS-OTHER--DIRECT,REQUIRED,Variation annotation,High
G-T-MEDIEVAL-HISTO,G-S-MEDIEVAL-H-VIJAYANAGARA,REQUIRED,Structural curriculum grouping,High
G-S-MEDIEVAL-H-VIJAYANAGARA,G-M-VIJAYANAGA-GENERAL-FACT,REQUIRED,Fact family of the subtopic,High
G-M-VIJAYANAGA-GENERAL-FACT,G-A-VIJAYANA-GENERAL--DIRECT-F,REQUIRED,Observed question form,High
G-A-VIJAYANA-GENERAL--DIRECT-F,G-V-VIJAYANA-GENERA-DIRECT,REQUIRED,Variation annotation,High
G-M-VIJAYANAGA-GENERAL-FACT,G-A-VIJAYANA-GENERAL--FILL-UP,REQUIRED,Observed question form,High
G-A-VIJAYANA-GENERAL--FILL-UP,G-V-VIJAYANA-GENERA-FILL-U,REQUIRED,Variation annotation,High
G-M-VIJAYANAGA-GENERAL-FACT,G-A-VIJAYANA-GENERAL--STATEMEN,REQUIRED,Observed question form,High
G-A-VIJAYANA-GENERAL--STATEMEN,G-V-VIJAYANA-GENERA-STATEM,REQUIRED,Variation annotation,High
G-S-MEDIEVAL-H-VIJAYANAGARA,G-M-VIJAYANAGA-OTHER-VIJAYA,REQUIRED,Fact family of the subtopic,High
G-M-VIJAYANAGA-OTHER-VIJAYA,G-A-VIJAYANA-OTHER-VI-DIRECT-F,REQUIRED,Observed question form,High
G-A-VIJAYANA-OTHER-VI-DIRECT-F,G-V-VIJAYANA-OTHER--DIRECT,REQUIRED,Variation annotation,High
G-T-MODERN-HISTORY,G-S-MODERN-HIS-BRITISH-ACTS,REQUIRED,Structural curriculum grouping,High
G-S-MODERN-HIS-BRITISH-ACTS,G-M-BRITISH-AC-GENERAL-FACT,REQUIRED,Fact family of the subtopic,High
G-M-BRITISH-AC-GENERAL-FACT,G-A-BRITISH--GENERAL--DIRECT-F,REQUIRED,Observed question form,High
G-A-BRITISH--GENERAL--DIRECT-F,G-V-BRITISH--GENERA-DIRECT,REQUIRED,Variation annotation,High
G-M-BRITISH-AC-GENERAL-FACT,G-A-BRITISH--GENERAL--STATEMEN,REQUIRED,Observed question form,High
G-A-BRITISH--GENERAL--STATEMEN,G-V-BRITISH--GENERA-STATEM,REQUIRED,Variation annotation,High
G-M-BRITISH-AC-GENERAL-FACT,G-A-BRITISH--GENERAL--FILL-UP,REQUIRED,Observed question form,High
G-A-BRITISH--GENERAL--FILL-UP,G-V-BRITISH--GENERA-FILL-U,REQUIRED,Variation annotation,High
G-S-MODERN-HIS-BRITISH-ACTS,G-M-BRITISH-AC-OTHER-BRITIS,REQUIRED,Fact family of the subtopic,High
G-M-BRITISH-AC-OTHER-BRITIS,G-A-BRITISH--OTHER-BR-STATEMEN,REQUIRED,Observed question form,High
G-A-BRITISH--OTHER-BR-STATEMEN,G-V-BRITISH--OTHER--STATEM,REQUIRED,Variation annotation,High
G-M-BRITISH-AC-OTHER-BRITIS,G-A-BRITISH--OTHER-BR-DIRECT-F,REQUIRED,Observed question form,High
G-A-BRITISH--OTHER-BR-DIRECT-F,G-V-BRITISH--OTHER--DIRECT,REQUIRED,Variation annotation,High
G-T-MODERN-HISTORY,G-S-MODERN-HIS-FREEDOM-STRU,REQUIRED,Structural curriculum grouping,High
G-S-MODERN-HIS-FREEDOM-STRU,G-M-FREEDOM-ST-GENERAL-FACT,REQUIRED,Fact family of the subtopic,High
G-M-FREEDOM-ST-GENERAL-FACT,G-A-FREEDOM--GENERAL--DIRECT-F,REQUIRED,Observed question form,High
G-A-FREEDOM--GENERAL--DIRECT-F,G-V-FREEDOM--GENERA-DIRECT,REQUIRED,Variation annotation,High
G-M-FREEDOM-ST-GENERAL-FACT,G-A-FREEDOM--GENERAL--FILL-UP,REQUIRED,Observed question form,High
G-A-FREEDOM--GENERAL--FILL-UP,G-V-FREEDOM--GENERA-FILL-U,REQUIRED,Variation annotation,High
G-S-MODERN-HIS-FREEDOM-STRU,G-M-FREEDOM-ST-PERSON-ANCHO,REQUIRED,Fact family of the subtopic,High
G-M-FREEDOM-ST-PERSON-ANCHO,G-A-FREEDOM--PERSON-A-DIRECT-F,REQUIRED,Observed question form,High
G-A-FREEDOM--PERSON-A-DIRECT-F,G-V-FREEDOM--PERSON-DIRECT,REQUIRED,Variation annotation,High
G-S-MODERN-HIS-FREEDOM-STRU,G-M-FREEDOM-ST-YEAR-ANCHORE,REQUIRED,Fact family of the subtopic,High
G-M-FREEDOM-ST-YEAR-ANCHORE,G-A-FREEDOM--YEAR-ANC-DIRECT-F,REQUIRED,Observed question form,High
G-A-FREEDOM--YEAR-ANC-DIRECT-F,G-V-FREEDOM--YEAR-A-DIRECT,REQUIRED,Variation annotation,High
G-M-FREEDOM-ST-YEAR-ANCHORE,G-A-FREEDOM--YEAR-ANC-STATEMEN,REQUIRED,Observed question form,High
G-A-FREEDOM--YEAR-ANC-STATEMEN,G-V-FREEDOM--YEAR-A-STATEM,REQUIRED,Variation annotation,High
G-S-MODERN-HIS-FREEDOM-STRU,G-M-FREEDOM-ST-PLACE-ANCHOR,REQUIRED,Fact family of the subtopic,High
G-M-FREEDOM-ST-PLACE-ANCHOR,G-A-FREEDOM--PLACE-AN-DIRECT-F,REQUIRED,Observed question form,High
G-A-FREEDOM--PLACE-AN-DIRECT-F,G-V-FREEDOM--PLACE--DIRECT,REQUIRED,Variation annotation,High
G-S-MODERN-HIS-FREEDOM-STRU,G-M-FREEDOM-ST-BOOK-ANCHORE,REQUIRED,Fact family of the subtopic,High
G-M-FREEDOM-ST-BOOK-ANCHORE,G-A-FREEDOM--BOOK-ANC-DIRECT-F,REQUIRED,Observed question form,High
G-A-FREEDOM--BOOK-ANC-DIRECT-F,G-V-FREEDOM--BOOK-A-DIRECT,REQUIRED,Variation annotation,High
G-S-MODERN-HIS-FREEDOM-STRU,G-M-FREEDOM-ST-OTHER-FREEDO,REQUIRED,Fact family of the subtopic,High
G-M-FREEDOM-ST-OTHER-FREEDO,G-A-FREEDOM--OTHER-FR-DIRECT-F,REQUIRED,Observed question form,High
G-A-FREEDOM--OTHER-FR-DIRECT-F,G-V-FREEDOM--OTHER--DIRECT,REQUIRED,Variation annotation,High
G-T-MODERN-HISTORY,G-S-MODERN-HIS-GANDHIAN-MOV,REQUIRED,Structural curriculum grouping,High
G-S-MODERN-HIS-GANDHIAN-MOV,G-M-GANDHIAN-M-GENERAL-FACT,REQUIRED,Fact family of the subtopic,High
G-M-GANDHIAN-M-GENERAL-FACT,G-A-GANDHIAN-GENERAL--DIRECT-F,REQUIRED,Observed question form,High
G-A-GANDHIAN-GENERAL--DIRECT-F,G-V-GANDHIAN-GENERA-DIRECT,REQUIRED,Variation annotation,High
G-S-MODERN-HIS-GANDHIAN-MOV,G-M-GANDHIAN-M-PERSON-ANCHO,REQUIRED,Fact family of the subtopic,High
G-M-GANDHIAN-M-PERSON-ANCHO,G-A-GANDHIAN-PERSON-A-DIRECT-F,REQUIRED,Observed question form,High
G-A-GANDHIAN-PERSON-A-DIRECT-F,G-V-GANDHIAN-PERSON-DIRECT,REQUIRED,Variation annotation,High
G-S-MODERN-HIS-GANDHIAN-MOV,G-M-GANDHIAN-M-YEAR-ANCHORE,REQUIRED,Fact family of the subtopic,High
G-M-GANDHIAN-M-YEAR-ANCHORE,G-A-GANDHIAN-YEAR-ANC-DIRECT-F,REQUIRED,Observed question form,High
G-A-GANDHIAN-YEAR-ANC-DIRECT-F,G-V-GANDHIAN-YEAR-A-DIRECT,REQUIRED,Variation annotation,High
G-M-GANDHIAN-M-YEAR-ANCHORE,G-A-GANDHIAN-YEAR-ANC-STATEMEN,REQUIRED,Observed question form,High
G-A-GANDHIAN-YEAR-ANC-STATEMEN,G-V-GANDHIAN-YEAR-A-STATEM,REQUIRED,Variation annotation,High
G-S-MODERN-HIS-GANDHIAN-MOV,G-M-GANDHIAN-M-AWARD-ANCHOR,REQUIRED,Fact family of the subtopic,High
G-M-GANDHIAN-M-AWARD-ANCHOR,G-A-GANDHIAN-AWARD-AN-DIRECT-F,REQUIRED,Observed question form,High
G-A-GANDHIAN-AWARD-AN-DIRECT-F,G-V-GANDHIAN-AWARD--DIRECT,REQUIRED,Variation annotation,High
G-S-MODERN-HIS-GANDHIAN-MOV,G-M-GANDHIAN-M-OTHER-GANDHI,REQUIRED,Fact family of the subtopic,High
G-M-GANDHIAN-M-OTHER-GANDHI,G-A-GANDHIAN-OTHER-GA-DIRECT-F,REQUIRED,Observed question form,High
G-A-GANDHIAN-OTHER-GA-DIRECT-F,G-V-GANDHIAN-OTHER--DIRECT,REQUIRED,Variation annotation,High
G-T-MODERN-HISTORY,G-S-MODERN-HIS-GENERAL-MODE,REQUIRED,Structural curriculum grouping,High
G-S-MODERN-HIS-GENERAL-MODE,G-M-GENERAL-MO-GENERAL-FACT,REQUIRED,Fact family of the subtopic,High
G-M-GENERAL-MO-GENERAL-FACT,G-A-GENERAL--GENERAL--DIRECT-F-8,REQUIRED,Observed question form,High
G-A-GENERAL--GENERAL--DIRECT-F-8,G-V-GENERAL--GENERA-DIRECT-8,REQUIRED,Variation annotation,High
G-M-GENERAL-MO-GENERAL-FACT,G-A-GENERAL--GENERAL--STATEMEN-8,REQUIRED,Observed question form,High
G-A-GENERAL--GENERAL--STATEMEN-8,G-V-GENERAL--GENERA-STATEM-8,REQUIRED,Variation annotation,High
G-M-GENERAL-MO-GENERAL-FACT,G-A-GENERAL--GENERAL--FILL-UP-7,REQUIRED,Observed question form,High
G-A-GENERAL--GENERAL--FILL-UP-7,G-V-GENERAL--GENERA-FILL-U-7,REQUIRED,Variation annotation,High
G-S-MODERN-HIS-GENERAL-MODE,G-M-GENERAL-MO-PERSON-ANCHO,REQUIRED,Fact family of the subtopic,High
G-M-GENERAL-MO-PERSON-ANCHO,G-A-GENERAL--PERSON-A-DIRECT-F-7,REQUIRED,Observed question form,High
G-A-GENERAL--PERSON-A-DIRECT-F-7,G-V-GENERAL--PERSON-DIRECT-7,REQUIRED,Variation annotation,High
G-M-GENERAL-MO-PERSON-ANCHO,G-A-GENERAL--PERSON-A-FILL-UP-3,REQUIRED,Observed question form,High
G-A-GENERAL--PERSON-A-FILL-UP-3,G-V-GENERAL--PERSON-FILL-U-3,REQUIRED,Variation annotation,High
G-S-MODERN-HIS-GENERAL-MODE,G-M-GENERAL-MO-YEAR-ANCHORE,REQUIRED,Fact family of the subtopic,High
G-M-GENERAL-MO-YEAR-ANCHORE,G-A-GENERAL--YEAR-ANC-DIRECT-F-6,REQUIRED,Observed question form,High
G-A-GENERAL--YEAR-ANC-DIRECT-F-6,G-V-GENERAL--YEAR-A-DIRECT-6,REQUIRED,Variation annotation,High
G-M-GENERAL-MO-YEAR-ANCHORE,G-A-GENERAL--YEAR-ANC-FILL-UP-3,REQUIRED,Observed question form,High
G-A-GENERAL--YEAR-ANC-FILL-UP-3,G-V-GENERAL--YEAR-A-FILL-U-3,REQUIRED,Variation annotation,High
G-S-MODERN-HIS-GENERAL-MODE,G-M-GENERAL-MO-BOOK-ANCHORE,REQUIRED,Fact family of the subtopic,High
G-M-GENERAL-MO-BOOK-ANCHORE,G-A-GENERAL--BOOK-ANC-DIRECT-F-2,REQUIRED,Observed question form,High
G-A-GENERAL--BOOK-ANC-DIRECT-F-2,G-V-GENERAL--BOOK-A-DIRECT-2,REQUIRED,Variation annotation,High
G-M-GENERAL-MO-BOOK-ANCHORE,G-A-GENERAL--BOOK-ANC-FILL-UP-2,REQUIRED,Observed question form,High
G-A-GENERAL--BOOK-ANC-FILL-UP-2,G-V-GENERAL--BOOK-A-FILL-U-2,REQUIRED,Variation annotation,High
G-S-MODERN-HIS-GENERAL-MODE,G-M-GENERAL-MO-TERM-ANCHORE,REQUIRED,Fact family of the subtopic,High
G-M-GENERAL-MO-TERM-ANCHORE,G-A-GENERAL--TERM-ANC-DIRECT-F-4,REQUIRED,Observed question form,High
G-A-GENERAL--TERM-ANC-DIRECT-F-4,G-V-GENERAL--TERM-A-DIRECT-4,REQUIRED,Variation annotation,High
G-S-MODERN-HIS-GENERAL-MODE,G-M-GENERAL-MO-OTHER-GENERA,REQUIRED,Fact family of the subtopic,High
G-M-GENERAL-MO-OTHER-GENERA,G-A-GENERAL--OTHER-GE-DIRECT-F-11,REQUIRED,Observed question form,High
G-A-GENERAL--OTHER-GE-DIRECT-F-11,G-V-GENERAL--OTHER--DIRECT-11,REQUIRED,Variation annotation,High
G-T-MODERN-HISTORY,G-S-MODERN-HIS-REVOLT-OF-18,REQUIRED,Structural curriculum grouping,High
G-S-MODERN-HIS-REVOLT-OF-18,G-M-REVOLT-OF--PERSON-ANCHO,REQUIRED,Fact family of the subtopic,High
G-M-REVOLT-OF--PERSON-ANCHO,G-A-REVOLT-O-PERSON-A-DIRECT-F,REQUIRED,Observed question form,High
G-A-REVOLT-O-PERSON-A-DIRECT-F,G-V-REVOLT-O-PERSON-DIRECT,REQUIRED,Variation annotation,High
G-S-MODERN-HIS-REVOLT-OF-18,G-M-REVOLT-OF--GENERAL-FACT,REQUIRED,Fact family of the subtopic,High
G-M-REVOLT-OF--GENERAL-FACT,G-A-REVOLT-O-GENERAL--DIRECT-F,REQUIRED,Observed question form,High
G-A-REVOLT-O-GENERAL--DIRECT-F,G-V-REVOLT-O-GENERA-DIRECT,REQUIRED,Variation annotation,High
G-T-MODERN-HISTORY,G-S-MODERN-HIS-REVOLUTIONAR,REQUIRED,Structural curriculum grouping,High
G-S-MODERN-HIS-REVOLUTIONAR,G-M-REVOLUTION-BOOK-ANCHORE,REQUIRED,Fact family of the subtopic,High
G-M-REVOLUTION-BOOK-ANCHORE,G-A-REVOLUTI-BOOK-ANC-DIRECT-F,REQUIRED,Observed question form,High
G-A-REVOLUTI-BOOK-ANC-DIRECT-F,G-V-REVOLUTI-BOOK-A-DIRECT,REQUIRED,Variation annotation,High
G-M-REVOLUTION-BOOK-ANCHORE,G-A-REVOLUTI-BOOK-ANC-STATEMEN,REQUIRED,Observed question form,High
G-A-REVOLUTI-BOOK-ANC-STATEMEN,G-V-REVOLUTI-BOOK-A-STATEM,REQUIRED,Variation annotation,High
G-S-MODERN-HIS-REVOLUTIONAR,G-M-REVOLUTION-GENERAL-FACT,REQUIRED,Fact family of the subtopic,High
G-M-REVOLUTION-GENERAL-FACT,G-A-REVOLUTI-GENERAL--DIRECT-F,REQUIRED,Observed question form,High
G-A-REVOLUTI-GENERAL--DIRECT-F,G-V-REVOLUTI-GENERA-DIRECT,REQUIRED,Variation annotation,High
G-S-MODERN-HIS-REVOLUTIONAR,G-M-REVOLUTION-OTHER-REVOLU,REQUIRED,Fact family of the subtopic,High
G-M-REVOLUTION-OTHER-REVOLU,G-A-REVOLUTI-OTHER-RE-STATEMEN,REQUIRED,Observed question form,High
G-A-REVOLUTI-OTHER-RE-STATEMEN,G-V-REVOLUTI-OTHER--STATEM,REQUIRED,Variation annotation,High
G-T-INSTITUTIONS-S,G-S-INSTITUTIO-BODIES-ORGAN,REQUIRED,Structural curriculum grouping,High
G-S-INSTITUTIO-BODIES-ORGAN,G-M-BODIES-ORG-GENERAL-FACT,REQUIRED,Fact family of the subtopic,High
G-M-BODIES-ORG-GENERAL-FACT,G-A-BODIES-O-GENERAL--DIRECT-F,REQUIRED,Observed question form,High
G-A-BODIES-O-GENERAL--DIRECT-F,G-V-BODIES-O-GENERA-DIRECT,REQUIRED,Variation annotation,High
G-M-BODIES-ORG-GENERAL-FACT,G-A-BODIES-O-GENERAL--MATCHING,REQUIRED,Observed question form,High
G-A-BODIES-O-GENERAL--MATCHING,G-V-BODIES-O-GENERA-MATCHI,REQUIRED,Variation annotation,High
G-S-INSTITUTIO-BODIES-ORGAN,G-M-BODIES-ORG-OTHER-BODIES,REQUIRED,Fact family of the subtopic,High
G-M-BODIES-ORG-OTHER-BODIES,G-A-BODIES-O-OTHER-BO-DIRECT-F,REQUIRED,Observed question form,High
G-A-BODIES-O-OTHER-BO-DIRECT-F,G-V-BODIES-O-OTHER--DIRECT,REQUIRED,Variation annotation,High
G-T-INSTITUTIONS-S,G-S-INSTITUTIO-GENERAL-INST,REQUIRED,Structural curriculum grouping,High
G-S-INSTITUTIO-GENERAL-INST,G-M-GENERAL-IN-GENERAL-FACT,REQUIRED,Fact family of the subtopic,High
G-M-GENERAL-IN-GENERAL-FACT,G-A-GENERAL--GENERAL--DIRECT-F-9,REQUIRED,Observed question form,High
G-A-GENERAL--GENERAL--DIRECT-F-9,G-V-GENERAL--GENERA-DIRECT-9,REQUIRED,Variation annotation,High
G-M-GENERAL-IN-GENERAL-FACT,G-A-GENERAL--GENERAL--STATEMEN-9,REQUIRED,Observed question form,High
G-A-GENERAL--GENERAL--STATEMEN-9,G-V-GENERAL--GENERA-STATEM-9,REQUIRED,Variation annotation,High
G-S-INSTITUTIO-GENERAL-INST,G-M-GENERAL-IN-PLACE-ANCHOR,REQUIRED,Fact family of the subtopic,High
G-M-GENERAL-IN-PLACE-ANCHOR,G-A-GENERAL--PLACE-AN-DIRECT-F-2,REQUIRED,Observed question form,High
G-A-GENERAL--PLACE-AN-DIRECT-F-2,G-V-GENERAL--PLACE--DIRECT-2,REQUIRED,Variation annotation,High
G-S-INSTITUTIO-GENERAL-INST,G-M-GENERAL-IN-PERSON-ANCHO,REQUIRED,Fact family of the subtopic,High
G-M-GENERAL-IN-PERSON-ANCHO,G-A-GENERAL--PERSON-A-DIRECT-F-8,REQUIRED,Observed question form,High
G-A-GENERAL--PERSON-A-DIRECT-F-8,G-V-GENERAL--PERSON-DIRECT-8,REQUIRED,Variation annotation,High
G-S-INSTITUTIO-GENERAL-INST,G-M-GENERAL-IN-YEAR-ANCHORE,REQUIRED,Fact family of the subtopic,High
G-M-GENERAL-IN-YEAR-ANCHORE,G-A-GENERAL--YEAR-ANC-DIRECT-F-7,REQUIRED,Observed question form,High
G-A-GENERAL--YEAR-ANC-DIRECT-F-7,G-V-GENERAL--YEAR-A-DIRECT-7,REQUIRED,Variation annotation,High
G-S-INSTITUTIO-GENERAL-INST,G-M-GENERAL-IN-OBJECTIVE-AN,REQUIRED,Fact family of the subtopic,High
G-M-GENERAL-IN-OBJECTIVE-AN,G-A-GENERAL--OBJECTIV-DIRECT-F-2,REQUIRED,Observed question form,High
G-A-GENERAL--OBJECTIV-DIRECT-F-2,G-V-GENERAL--OBJECT-DIRECT-2,REQUIRED,Variation annotation,High
G-S-INSTITUTIO-GENERAL-INST,G-M-GENERAL-IN-OTHER-GENERA,REQUIRED,Fact family of the subtopic,High
G-M-GENERAL-IN-OTHER-GENERA,G-A-GENERAL--OTHER-GE-DIRECT-F-12,REQUIRED,Observed question form,High
G-A-GENERAL--OTHER-GE-DIRECT-F-12,G-V-GENERAL--OTHER--DIRECT-12,REQUIRED,Variation annotation,High
G-T-INSTITUTIONS-S,G-S-INSTITUTIO-GOVERNMENT-S,REQUIRED,Structural curriculum grouping,High
G-S-INSTITUTIO-GOVERNMENT-S,G-M-GOVERNMENT-GENERAL-FACT,REQUIRED,Fact family of the subtopic,High
G-M-GOVERNMENT-GENERAL-FACT,G-A-GOVERNME-GENERAL--DIRECT-F,REQUIRED,Observed question form,High
G-A-GOVERNME-GENERAL--DIRECT-F,G-V-GOVERNME-GENERA-DIRECT,REQUIRED,Variation annotation,High
G-M-GOVERNMENT-GENERAL-FACT,G-A-GOVERNME-GENERAL--FILL-UP,REQUIRED,Observed question form,High
G-A-GOVERNME-GENERAL--FILL-UP,G-V-GOVERNME-GENERA-FILL-U,REQUIRED,Variation annotation,High
G-M-GOVERNMENT-GENERAL-FACT,G-A-GOVERNME-GENERAL--STATEMEN,REQUIRED,Observed question form,High
G-A-GOVERNME-GENERAL--STATEMEN,G-V-GOVERNME-GENERA-STATEM,REQUIRED,Variation annotation,High
G-S-INSTITUTIO-GOVERNMENT-S,G-M-GOVERNMENT-YEAR-ANCHORE,REQUIRED,Fact family of the subtopic,High
G-M-GOVERNMENT-YEAR-ANCHORE,G-A-GOVERNME-YEAR-ANC-DIRECT-F,REQUIRED,Observed question form,High
G-A-GOVERNME-YEAR-ANC-DIRECT-F,G-V-GOVERNME-YEAR-A-DIRECT,REQUIRED,Variation annotation,High
G-S-INSTITUTIO-GOVERNMENT-S,G-M-GOVERNMENT-SUPERLATIVE-,REQUIRED,Fact family of the subtopic,High
G-M-GOVERNMENT-SUPERLATIVE-,G-A-GOVERNME-SUPERLAT-DIRECT-F,REQUIRED,Observed question form,High
G-A-GOVERNME-SUPERLAT-DIRECT-F,G-V-GOVERNME-SUPERL-DIRECT,REQUIRED,Variation annotation,High
G-S-INSTITUTIO-GOVERNMENT-S,G-M-GOVERNMENT-OBJECTIVE-AN,REQUIRED,Fact family of the subtopic,High
G-M-GOVERNMENT-OBJECTIVE-AN,G-A-GOVERNME-OBJECTIV-DIRECT-F,REQUIRED,Observed question form,High
G-A-GOVERNME-OBJECTIV-DIRECT-F,G-V-GOVERNME-OBJECT-DIRECT,REQUIRED,Variation annotation,High
G-M-GOVERNMENT-OBJECTIVE-AN,G-A-GOVERNME-OBJECTIV-FILL-UP,REQUIRED,Observed question form,High
G-A-GOVERNME-OBJECTIV-FILL-UP,G-V-GOVERNME-OBJECT-FILL-U,REQUIRED,Variation annotation,High
G-S-INSTITUTIO-GOVERNMENT-S,G-M-GOVERNMENT-PERSON-ANCHO,REQUIRED,Fact family of the subtopic,High
G-M-GOVERNMENT-PERSON-ANCHO,G-A-GOVERNME-PERSON-A-DIRECT-F,REQUIRED,Observed question form,High
G-A-GOVERNME-PERSON-A-DIRECT-F,G-V-GOVERNME-PERSON-DIRECT,REQUIRED,Variation annotation,High
G-S-INSTITUTIO-GOVERNMENT-S,G-M-GOVERNMENT-OTHER-GOVERN,REQUIRED,Fact family of the subtopic,High
G-M-GOVERNMENT-OTHER-GOVERN,G-A-GOVERNME-OTHER-GO-DIRECT-F,REQUIRED,Observed question form,High
G-A-GOVERNME-OTHER-GO-DIRECT-F,G-V-GOVERNME-OTHER--DIRECT,REQUIRED,Variation annotation,High
G-M-GOVERNMENT-OTHER-GOVERN,G-A-GOVERNME-OTHER-GO-FILL-UP,REQUIRED,Observed question form,High
G-A-GOVERNME-OTHER-GO-FILL-UP,G-V-GOVERNME-OTHER--FILL-U,REQUIRED,Variation annotation,High
G-T-INSTITUTIONS-S,G-S-INSTITUTIO-HQ-FOUNDING-,REQUIRED,Structural curriculum grouping,High
G-S-INSTITUTIO-HQ-FOUNDING-,G-M-HQ-FOUNDIN-PERSON-ANCHO,REQUIRED,Fact family of the subtopic,High
G-M-HQ-FOUNDIN-PERSON-ANCHO,G-A-HQ-FOUND-PERSON-A-DIRECT-F,REQUIRED,Observed question form,High
G-A-HQ-FOUND-PERSON-A-DIRECT-F,G-V-HQ-FOUND-PERSON-DIRECT,REQUIRED,Variation annotation,High
G-S-INSTITUTIO-HQ-FOUNDING-,G-M-HQ-FOUNDIN-YEAR-ANCHORE,REQUIRED,Fact family of the subtopic,High
G-M-HQ-FOUNDIN-YEAR-ANCHORE,G-A-HQ-FOUND-YEAR-ANC-DIRECT-F,REQUIRED,Observed question form,High
G-A-HQ-FOUND-YEAR-ANC-DIRECT-F,G-V-HQ-FOUND-YEAR-A-DIRECT,REQUIRED,Variation annotation,High
G-M-HQ-FOUNDIN-YEAR-ANCHORE,G-A-HQ-FOUND-YEAR-ANC-FILL-UP,REQUIRED,Observed question form,High
G-A-HQ-FOUND-YEAR-ANC-FILL-UP,G-V-HQ-FOUND-YEAR-A-FILL-U,REQUIRED,Variation annotation,High
G-S-INSTITUTIO-HQ-FOUNDING-,G-M-HQ-FOUNDIN-PLACE-ANCHOR,REQUIRED,Fact family of the subtopic,High
G-M-HQ-FOUNDIN-PLACE-ANCHOR,G-A-HQ-FOUND-PLACE-AN-DIRECT-F,REQUIRED,Observed question form,High
G-A-HQ-FOUND-PLACE-AN-DIRECT-F,G-V-HQ-FOUND-PLACE--DIRECT,REQUIRED,Variation annotation,High
G-S-INSTITUTIO-HQ-FOUNDING-,G-M-HQ-FOUNDIN-OTHER-HQ-FOU,REQUIRED,Fact family of the subtopic,High
G-M-HQ-FOUNDIN-OTHER-HQ-FOU,G-A-HQ-FOUND-OTHER-HQ-FILL-UP,REQUIRED,Observed question form,High
G-A-HQ-FOUND-OTHER-HQ-FILL-UP,G-V-HQ-FOUND-OTHER--FILL-U,REQUIRED,Variation annotation,High
G-T-INSTITUTIONS-S,G-S-INSTITUTIO-REPORTS-INDI,REQUIRED,Structural curriculum grouping,High
G-S-INSTITUTIO-REPORTS-INDI,G-M-REPORTS-IN-GENERAL-FACT,REQUIRED,Fact family of the subtopic,High
G-M-REPORTS-IN-GENERAL-FACT,G-A-REPORTS--GENERAL--DIRECT-F,REQUIRED,Observed question form,High
G-A-REPORTS--GENERAL--DIRECT-F,G-V-REPORTS--GENERA-DIRECT,REQUIRED,Variation annotation,High
G-S-INSTITUTIO-REPORTS-INDI,G-M-REPORTS-IN-PLACE-ANCHOR,REQUIRED,Fact family of the subtopic,High
G-M-REPORTS-IN-PLACE-ANCHOR,G-A-REPORTS--PLACE-AN-DIRECT-F,REQUIRED,Observed question form,High
G-A-REPORTS--PLACE-AN-DIRECT-F,G-V-REPORTS--PLACE--DIRECT,REQUIRED,Variation annotation,High
G-S-INSTITUTIO-REPORTS-INDI,G-M-REPORTS-IN-OTHER-REPORT-2,REQUIRED,Fact family of the subtopic,High
G-M-REPORTS-IN-OTHER-REPORT-2,G-A-REPORTS--OTHER-RE-DIRECT-F-2,REQUIRED,Observed question form,High
G-A-REPORTS--OTHER-RE-DIRECT-F-2,G-V-REPORTS--OTHER--DIRECT-2,REQUIRED,Variation annotation,High
G-T-INSTITUTIONS-S,G-S-INSTITUTIO-SUMMITS-CONF,REQUIRED,Structural curriculum grouping,High
G-S-INSTITUTIO-SUMMITS-CONF,G-M-SUMMITS-CO-GENERAL-FACT,REQUIRED,Fact family of the subtopic,High
G-M-SUMMITS-CO-GENERAL-FACT,G-A-SUMMITS--GENERAL--DIRECT-F,REQUIRED,Observed question form,High
G-A-SUMMITS--GENERAL--DIRECT-F,G-V-SUMMITS--GENERA-DIRECT,REQUIRED,Variation annotation,High
G-S-INSTITUTIO-SUMMITS-CONF,G-M-SUMMITS-CO-OTHER-SUMMIT,REQUIRED,Fact family of the subtopic,High
G-M-SUMMITS-CO-OTHER-SUMMIT,G-A-SUMMITS--OTHER-SU-DIRECT-F,REQUIRED,Observed question form,High
G-A-SUMMITS--OTHER-SU-DIRECT-F,G-V-SUMMITS--OTHER--DIRECT,REQUIRED,Variation annotation,High
G-M-SUMMITS-CO-OTHER-SUMMIT,G-A-SUMMITS--OTHER-SU-STATEMEN,REQUIRED,Observed question form,High
G-A-SUMMITS--OTHER-SU-STATEMEN,G-V-SUMMITS--OTHER--STATEM,REQUIRED,Variation annotation,High
G-T-PHYSICS,G-S-PHYSICS-ELECTRICITY-,REQUIRED,Structural curriculum grouping,High
G-S-PHYSICS-ELECTRICITY-,G-M-ELECTRICIT-GENERAL-FACT,REQUIRED,Fact family of the subtopic,High
G-M-ELECTRICIT-GENERAL-FACT,G-A-ELECTRIC-GENERAL--DIRECT-F,REQUIRED,Observed question form,High
G-A-ELECTRIC-GENERAL--DIRECT-F,G-V-ELECTRIC-GENERA-DIRECT,REQUIRED,Variation annotation,High
G-M-ELECTRICIT-GENERAL-FACT,G-A-ELECTRIC-GENERAL--FILL-UP,REQUIRED,Observed question form,High
G-A-ELECTRIC-GENERAL--FILL-UP,G-V-ELECTRIC-GENERA-FILL-U,REQUIRED,Variation annotation,High
G-M-ELECTRICIT-GENERAL-FACT,G-A-ELECTRIC-GENERAL--STATEMEN,REQUIRED,Observed question form,High
G-A-ELECTRIC-GENERAL--STATEMEN,G-V-ELECTRIC-GENERA-STATEM,REQUIRED,Variation annotation,High
G-S-PHYSICS-ELECTRICITY-,G-M-ELECTRICIT-OTHER-ELECTR,REQUIRED,Fact family of the subtopic,High
G-M-ELECTRICIT-OTHER-ELECTR,G-A-ELECTRIC-OTHER-EL-DIRECT-F,REQUIRED,Observed question form,High
G-A-ELECTRIC-OTHER-EL-DIRECT-F,G-V-ELECTRIC-OTHER--DIRECT,REQUIRED,Variation annotation,High
G-T-PHYSICS,G-S-PHYSICS-GENERAL-PHYS,REQUIRED,Structural curriculum grouping,High
G-S-PHYSICS-GENERAL-PHYS,G-M-GENERAL-PH-GENERAL-FACT,REQUIRED,Fact family of the subtopic,High
G-M-GENERAL-PH-GENERAL-FACT,G-A-GENERAL--GENERAL--DIRECT-F-10,REQUIRED,Observed question form,High
G-A-GENERAL--GENERAL--DIRECT-F-10,G-V-GENERAL--GENERA-DIRECT-10,REQUIRED,Variation annotation,High
G-M-GENERAL-PH-GENERAL-FACT,G-A-GENERAL--GENERAL--FILL-UP-8,REQUIRED,Observed question form,High
G-A-GENERAL--GENERAL--FILL-UP-8,G-V-GENERAL--GENERA-FILL-U-8,REQUIRED,Variation annotation,High
G-M-GENERAL-PH-GENERAL-FACT,G-A-GENERAL--GENERAL--MATCHING-3,REQUIRED,Observed question form,High
G-A-GENERAL--GENERAL--MATCHING-3,G-V-GENERAL--GENERA-MATCHI-3,REQUIRED,Variation annotation,High
G-M-GENERAL-PH-GENERAL-FACT,G-A-GENERAL--GENERAL--STATEMEN-10,REQUIRED,Observed question form,High
G-A-GENERAL--GENERAL--STATEMEN-10,G-V-GENERAL--GENERA-STATEM-10,REQUIRED,Variation annotation,High
G-S-PHYSICS-GENERAL-PHYS,G-M-GENERAL-PH-YEAR-ANCHORE,REQUIRED,Fact family of the subtopic,High
G-M-GENERAL-PH-YEAR-ANCHORE,G-A-GENERAL--YEAR-ANC-DIRECT-F-8,REQUIRED,Observed question form,High
G-A-GENERAL--YEAR-ANC-DIRECT-F-8,G-V-GENERAL--YEAR-A-DIRECT-8,REQUIRED,Variation annotation,High
G-M-GENERAL-PH-YEAR-ANCHORE,G-A-GENERAL--YEAR-ANC-STATEMEN,REQUIRED,Observed question form,High
G-A-GENERAL--YEAR-ANC-STATEMEN,G-V-GENERAL--YEAR-A-STATEM,REQUIRED,Variation annotation,High
G-S-PHYSICS-GENERAL-PHYS,G-M-GENERAL-PH-SUPERLATIVE-,REQUIRED,Fact family of the subtopic,High
G-M-GENERAL-PH-SUPERLATIVE-,G-A-GENERAL--SUPERLAT-DIRECT-F-5,REQUIRED,Observed question form,High
G-A-GENERAL--SUPERLAT-DIRECT-F-5,G-V-GENERAL--SUPERL-DIRECT-5,REQUIRED,Variation annotation,High
G-M-GENERAL-PH-SUPERLATIVE-,G-A-GENERAL--SUPERLAT-STATEMEN-2,REQUIRED,Observed question form,High
G-A-GENERAL--SUPERLAT-STATEMEN-2,G-V-GENERAL--SUPERL-STATEM-2,REQUIRED,Variation annotation,High
G-S-PHYSICS-GENERAL-PHYS,G-M-GENERAL-PH-OTHER-GENERA,REQUIRED,Fact family of the subtopic,High
G-M-GENERAL-PH-OTHER-GENERA,G-A-GENERAL--OTHER-GE-DIRECT-F-13,REQUIRED,Observed question form,High
G-A-GENERAL--OTHER-GE-DIRECT-F-13,G-V-GENERAL--OTHER--DIRECT-13,REQUIRED,Variation annotation,High
G-T-PHYSICS,G-S-PHYSICS-HEAT-MEASURE,REQUIRED,Structural curriculum grouping,High
G-S-PHYSICS-HEAT-MEASURE,G-M-HEAT-MEASU-GENERAL-FACT,REQUIRED,Fact family of the subtopic,High
G-M-HEAT-MEASU-GENERAL-FACT,G-A-HEAT-MEA-GENERAL--FILL-UP,REQUIRED,Observed question form,High
G-A-HEAT-MEA-GENERAL--FILL-UP,G-V-HEAT-MEA-GENERA-FILL-U,REQUIRED,Variation annotation,High
G-M-HEAT-MEASU-GENERAL-FACT,G-A-HEAT-MEA-GENERAL--DIRECT-F,REQUIRED,Observed question form,High
G-A-HEAT-MEA-GENERAL--DIRECT-F,G-V-HEAT-MEA-GENERA-DIRECT,REQUIRED,Variation annotation,High
G-T-PHYSICS,G-S-PHYSICS-MAGNETISM-MO,REQUIRED,Structural curriculum grouping,High
G-S-PHYSICS-MAGNETISM-MO,G-M-MAGNETISM--GENERAL-FACT,REQUIRED,Fact family of the subtopic,High
G-M-MAGNETISM--GENERAL-FACT,G-A-MAGNETIS-GENERAL--DIRECT-F,REQUIRED,Observed question form,High
G-A-MAGNETIS-GENERAL--DIRECT-F,G-V-MAGNETIS-GENERA-DIRECT,REQUIRED,Variation annotation,High
G-M-MAGNETISM--GENERAL-FACT,G-A-MAGNETIS-GENERAL--STATEMEN,REQUIRED,Observed question form,High
G-A-MAGNETIS-GENERAL--STATEMEN,G-V-MAGNETIS-GENERA-STATEM,REQUIRED,Variation annotation,High
G-S-PHYSICS-MAGNETISM-MO,G-M-MAGNETISM--SUPERLATIVE-,REQUIRED,Fact family of the subtopic,High
G-M-MAGNETISM--SUPERLATIVE-,G-A-MAGNETIS-SUPERLAT-DIRECT-F,REQUIRED,Observed question form,High
G-A-MAGNETIS-SUPERLAT-DIRECT-F,G-V-MAGNETIS-SUPERL-DIRECT,REQUIRED,Variation annotation,High
G-S-PHYSICS-MAGNETISM-MO,G-M-MAGNETISM--OTHER-MAGNET,REQUIRED,Fact family of the subtopic,High
G-M-MAGNETISM--OTHER-MAGNET,G-A-MAGNETIS-OTHER-MA-DIRECT-F,REQUIRED,Observed question form,High
G-A-MAGNETIS-OTHER-MA-DIRECT-F,G-V-MAGNETIS-OTHER--DIRECT,REQUIRED,Variation annotation,High
G-T-PHYSICS,G-S-PHYSICS-MECHANICS,REQUIRED,Structural curriculum grouping,High
G-S-PHYSICS-MECHANICS,G-M-MECHANICS-GENERAL-FACT,REQUIRED,Fact family of the subtopic,High
G-M-MECHANICS-GENERAL-FACT,G-A-MECHANIC-GENERAL--DIRECT-F,REQUIRED,Observed question form,High
G-A-MECHANIC-GENERAL--DIRECT-F,G-V-MECHANIC-GENERA-DIRECT,REQUIRED,Variation annotation,High
G-M-MECHANICS-GENERAL-FACT,G-A-MECHANIC-GENERAL--FILL-UP,REQUIRED,Observed question form,High
G-A-MECHANIC-GENERAL--FILL-UP,G-V-MECHANIC-GENERA-FILL-U,REQUIRED,Variation annotation,High
G-M-MECHANICS-GENERAL-FACT,G-A-MECHANIC-GENERAL--MATCHING,REQUIRED,Observed question form,High
G-A-MECHANIC-GENERAL--MATCHING,G-V-MECHANIC-GENERA-MATCHI,REQUIRED,Variation annotation,High
G-S-PHYSICS-MECHANICS,G-M-MECHANICS-OTHER-MECHAN,REQUIRED,Fact family of the subtopic,High
G-M-MECHANICS-OTHER-MECHAN,G-A-MECHANIC-OTHER-ME-FILL-UP,REQUIRED,Observed question form,High
G-A-MECHANIC-OTHER-ME-FILL-UP,G-V-MECHANIC-OTHER--FILL-U,REQUIRED,Variation annotation,High
G-T-PHYSICS,G-S-PHYSICS-OPTICS,REQUIRED,Structural curriculum grouping,High
G-S-PHYSICS-OPTICS,G-M-OPTICS-GENERAL-FACT,REQUIRED,Fact family of the subtopic,High
G-M-OPTICS-GENERAL-FACT,G-A-OPTICS-GENERAL--DIRECT-F,REQUIRED,Observed question form,High
G-A-OPTICS-GENERAL--DIRECT-F,G-V-OPTICS-GENERA-DIRECT,REQUIRED,Variation annotation,High
G-M-OPTICS-GENERAL-FACT,G-A-OPTICS-GENERAL--FILL-UP,REQUIRED,Observed question form,High
G-A-OPTICS-GENERAL--FILL-UP,G-V-OPTICS-GENERA-FILL-U,REQUIRED,Variation annotation,High
G-M-OPTICS-GENERAL-FACT,G-A-OPTICS-GENERAL--STATEMEN,REQUIRED,Observed question form,High
G-A-OPTICS-GENERAL--STATEMEN,G-V-OPTICS-GENERA-STATEM,REQUIRED,Variation annotation,High
G-S-PHYSICS-OPTICS,G-M-OPTICS-PLACE-ANCHOR,REQUIRED,Fact family of the subtopic,High
G-M-OPTICS-PLACE-ANCHOR,G-A-OPTICS-PLACE-AN-DIRECT-F,REQUIRED,Observed question form,High
G-A-OPTICS-PLACE-AN-DIRECT-F,G-V-OPTICS-PLACE--DIRECT,REQUIRED,Variation annotation,High
G-S-PHYSICS-OPTICS,G-M-OPTICS-YEAR-ANCHORE,REQUIRED,Fact family of the subtopic,High
G-M-OPTICS-YEAR-ANCHORE,G-A-OPTICS-YEAR-ANC-DIRECT-F,REQUIRED,Observed question form,High
G-A-OPTICS-YEAR-ANC-DIRECT-F,G-V-OPTICS-YEAR-A-DIRECT,REQUIRED,Variation annotation,High
G-M-OPTICS-YEAR-ANCHORE,G-A-OPTICS-YEAR-ANC-STATEMEN,REQUIRED,Observed question form,High
G-A-OPTICS-YEAR-ANC-STATEMEN,G-V-OPTICS-YEAR-A-STATEM,REQUIRED,Variation annotation,High
G-S-PHYSICS-OPTICS,G-M-OPTICS-TERM-ANCHORE,REQUIRED,Fact family of the subtopic,High
G-M-OPTICS-TERM-ANCHORE,G-A-OPTICS-TERM-ANC-DIRECT-F,REQUIRED,Observed question form,High
G-A-OPTICS-TERM-ANC-DIRECT-F,G-V-OPTICS-TERM-A-DIRECT,REQUIRED,Variation annotation,High
G-S-PHYSICS-OPTICS,G-M-OPTICS-OTHER-OPTICS,REQUIRED,Fact family of the subtopic,High
G-M-OPTICS-OTHER-OPTICS,G-A-OPTICS-OTHER-OP-DIRECT-F,REQUIRED,Observed question form,High
G-A-OPTICS-OTHER-OP-DIRECT-F,G-V-OPTICS-OTHER--DIRECT,REQUIRED,Variation annotation,High
G-T-PHYSICS,G-S-PHYSICS-SOUND-WAVES,REQUIRED,Structural curriculum grouping,High
G-S-PHYSICS-SOUND-WAVES,G-M-SOUND-WAVE-GENERAL-FACT,REQUIRED,Fact family of the subtopic,High
G-M-SOUND-WAVE-GENERAL-FACT,G-A-SOUND-WA-GENERAL--DIRECT-F,REQUIRED,Observed question form,High
G-A-SOUND-WA-GENERAL--DIRECT-F,G-V-SOUND-WA-GENERA-DIRECT,REQUIRED,Variation annotation,High
G-S-PHYSICS-SOUND-WAVES,G-M-SOUND-WAVE-OTHER-SOUND-,REQUIRED,Fact family of the subtopic,High
G-M-SOUND-WAVE-OTHER-SOUND-,G-A-SOUND-WA-OTHER-SO-DIRECT-F,REQUIRED,Observed question form,High
G-A-SOUND-WA-OTHER-SO-DIRECT-F,G-V-SOUND-WA-OTHER--DIRECT,REQUIRED,Variation annotation,High
G-T-POLITY,G-S-POLITY-AMENDMENTS-L,REQUIRED,Structural curriculum grouping,High
G-S-POLITY-AMENDMENTS-L,G-M-AMENDMENTS-GENERAL-FACT,REQUIRED,Fact family of the subtopic,High
G-M-AMENDMENTS-GENERAL-FACT,G-A-AMENDMEN-GENERAL--DIRECT-F,REQUIRED,Observed question form,High
G-A-AMENDMEN-GENERAL--DIRECT-F,G-V-AMENDMEN-GENERA-DIRECT,REQUIRED,Variation annotation,High
G-M-AMENDMENTS-GENERAL-FACT,G-A-AMENDMEN-GENERAL--FILL-UP,REQUIRED,Observed question form,High
G-A-AMENDMEN-GENERAL--FILL-UP,G-V-AMENDMEN-GENERA-FILL-U,REQUIRED,Variation annotation,High
G-S-POLITY-AMENDMENTS-L,G-M-AMENDMENTS-OTHER-AMENDM,REQUIRED,Fact family of the subtopic,High
G-M-AMENDMENTS-OTHER-AMENDM,G-A-AMENDMEN-OTHER-AM-DIRECT-F,REQUIRED,Observed question form,High
G-A-AMENDMEN-OTHER-AM-DIRECT-F,G-V-AMENDMEN-OTHER--DIRECT,REQUIRED,Variation annotation,High
G-T-POLITY,G-S-POLITY-ARTICLES-OF-,REQUIRED,Structural curriculum grouping,High
G-S-POLITY-ARTICLES-OF-,G-M-ARTICLES-O-ARTICLE-ANCH,REQUIRED,Fact family of the subtopic,High
G-M-ARTICLES-O-ARTICLE-ANCH,G-A-ARTICLES-ARTICLE--DIRECT-F,REQUIRED,Observed question form,High
G-A-ARTICLES-ARTICLE--DIRECT-F,G-V-ARTICLES-ARTICL-DIRECT,REQUIRED,Variation annotation,High
G-M-ARTICLES-O-ARTICLE-ANCH,G-A-ARTICLES-ARTICLE--STATEMEN,REQUIRED,Observed question form,High
G-A-ARTICLES-ARTICLE--STATEMEN,G-V-ARTICLES-ARTICL-STATEM,REQUIRED,Variation annotation,High
G-M-ARTICLES-O-ARTICLE-ANCH,G-A-ARTICLES-ARTICLE--FILL-UP,REQUIRED,Observed question form,High
G-A-ARTICLES-ARTICLE--FILL-UP,G-V-ARTICLES-ARTICL-FILL-U,REQUIRED,Variation annotation,High
G-S-POLITY-ARTICLES-OF-,G-M-ARTICLES-O-GENERAL-FACT,REQUIRED,Fact family of the subtopic,High
G-M-ARTICLES-O-GENERAL-FACT,G-A-ARTICLES-GENERAL--DIRECT-F,REQUIRED,Observed question form,High
G-A-ARTICLES-GENERAL--DIRECT-F,G-V-ARTICLES-GENERA-DIRECT,REQUIRED,Variation annotation,High
G-S-POLITY-ARTICLES-OF-,G-M-ARTICLES-O-YEAR-ANCHORE,REQUIRED,Fact family of the subtopic,High
G-M-ARTICLES-O-YEAR-ANCHORE,G-A-ARTICLES-YEAR-ANC-DIRECT-F,REQUIRED,Observed question form,High
G-A-ARTICLES-YEAR-ANC-DIRECT-F,G-V-ARTICLES-YEAR-A-DIRECT,REQUIRED,Variation annotation,High
G-M-ARTICLES-O-YEAR-ANCHORE,G-A-ARTICLES-YEAR-ANC-STATEMEN,REQUIRED,Observed question form,High
G-A-ARTICLES-YEAR-ANC-STATEMEN,G-V-ARTICLES-YEAR-A-STATEM,REQUIRED,Variation annotation,High
G-T-POLITY,G-S-POLITY-CONSTITUTION,REQUIRED,Structural curriculum grouping,High
G-S-POLITY-CONSTITUTION,G-M-CONSTITUTI-GENERAL-FACT,REQUIRED,Fact family of the subtopic,High
G-M-CONSTITUTI-GENERAL-FACT,G-A-CONSTITU-GENERAL--DIRECT-F,REQUIRED,Observed question form,High
G-A-CONSTITU-GENERAL--DIRECT-F,G-V-CONSTITU-GENERA-DIRECT,REQUIRED,Variation annotation,High
G-M-CONSTITUTI-GENERAL-FACT,G-A-CONSTITU-GENERAL--FILL-UP,REQUIRED,Observed question form,High
G-A-CONSTITU-GENERAL--FILL-UP,G-V-CONSTITU-GENERA-FILL-U,REQUIRED,Variation annotation,High
G-M-CONSTITUTI-GENERAL-FACT,G-A-CONSTITU-GENERAL--STATEMEN,REQUIRED,Observed question form,High
G-A-CONSTITU-GENERAL--STATEMEN,G-V-CONSTITU-GENERA-STATEM,REQUIRED,Variation annotation,High
G-S-POLITY-CONSTITUTION,G-M-CONSTITUTI-PERSON-ANCHO,REQUIRED,Fact family of the subtopic,High
G-M-CONSTITUTI-PERSON-ANCHO,G-A-CONSTITU-PERSON-A-DIRECT-F,REQUIRED,Observed question form,High
G-A-CONSTITU-PERSON-A-DIRECT-F,G-V-CONSTITU-PERSON-DIRECT,REQUIRED,Variation annotation,High
G-S-POLITY-CONSTITUTION,G-M-CONSTITUTI-YEAR-ANCHORE,REQUIRED,Fact family of the subtopic,High
G-M-CONSTITUTI-YEAR-ANCHORE,G-A-CONSTITU-YEAR-ANC-DIRECT-F,REQUIRED,Observed question form,High
G-A-CONSTITU-YEAR-ANC-DIRECT-F,G-V-CONSTITU-YEAR-A-DIRECT,REQUIRED,Variation annotation,High
G-M-CONSTITUTI-YEAR-ANCHORE,G-A-CONSTITU-YEAR-ANC-FILL-UP,REQUIRED,Observed question form,High
G-A-CONSTITU-YEAR-ANC-FILL-UP,G-V-CONSTITU-YEAR-A-FILL-U,REQUIRED,Variation annotation,High
G-S-POLITY-CONSTITUTION,G-M-CONSTITUTI-SUPERLATIVE-,REQUIRED,Fact family of the subtopic,High
G-M-CONSTITUTI-SUPERLATIVE-,G-A-CONSTITU-SUPERLAT-DIRECT-F,REQUIRED,Observed question form,High
G-A-CONSTITU-SUPERLAT-DIRECT-F,G-V-CONSTITU-SUPERL-DIRECT,REQUIRED,Variation annotation,High
G-M-CONSTITUTI-SUPERLATIVE-,G-A-CONSTITU-SUPERLAT-FILL-UP,REQUIRED,Observed question form,High
G-A-CONSTITU-SUPERLAT-FILL-UP,G-V-CONSTITU-SUPERL-FILL-U,REQUIRED,Variation annotation,High
G-M-CONSTITUTI-SUPERLATIVE-,G-A-CONSTITU-SUPERLAT-STATEMEN,REQUIRED,Observed question form,High
G-A-CONSTITU-SUPERLAT-STATEMEN,G-V-CONSTITU-SUPERL-STATEM,REQUIRED,Variation annotation,High
G-S-POLITY-CONSTITUTION,G-M-CONSTITUTI-PLACE-ANCHOR,REQUIRED,Fact family of the subtopic,High
G-M-CONSTITUTI-PLACE-ANCHOR,G-A-CONSTITU-PLACE-AN-DIRECT-F,REQUIRED,Observed question form,High
G-A-CONSTITU-PLACE-AN-DIRECT-F,G-V-CONSTITU-PLACE--DIRECT,REQUIRED,Variation annotation,High
G-M-CONSTITUTI-PLACE-ANCHOR,G-A-CONSTITU-PLACE-AN-FILL-UP,REQUIRED,Observed question form,High
G-A-CONSTITU-PLACE-AN-FILL-UP,G-V-CONSTITU-PLACE--FILL-U,REQUIRED,Variation annotation,High
G-S-POLITY-CONSTITUTION,G-M-CONSTITUTI-OTHER-CONSTI,REQUIRED,Fact family of the subtopic,High
G-M-CONSTITUTI-OTHER-CONSTI,G-A-CONSTITU-OTHER-CO-DIRECT-F,REQUIRED,Observed question form,High
G-A-CONSTITU-OTHER-CO-DIRECT-F,G-V-CONSTITU-OTHER--DIRECT,REQUIRED,Variation annotation,High
G-M-CONSTITUTI-OTHER-CONSTI,G-A-CONSTITU-OTHER-CO-FILL-UP,REQUIRED,Observed question form,High
G-A-CONSTITU-OTHER-CO-FILL-UP,G-V-CONSTITU-OTHER--FILL-U,REQUIRED,Variation annotation,High
G-M-CONSTITUTI-OTHER-CONSTI,G-A-CONSTITU-OTHER-CO-MATCHING,REQUIRED,Observed question form,High
G-A-CONSTITU-OTHER-CO-MATCHING,G-V-CONSTITU-OTHER--MATCHI,REQUIRED,Variation annotation,High
G-T-POLITY,G-S-POLITY-DIRECTIVE-PR,REQUIRED,Structural curriculum grouping,High
G-S-POLITY-DIRECTIVE-PR,G-M-DIRECTIVE--GENERAL-FACT,REQUIRED,Fact family of the subtopic,High
G-M-DIRECTIVE--GENERAL-FACT,G-A-DIRECTIV-GENERAL--FILL-UP,REQUIRED,Observed question form,High
G-A-DIRECTIV-GENERAL--FILL-UP,G-V-DIRECTIV-GENERA-FILL-U,REQUIRED,Variation annotation,High
G-M-DIRECTIVE--GENERAL-FACT,G-A-DIRECTIV-GENERAL--DIRECT-F,REQUIRED,Observed question form,High
G-A-DIRECTIV-GENERAL--DIRECT-F,G-V-DIRECTIV-GENERA-DIRECT,REQUIRED,Variation annotation,High
G-M-DIRECTIVE--GENERAL-FACT,G-A-DIRECTIV-GENERAL--STATEMEN,REQUIRED,Observed question form,High
G-A-DIRECTIV-GENERAL--STATEMEN,G-V-DIRECTIV-GENERA-STATEM,REQUIRED,Variation annotation,High
G-S-POLITY-DIRECTIVE-PR,G-M-DIRECTIVE--ARTICLE-ANCH,REQUIRED,Fact family of the subtopic,High
G-M-DIRECTIVE--ARTICLE-ANCH,G-A-DIRECTIV-ARTICLE--FILL-UP,REQUIRED,Observed question form,High
G-A-DIRECTIV-ARTICLE--FILL-UP,G-V-DIRECTIV-ARTICL-FILL-U,REQUIRED,Variation annotation,High
G-M-DIRECTIVE--ARTICLE-ANCH,G-A-DIRECTIV-ARTICLE--DIRECT-F,REQUIRED,Observed question form,High
G-A-DIRECTIV-ARTICLE--DIRECT-F,G-V-DIRECTIV-ARTICL-DIRECT,REQUIRED,Variation annotation,High
G-T-POLITY,G-S-POLITY-ELECTIONS-RE,REQUIRED,Structural curriculum grouping,High
G-S-POLITY-ELECTIONS-RE,G-M-ELECTIONS--GENERAL-FACT,REQUIRED,Fact family of the subtopic,High
G-M-ELECTIONS--GENERAL-FACT,G-A-ELECTION-GENERAL--DIRECT-F,REQUIRED,Observed question form,High
G-A-ELECTION-GENERAL--DIRECT-F,G-V-ELECTION-GENERA-DIRECT,REQUIRED,Variation annotation,High
G-M-ELECTIONS--GENERAL-FACT,G-A-ELECTION-GENERAL--STATEMEN,REQUIRED,Observed question form,High
G-A-ELECTION-GENERAL--STATEMEN,G-V-ELECTION-GENERA-STATEM,REQUIRED,Variation annotation,High
G-S-POLITY-ELECTIONS-RE,G-M-ELECTIONS--PERSON-ANCHO,REQUIRED,Fact family of the subtopic,High
G-M-ELECTIONS--PERSON-ANCHO,G-A-ELECTION-PERSON-A-DIRECT-F,REQUIRED,Observed question form,High
G-A-ELECTION-PERSON-A-DIRECT-F,G-V-ELECTION-PERSON-DIRECT,REQUIRED,Variation annotation,High
G-S-POLITY-ELECTIONS-RE,G-M-ELECTIONS--OTHER-ELECTI,REQUIRED,Fact family of the subtopic,High
G-M-ELECTIONS--OTHER-ELECTI,G-A-ELECTION-OTHER-EL-DIRECT-F,REQUIRED,Observed question form,High
G-A-ELECTION-OTHER-EL-DIRECT-F,G-V-ELECTION-OTHER--DIRECT,REQUIRED,Variation annotation,High
G-T-POLITY,G-S-POLITY-EMERGENCY-PR,REQUIRED,Structural curriculum grouping,High
G-S-POLITY-EMERGENCY-PR,G-M-EMERGENCY--OTHER-EMERGE,REQUIRED,Fact family of the subtopic,High
G-M-EMERGENCY--OTHER-EMERGE,G-A-EMERGENC-OTHER-EM-DIRECT-F,REQUIRED,Observed question form,High
G-A-EMERGENC-OTHER-EM-DIRECT-F,G-V-EMERGENC-OTHER--DIRECT,REQUIRED,Variation annotation,High
G-T-POLITY,G-S-POLITY-FUNDAMENTAL-,REQUIRED,Structural curriculum grouping,High
G-S-POLITY-FUNDAMENTAL-,G-M-FUNDAMENTA-GENERAL-FACT,REQUIRED,Fact family of the subtopic,High
G-M-FUNDAMENTA-GENERAL-FACT,G-A-FUNDAMEN-GENERAL--STATEMEN,REQUIRED,Observed question form,High
G-A-FUNDAMEN-GENERAL--STATEMEN,G-V-FUNDAMEN-GENERA-STATEM,REQUIRED,Variation annotation,High
G-M-FUNDAMENTA-GENERAL-FACT,G-A-FUNDAMEN-GENERAL--DIRECT-F,REQUIRED,Observed question form,High
G-A-FUNDAMEN-GENERAL--DIRECT-F,G-V-FUNDAMEN-GENERA-DIRECT,REQUIRED,Variation annotation,High
G-M-FUNDAMENTA-GENERAL-FACT,G-A-FUNDAMEN-GENERAL--FILL-UP,REQUIRED,Observed question form,High
G-A-FUNDAMEN-GENERAL--FILL-UP,G-V-FUNDAMEN-GENERA-FILL-U,REQUIRED,Variation annotation,High
G-S-POLITY-FUNDAMENTAL-,G-M-FUNDAMENTA-OTHER-FUNDAM,REQUIRED,Fact family of the subtopic,High
G-M-FUNDAMENTA-OTHER-FUNDAM,G-A-FUNDAMEN-OTHER-FU-DIRECT-F,REQUIRED,Observed question form,High
G-A-FUNDAMEN-OTHER-FU-DIRECT-F,G-V-FUNDAMEN-OTHER--DIRECT,REQUIRED,Variation annotation,High
G-T-POLITY,G-S-POLITY-GENERAL-POLI,REQUIRED,Structural curriculum grouping,High
G-S-POLITY-GENERAL-POLI,G-M-GENERAL-PO-GENERAL-FACT,REQUIRED,Fact family of the subtopic,High
G-M-GENERAL-PO-GENERAL-FACT,G-A-GENERAL--GENERAL--DIRECT-F-11,REQUIRED,Observed question form,High
G-A-GENERAL--GENERAL--DIRECT-F-11,G-V-GENERAL--GENERA-DIRECT-11,REQUIRED,Variation annotation,High
G-M-GENERAL-PO-GENERAL-FACT,G-A-GENERAL--GENERAL--FILL-UP-9,REQUIRED,Observed question form,High
G-A-GENERAL--GENERAL--FILL-UP-9,G-V-GENERAL--GENERA-FILL-U-9,REQUIRED,Variation annotation,High
G-M-GENERAL-PO-GENERAL-FACT,G-A-GENERAL--GENERAL--STATEMEN-11,REQUIRED,Observed question form,High
G-A-GENERAL--GENERAL--STATEMEN-11,G-V-GENERAL--GENERA-STATEM-11,REQUIRED,Variation annotation,High
G-S-POLITY-GENERAL-POLI,G-M-GENERAL-PO-PERSON-ANCHO,REQUIRED,Fact family of the subtopic,High
G-M-GENERAL-PO-PERSON-ANCHO,G-A-GENERAL--PERSON-A-DIRECT-F-9,REQUIRED,Observed question form,High
G-A-GENERAL--PERSON-A-DIRECT-F-9,G-V-GENERAL--PERSON-DIRECT-9,REQUIRED,Variation annotation,High
G-S-POLITY-GENERAL-POLI,G-M-GENERAL-PO-ARTICLE-ANCH,REQUIRED,Fact family of the subtopic,High
G-M-GENERAL-PO-ARTICLE-ANCH,G-A-GENERAL--ARTICLE--FILL-UP,REQUIRED,Observed question form,High
G-A-GENERAL--ARTICLE--FILL-UP,G-V-GENERAL--ARTICL-FILL-U,REQUIRED,Variation annotation,High
G-M-GENERAL-PO-ARTICLE-ANCH,G-A-GENERAL--ARTICLE--DIRECT-F,REQUIRED,Observed question form,High
G-A-GENERAL--ARTICLE--DIRECT-F,G-V-GENERAL--ARTICL-DIRECT,REQUIRED,Variation annotation,High
G-S-POLITY-GENERAL-POLI,G-M-GENERAL-PO-SUPERLATIVE-,REQUIRED,Fact family of the subtopic,High
G-M-GENERAL-PO-SUPERLATIVE-,G-A-GENERAL--SUPERLAT-DIRECT-F-6,REQUIRED,Observed question form,High
G-A-GENERAL--SUPERLAT-DIRECT-F-6,G-V-GENERAL--SUPERL-DIRECT-6,REQUIRED,Variation annotation,High
G-M-GENERAL-PO-SUPERLATIVE-,G-A-GENERAL--SUPERLAT-FILL-UP,REQUIRED,Observed question form,High
G-A-GENERAL--SUPERLAT-FILL-UP,G-V-GENERAL--SUPERL-FILL-U,REQUIRED,Variation annotation,High
G-S-POLITY-GENERAL-POLI,G-M-GENERAL-PO-OTHER-GENERA,REQUIRED,Fact family of the subtopic,High
G-M-GENERAL-PO-OTHER-GENERA,G-A-GENERAL--OTHER-GE-DIRECT-F-14,REQUIRED,Observed question form,High
G-A-GENERAL--OTHER-GE-DIRECT-F-14,G-V-GENERAL--OTHER--DIRECT-14,REQUIRED,Variation annotation,High
G-T-POLITY,G-S-POLITY-JUDICIARY,REQUIRED,Structural curriculum grouping,High
G-S-POLITY-JUDICIARY,G-M-JUDICIARY-GENERAL-FACT,REQUIRED,Fact family of the subtopic,High
G-M-JUDICIARY-GENERAL-FACT,G-A-JUDICIAR-GENERAL--DIRECT-F,REQUIRED,Observed question form,High
G-A-JUDICIAR-GENERAL--DIRECT-F,G-V-JUDICIAR-GENERA-DIRECT,REQUIRED,Variation annotation,High
G-M-JUDICIARY-GENERAL-FACT,G-A-JUDICIAR-GENERAL--FILL-UP,REQUIRED,Observed question form,High
G-A-JUDICIAR-GENERAL--FILL-UP,G-V-JUDICIAR-GENERA-FILL-U,REQUIRED,Variation annotation,High
G-S-POLITY-JUDICIARY,G-M-JUDICIARY-PERSON-ANCHO,REQUIRED,Fact family of the subtopic,High
G-M-JUDICIARY-PERSON-ANCHO,G-A-JUDICIAR-PERSON-A-DIRECT-F,REQUIRED,Observed question form,High
G-A-JUDICIAR-PERSON-A-DIRECT-F,G-V-JUDICIAR-PERSON-DIRECT,REQUIRED,Variation annotation,High
G-S-POLITY-JUDICIARY,G-M-JUDICIARY-OTHER-JUDICI,REQUIRED,Fact family of the subtopic,High
G-M-JUDICIARY-OTHER-JUDICI,G-A-JUDICIAR-OTHER-JU-DIRECT-F,REQUIRED,Observed question form,High
G-A-JUDICIAR-OTHER-JU-DIRECT-F,G-V-JUDICIAR-OTHER--DIRECT,REQUIRED,Variation annotation,High
G-T-POLITY,G-S-POLITY-LOCAL-GOVERN,REQUIRED,Structural curriculum grouping,High
G-S-POLITY-LOCAL-GOVERN,G-M-LOCAL-GOVE-GENERAL-FACT,REQUIRED,Fact family of the subtopic,High
G-M-LOCAL-GOVE-GENERAL-FACT,G-A-LOCAL-GO-GENERAL--DIRECT-F,REQUIRED,Observed question form,High
G-A-LOCAL-GO-GENERAL--DIRECT-F,G-V-LOCAL-GO-GENERA-DIRECT,REQUIRED,Variation annotation,High
G-S-POLITY-LOCAL-GOVERN,G-M-LOCAL-GOVE-OTHER-LOCAL-,REQUIRED,Fact family of the subtopic,High
G-M-LOCAL-GOVE-OTHER-LOCAL-,G-A-LOCAL-GO-OTHER-LO-FILL-UP,REQUIRED,Observed question form,High
G-A-LOCAL-GO-OTHER-LO-FILL-UP,G-V-LOCAL-GO-OTHER--FILL-U,REQUIRED,Variation annotation,High
G-M-LOCAL-GOVE-OTHER-LOCAL-,G-A-LOCAL-GO-OTHER-LO-DIRECT-F,REQUIRED,Observed question form,High
G-A-LOCAL-GO-OTHER-LO-DIRECT-F,G-V-LOCAL-GO-OTHER--DIRECT,REQUIRED,Variation annotation,High
G-T-POLITY,G-S-POLITY-PARLIAMENT-L,REQUIRED,Structural curriculum grouping,High
G-S-POLITY-PARLIAMENT-L,G-M-PARLIAMENT-GENERAL-FACT,REQUIRED,Fact family of the subtopic,High
G-M-PARLIAMENT-GENERAL-FACT,G-A-PARLIAME-GENERAL--DIRECT-F,REQUIRED,Observed question form,High
G-A-PARLIAME-GENERAL--DIRECT-F,G-V-PARLIAME-GENERA-DIRECT,REQUIRED,Variation annotation,High
G-M-PARLIAMENT-GENERAL-FACT,G-A-PARLIAME-GENERAL--STATEMEN,REQUIRED,Observed question form,High
G-A-PARLIAME-GENERAL--STATEMEN,G-V-PARLIAME-GENERA-STATEM,REQUIRED,Variation annotation,High
G-M-PARLIAMENT-GENERAL-FACT,G-A-PARLIAME-GENERAL--FILL-UP,REQUIRED,Observed question form,High
G-A-PARLIAME-GENERAL--FILL-UP,G-V-PARLIAME-GENERA-FILL-U,REQUIRED,Variation annotation,High
G-S-POLITY-PARLIAMENT-L,G-M-PARLIAMENT-SUPERLATIVE-,REQUIRED,Fact family of the subtopic,High
G-M-PARLIAMENT-SUPERLATIVE-,G-A-PARLIAME-SUPERLAT-DIRECT-F,REQUIRED,Observed question form,High
G-A-PARLIAME-SUPERLAT-DIRECT-F,G-V-PARLIAME-SUPERL-DIRECT,REQUIRED,Variation annotation,High
G-M-PARLIAMENT-SUPERLATIVE-,G-A-PARLIAME-SUPERLAT-STATEMEN,REQUIRED,Observed question form,High
G-A-PARLIAME-SUPERLAT-STATEMEN,G-V-PARLIAME-SUPERL-STATEM,REQUIRED,Variation annotation,High
G-S-POLITY-PARLIAMENT-L,G-M-PARLIAMENT-ARTICLE-ANCH,REQUIRED,Fact family of the subtopic,High
G-M-PARLIAMENT-ARTICLE-ANCH,G-A-PARLIAME-ARTICLE--DIRECT-F,REQUIRED,Observed question form,High
G-A-PARLIAME-ARTICLE--DIRECT-F,G-V-PARLIAME-ARTICL-DIRECT,REQUIRED,Variation annotation,High
G-S-POLITY-PARLIAMENT-L,G-M-PARLIAMENT-OTHER-PARLIA,REQUIRED,Fact family of the subtopic,High
G-M-PARLIAMENT-OTHER-PARLIA,G-A-PARLIAME-OTHER-PA-DIRECT-F,REQUIRED,Observed question form,High
G-A-PARLIAME-OTHER-PA-DIRECT-F,G-V-PARLIAME-OTHER--DIRECT,REQUIRED,Variation annotation,High
G-M-PARLIAMENT-OTHER-PARLIA,G-A-PARLIAME-OTHER-PA-FILL-UP,REQUIRED,Observed question form,High
G-A-PARLIAME-OTHER-PA-FILL-UP,G-V-PARLIAME-OTHER--FILL-U,REQUIRED,Variation annotation,High
G-T-POLITY,G-S-POLITY-PREAMBLE-CIT,REQUIRED,Structural curriculum grouping,High
G-S-POLITY-PREAMBLE-CIT,G-M-PREAMBLE-C-GENERAL-FACT,REQUIRED,Fact family of the subtopic,High
G-M-PREAMBLE-C-GENERAL-FACT,G-A-PREAMBLE-GENERAL--DIRECT-F,REQUIRED,Observed question form,High
G-A-PREAMBLE-GENERAL--DIRECT-F,G-V-PREAMBLE-GENERA-DIRECT,REQUIRED,Variation annotation,High
G-S-POLITY-PREAMBLE-CIT,G-M-PREAMBLE-C-OTHER-PREAMB,REQUIRED,Fact family of the subtopic,High
G-M-PREAMBLE-C-OTHER-PREAMB,G-A-PREAMBLE-OTHER-PR-DIRECT-F,REQUIRED,Observed question form,High
G-A-PREAMBLE-OTHER-PR-DIRECT-F,G-V-PREAMBLE-OTHER--DIRECT,REQUIRED,Variation annotation,High
G-T-POLITY,G-S-POLITY-PRESIDENT-EX,REQUIRED,Structural curriculum grouping,High
G-S-POLITY-PRESIDENT-EX,G-M-PRESIDENT--GENERAL-FACT,REQUIRED,Fact family of the subtopic,High
G-M-PRESIDENT--GENERAL-FACT,G-A-PRESIDEN-GENERAL--DIRECT-F,REQUIRED,Observed question form,High
G-A-PRESIDEN-GENERAL--DIRECT-F,G-V-PRESIDEN-GENERA-DIRECT,REQUIRED,Variation annotation,High
G-M-PRESIDENT--GENERAL-FACT,G-A-PRESIDEN-GENERAL--STATEMEN,REQUIRED,Observed question form,High
G-A-PRESIDEN-GENERAL--STATEMEN,G-V-PRESIDEN-GENERA-STATEM,REQUIRED,Variation annotation,High
G-M-PRESIDENT--GENERAL-FACT,G-A-PRESIDEN-GENERAL--FILL-UP,REQUIRED,Observed question form,High
G-A-PRESIDEN-GENERAL--FILL-UP,G-V-PRESIDEN-GENERA-FILL-U,REQUIRED,Variation annotation,High
G-S-POLITY-PRESIDENT-EX,G-M-PRESIDENT--ARTICLE-ANCH,REQUIRED,Fact family of the subtopic,High
G-M-PRESIDENT--ARTICLE-ANCH,G-A-PRESIDEN-ARTICLE--DIRECT-F,REQUIRED,Observed question form,High
G-A-PRESIDEN-ARTICLE--DIRECT-F,G-V-PRESIDEN-ARTICL-DIRECT,REQUIRED,Variation annotation,High
G-S-POLITY-PRESIDENT-EX,G-M-PRESIDENT--OTHER-PRESID,REQUIRED,Fact family of the subtopic,High
G-M-PRESIDENT--OTHER-PRESID,G-A-PRESIDEN-OTHER-PR-DIRECT-F,REQUIRED,Observed question form,High
G-A-PRESIDEN-OTHER-PR-DIRECT-F,G-V-PRESIDEN-OTHER--DIRECT,REQUIRED,Variation annotation,High
G-M-PRESIDENT--OTHER-PRESID,G-A-PRESIDEN-OTHER-PR-STATEMEN,REQUIRED,Observed question form,High
G-A-PRESIDEN-OTHER-PR-STATEMEN,G-V-PRESIDEN-OTHER--STATEM,REQUIRED,Variation annotation,High
G-T-POLITY,G-S-POLITY-SCHEDULES-LA,REQUIRED,Structural curriculum grouping,High
G-S-POLITY-SCHEDULES-LA,G-M-SCHEDULES--GENERAL-FACT,REQUIRED,Fact family of the subtopic,High
G-M-SCHEDULES--GENERAL-FACT,G-A-SCHEDULE-GENERAL--STATEMEN,REQUIRED,Observed question form,High
G-A-SCHEDULE-GENERAL--STATEMEN,G-V-SCHEDULE-GENERA-STATEM,REQUIRED,Variation annotation,High
G-M-SCHEDULES--GENERAL-FACT,G-A-SCHEDULE-GENERAL--MATCHING,REQUIRED,Observed question form,High
G-A-SCHEDULE-GENERAL--MATCHING,G-V-SCHEDULE-GENERA-MATCHI,REQUIRED,Variation annotation,High
G-S-POLITY-SCHEDULES-LA,G-M-SCHEDULES--OTHER-SCHEDU,REQUIRED,Fact family of the subtopic,High
G-M-SCHEDULES--OTHER-SCHEDU,G-A-SCHEDULE-OTHER-SC-DIRECT-F,REQUIRED,Observed question form,High
G-A-SCHEDULE-OTHER-SC-DIRECT-F,G-V-SCHEDULE-OTHER--DIRECT,REQUIRED,Variation annotation,High
G-T-SPORTS,G-S-SPORTS-ATHLETICS,REQUIRED,Structural curriculum grouping,High
G-S-SPORTS-ATHLETICS,G-M-ATHLETICS-GENERAL-FACT,REQUIRED,Fact family of the subtopic,High
G-M-ATHLETICS-GENERAL-FACT,G-A-ATHLETIC-GENERAL--DIRECT-F,REQUIRED,Observed question form,High
G-A-ATHLETIC-GENERAL--DIRECT-F,G-V-ATHLETIC-GENERA-DIRECT,REQUIRED,Variation annotation,High
G-S-SPORTS-ATHLETICS,G-M-ATHLETICS-OTHER-ATHLET,REQUIRED,Fact family of the subtopic,High
G-M-ATHLETICS-OTHER-ATHLET,G-A-ATHLETIC-OTHER-AT-DIRECT-F,REQUIRED,Observed question form,High
G-A-ATHLETIC-OTHER-AT-DIRECT-F,G-V-ATHLETIC-OTHER--DIRECT,REQUIRED,Variation annotation,High
G-T-SPORTS,G-S-SPORTS-CHESS-BADMIN,REQUIRED,Structural curriculum grouping,High
G-S-SPORTS-CHESS-BADMIN,G-M-CHESS-BADM-GENERAL-FACT,REQUIRED,Fact family of the subtopic,High
G-M-CHESS-BADM-GENERAL-FACT,G-A-CHESS-BA-GENERAL--DIRECT-F,REQUIRED,Observed question form,High
G-A-CHESS-BA-GENERAL--DIRECT-F,G-V-CHESS-BA-GENERA-DIRECT,REQUIRED,Variation annotation,High
G-S-SPORTS-CHESS-BADMIN,G-M-CHESS-BADM-PERSON-ANCHO,REQUIRED,Fact family of the subtopic,High
G-M-CHESS-BADM-PERSON-ANCHO,G-A-CHESS-BA-PERSON-A-DIRECT-F,REQUIRED,Observed question form,High
G-A-CHESS-BA-PERSON-A-DIRECT-F,G-V-CHESS-BA-PERSON-DIRECT,REQUIRED,Variation annotation,High
G-S-SPORTS-CHESS-BADMIN,G-M-CHESS-BADM-SUPERLATIVE-,REQUIRED,Fact family of the subtopic,High
G-M-CHESS-BADM-SUPERLATIVE-,G-A-CHESS-BA-SUPERLAT-DIRECT-F,REQUIRED,Observed question form,High
G-A-CHESS-BA-SUPERLAT-DIRECT-F,G-V-CHESS-BA-SUPERL-DIRECT,REQUIRED,Variation annotation,High
G-S-SPORTS-CHESS-BADMIN,G-M-CHESS-BADM-OTHER-CHESS-,REQUIRED,Fact family of the subtopic,High
G-M-CHESS-BADM-OTHER-CHESS-,G-A-CHESS-BA-OTHER-CH-DIRECT-F,REQUIRED,Observed question form,High
G-A-CHESS-BA-OTHER-CH-DIRECT-F,G-V-CHESS-BA-OTHER--DIRECT,REQUIRED,Variation annotation,High
G-T-SPORTS,G-S-SPORTS-COMBAT-OTHER,REQUIRED,Structural curriculum grouping,High
G-S-SPORTS-COMBAT-OTHER,G-M-COMBAT-OTH-QUANTITY-ANC,REQUIRED,Fact family of the subtopic,High
G-M-COMBAT-OTH-QUANTITY-ANC,G-A-COMBAT-O-QUANTITY-DIRECT-F,REQUIRED,Observed question form,High
G-A-COMBAT-O-QUANTITY-DIRECT-F,G-V-COMBAT-O-QUANTI-DIRECT,REQUIRED,Variation annotation,High
G-S-SPORTS-COMBAT-OTHER,G-M-COMBAT-OTH-GENERAL-FACT,REQUIRED,Fact family of the subtopic,High
G-M-COMBAT-OTH-GENERAL-FACT,G-A-COMBAT-O-GENERAL--DIRECT-F,REQUIRED,Observed question form,High
G-A-COMBAT-O-GENERAL--DIRECT-F,G-V-COMBAT-O-GENERA-DIRECT,REQUIRED,Variation annotation,High
G-S-SPORTS-COMBAT-OTHER,G-M-COMBAT-OTH-YEAR-ANCHORE,REQUIRED,Fact family of the subtopic,High
G-M-COMBAT-OTH-YEAR-ANCHORE,G-A-COMBAT-O-YEAR-ANC-DIRECT-F,REQUIRED,Observed question form,High
G-A-COMBAT-O-YEAR-ANC-DIRECT-F,G-V-COMBAT-O-YEAR-A-DIRECT,REQUIRED,Variation annotation,High
G-T-SPORTS,G-S-SPORTS-CRICKET,REQUIRED,Structural curriculum grouping,High
G-S-SPORTS-CRICKET,G-M-CRICKET-GENERAL-FACT,REQUIRED,Fact family of the subtopic,High
G-M-CRICKET-GENERAL-FACT,G-A-CRICKET-GENERAL--DIRECT-F,REQUIRED,Observed question form,High
G-A-CRICKET-GENERAL--DIRECT-F,G-V-CRICKET-GENERA-DIRECT,REQUIRED,Variation annotation,High
G-M-CRICKET-GENERAL-FACT,G-A-CRICKET-GENERAL--STATEMEN,REQUIRED,Observed question form,High
G-A-CRICKET-GENERAL--STATEMEN,G-V-CRICKET-GENERA-STATEM,REQUIRED,Variation annotation,High
G-M-CRICKET-GENERAL-FACT,G-A-CRICKET-GENERAL--MATCHING,REQUIRED,Observed question form,High
G-A-CRICKET-GENERAL--MATCHING,G-V-CRICKET-GENERA-MATCHI,REQUIRED,Variation annotation,High
G-M-CRICKET-GENERAL-FACT,G-A-CRICKET-GENERAL--FILL-UP,REQUIRED,Observed question form,High
G-A-CRICKET-GENERAL--FILL-UP,G-V-CRICKET-GENERA-FILL-U,REQUIRED,Variation annotation,High
G-S-SPORTS-CRICKET,G-M-CRICKET-PERSON-ANCHO,REQUIRED,Fact family of the subtopic,High
G-M-CRICKET-PERSON-ANCHO,G-A-CRICKET-PERSON-A-DIRECT-F,REQUIRED,Observed question form,High
G-A-CRICKET-PERSON-A-DIRECT-F,G-V-CRICKET-PERSON-DIRECT,REQUIRED,Variation annotation,High
G-S-SPORTS-CRICKET,G-M-CRICKET-YEAR-ANCHORE,REQUIRED,Fact family of the subtopic,High
G-M-CRICKET-YEAR-ANCHORE,G-A-CRICKET-YEAR-ANC-DIRECT-F,REQUIRED,Observed question form,High
G-A-CRICKET-YEAR-ANC-DIRECT-F,G-V-CRICKET-YEAR-A-DIRECT,REQUIRED,Variation annotation,High
G-M-CRICKET-YEAR-ANCHORE,G-A-CRICKET-YEAR-ANC-FILL-UP,REQUIRED,Observed question form,High
G-A-CRICKET-YEAR-ANC-FILL-UP,G-V-CRICKET-YEAR-A-FILL-U,REQUIRED,Variation annotation,High
G-S-SPORTS-CRICKET,G-M-CRICKET-SUPERLATIVE-,REQUIRED,Fact family of the subtopic,High
G-M-CRICKET-SUPERLATIVE-,G-A-CRICKET-SUPERLAT-DIRECT-F,REQUIRED,Observed question form,High
G-A-CRICKET-SUPERLAT-DIRECT-F,G-V-CRICKET-SUPERL-DIRECT,REQUIRED,Variation annotation,High
G-S-SPORTS-CRICKET,G-M-CRICKET-QUANTITY-ANC,REQUIRED,Fact family of the subtopic,High
G-M-CRICKET-QUANTITY-ANC,G-A-CRICKET-QUANTITY-DIRECT-F,REQUIRED,Observed question form,High
G-A-CRICKET-QUANTITY-DIRECT-F,G-V-CRICKET-QUANTI-DIRECT,REQUIRED,Variation annotation,High
G-S-SPORTS-CRICKET,G-M-CRICKET-OTHER-CRICKE,REQUIRED,Fact family of the subtopic,High
G-M-CRICKET-OTHER-CRICKE,G-A-CRICKET-OTHER-CR-STATEMEN,REQUIRED,Observed question form,High
G-A-CRICKET-OTHER-CR-STATEMEN,G-V-CRICKET-OTHER--STATEM,REQUIRED,Variation annotation,High
G-M-CRICKET-OTHER-CRICKE,G-A-CRICKET-OTHER-CR-DIRECT-F,REQUIRED,Observed question form,High
G-A-CRICKET-OTHER-CR-DIRECT-F,G-V-CRICKET-OTHER--DIRECT,REQUIRED,Variation annotation,High
G-M-CRICKET-OTHER-CRICKE,G-A-CRICKET-OTHER-CR-FILL-UP,REQUIRED,Observed question form,High
G-A-CRICKET-OTHER-CR-FILL-UP,G-V-CRICKET-OTHER--FILL-U,REQUIRED,Variation annotation,High
G-T-SPORTS,G-S-SPORTS-FOOTBALL-HOC,REQUIRED,Structural curriculum grouping,High
G-S-SPORTS-FOOTBALL-HOC,G-M-FOOTBALL-H-GENERAL-FACT,REQUIRED,Fact family of the subtopic,High
G-M-FOOTBALL-H-GENERAL-FACT,G-A-FOOTBALL-GENERAL--DIRECT-F,REQUIRED,Observed question form,High
G-A-FOOTBALL-GENERAL--DIRECT-F,G-V-FOOTBALL-GENERA-DIRECT,REQUIRED,Variation annotation,High
G-M-FOOTBALL-H-GENERAL-FACT,G-A-FOOTBALL-GENERAL--STATEMEN,REQUIRED,Observed question form,High
G-A-FOOTBALL-GENERAL--STATEMEN,G-V-FOOTBALL-GENERA-STATEM,REQUIRED,Variation annotation,High
G-S-SPORTS-FOOTBALL-HOC,G-M-FOOTBALL-H-YEAR-ANCHORE,REQUIRED,Fact family of the subtopic,High
G-M-FOOTBALL-H-YEAR-ANCHORE,G-A-FOOTBALL-YEAR-ANC-DIRECT-F,REQUIRED,Observed question form,High
G-A-FOOTBALL-YEAR-ANC-DIRECT-F,G-V-FOOTBALL-YEAR-A-DIRECT,REQUIRED,Variation annotation,High
G-M-FOOTBALL-H-YEAR-ANCHORE,G-A-FOOTBALL-YEAR-ANC-STATEMEN,REQUIRED,Observed question form,High
G-A-FOOTBALL-YEAR-ANC-STATEMEN,G-V-FOOTBALL-YEAR-A-STATEM,REQUIRED,Variation annotation,High
G-S-SPORTS-FOOTBALL-HOC,G-M-FOOTBALL-H-TERM-ANCHORE,REQUIRED,Fact family of the subtopic,High
G-M-FOOTBALL-H-TERM-ANCHORE,G-A-FOOTBALL-TERM-ANC-FILL-UP,REQUIRED,Observed question form,High
G-A-FOOTBALL-TERM-ANC-FILL-UP,G-V-FOOTBALL-TERM-A-FILL-U,REQUIRED,Variation annotation,High
G-S-SPORTS-FOOTBALL-HOC,G-M-FOOTBALL-H-OTHER-FOOTBA,REQUIRED,Fact family of the subtopic,High
G-M-FOOTBALL-H-OTHER-FOOTBA,G-A-FOOTBALL-OTHER-FO-DIRECT-F,REQUIRED,Observed question form,High
G-A-FOOTBALL-OTHER-FO-DIRECT-F,G-V-FOOTBALL-OTHER--DIRECT,REQUIRED,Variation annotation,High
G-T-SPORTS,G-S-SPORTS-GENERAL-SPOR,REQUIRED,Structural curriculum grouping,High
G-S-SPORTS-GENERAL-SPOR,G-M-GENERAL-SP-GENERAL-FACT,REQUIRED,Fact family of the subtopic,High
G-M-GENERAL-SP-GENERAL-FACT,G-A-GENERAL--GENERAL--DIRECT-F-12,REQUIRED,Observed question form,High
G-A-GENERAL--GENERAL--DIRECT-F-12,G-V-GENERAL--GENERA-DIRECT-12,REQUIRED,Variation annotation,High
G-M-GENERAL-SP-GENERAL-FACT,G-A-GENERAL--GENERAL--STATEMEN-12,REQUIRED,Observed question form,High
G-A-GENERAL--GENERAL--STATEMEN-12,G-V-GENERAL--GENERA-STATEM-12,REQUIRED,Variation annotation,High
G-M-GENERAL-SP-GENERAL-FACT,G-A-GENERAL--GENERAL--FILL-UP-10,REQUIRED,Observed question form,High
G-A-GENERAL--GENERAL--FILL-UP-10,G-V-GENERAL--GENERA-FILL-U-10,REQUIRED,Variation annotation,High
G-M-GENERAL-SP-GENERAL-FACT,G-A-GENERAL--GENERAL--MATCHING-4,REQUIRED,Observed question form,High
G-A-GENERAL--GENERAL--MATCHING-4,G-V-GENERAL--GENERA-MATCHI-4,REQUIRED,Variation annotation,High
G-S-SPORTS-GENERAL-SPOR,G-M-GENERAL-SP-PLACE-ANCHOR,REQUIRED,Fact family of the subtopic,High
G-M-GENERAL-SP-PLACE-ANCHOR,G-A-GENERAL--PLACE-AN-DIRECT-F-3,REQUIRED,Observed question form,High
G-A-GENERAL--PLACE-AN-DIRECT-F-3,G-V-GENERAL--PLACE--DIRECT-3,REQUIRED,Variation annotation,High
G-M-GENERAL-SP-PLACE-ANCHOR,G-A-GENERAL--PLACE-AN-FILL-UP,REQUIRED,Observed question form,High
G-A-GENERAL--PLACE-AN-FILL-UP,G-V-GENERAL--PLACE--FILL-U,REQUIRED,Variation annotation,High
G-S-SPORTS-GENERAL-SPOR,G-M-GENERAL-SP-YEAR-ANCHORE,REQUIRED,Fact family of the subtopic,High
G-M-GENERAL-SP-YEAR-ANCHORE,G-A-GENERAL--YEAR-ANC-DIRECT-F-9,REQUIRED,Observed question form,High
G-A-GENERAL--YEAR-ANC-DIRECT-F-9,G-V-GENERAL--YEAR-A-DIRECT-9,REQUIRED,Variation annotation,High
G-M-GENERAL-SP-YEAR-ANCHORE,G-A-GENERAL--YEAR-ANC-STATEMEN-2,REQUIRED,Observed question form,High
G-A-GENERAL--YEAR-ANC-STATEMEN-2,G-V-GENERAL--YEAR-A-STATEM-2,REQUIRED,Variation annotation,High
G-S-SPORTS-GENERAL-SPOR,G-M-GENERAL-SP-PERSON-ANCHO,REQUIRED,Fact family of the subtopic,High
G-M-GENERAL-SP-PERSON-ANCHO,G-A-GENERAL--PERSON-A-DIRECT-F-10,REQUIRED,Observed question form,High
G-A-GENERAL--PERSON-A-DIRECT-F-10,G-V-GENERAL--PERSON-DIRECT-10,REQUIRED,Variation annotation,High
G-S-SPORTS-GENERAL-SPOR,G-M-GENERAL-SP-BOOK-ANCHORE,REQUIRED,Fact family of the subtopic,High
G-M-GENERAL-SP-BOOK-ANCHORE,G-A-GENERAL--BOOK-ANC-DIRECT-F-3,REQUIRED,Observed question form,High
G-A-GENERAL--BOOK-ANC-DIRECT-F-3,G-V-GENERAL--BOOK-A-DIRECT-3,REQUIRED,Variation annotation,High
G-M-GENERAL-SP-BOOK-ANCHORE,G-A-GENERAL--BOOK-ANC-MATCHING-2,REQUIRED,Observed question form,High
G-A-GENERAL--BOOK-ANC-MATCHING-2,G-V-GENERAL--BOOK-A-MATCHI-2,REQUIRED,Variation annotation,High
G-M-GENERAL-SP-BOOK-ANCHORE,G-A-GENERAL--BOOK-ANC-STATEMEN-2,REQUIRED,Observed question form,High
G-A-GENERAL--BOOK-ANC-STATEMEN-2,G-V-GENERAL--BOOK-A-STATEM-2,REQUIRED,Variation annotation,High
G-S-SPORTS-GENERAL-SPOR,G-M-GENERAL-SP-OTHER-GENERA,REQUIRED,Fact family of the subtopic,High
G-M-GENERAL-SP-OTHER-GENERA,G-A-GENERAL--OTHER-GE-DIRECT-F-15,REQUIRED,Observed question form,High
G-A-GENERAL--OTHER-GE-DIRECT-F-15,G-V-GENERAL--OTHER--DIRECT-15,REQUIRED,Variation annotation,High
G-M-GENERAL-SP-OTHER-GENERA,G-A-GENERAL--OTHER-GE-FILL-UP,REQUIRED,Observed question form,High
G-A-GENERAL--OTHER-GE-FILL-UP,G-V-GENERAL--OTHER--FILL-U,REQUIRED,Variation annotation,High
G-T-SPORTS,G-S-SPORTS-OLYMPICS-MUL,REQUIRED,Structural curriculum grouping,High
G-S-SPORTS-OLYMPICS-MUL,G-M-OLYMPICS-M-GENERAL-FACT,REQUIRED,Fact family of the subtopic,High
G-M-OLYMPICS-M-GENERAL-FACT,G-A-OLYMPICS-GENERAL--DIRECT-F,REQUIRED,Observed question form,High
G-A-OLYMPICS-GENERAL--DIRECT-F,G-V-OLYMPICS-GENERA-DIRECT,REQUIRED,Variation annotation,High
G-M-OLYMPICS-M-GENERAL-FACT,G-A-OLYMPICS-GENERAL--STATEMEN,REQUIRED,Observed question form,High
G-A-OLYMPICS-GENERAL--STATEMEN,G-V-OLYMPICS-GENERA-STATEM,REQUIRED,Variation annotation,High
G-M-OLYMPICS-M-GENERAL-FACT,G-A-OLYMPICS-GENERAL--FILL-UP,REQUIRED,Observed question form,High
G-A-OLYMPICS-GENERAL--FILL-UP,G-V-OLYMPICS-GENERA-FILL-U,REQUIRED,Variation annotation,High
G-M-OLYMPICS-M-GENERAL-FACT,G-A-OLYMPICS-GENERAL--MATCHING,REQUIRED,Observed question form,High
G-A-OLYMPICS-GENERAL--MATCHING,G-V-OLYMPICS-GENERA-MATCHI,REQUIRED,Variation annotation,High
G-S-SPORTS-OLYMPICS-MUL,G-M-OLYMPICS-M-SUPERLATIVE-,REQUIRED,Fact family of the subtopic,High
G-M-OLYMPICS-M-SUPERLATIVE-,G-A-OLYMPICS-SUPERLAT-DIRECT-F,REQUIRED,Observed question form,High
G-A-OLYMPICS-SUPERLAT-DIRECT-F,G-V-OLYMPICS-SUPERL-DIRECT,REQUIRED,Variation annotation,High
G-M-OLYMPICS-M-SUPERLATIVE-,G-A-OLYMPICS-SUPERLAT-FILL-UP,REQUIRED,Observed question form,High
G-A-OLYMPICS-SUPERLAT-FILL-UP,G-V-OLYMPICS-SUPERL-FILL-U,REQUIRED,Variation annotation,High
G-M-OLYMPICS-M-SUPERLATIVE-,G-A-OLYMPICS-SUPERLAT-STATEMEN,REQUIRED,Observed question form,High
G-A-OLYMPICS-SUPERLAT-STATEMEN,G-V-OLYMPICS-SUPERL-STATEM,REQUIRED,Variation annotation,High
G-S-SPORTS-OLYMPICS-MUL,G-M-OLYMPICS-M-PERSON-ANCHO,REQUIRED,Fact family of the subtopic,High
G-M-OLYMPICS-M-PERSON-ANCHO,G-A-OLYMPICS-PERSON-A-DIRECT-F,REQUIRED,Observed question form,High
G-A-OLYMPICS-PERSON-A-DIRECT-F,G-V-OLYMPICS-PERSON-DIRECT,REQUIRED,Variation annotation,High
G-S-SPORTS-OLYMPICS-MUL,G-M-OLYMPICS-M-YEAR-ANCHORE,REQUIRED,Fact family of the subtopic,High
G-M-OLYMPICS-M-YEAR-ANCHORE,G-A-OLYMPICS-YEAR-ANC-DIRECT-F,REQUIRED,Observed question form,High
G-A-OLYMPICS-YEAR-ANC-DIRECT-F,G-V-OLYMPICS-YEAR-A-DIRECT,REQUIRED,Variation annotation,High
G-M-OLYMPICS-M-YEAR-ANCHORE,G-A-OLYMPICS-YEAR-ANC-STATEMEN,REQUIRED,Observed question form,High
G-A-OLYMPICS-YEAR-ANC-STATEMEN,G-V-OLYMPICS-YEAR-A-STATEM,REQUIRED,Variation annotation,High
G-S-SPORTS-OLYMPICS-MUL,G-M-OLYMPICS-M-QUANTITY-ANC,REQUIRED,Fact family of the subtopic,High
G-M-OLYMPICS-M-QUANTITY-ANC,G-A-OLYMPICS-QUANTITY-DIRECT-F,REQUIRED,Observed question form,High
G-A-OLYMPICS-QUANTITY-DIRECT-F,G-V-OLYMPICS-QUANTI-DIRECT,REQUIRED,Variation annotation,High
G-S-SPORTS-OLYMPICS-MUL,G-M-OLYMPICS-M-OTHER-OLYMPI,REQUIRED,Fact family of the subtopic,High
G-M-OLYMPICS-M-OTHER-OLYMPI,G-A-OLYMPICS-OTHER-OL-DIRECT-F,REQUIRED,Observed question form,High
G-A-OLYMPICS-OTHER-OL-DIRECT-F,G-V-OLYMPICS-OTHER--DIRECT,REQUIRED,Variation annotation,High
G-M-OLYMPICS-M-OTHER-OLYMPI,G-A-OLYMPICS-OTHER-OL-FILL-UP,REQUIRED,Observed question form,High
G-A-OLYMPICS-OTHER-OL-FILL-UP,G-V-OLYMPICS-OTHER--FILL-U,REQUIRED,Variation annotation,High
Q-S-NUMBER-SYS-DIVISION-ALG,Q-S-NUMBER-SYS-HCF-LCM-NUMB,REQUIRED,Euclid division underlies HCF/LCM; 2 PYQs + 12 remainder PYQs use the relation,High
Q-S-NUMBER-SYS-DIVISION-ALG,Q-S-NUMBER-SYS-REMAINDER-MO,REQUIRED,Remainder archetype states D=dq+r; 12 PYQs,High
Q-S-NUMBER-SYS-DIVISIBILITY,Q-S-NUMBER-SYS-REMAINDER-MO,HELPFUL,Divisibility tests shortcut modular checks; shared option patterns,Medium
Q-S-NUMBER-SYS-REMAINDER-MO,Q-S-NUMBER-SYS-PERFECT-SQUA,HELPFUL,Remainder-gap reasoning in complement items; 5 PYQs,Medium
Q-S-NUMBER-SYS-DIVISIBILITY,Q-S-NUMBER-SYS-DIGIT-PUZZLE,REQUIRED,abba/*# puzzles apply divisibility rules; positional constraints,High
Q-S-SIMPLIFICA-BRACKET,Q-S-ALGEBRA-EQ-EXPRESSION-S,HELPFUL,Bracket discipline feeds expression evaluation; 77+3 PYQs,Medium
Q-S-NUMBER-SYS-HCF-LCM-NUMB,Q-S-SIMPLIFICA-COMPARE-ORDE,REQUIRED,Cross-multiplication/LCM comparison; 3 PYQs,High
Q-S-PERCENTAGE-GENERAL-RATI,Q-S-PERCENTAGE-REVERSE-PERC,REQUIRED,Base-switching builds on base discipline; 5 PYQs,High
Q-S-PERCENTAGE-GENERAL-RATI,Q-S-PERCENTAGE-SUCCESSIVE-I,REQUIRED,Chained multipliers need base discipline; 5 PYQs,High
Q-S-PERCENTAGE-GENERAL-RATI,Q-S-PERCENTAGE-INCOMEEXPEND,REQUIRED,Residual method on base 100; 23 PYQs,High
Q-S-PERCENTAGE-GENERAL-RATI,Q-S-PERCENTAGE-ELECTION-WIT,REQUIRED,Valid-vote base is base discipline; 11 PYQs,High
Q-S-PERCENTAGE-RATIO-EXPRES,Q-S-PERCENTAGE-PROPORTION-M,REQUIRED,Extremes-means product extends ratio substitution; 10 PYQs,High
Q-S-PERCENTAGE-RATIO-EXPRES,Q-S-PERCENTAGE-CHAIN-RATIO-,REQUIRED,LCM-join of A:B:C needs ratio substitution; 9 PYQs,High
Q-S-PERCENTAGE-RATIO-EXPRES,Q-S-PERCENTAGE-DIVIDE-SUM-I,REQUIRED,Share formula is ratio substitution; 7 PYQs,High
Q-S-PERCENTAGE-RATIO-EXPRES,Q-S-PERCENTAGE-COIN-COUNT-F,REQUIRED,Value equation on ratio units; 4 PYQs,High
Q-S-PERCENTAGE-RATIO-EXPRES,Q-S-PERCENTAGE-ONE-SIDE-ADD,REQUIRED,Fixed-part equality in shifted ratios,High
Q-S-PERCENTAGE-RATIO-EXPRES,Q-S-PERCENTAGE-RATIO-DIFFER,REQUIRED,Unitary method on ratio parts,High
Q-S-PERCENTAGE-PROPORTION-M,Q-S-PERCENTAGE-VARIATION,HELPFUL,Direct/inverse variation extends proportion,Medium
Q-S-PERCENTAGE-GENERAL-RATI,Q-S-PROFIT-LOS-GENERAL-P-L-,REQUIRED,All P&L archetypes compute P% on CP base; 168 PYQs depend on it,High
Q-S-PROFIT-LOS-GENERAL-P-L-,Q-S-PROFIT-LOS-DISCOUNT-ON-,REQUIRED,Discount% is percentage on MP base; 26 PYQs,High
Q-S-PROFIT-LOS-DISCOUNT-ON-,Q-S-PROFIT-LOS-SP-DISCOUNT-,REQUIRED,Inverse operation MP=SP/(1-d); 6 PYQs,High
Q-S-PROFIT-LOS-GENERAL-P-L-,Q-S-PROFIT-LOS-MP-ABOVE-CP-,REQUIRED,MP-CP-SP chain identity; 5 PYQs,High
Q-S-PROFIT-LOS-MP-ABOVE-CP-,Q-S-PROFIT-LOS-MARKUP-WITH-,REQUIRED,Markup-then-deal sequence; 6 PYQs,High
Q-S-PERCENTAGE-SUCCESSIVE-I,Q-S-PROFIT-LOS-SUCCESSIVE-D,REQUIRED,Single-equivalent formula is successive-% application; 29 PYQs,High
Q-S-PROFIT-LOS-SUCCESSIVE-D,Q-S-PROFIT-LOS-FIXED-PRICE-,REQUIRED,Two-step pricing factors; 2 PYQs,High
Q-S-PROFIT-LOS-SUCCESSIVE-D,Q-S-PROFIT-LOS-CHAIN-PROFIT,HELPFUL,Margin products share the factor form,Medium
Q-S-PERCENTAGE-SUCCESSIVE-I,Q-S-PROFIT-LOS-REPEATED-HIK,REQUIRED,Same successive-factor form on salary; 1 PYQ + 5 salary PYQs in Pct,High
Q-S-PROFIT-LOS-GENERAL-P-L-,Q-S-PROFIT-LOS-COST-BUILD-U,REQUIRED,True-CP definition extends P% base; 28 PYQs,High
Q-S-PROFIT-LOS-GENERAL-P-L-,Q-S-PROFIT-LOS-DISHONEST-DE,REQUIRED,Error fraction multiplies price profit; 7 PYQs,High
Q-S-PROFIT-LOS-GENERAL-P-L-,Q-S-PROFIT-LOS-EQUAL-PROFIT,REQUIRED,Midpoint CP from two SPs; 2 PYQs,High
Q-S-PROFIT-LOS-GENERAL-P-L-,Q-S-PROFIT-LOS-GAIN-ON-ONE-,REQUIRED,Equal-SP net-loss rule; 2 PYQs,High
Q-S-PROFIT-LOS-GENERAL-P-L-,Q-S-PROFIT-LOS-PROFIT-TO-CP,REQUIRED,SP=CP(1+p) rearranged; 1 PYQ,High
Q-S-PROFIT-LOS-DISCOUNT-ON-,Q-S-PROFIT-LOS-CP-MP-DISCOU,COMBINATIONAL,SP bridge combines discount and profit legs; 1 PYQ + 7 MP-link PYQs,High
Q-S-MIXTURE-AL-MIXING-RATIO,Q-S-PROFIT-LOS-TWO-LOT-PROF,REQUIRED,Alligation applied on profit percentages; 2 PYQs,High
Q-S-MIXTURE-AL-WEIGHTED-MEA,Q-S-MIXTURE-AL-MIXTURE-BLEN,COMBINATIONAL,Mean back-out then P&L margin; 1 PYQ,High
Q-S-PROFIT-LOS-GENERAL-P-L-,Q-S-MIXTURE-AL-MIXTURE-BLEN,HELPFUL,Margin leg needs P% base,Medium
Q-S-PERCENTAGE-GENERAL-RATI,Q-S-SIMPLE-COM-DIRECT-SI-UN-2,REQUIRED,SI is percentage over time; 26+4 PYQs,High
Q-S-SIMPLE-COM-DIRECT-SI-UN-2,Q-S-SIMPLE-COM-AMOUNT-K-PRI,REQUIRED,Multiplier form of SI relation; 10 PYQs,High
Q-S-SIMPLE-COM-DIRECT-SI-UN-2,Q-S-SIMPLE-COM-TWO-AMOUNTS-,REQUIRED,Two-point linear data; 3 PYQs,High
Q-S-SIMPLE-COM-DIRECT-SI-UN-2,Q-S-SIMPLE-COM-SUM-SPLIT-AT,REQUIRED,Weighted-interest equation needs SI form + equations; 11 PYQs,High
Q-S-SIMPLE-COM-DIRECT-SI-UN-2,Q-S-SIMPLE-COM-SI-AS-FRACTI,REQUIRED,SI-vs-P relation form; 6 PYQs,High
Q-S-SIMPLE-COM-DIRECT-SI-UN-2,Q-S-SIMPLE-COM-CI-AMOUNT-RA,REQUIRED,CI contrasts with SI growth; 25 PYQs,High
Q-S-SIMPLE-COM-DIRECT-SI-UN-2,Q-S-SIMPLE-COM-ANNUAL-INSTA,REQUIRED,Instalment formula extends SI ledger; 1 PYQ,High
Q-S-SIMPLE-COM-DIRECT-SI-UN-2,Q-S-SIMPLE-COM-BORROW-INVES,REQUIRED,Outstanding-principal ledger; 4 PYQs,High
Q-S-SIMPLE-COM-DIRECT-SI-UN-2,Q-S-SIMPLE-COM-EQUIVALENT-I,REQUIRED,Two-scenario SI equality; 1 PYQ,High
Q-S-NUMBER-SYS-HCF-LCM-NUMB,Q-S-TIME-WORK-COMBINED-WOR,REQUIRED,LCM total-work method; 18+ PYQs use it,High
Q-S-PERCENTAGE-RATIO-EXPRES,Q-S-TIME-WORK-MENWOMENBOYS,HELPFUL,Group-rate equations share ratio structure,Medium
Q-S-TIME-WORK-COMBINED-WOR,Q-S-TIME-WORK-ALTERNATE-DA,REQUIRED,Cycle output extends combined rates; 4 PYQs,High
Q-S-TIME-WORK-COMBINED-WOR,Q-S-TIME-WORK-PARTNER-LEAV,REQUIRED,Work-fraction ledger on combined base; 6 PYQs,High
Q-S-TIME-WORK-COMBINED-WOR,Q-S-TIME-WORK-PIPES-FILL-E,REQUIRED,Signed rates = work rates; 44 PYQs,High
Q-S-TIME-WORK-COMBINED-WOR,Q-S-TIME-WORK-THREE-WORKER,REQUIRED,Team LCM extends pair logic; 1 PYQ,High
Q-S-TIME-WORK-COMBINED-WOR,Q-S-TIME-WORK-PERIODIC-ASS,REQUIRED,Cycle method on team rates; 1 PYQ,High
Q-S-TIME-WORK-COMBINED-WOR,Q-S-TIME-WORK-PARTIAL-DAYS,REQUIRED,Rate-days ledger; 1 PYQ,High
Q-S-PERCENTAGE-PROPORTION-M,Q-S-TIME-WORK-EFFICIENCY-R,REQUIRED,Efficiency-time inverse is inverse proportion; 7 PYQs,High
Q-S-PERCENTAGE-RATIO-EXPRES,Q-S-TIME-WORK-WAGE-SHARING,REQUIRED,Pay proportional to 1/days shares; 10 PYQs,High
Q-S-TIME-WORK-COMBINED-WOR,Q-S-TIME-WORK-SHRINKING-EX,REQUIRED,AP man-days on work base; 3 PYQs,High
Q-S-TIME-WORK-COMBINED-WOR,Q-S-TIME-WORK-FRACTIONAL-W,REQUIRED,Man-day fraction of whole; 1 PYQ,High
Q-S-TIME-SPEED-GENERAL-SPEE,Q-S-TIME-SPEED-TRAIN-CROSSI,REQUIRED,Length-sum over speed with unit conversion; 1 PYQ,High
Q-S-TIME-SPEED-GENERAL-SPEE,Q-S-TIME-SPEED-DELAYED-STAR,REQUIRED,Gap over relative speed; 45 PYQs,High
Q-S-TIME-SPEED-DELAYED-STAR,Q-S-TIME-SPEED-TWO-BODY-MEE,HELPFUL,Same relative-speed core on roads,Medium
Q-S-TIME-SPEED-DELAYED-STAR,Q-S-TIME-SPEED-CIRCULAR-TRA,REQUIRED,Loop meeting is relative speed on circumference; 16 PYQs,High
Q-S-TIME-SPEED-GENERAL-SPEE,Q-S-TIME-SPEED-BOAT-UPSTREA,REQUIRED,Still/stream two-equation system; 15 PYQs,High
Q-S-AVERAGE-AG-GENERAL-AVER,Q-S-TIME-SPEED-AVERAGE-SPEE,REQUIRED,Harmonic (not arithmetic) mean of speeds; 15 PYQs,High
Q-S-TIME-SPEED-GENERAL-SPEE,Q-S-TIME-SPEED-RACE-HEAD-ST,REQUIRED,Effective-distance adjustment; 1 PYQ,High
Q-S-AVERAGE-AG-GENERAL-AVER,Q-S-MIXTURE-AL-WEIGHTED-MEA,REQUIRED,Mixture mean is weighted average; 8+2 PYQs,High
Q-S-MIXTURE-AL-WEIGHTED-MEA,Q-S-MIXTURE-AL-MIXING-RATIO,REQUIRED,Alligation inverts the mean equation; 19 PYQs,High
Q-S-MIXTURE-AL-WEIGHTED-MEA,Q-S-MIXTURE-AL-DILUTION-TO-,REQUIRED,Solute-invariance from mean logic; 6 PYQs,High
Q-S-MIXTURE-AL-DILUTION-TO-,Q-S-MIXTURE-AL-DILUTION-REP,REQUIRED,Successive powers extend single dilution; 4 PYQs,High
Q-S-MIXTURE-AL-WEIGHTED-MEA,Q-S-MIXTURE-AL-TWO-WAY-MIX-,REQUIRED,One-unknown mean equation; 2 PYQs,High
Q-S-MIXTURE-AL-WEIGHTED-MEA,Q-S-MIXTURE-AL-THREE-WAY-MI,REQUIRED,Multi-component mean; 1 PYQ,High
Q-S-MIXTURE-AL-WEIGHTED-MEA,Q-S-MIXTURE-AL-BULK-LOTS-BL,REQUIRED,Total-value over total-qty; 2 PYQs,High
Q-S-PERCENTAGE-RATIO-EXPRES,Q-S-MIXTURE-AL-TWO-CONTAINE,REQUIRED,Common-total method on ratios; 13 PYQs,High
Q-S-AVERAGE-AG-SIMPLE-AVERA,Q-S-AVERAGE-AG-GENERAL-AVER,REQUIRED,Total = avg x n is the working form; 8 PYQs,High
Q-S-AVERAGE-AG-GENERAL-AVER,Q-S-AVERAGE-AG-MEMBER-JOINS,REQUIRED,Subgroup totals method; 26 PYQs,High
Q-S-AVERAGE-AG-GENERAL-AVER,Q-S-AVERAGE-AG-WRONG-ENTRY-,REQUIRED,Difference-over-n adjustment; 2 PYQs,High
Q-S-AVERAGE-AG-GENERAL-AVER,Q-S-AVERAGE-AG-RUNS-NEEDED-,REQUIRED,New-average equation; 3 PYQs,High
Q-S-AVERAGE-AG-GENERAL-AVER,Q-S-AVERAGE-AG-GROUP-AVERAG,REQUIRED,Weighted mean of averages; 7 PYQs,High
Q-S-AVERAGE-AG-GENERAL-AVER,Q-S-AVERAGE-AG-EXCLUDED-EXT,REQUIRED,Total-minus-extreme; 2 PYQs,High
Q-S-AVERAGE-AG-GENERAL-AVER,Q-S-AVERAGE-AG-AVERAGE-OF-A-2,REQUIRED,Listing plus total method; 13 PYQs,High
Q-S-AVERAGE-AG-AGE-MULTIPLI,Q-S-AVERAGE-AG-AP-SPACED-AG,HELPFUL,Both use age-difference constancy,Medium
Q-S-ALGEBRA-EQ-EXPRESSION-S,Q-S-ALGEBRA-EQ-SURDS-ODD-ON,REQUIRED,Surd expansion needs simplification discipline; 45 PYQs,High
Q-S-ALGEBRA-EQ-EXPRESSION-S,Q-S-ALGEBRA-EQ-X-1-X-IDENTI,REQUIRED,k^2-2 / k^3-3k forms need substitution skill; 7 PYQs,High
Q-S-ALGEBRA-EQ-X-1-X-IDENTI,Q-S-ALGEBRA-EQ-CUBE-IDENTIT,HELPFUL,Shared identity-expansion family,Medium
Q-S-ALGEBRA-EQ-EXPRESSION-S,Q-S-ALGEBRA-EQ-LINEAR-SYSTE,REQUIRED,Coefficient-ratio conditions on equations; 4 PYQs,High
Q-S-ALGEBRA-EQ-EXPRESSION-S,Q-S-ALGEBRA-EQ-SIMULTANEOUS,REQUIRED,Elimination on evaluated forms; 1 PYQ + 11 word PYQs,High
Q-S-ALGEBRA-EQ-SIMULTANEOUS,Q-S-ALGEBRA-EQ-WORD-PROBLEM,COMBINATIONAL,Framing stories into systems; 11 PYQs,High
Q-S-ALGEBRA-EQ-EXPRESSION-S,Q-S-ALGEBRA-EQ-COORDINATE-G,HELPFUL,Substituting points into forms,Medium
Q-S-GEOMETRY-TRIANGLE-VAL,Q-S-GEOMETRY-TRIANGLE-CON,REQUIRED,Criteria plus angle sum; 32 PYQs,High
Q-S-GEOMETRY-TRIANGLE-CON,Q-S-GEOMETRY-ISOSCELES-TR,REQUIRED,Base-angle equality special case; 3 PYQs,High
Q-S-GEOMETRY-TRIANGLE-CON,Q-S-GEOMETRY-EXTERIOR-ANG,HELPFUL,Shared angle-sum core,Medium
Q-S-GEOMETRY-TRIANGLE-CON,Q-S-GEOMETRY-ANGLE-SPLIT-,REQUIRED,k-angle sums to 180; 3 PYQs,High
Q-S-GEOMETRY-PERPENDICULA,Q-S-GEOMETRY-CHORD-OF-LAR,REQUIRED,Half-chord right triangle; 3 PYQs,High
Q-S-GEOMETRY-PERPENDICULA,Q-S-GEOMETRY-CONCENTRIC-C,REQUIRED,Shared r^2-d^2 structure; 2 PYQs,High
Q-S-GEOMETRY-TANGENTS-COM,Q-S-GEOMETRY-CIRCLE-THEOR,HELPFUL,Shared circle-angle core,Medium
Q-S-GEOMETRY-TRIANGLE-CON,Q-S-GEOMETRY-MEDIANS-CENT,REQUIRED,2:1 split on triangle base; 14 PYQs,High
Q-S-GEOMETRY-TRIANGLE-CON,Q-S-GEOMETRY-CONGRUENCE-S,REQUIRED,CPCT equation solving; 2 PYQs,High
Q-S-GEOMETRY-TANGENTS-COM,Q-S-GEOMETRY-INTERSECTING,HELPFUL,Shared segment-product family,Medium
Q-S-GEOMETRY-TRIANGLE-VAL,Q-S-GEOMETRY-COLLINEARITY,REQUIRED,Triangle-inequality boundary case; 2 PYQs,High
Q-S-GEOMETRY-TRIANGLE-VAL,Q-S-GEOMETRY-CLASSIFY-TRI,REQUIRED,Pythagoras inequality test; 2 PYQs,High
Q-S-MENSURATIO-DIRECT-FORMU,Q-S-MENSURATIO-CYLINDER-CSA,REQUIRED,r-from-CSA then volume; 96 PYQs,High
Q-S-MENSURATIO-DIRECT-FORMU,Q-S-MENSURATIO-CUBE-CUBOID-,REQUIRED,Volume conservation + TSA/6; 35 PYQs,High
Q-S-MENSURATIO-DIRECT-FORMU,Q-S-MENSURATIO-PYRAMID-PRIS,REQUIRED,Bh/3 vs Bh distinction; 29 PYQs,High
Q-S-MENSURATIO-DIRECT-FORMU,Q-S-MENSURATIO-SPHERE-CONE-,REQUIRED,Curved-area forms; 24 PYQs,High
Q-S-MENSURATIO-DIRECT-FORMU,Q-S-MENSURATIO-FIELD-PLOT-S,REQUIRED,Area-perimeter equation setup; 23 PYQs,High
Q-S-GEOMETRY-TRIANGLE-CON,Q-S-MENSURATIO-MID-SEGMENT-,REQUIRED,Quarter-area similarity; 9 PYQs,High
Q-S-MENSURATIO-SPHERE-CONE-,Q-S-MENSURATIO-CIRCULAR-SEG,REQUIRED,Sector-minus-triangle; 4 PYQs,High
Q-S-MENSURATIO-DIRECT-FORMU,Q-S-MENSURATIO-ROOM-WHITEWA,REQUIRED,Lateral area plus ceiling; 7 PYQs,High
Q-S-PERCENTAGE-RATIO-EXPRES,Q-S-MENSURATIO-SIMILAR-FIGU,REQUIRED,Linear-vs-square scale ratios; 3 PYQs,High
Q-S-GEOMETRY-MEDIANS-CENT,Q-S-MENSURATIO-CENTROID-ARE,REQUIRED,Sixths/thirds shares; 2 PYQs,High
Q-S-TRIGONOMET-STANDARD-VAL,Q-S-TRIGONOMET-COMPLEMENTAR,REQUIRED,Complement pairs feed homogeneous forms; 16 PYQs,High
Q-S-TRIGONOMET-STANDARD-VAL,Q-S-TRIGONOMET-CO-TERMINAL-,HELPFUL,Shared value-table core,Medium
Q-S-TRIGONOMET-STANDARD-VAL,Q-S-TRIGONOMET-HEIGHTS-DIST,REQUIRED,tan 30/45/60 values in diagrams; 18 PYQs,High
Q-S-TRIGONOMET-COMPLEMENTAR,Q-S-TRIGONOMET-DOUBLE-ANGLE,REQUIRED,Identity substitution chains; 2 PYQs,High
Q-S-TRIGONOMET-STANDARD-VAL,Q-S-TRIGONOMET-SEC-TAN-PAIR,REQUIRED,Reciprocal-pair identity; 6 PYQs,High
Q-S-PERCENTAGE-RATIO-EXPRES,Q-S-PARTNERSHI-RENTAL-PROFI,REQUIRED,Share proportional to unit-months; 17 PYQs,High
Q-S-PARTNERSHI-RENTAL-PROFI,Q-S-PARTNERSHI-STAGGERED-EN,REQUIRED,Tranche ledger extends unit-months; 2 PYQs,High
Q-S-PARTNERSHI-RENTAL-PROFI,Q-S-PARTNERSHI-TIME-EXTRACT,REQUIRED,P=CxT inversion; 1 PYQ,High
Q-S-DATA-INTER-READ-CHART-T,Q-S-DATA-INTER-GENERAL-CHAR,HELPFUL,Shared extraction core,Medium
E-S-ERROR-DETE-SUBJECT,E-S-ERROR-DETE-TENSE-TIME-M,HELPFUL,Shared verb-phrase inspection habit,Medium
E-S-ERROR-DETE-SUBJECT,E-S-SENTENCE-I-AGREEMENT-CO,REQUIRED,"Same SVA rule, correction direction; 34 PYQs",High
E-S-ERROR-DETE-TENSE-TIME-M,E-S-SENTENCE-I-TENSE-SEQUEN,REQUIRED,Backshifting extends tense consistency; 2 PYQs + 65 detection PYQs,High
E-S-TENSES-GRA-ARTICLE-MISU,E-S-SENTENCE-I-GENERAL-SENT,HELPFUL,Article rules feed general correction,Medium
E-S-ERROR-DETE-PREPOSITION-,E-S-SENTENCE-I-GENERAL-SENT,HELPFUL,Collocation knowledge feeds correction,Medium
E-S-ERROR-DETE-PRONOUN-RELA,E-S-SENTENCE-I-GENERAL-SENT,HELPFUL,Antecedent discipline feeds correction,Medium
E-S-SENTENCE-I-AGREEMENT-CO,E-S-SENTENCE-I-NO-IMPROVEME,REQUIRED,Must attempt correction before no-change verdict; 6 PYQs,High
E-S-SENTENCE-I-TENSE-SEQUEN,E-S-SENTENCE-I-SUBJUNCTIVE-,HELPFUL,Shared unreal-past machinery,Medium
E-S-TENSES-GRA-ARTICLE-MISU,E-S-ERROR-DETE-ERROR-LOCATI,HELPFUL,Article rules help mixed-error scanning,Low
E-S-ERROR-DETE-TENSE-TIME-M,E-S-FILL-IN-TH-SINGLE-BLANK-3,REQUIRED,Marker-to-form mapping in blanks; 14 PYQs,High
E-S-ERROR-DETE-PREPOSITION-,E-S-FILL-IN-TH-SINGLE-BLANK-2,REQUIRED,Collocation recall in blanks; 4 PYQs,High
E-S-TENSES-GRA-ARTICLE-MISU,E-S-FILL-IN-TH-SINGLE-BLANK,REQUIRED,Sound/specificity test in blanks; 4 PYQs,High
E-S-FILL-IN-TH-SINGLE-BLANK-3,E-S-CLOZE-PASS-CLOZE-GRAMMA,REQUIRED,Same grammar fit plus passage flow; 48 grammar PYQs,High
E-S-FILL-IN-TH-SINGLE-BLANK-4,E-S-CLOZE-PASS-CLOZE-VOCABU,REQUIRED,Meaning fit plus coherence; 212 PYQs,High
E-S-HOMONYMS-V-WORD-MEANING,E-S-SYNONYMS-ISOLATED-BRA,REQUIRED,Definition knowledge feeds synonym recall; 110 PYQs,High
E-S-HOMONYMS-V-WORD-MEANING,E-S-ANTONYMS-ISOLATED-WOR,REQUIRED,Definition knowledge feeds opposites; 110 PYQs,High
E-S-SYNONYMS-ISOLATED-BRA,E-S-SYNONYMS-SYNONYM,REQUIRED,Context filtering extends recall; 25 PYQs,High
E-S-ANTONYMS-ISOLATED-WOR,E-S-ANTONYMS-ANTONYM,REQUIRED,Context filtering extends recall; 44 PYQs,High
E-S-HOMONYMS-V-WORD-MEANING,E-S-ONE-WORD-S-DEFINITION-S,REQUIRED,Definition-to-word mapping; 97 PYQs,High
E-S-SYNONYMS-ISOLATED-BRA,E-S-ONE-WORD-S-UNDERLINED-B,REQUIRED,Contextual substitution shares synonym skill; 29 PYQs,High
E-S-HOMONYMS-V-WORD-MEANING,E-S-HOMONYMS-V-CORRECT-HOMO,REQUIRED,Usage discrimination needs both meanings; 44 PYQs,High
E-S-FILL-IN-TH-HOMONYM-BLAN,E-S-HOMONYMS-V-CORRECT-HOMO,HELPFUL,Shared homophone-pair knowledge; 10 PYQs,Medium
E-S-HOMONYMS-V-WORD-MEANING,E-S-IDIOMS-PHR-STANDALONE-I,HELPFUL,Idiom bank built like word bank; 106 PYQs,Medium
E-S-READING-CO-VOCABULARY-I,E-S-IDIOMS-PHR-IDIOM-IN-SEN,REQUIRED,Contextual meaning skill transfers; 18 PYQs,High
E-S-READING-CO-FACTUAL-RETR,E-S-READING-CO-REASON-CAUSE,REQUIRED,Evidence location precedes linkage; 13+51 PYQs,High
E-S-READING-CO-FACTUAL-RETR,E-S-READING-CO-FACTUAL-DETA,REQUIRED,Same locate-and-match core; 8 PYQs,High
E-S-READING-CO-REASON-CAUSE,E-S-READING-CO-INFERENCE-FR,REQUIRED,General inference extends why/how linkage; 20 PYQs,High
E-S-READING-CO-INFERENCE-FR,E-S-READING-CO-MAIN-IDEA-TI,REQUIRED,Gist needs whole-passage evidence habits; 18 PYQs,High
E-S-READING-CO-VOCABULARY-I,E-S-READING-CO-AUTHOR-ATTIT,HELPFUL,Connotation reading supports tone; 26 PYQs,Medium
E-S-HOMONYMS-V-WORD-MEANING,E-S-READING-CO-VOCABULARY-I,REQUIRED,Word stock feeds contextual meaning; 41 PYQs,High
E-S-READING-CO-FACTUAL-RETR,E-S-PARA-JUMBL-FULL-ABCD-OR,HELPFUL,Link-device reading transfers to ordering; 166 PYQs,Medium
E-S-PARA-JUMBL-FULL-ABCD-OR,E-S-PARA-JUMBL-S1,REQUIRED,Anchored form is constrained full ordering; 2 PYQs,High
E-S-PARA-JUMBL-FULL-ABCD-OR,E-S-SENTENCE-R-P,HELPFUL,Sequencing logic at phrase level; 4 PYQs,Medium
E-S-ERROR-DETE-TENSE-TIME-M,E-S-ACTIVE-PAS-STANDARD-ACT,REQUIRED,Tense-locking needs tense identification; 59 PYQs,High
E-S-ACTIVE-PAS-STANDARD-ACT,E-S-ACTIVE-PAS-MODAL-FUTURE,REQUIRED,Modal template extends base template; 30 PYQs,High
E-S-ACTIVE-PAS-STANDARD-ACT,E-S-ACTIVE-PAS-PAST,REQUIRED,Past template extends base; 25 PYQs,High
E-S-ACTIVE-PAS-STANDARD-ACT,E-S-ACTIVE-PAS-PASSIVE-ACTI,REQUIRED,Reverse direction needs forward template; 36 PYQs,High
E-S-ACTIVE-PAS-STANDARD-ACT,E-S-ACTIVE-PAS-INTERROGATIV,REQUIRED,Question skeleton plus base conversion; 17 PYQs,High
E-S-ERROR-DETE-TENSE-TIME-M,E-S-DIRECT-IND-REPORTED-STA,REQUIRED,Backshifting is tense mapping; 79 PYQs,High
E-S-ERROR-DETE-PRONOUN-RELA,E-S-DIRECT-IND-REPORTED-STA,REQUIRED,Pronoun shifts in reporting; shared discipline,High
E-S-DIRECT-IND-REPORTED-STA,E-S-DIRECT-IND-REPORTED-QUE,REQUIRED,Assertive-order change on reporting base; 11 PYQs,High
E-S-DIRECT-IND-REPORTED-STA,E-S-DIRECT-IND-REPORTED-IMP,REQUIRED,Reporting-verb change on base; 4 PYQs,High
E-S-DIRECT-IND-REPORTED-STA,E-S-DIRECT-IND-REPORTED-EXC,REQUIRED,Emotion-clause change on base; 1 PYQ,High
E-S-HOMONYMS-V-WORD-MEANING,E-S-SPELLINGS-CHOOSE-CORRE,HELPFUL,Word familiarity supports spelling memory,Low
R-S-NUMBER-ALP-CONSTANT-SHI,R-S-NUMBER-ALP-INCREASING-S,REQUIRED,Growth tracking extends uniform shifts; measured shift families,High
R-S-NUMBER-ALP-CONSTANT-SHI,R-S-NUMBER-ALP-ALTERNATING-,REQUIRED,Parity-split extends shift reading; 38 PYQs,High
R-S-NUMBER-ALP-ALPHABET-POS,R-S-NUMBER-ALP-CONSTANT-SHI,HELPFUL,A1Z26 map supports shift computation,Medium
R-S-NUMBER-ALP-CONSTANT-DIF,R-S-NUMBER-ALP-SECOND-ORDER,REQUIRED,Difference tables extend first differences; 16 PYQs,High
R-S-NUMBER-ALP-CONSTANT-DIF,R-S-NUMBER-ALP-GEOMETRIC-SE,HELPFUL,Ratio test parallels difference test; 8 PYQs,Medium
R-S-NUMBER-ALP-GEOMETRIC-SE,R-S-NUMBER-ALP-MULTIPLY-ADD,REQUIRED,Fixed-parameter form extends pure multiply; 9 PYQs,High
R-S-NUMBER-ALP-CONSTANT-DIF,R-S-NUMBER-ALP-ALTERNATING,REQUIRED,Interleaving needs difference reading per parity; 4 PYQs,High
R-S-NUMBER-ALP-CONSTANT-DIF,R-S-NUMBER-ALP-SQUARES-CUBE,HELPFUL,Power recognition vs linear fit; 7 PYQs,Medium
R-S-NUMBER-ALP-CONSTANT-DIF,R-S-NUMBER-ALP-ADDITIVE,HELPFUL,Sliding-sum scan vs difference scan,Medium
R-S-NUMBER-ALP-CONSTANT-SHI,R-S-NUMBER-ALP-LETTER-BLANK,REQUIRED,Block completion needs shift/period reading; 20 PYQs,High
R-S-NUMBER-ALP-MIXED-OPERAT,R-S-NUMBER-ALP-GENERAL-SERI,HELPFUL,Fallback uses full toolkit,Medium
R-S-ANALOGY-WORD-ANALOGY,R-S-ANALOGY-SET-TRIAD-AN,REQUIRED,Rule extraction from two sets extends pair relations; 9 PYQs,High
R-S-ANALOGY-LETTER-TERM-,R-S-ANALOGY-NUMBER-ANALO,HELPFUL,Mapping habit transfers across symbol types; 108 PYQs,Medium
R-S-CLASSIFICA-NUMBER-BASED,R-S-CLASSIFICA-GROUP-OF-FOU,REQUIRED,Property scan on option-held content; 32 PYQs,High
R-S-CLASSIFICA-LETTER-CLUST,R-S-CLASSIFICA-BARE-ODD-ONE,REQUIRED,Option-driven inspection; 64 PYQs,High
R-S-CODING-DEC-LETTER-SHIFT,R-S-CODING-DEC-LETTER-TRANS,REQUIRED,Full mapping when uniform shift fails; 26 PYQs,High
R-S-CODING-DEC-LETTER-SHIFT,R-S-CODING-DEC-REARRANGEMEN,HELPFUL,Permutation check after shift check,Medium
R-S-CODING-DEC-LETTER-SHIFT,R-S-CODING-DEC-ALPHANUMERIC,REQUIRED,Position sums need shift-table fluency; 73 PYQs,High
R-S-CODING-DEC-ALPHANUMERIC,R-S-CODING-DEC-MATRIX-CODE-,REQUIRED,Lookup discipline extends sum checks; 5 PYQs,High
R-S-CODING-DEC-LETTER-SHIFT,R-S-BLOOD-RELA-CODED-RELATI,HELPFUL,Symbol-decode habit transfers to relation codes; 69 PYQs,Medium
R-S-MATHEMATIC-SIGN-SWAP-TO,R-S-MATHEMATIC-FILL-WITH-OP,REQUIRED,Operator trial shared; 4 PYQs,High
R-S-MATHEMATIC-SIGN-SWAP-TO,R-S-MATHEMATIC-CUSTOM-OPERA,REQUIRED,Remap-then-BODMAS extends swap logic; 41 PYQs,High
R-S-MATHEMATIC-CUSTOM-OPERA,R-S-MATHEMATIC-SPECIAL-CHAR,REQUIRED,Same remap machinery; 3 PYQs,High
R-S-MATHEMATIC-SIGN-SWAP-TO,R-S-MATHEMATIC-ODD-OPERATIO,HELPFUL,Operation extraction habit; 24 PYQs,Medium
R-S-MATHEMATIC-ODD-OPERATIO,R-S-MATHEMATIC-GRID-MATRIX-,HELPFUL,Row-rule scan extends pair rules; 2 PYQs,Medium
R-S-VENN-DIAGR-VENN-CLASS-D,R-S-SYLLOGISM--STANDARD-SYL,REQUIRED,Venn method is the syllogism method; 17 PYQs,High
R-S-SYLLOGISM--STANDARD-SYL,R-S-SYLLOGISM--THREE-STATEM,REQUIRED,Chains extend single links; 32 PYQs,High
R-S-SYLLOGISM--STANDARD-SYL,R-S-SYLLOGISM--SINGLE-STATE,REQUIRED,Strict-reading subset skill; 10 PYQs,High
R-S-SYLLOGISM--STANDARD-SYL,R-S-SYLLOGISM--STATEMENT,REQUIRED,Assumption reading shares strict-reading core; 18 PYQs,High
R-S-BLOOD-RELA-DIRECT-RELAT,R-S-BLOOD-RELA-CHAINED-RELA,REQUIRED,Inside-out collapsing on longer chains; 18 PYQs,High
R-S-BLOOD-RELA-DIRECT-RELAT,R-S-BLOOD-RELA-CODED-RELATI,REQUIRED,Tree walking after symbol decode; 69 PYQs,High
R-S-DIRECTION--TURN-AND-DIS,R-S-DIRECTION--SHADOW-BASED,HELPFUL,Orientation base shared; 1 PYQ,Low
R-S-SEATING-AR-GENERAL-ARRA,R-S-SEATING-AR-CIRCULAR-ARR,REQUIRED,Rotation adds to base placement; 1 PYQ builds on 6,High
R-S-RANKING-OR-RANK-POSITIO,R-S-DICTIONARY-ALPHABET-POS,HELPFUL,Shared index-counting habit across sections,Low
R-S-CALENDAR-C-CALENDAR-DAY,R-S-CALENDAR-C-CLOCK-HANDS-,HELPFUL,Shared cycle-math habit,Medium
R-S-MIRROR-WAT-MIRROR-IMAGE,R-S-PAPER-FOLD-FOLD-PUNCH-U,HELPFUL,Symmetry intuition overlaps both directions,Low
R-S-DICE-CUBES-STANDARD-DIC,R-S-EMBEDDED-C-COUNT-GEOMET,HELPFUL,Systematic spatial inventory shared,Low
R-S-EMBEDDED-C-EMBEDDED,R-S-EMBEDDED-C-FIGURE-COMPL,HELPFUL,Shared part-whole vision; 47 PYQs,Medium
R-S-EMBEDDED-C-FIGURE-COMPL,R-S-EMBEDDED-C-COUNT-GEOMET,HELPFUL,Systematic enumeration extends spotting; 34 PYQs,Medium
R-S-EMBEDDED-C-COUNT-GEOMET,R-S-FIGURE-SER-FIGURE-SERIE,HELPFUL,Visual-rule reading transfers to series; 20 PYQs,Medium
R-S-DICTIONARY-DICTIONARY-O,R-S-DICTIONARY-ALPHABET-POS,REQUIRED,Span counting extends indexing; 1 PYQ builds on 86,High
R-S-DICTIONARY-DICTIONARY-O,R-S-DICTIONARY-MEANINGFUL-W,HELPFUL,Letter inventory shared; 14 PYQs,Medium
G-S-POLITY-GENERAL-POLI,G-S-POLITY-ARTICLES-OF-,HELPFUL,Constitution basics orient article facts,Medium
G-S-POLITY-ARTICLES-OF-,G-S-POLITY-FUNDAMENTAL-,HELPFUL,Article-numbered rights recall easier with article map,Medium
G-S-MODERN-HIS-REVOLT-OF-18,G-S-MODERN-HIS-FREEDOM-STRU,HELPFUL,1857 context illuminates later movements,Medium
G-S-MODERN-HIS-FREEDOM-STRU,G-S-MODERN-HIS-GANDHIAN-MOV,HELPFUL,Movement sequence within struggle,Medium
G-S-MODERN-HIS-BRITISH-ACTS,G-S-MODERN-HIS-FREEDOM-STRU,HELPFUL,Act-reaction pairs link causes,Medium
G-S-GEOGRAPHY-MOUNTAINS-PH,G-S-GEOGRAPHY-RIVERS-DRAIN,HELPFUL,Relief explains drainage direction,Medium
G-S-GEOGRAPHY-RIVERS-DRAIN,G-S-GEOGRAPHY-LAKES-WATER-,HELPFUL,Shared hydro vocabulary,Low
G-S-GEOGRAPHY-STATES-CAPIT,G-S-GEOGRAPHY-SOILS-CLIMAT,HELPFUL,State context for agro-climatic facts,Low
G-S-ECONOMY-NATIONAL-INC,G-S-ECONOMY-BANKING-RBI-,HELPFUL,Macro terms recur in banking items,Medium
G-S-ECONOMY-NATIONAL-INC,G-S-ECONOMY-INFLATION-PO,HELPFUL,Shared indicator vocabulary,Medium
G-S-ANCIENT-HI-INDUS-VALLEY,G-S-ANCIENT-HI-VEDIC-MAHAJA,HELPFUL,Chronological sequence aids recall,Medium
G-S-ANCIENT-HI-VEDIC-MAHAJA,G-S-ANCIENT-HI-MAURYAN-AGE,HELPFUL,Chronological sequence aids recall,Medium
G-S-ART-CULTUR-CLASSICAL-DA,G-S-ART-CULTUR-MUSIC-INSTRU,HELPFUL,Shared artist/gharana vocabulary,Low
G-S-SPORTS-CRICKET,G-S-SPORTS-OLYMPICS-MUL,HELPFUL,Shared event/award vocabulary,Low
G-S-INSTITUTIO-GOVERNMENT-S,G-S-INSTITUTIO-REPORTS-INDI,HELPFUL,Scheme-outcome report linkage,Low
Q-EXT-ARITH,Q-EXT-FRAC,FOUNDATIONAL,External prerequisite chain,High
Q-EXT-ARITH,Q-EXT-BODMAS,FOUNDATIONAL,External prerequisite chain,High
Q-EXT-ARITH,Q-EXT-PLACEVAL,FOUNDATIONAL,External prerequisite chain,High
Q-EXT-ARITH,Q-EXT-ALGMANIP,FOUNDATIONAL,External prerequisite chain,High
Q-EXT-FRAC,Q-EXT-ALGMANIP,FOUNDATIONAL,External prerequisite chain,High
Q-EXT-ALGMANIP,Q-EXT-EQN,FOUNDATIONAL,External prerequisite chain,High
Q-EXT-ARITH,Q-EXT-GEOBASIC,FOUNDATIONAL,External prerequisite chain,High
Q-EXT-GEOBASIC,Q-EXT-PYTH,FOUNDATIONAL,External prerequisite chain,High
Q-EXT-ARITH,Q-EXT-POW,FOUNDATIONAL,External prerequisite chain,High
Q-EXT-ARITH,Q-EXT-AP,FOUNDATIONAL,External prerequisite chain,High
Q-EXT-EQN,Q-EXT-COORD,FOUNDATIONAL,External prerequisite chain,High
Q-EXT-GEOBASIC,Q-EXT-TRIGRAT,FOUNDATIONAL,External prerequisite chain,High
Q-EXT-POW,Q-EXT-TRIGRAT,FOUNDATIONAL,External prerequisite chain,High
E-EXT-POS,E-EXT-SENT,FOUNDATIONAL,External prerequisite chain,High
E-EXT-POS,E-EXT-VERB,FOUNDATIONAL,External prerequisite chain,High
E-EXT-SENT,E-EXT-COHES,FOUNDATIONAL,External prerequisite chain,High
Q-EXT-ARITH,Q-S-NUMBER-SYS-DIVISION-ALG,EXTERNAL_PREREQUISITE,External prerequisite (general knowledge),High
Q-EXT-ARITH,Q-S-AVERAGE-AG-SIMPLE-AVERA,EXTERNAL_PREREQUISITE,External prerequisite (general knowledge),High
Q-EXT-ARITH,Q-S-SIMPLIFICA-BRACKET,EXTERNAL_PREREQUISITE,External prerequisite (general knowledge),High
Q-EXT-FRAC,Q-S-PERCENTAGE-GENERAL-RATI,EXTERNAL_PREREQUISITE,External prerequisite (general knowledge),High
Q-EXT-FRAC,Q-S-PERCENTAGE-RATIO-EXPRES,EXTERNAL_PREREQUISITE,External prerequisite (general knowledge),High
Q-EXT-FRAC,Q-S-MIXTURE-AL-WEIGHTED-MEA,EXTERNAL_PREREQUISITE,External prerequisite (general knowledge),High
Q-EXT-FRAC,Q-S-TIME-WORK-COMBINED-WOR,EXTERNAL_PREREQUISITE,External prerequisite (general knowledge),High
Q-EXT-FRAC,Q-S-PROFIT-LOS-GENERAL-P-L-,EXTERNAL_PREREQUISITE,External prerequisite (general knowledge),High
Q-EXT-BODMAS,Q-S-SIMPLIFICA-BRACKET,EXTERNAL_PREREQUISITE,External prerequisite (general knowledge),High
Q-EXT-BODMAS,Q-S-ALGEBRA-EQ-EXPRESSION-S,EXTERNAL_PREREQUISITE,External prerequisite (general knowledge),High
Q-EXT-PLACEVAL,Q-S-SIMPLIFICA-DECIMAL-ROUN,EXTERNAL_PREREQUISITE,External prerequisite (general knowledge),High
Q-EXT-PLACEVAL,Q-S-NUMBER-SYS-DIGIT-PUZZLE,EXTERNAL_PREREQUISITE,External prerequisite (general knowledge),High
Q-EXT-UNITS,Q-S-TIME-SPEED-GENERAL-SPEE,EXTERNAL_PREREQUISITE,External prerequisite (general knowledge),High
Q-EXT-UNITS,Q-S-TIME-SPEED-TRAIN-CROSSI,EXTERNAL_PREREQUISITE,External prerequisite (general knowledge),High
Q-EXT-UNITS,Q-S-MENSURATIO-DIRECT-FORMU,EXTERNAL_PREREQUISITE,External prerequisite (general knowledge),High
Q-EXT-ALGMANIP,Q-S-ALGEBRA-EQ-EXPRESSION-S,EXTERNAL_PREREQUISITE,External prerequisite (general knowledge),High
Q-EXT-ALGMANIP,Q-S-ALGEBRA-EQ-X-1-X-IDENTI,EXTERNAL_PREREQUISITE,External prerequisite (general knowledge),High
Q-EXT-ALGMANIP,Q-S-ALGEBRA-EQ-SURDS-ODD-ON,EXTERNAL_PREREQUISITE,External prerequisite (general knowledge),High
Q-EXT-EQN,Q-S-ALGEBRA-EQ-SIMULTANEOUS,EXTERNAL_PREREQUISITE,External prerequisite (general knowledge),High
Q-EXT-EQN,Q-S-ALGEBRA-EQ-LINEAR-SYSTE,EXTERNAL_PREREQUISITE,External prerequisite (general knowledge),High
Q-EXT-EQN,Q-S-SIMPLE-COM-SUM-SPLIT-AT,EXTERNAL_PREREQUISITE,External prerequisite (general knowledge),High
Q-EXT-EQN,Q-S-TIME-SPEED-BOAT-UPSTREA,EXTERNAL_PREREQUISITE,External prerequisite (general knowledge),High
Q-EXT-EQN,Q-S-AVERAGE-AG-AGE-MULTIPLI,EXTERNAL_PREREQUISITE,External prerequisite (general knowledge),High
Q-EXT-EQN,Q-S-ALGEBRA-EQ-WORD-PROBLEM,EXTERNAL_PREREQUISITE,External prerequisite (general knowledge),High
Q-EXT-GEOBASIC,Q-S-GEOMETRY-TRIANGLE-VAL,EXTERNAL_PREREQUISITE,External prerequisite (general knowledge),High
Q-EXT-GEOBASIC,Q-S-MENSURATIO-DIRECT-FORMU,EXTERNAL_PREREQUISITE,External prerequisite (general knowledge),High
Q-EXT-PYTH,Q-S-GEOMETRY-PERPENDICULA,EXTERNAL_PREREQUISITE,External prerequisite (general knowledge),High
Q-EXT-PYTH,Q-S-GEOMETRY-TANGENTS-COM,EXTERNAL_PREREQUISITE,External prerequisite (general knowledge),High
Q-EXT-PYTH,Q-S-MENSURATIO-CUBE-CUBOID-,EXTERNAL_PREREQUISITE,External prerequisite (general knowledge),High
Q-EXT-PYTH,Q-S-TRIGONOMET-STANDARD-VAL,EXTERNAL_PREREQUISITE,External prerequisite (general knowledge),High
Q-EXT-POW,Q-S-NUMBER-SYS-PERFECT-SQUA,EXTERNAL_PREREQUISITE,External prerequisite (general knowledge),High
Q-EXT-POW,Q-S-ALGEBRA-EQ-SURDS-ODD-ON,EXTERNAL_PREREQUISITE,External prerequisite (general knowledge),High
Q-EXT-READ,Q-S-DATA-INTER-READ-CHART-T,EXTERNAL_PREREQUISITE,External prerequisite (general knowledge),High
Q-EXT-AP,Q-S-TIME-WORK-SHRINKING-EX,EXTERNAL_PREREQUISITE,External prerequisite (general knowledge),High
Q-EXT-AP,Q-S-AVERAGE-AG-AP-SPACED-AG,EXTERNAL_PREREQUISITE,External prerequisite (general knowledge),High
Q-EXT-AP,Q-S-AVERAGE-AG-AVERAGE-OF-A,EXTERNAL_PREREQUISITE,External prerequisite (general knowledge),High
Q-EXT-COORD,Q-S-ALGEBRA-EQ-COORDINATE-G,EXTERNAL_PREREQUISITE,External prerequisite (general knowledge),High
Q-EXT-TRIGRAT,Q-S-TRIGONOMET-STANDARD-VAL,EXTERNAL_PREREQUISITE,External prerequisite (general knowledge),High
Q-EXT-TRIGRAT,Q-S-TRIGONOMET-HEIGHTS-DIST,EXTERNAL_PREREQUISITE,External prerequisite (general knowledge),High
E-EXT-POS,E-S-ERROR-DETE-SUBJECT,EXTERNAL_PREREQUISITE,External prerequisite (general knowledge),High
E-EXT-POS,E-S-ERROR-DETE-PRONOUN-RELA,EXTERNAL_PREREQUISITE,External prerequisite (general knowledge),High
E-EXT-POS,E-S-SENTENCE-I-ADJECTIVEADV,EXTERNAL_PREREQUISITE,External prerequisite (general knowledge),High
E-EXT-SENT,E-S-PARA-JUMBL-FULL-ABCD-OR,EXTERNAL_PREREQUISITE,External prerequisite (general knowledge),High
E-EXT-SENT,E-S-SENTENCE-R-P,EXTERNAL_PREREQUISITE,External prerequisite (general knowledge),High
E-EXT-SENT,E-S-SENTENCE-I-GENERAL-SENT,EXTERNAL_PREREQUISITE,External prerequisite (general knowledge),High
E-EXT-VERB,E-S-ERROR-DETE-TENSE-TIME-M,EXTERNAL_PREREQUISITE,External prerequisite (general knowledge),High
E-EXT-VERB,E-S-ACTIVE-PAS-STANDARD-ACT,EXTERNAL_PREREQUISITE,External prerequisite (general knowledge),High
E-EXT-VERB,E-S-DIRECT-IND-REPORTED-STA,EXTERNAL_PREREQUISITE,External prerequisite (general knowledge),High
E-EXT-VERB,E-S-FILL-IN-TH-SINGLE-BLANK-3,EXTERNAL_PREREQUISITE,External prerequisite (general knowledge),High
E-EXT-ROOTS,E-S-ONE-WORD-S-DEFINITION-S,EXTERNAL_PREREQUISITE,External prerequisite (general knowledge),High
E-EXT-ROOTS,E-S-SYNONYMS-ISOLATED-BRA,EXTERNAL_PREREQUISITE,External prerequisite (general knowledge),High
E-EXT-ROOTS,E-S-ANTONYMS-ISOLATED-WOR,EXTERNAL_PREREQUISITE,External prerequisite (general knowledge),High
E-EXT-ROOTS,E-S-HOMONYMS-V-WORD-MEANING,EXTERNAL_PREREQUISITE,External prerequisite (general knowledge),High
E-EXT-READ,E-S-READING-CO-FACTUAL-RETR,EXTERNAL_PREREQUISITE,External prerequisite (general knowledge),High
E-EXT-READ,E-S-CLOZE-PASS-CLOZE-VOCABU,EXTERNAL_PREREQUISITE,External prerequisite (general knowledge),High
E-EXT-READ,E-S-FILL-IN-TH-SINGLE-BLANK-4,EXTERNAL_PREREQUISITE,External prerequisite (general knowledge),High
E-EXT-COHES,E-S-PARA-JUMBL-FULL-ABCD-OR,EXTERNAL_PREREQUISITE,External prerequisite (general knowledge),High
E-EXT-COHES,E-S-CLOZE-PASS-CLOZE-VOCABU,EXTERNAL_PREREQUISITE,External prerequisite (general knowledge),High
R-EXT-A1Z26,R-S-NUMBER-ALP-CONSTANT-SHI,EXTERNAL_PREREQUISITE,External prerequisite (general knowledge),High
R-EXT-A1Z26,R-S-NUMBER-ALP-ALPHABET-POS,EXTERNAL_PREREQUISITE,External prerequisite (general knowledge),High
R-EXT-A1Z26,R-S-CODING-DEC-LETTER-SHIFT,EXTERNAL_PREREQUISITE,External prerequisite (general knowledge),High
R-EXT-A1Z26,R-S-DICTIONARY-DICTIONARY-O,EXTERNAL_PREREQUISITE,External prerequisite (general knowledge),High
R-EXT-A1Z26,R-S-ANALOGY-LETTER-TERM-,EXTERNAL_PREREQUISITE,External prerequisite (general knowledge),High
R-EXT-A1Z26,R-S-CLASSIFICA-LETTER-CLUST,EXTERNAL_PREREQUISITE,External prerequisite (general knowledge),High
R-EXT-ARITH,R-S-NUMBER-ALP-CONSTANT-DIF,EXTERNAL_PREREQUISITE,External prerequisite (general knowledge),High
R-EXT-ARITH,R-S-ANALOGY-NUMBER-ANALO,EXTERNAL_PREREQUISITE,External prerequisite (general knowledge),High
R-EXT-ARITH,R-S-CLASSIFICA-NUMBER-BASED,EXTERNAL_PREREQUISITE,External prerequisite (general knowledge),High
R-EXT-ARITH,R-S-MATHEMATIC-ODD-OPERATIO,EXTERNAL_PREREQUISITE,External prerequisite (general knowledge),High
R-EXT-BODMAS,R-S-MATHEMATIC-SIGN-SWAP-TO,EXTERNAL_PREREQUISITE,External prerequisite (general knowledge),High
R-EXT-BODMAS,R-S-MATHEMATIC-FILL-WITH-OP,EXTERNAL_PREREQUISITE,External prerequisite (general knowledge),High
R-EXT-BODMAS,R-S-MATHEMATIC-CUSTOM-OPERA,EXTERNAL_PREREQUISITE,External prerequisite (general knowledge),High
R-EXT-PARDIV,R-S-CLASSIFICA-NUMBER-BASED,EXTERNAL_PREREQUISITE,External prerequisite (general knowledge),High
R-EXT-PARDIV,R-S-NUMBER-ALP-ALTERNATING,EXTERNAL_PREREQUISITE,External prerequisite (general knowledge),High
R-EXT-CARD,R-S-DIRECTION--TURN-AND-DIS,EXTERNAL_PREREQUISITE,External prerequisite (general knowledge),High
R-EXT-SUNSHAD,R-S-DIRECTION--SHADOW-BASED,EXTERNAL_PREREQUISITE,External prerequisite (general knowledge),High
R-EXT-CALBASIC,R-S-CALENDAR-C-CALENDAR-DAY,EXTERNAL_PREREQUISITE,External prerequisite (general knowledge),High
R-EXT-CLOCKFACE,R-S-CALENDAR-C-CLOCK-HANDS-,EXTERNAL_PREREQUISITE,External prerequisite (general knowledge),High
R-EXT-SPAT,R-S-MIRROR-WAT-MIRROR-IMAGE,EXTERNAL_PREREQUISITE,External prerequisite (general knowledge),High
R-EXT-SPAT,R-S-PAPER-FOLD-FOLD-PUNCH-U,EXTERNAL_PREREQUISITE,External prerequisite (general knowledge),High
R-EXT-SPAT,R-S-EMBEDDED-C-EMBEDDED,EXTERNAL_PREREQUISITE,External prerequisite (general knowledge),High
R-EXT-SPAT,R-S-EMBEDDED-C-FIGURE-COMPL,EXTERNAL_PREREQUISITE,External prerequisite (general knowledge),High
R-EXT-SPAT,R-S-DICE-CUBES-STANDARD-DIC,EXTERNAL_PREREQUISITE,External prerequisite (general knowledge),High
R-EXT-CUBENET,R-S-DICE-CUBES-STANDARD-DIC,EXTERNAL_PREREQUISITE,External prerequisite (general knowledge),High
R-EXT-VOCAB,R-S-ANALOGY-WORD-ANALOGY,EXTERNAL_PREREQUISITE,External prerequisite (general knowledge),High
R-EXT-VOCAB,R-S-CLASSIFICA-BARE-ODD-ONE,EXTERNAL_PREREQUISITE,External prerequisite (general knowledge),High
R-EXT-STMLOG,R-S-SYLLOGISM--STANDARD-SYL,EXTERNAL_PREREQUISITE,External prerequisite (general knowledge),High
R-EXT-STMLOG,R-S-SYLLOGISM--STATEMENT,EXTERNAL_PREREQUISITE,External prerequisite (general knowledge),High
R-EXT-STMLOG,R-S-SYLLOGISM--SINGLE-STATE,EXTERNAL_PREREQUISITE,External prerequisite (general knowledge),High
G-EXT-MAP,G-D-GEOGRAPHY,EXTERNAL_PREREQUISITE,Map literacy supports geo facts,High
G-EXT-TIMELINE,G-D-HISTORY-ANCIEN,EXTERNAL_PREREQUISITE,Timeline literacy supports history recall,High
G-EXT-TIMELINE,G-D-HISTORY-MODERN,EXTERNAL_PREREQUISITE,Timeline literacy supports history recall,High
