source_file,qnum,occ,section,chosen_option,status,answer_key
SSC_CGL_Tier_1_Question_Paper_2023_38_Shifts_14_July_2023_Shift_1_EN.pdf,1,1,General Intelligence and Reasoning,B,Answered,
SSC_CGL_Tier_1_Question_Paper_2023_38_Shifts_14_July_2023_Shift_1_EN.pdf,2,1,General Intelligence and Reasoning,D,Answered,
SSC_CGL_Tier_1_Question_Paper_2023_38_Shifts_14_July_2023_Shift_1_EN.pdf,3,1,General Intelligence and Reasoning,A,Answered,
SSC_CGL_Tier_1_Question_Paper_2023_38_Shifts_14_July_2023_Shift_1_EN.pdf,4,1,General Intelligence and Reasoning,A,Answered,
SSC_CGL_Tier_1_Question_Paper_2023_38_Shifts_14_July_2023_Shift_1_EN.pdf,5,1,General Intelligence and Reasoning,A,Answered,
SSC_CGL_Tier_1_Question_Paper_2023_38_Shifts_14_July_2023_Shift_1_EN.pdf,6,1,General Intelligence and Reasoning,B,Answered,
SSC_CGL_Tier_1_Question_Paper_2023_38_Shifts_14_July_2023_Shift_1_EN.pdf,7,1,General Intelligence and Reasoning,B,Answered,
SSC_CGL_Tier_1_Question_Paper_2023_38_Shifts_14_July_2023_Shift_1_EN.pdf,8,1,General Intelligence and Reasoning,,Not Answered,
SSC_CGL_Tier_1_Question_Paper_2023_38_Shifts_14_July_2023_Shift_1_EN.pdf,9,1,General Intelligence and Reasoning,B,Answered,
SSC_CGL_Tier_1_Question_Paper_2023_38_Shifts_14_July_2023_Shift_1_EN.pdf,10,1,General Intelligence and Reasoning,C,Answered,
SSC_CGL_Tier_1_Question_Paper_2023_38_Shifts_14_July_2023_Shift_1_EN.pdf,11,1,General Intelligence and Reasoning,A,Answered,
SSC_CGL_Tier_1_Question_Paper_2023_38_Shifts_14_July_2023_Shift_1_EN.pdf,12,1,General Intelligence and Reasoning,D,Answered,
SSC_CGL_Tier_1_Question_Paper_2023_38_Shifts_14_July_2023_Shift_1_EN.pdf,13,1,General Intelligence and Reasoning,B,Answered,
SSC_CGL_Tier_1_Question_Paper_2023_38_Shifts_14_July_2023_Shift_1_EN.pdf,14,1,General Intelligence and Reasoning,A,Answered,
SSC_CGL_Tier_1_Question_Paper_2023_38_Shifts_14_July_2023_Shift_1_EN.pdf,15,1,General Intelligence and Reasoning,C,Answered,
SSC_CGL_Tier_1_Question_Paper_2023_38_Shifts_14_July_2023_Shift_1_EN.pdf,16,1,General Intelligence and Reasoning,D,Answered,
SSC_CGL_Tier_1_Question_Paper_2023_38_Shifts_14_July_2023_Shift_1_EN.pdf,17,1,General Intelligence and Reasoning,B,Answered,
SSC_CGL_Tier_1_Question_Paper_2023_38_Shifts_14_July_2023_Shift_1_EN.pdf,18,1,General Intelligence and Reasoning,,Not Answered,
SSC_CGL_Tier_1_Question_Paper_2023_38_Shifts_14_July_2023_Shift_1_EN.pdf,19,1,General Intelligence and Reasoning,D,Answered,
SSC_CGL_Tier_1_Question_Paper_2023_38_Shifts_14_July_2023_Shift_1_EN.pdf,20,1,General Intelligence and Reasoning,C,Answered,
SSC_CGL_Tier_1_Question_Paper_2023_38_Shifts_14_July_2023_Shift_1_EN.pdf,21,1,General Intelligence and Reasoning,D,Answered,
SSC_CGL_Tier_1_Question_Paper_2023_38_Shifts_14_July_2023_Shift_1_EN.pdf,22,1,General Intelligence and Reasoning,D,Answered,
SSC_CGL_Tier_1_Question_Paper_2023_38_Shifts_14_July_2023_Shift_1_EN.pdf,23,1,General Intelligence and Reasoning,D,Answered,
SSC_CGL_Tier_1_Question_Paper_2023_38_Shifts_14_July_2023_Shift_1_EN.pdf,24,1,General Intelligence and Reasoning,B,Answered,
SSC_CGL_Tier_1_Question_Paper_2023_38_Shifts_14_July_2023_Shift_1_EN.pdf,25,1,General Intelligence and Reasoning,A,Answered,
SSC_CGL_Tier_1_Question_Paper_2023_38_Shifts_14_July_2023_Shift_1_EN.pdf,1,2,General Awareness,,Not Answered,
SSC_CGL_Tier_1_Question_Paper_2023_38_Shifts_14_July_2023_Shift_1_EN.pdf,2,2,General Awareness,D,Answered,
SSC_CGL_Tier_1_Question_Paper_2023_38_Shifts_14_July_2023_Shift_1_EN.pdf,3,2,General Awareness,,Not Answered,
SSC_CGL_Tier_1_Question_Paper_2023_38_Shifts_14_July_2023_Shift_1_EN.pdf,4,2,General Awareness,D,Answered,
SSC_CGL_Tier_1_Question_Paper_2023_38_Shifts_14_July_2023_Shift_1_EN.pdf,5,2,General Awareness,A,Answered,
SSC_CGL_Tier_1_Question_Paper_2023_38_Shifts_14_July_2023_Shift_1_EN.pdf,6,2,General Awareness,A,Answered,
SSC_CGL_Tier_1_Question_Paper_2023_38_Shifts_14_July_2023_Shift_1_EN.pdf,7,2,General Awareness,A,Answered,
SSC_CGL_Tier_1_Question_Paper_2023_38_Shifts_14_July_2023_Shift_1_EN.pdf,8,2,General Awareness,D,Answered,
SSC_CGL_Tier_1_Question_Paper_2023_38_Shifts_14_July_2023_Shift_1_EN.pdf,9,2,General Awareness,A,Answered,
SSC_CGL_Tier_1_Question_Paper_2023_38_Shifts_14_July_2023_Shift_1_EN.pdf,10,2,General Awareness,,Not Answered,
SSC_CGL_Tier_1_Question_Paper_2023_38_Shifts_14_July_2023_Shift_1_EN.pdf,11,2,General Awareness,,Not Answered,
SSC_CGL_Tier_1_Question_Paper_2023_38_Shifts_14_July_2023_Shift_1_EN.pdf,12,2,General Awareness,C,Answered,
SSC_CGL_Tier_1_Question_Paper_2023_38_Shifts_14_July_2023_Shift_1_EN.pdf,13,2,General Awareness,B,Answered,
SSC_CGL_Tier_1_Question_Paper_2023_38_Shifts_14_July_2023_Shift_1_EN.pdf,14,2,General Awareness,A,Answered,
SSC_CGL_Tier_1_Question_Paper_2023_38_Shifts_14_July_2023_Shift_1_EN.pdf,15,2,General Awareness,,Not Answered,
SSC_CGL_Tier_1_Question_Paper_2023_38_Shifts_14_July_2023_Shift_1_EN.pdf,16,2,General Awareness,,Not Answered,
SSC_CGL_Tier_1_Question_Paper_2023_38_Shifts_14_July_2023_Shift_1_EN.pdf,17,2,General Awareness,C,Answered,
SSC_CGL_Tier_1_Question_Paper_2023_38_Shifts_14_July_2023_Shift_1_EN.pdf,18,2,General Awareness,,Not Answered,
SSC_CGL_Tier_1_Question_Paper_2023_38_Shifts_14_July_2023_Shift_1_EN.pdf,19,2,General Awareness,,Not Answered,
SSC_CGL_Tier_1_Question_Paper_2023_38_Shifts_14_July_2023_Shift_1_EN.pdf,20,2,General Awareness,,Not Answered,
SSC_CGL_Tier_1_Question_Paper_2023_38_Shifts_14_July_2023_Shift_1_EN.pdf,21,2,General Awareness,B,Answered,
SSC_CGL_Tier_1_Question_Paper_2023_38_Shifts_14_July_2023_Shift_1_EN.pdf,22,2,General Awareness,B,Answered,
SSC_CGL_Tier_1_Question_Paper_2023_38_Shifts_14_July_2023_Shift_1_EN.pdf,23,2,General Awareness,B,Answered,
SSC_CGL_Tier_1_Question_Paper_2023_38_Shifts_14_July_2023_Shift_1_EN.pdf,24,2,General Awareness,,Not Answered,
SSC_CGL_Tier_1_Question_Paper_2023_38_Shifts_14_July_2023_Shift_1_EN.pdf,25,2,General Awareness,B,Answered,
SSC_CGL_Tier_1_Question_Paper_2023_38_Shifts_14_July_2023_Shift_1_EN.pdf,1,3,Quantitative Aptitude,D,Answered,
SSC_CGL_Tier_1_Question_Paper_2023_38_Shifts_14_July_2023_Shift_1_EN.pdf,2,3,Quantitative Aptitude,B,Answered,
SSC_CGL_Tier_1_Question_Paper_2023_38_Shifts_14_July_2023_Shift_1_EN.pdf,3,3,Quantitative Aptitude,A,Answered,
SSC_CGL_Tier_1_Question_Paper_2023_38_Shifts_14_July_2023_Shift_1_EN.pdf,4,3,Quantitative Aptitude,,Not Answered,
SSC_CGL_Tier_1_Question_Paper_2023_38_Shifts_14_July_2023_Shift_1_EN.pdf,5,3,Quantitative Aptitude,,Not Answered,
SSC_CGL_Tier_1_Question_Paper_2023_38_Shifts_14_July_2023_Shift_1_EN.pdf,6,3,Quantitative Aptitude,A,Answered,
SSC_CGL_Tier_1_Question_Paper_2023_38_Shifts_14_July_2023_Shift_1_EN.pdf,7,3,Quantitative Aptitude,A,Answered,
SSC_CGL_Tier_1_Question_Paper_2023_38_Shifts_14_July_2023_Shift_1_EN.pdf,8,3,Quantitative Aptitude,C,Answered,
SSC_CGL_Tier_1_Question_Paper_2023_38_Shifts_14_July_2023_Shift_1_EN.pdf,9,3,Quantitative Aptitude,A,Answered,
SSC_CGL_Tier_1_Question_Paper_2023_38_Shifts_14_July_2023_Shift_1_EN.pdf,10,3,Quantitative Aptitude,A,Answered,
SSC_CGL_Tier_1_Question_Paper_2023_38_Shifts_14_July_2023_Shift_1_EN.pdf,11,3,Quantitative Aptitude,,Not Answered,
SSC_CGL_Tier_1_Question_Paper_2023_38_Shifts_14_July_2023_Shift_1_EN.pdf,12,3,Quantitative Aptitude,B,Answered,
SSC_CGL_Tier_1_Question_Paper_2023_38_Shifts_14_July_2023_Shift_1_EN.pdf,13,3,Quantitative Aptitude,C,Answered,
SSC_CGL_Tier_1_Question_Paper_2023_38_Shifts_14_July_2023_Shift_1_EN.pdf,14,3,Quantitative Aptitude,A,Answered,
SSC_CGL_Tier_1_Question_Paper_2023_38_Shifts_14_July_2023_Shift_1_EN.pdf,15,3,Quantitative Aptitude,D,Answered,
SSC_CGL_Tier_1_Question_Paper_2023_38_Shifts_14_July_2023_Shift_1_EN.pdf,16,3,Quantitative Aptitude,C,Answered,
SSC_CGL_Tier_1_Question_Paper_2023_38_Shifts_14_July_2023_Shift_1_EN.pdf,17,3,Quantitative Aptitude,B,Answered,
SSC_CGL_Tier_1_Question_Paper_2023_38_Shifts_14_July_2023_Shift_1_EN.pdf,18,3,Quantitative Aptitude,B,Answered,
SSC_CGL_Tier_1_Question_Paper_2023_38_Shifts_14_July_2023_Shift_1_EN.pdf,19,3,Quantitative Aptitude,D,Answered,
SSC_CGL_Tier_1_Question_Paper_2023_38_Shifts_14_July_2023_Shift_1_EN.pdf,20,3,Quantitative Aptitude,B,Answered,
SSC_CGL_Tier_1_Question_Paper_2023_38_Shifts_14_July_2023_Shift_1_EN.pdf,21,3,Quantitative Aptitude,D,Answered,
SSC_CGL_Tier_1_Question_Paper_2023_38_Shifts_14_July_2023_Shift_1_EN.pdf,22,3,Quantitative Aptitude,,Not Answered,
SSC_CGL_Tier_1_Question_Paper_2023_38_Shifts_14_July_2023_Shift_1_EN.pdf,23,3,Quantitative Aptitude,,Not Answered,
SSC_CGL_Tier_1_Question_Paper_2023_38_Shifts_14_July_2023_Shift_1_EN.pdf,24,3,Quantitative Aptitude,,Not Answered,
SSC_CGL_Tier_1_Question_Paper_2023_38_Shifts_14_July_2023_Shift_1_EN.pdf,25,3,Quantitative Aptitude,A,Answered,
SSC_CGL_Tier_1_Question_Paper_2023_38_Shifts_14_July_2023_Shift_1_EN.pdf,1,4,English Comprehension,A,Answered,
SSC_CGL_Tier_1_Question_Paper_2023_38_Shifts_14_July_2023_Shift_1_EN.pdf,2,4,English Comprehension,A,Answered,
SSC_CGL_Tier_1_Question_Paper_2023_38_Shifts_14_July_2023_Shift_1_EN.pdf,3,4,English Comprehension,D,Answered,
SSC_CGL_Tier_1_Question_Paper_2023_38_Shifts_14_July_2023_Shift_1_EN.pdf,4,4,English Comprehension,D,Answered,
SSC_CGL_Tier_1_Question_Paper_2023_38_Shifts_14_July_2023_Shift_1_EN.pdf,5,4,English Comprehension,A,Answered,
SSC_CGL_Tier_1_Question_Paper_2023_38_Shifts_14_July_2023_Shift_1_EN.pdf,6,4,English Comprehension,D,Answered,
SSC_CGL_Tier_1_Question_Paper_2023_38_Shifts_14_July_2023_Shift_1_EN.pdf,7,4,English Comprehension,D,Answered,
SSC_CGL_Tier_1_Question_Paper_2023_38_Shifts_14_July_2023_Shift_1_EN.pdf,8,4,English Comprehension,,Not Answered,
SSC_CGL_Tier_1_Question_Paper_2023_38_Shifts_14_July_2023_Shift_1_EN.pdf,9,4,English Comprehension,C,Answered,
SSC_CGL_Tier_1_Question_Paper_2023_38_Shifts_14_July_2023_Shift_1_EN.pdf,10,4,English Comprehension,B,Answered,
SSC_CGL_Tier_1_Question_Paper_2023_38_Shifts_14_July_2023_Shift_1_EN.pdf,11,4,English Comprehension,C,Answered,
SSC_CGL_Tier_1_Question_Paper_2023_38_Shifts_14_July_2023_Shift_1_EN.pdf,12,4,English Comprehension,A,Answered,
SSC_CGL_Tier_1_Question_Paper_2023_38_Shifts_14_July_2023_Shift_1_EN.pdf,13,4,English Comprehension,C,Answered,
SSC_CGL_Tier_1_Question_Paper_2023_38_Shifts_14_July_2023_Shift_1_EN.pdf,14,4,English Comprehension,D,Answered,
SSC_CGL_Tier_1_Question_Paper_2023_38_Shifts_14_July_2023_Shift_1_EN.pdf,15,4,English Comprehension,B,Answered,
SSC_CGL_Tier_1_Question_Paper_2023_38_Shifts_14_July_2023_Shift_1_EN.pdf,16,4,English Comprehension,B,Answered,
SSC_CGL_Tier_1_Question_Paper_2023_38_Shifts_14_July_2023_Shift_1_EN.pdf,17,4,English Comprehension,,Not Answered,
SSC_CGL_Tier_1_Question_Paper_2023_38_Shifts_14_July_2023_Shift_1_EN.pdf,18,4,English Comprehension,C,Answered,
SSC_CGL_Tier_1_Question_Paper_2023_38_Shifts_14_July_2023_Shift_1_EN.pdf,19,4,English Comprehension,C,Answered,
SSC_CGL_Tier_1_Question_Paper_2023_38_Shifts_14_July_2023_Shift_1_EN.pdf,20,4,English Comprehension,B,Answered,
SSC_CGL_Tier_1_Question_Paper_2023_38_Shifts_14_July_2023_Shift_1_EN.pdf,21,4,English Comprehension,A,Answered,
SSC_CGL_Tier_1_Question_Paper_2023_38_Shifts_14_July_2023_Shift_1_EN.pdf,22,4,English Comprehension,C,Answered,
SSC_CGL_Tier_1_Question_Paper_2023_38_Shifts_14_July_2023_Shift_1_EN.pdf,23,4,English Comprehension,A,Answered,
SSC_CGL_Tier_1_Question_Paper_2023_38_Shifts_14_July_2023_Shift_1_EN.pdf,24,4,English Comprehension,A,Answered,
SSC_CGL_Tier_1_Question_Paper_2023_38_Shifts_14_July_2023_Shift_1_EN.pdf,25,4,English Comprehension,D,Answered,
SSC_CGL_Tier_1_Question_Paper_2023_38_Shifts_14_July_2023_Shift_2_EN.pdf,1,1,General Intelligence and Reasoning,A,Answered,
SSC_CGL_Tier_1_Question_Paper_2023_38_Shifts_14_July_2023_Shift_2_EN.pdf,2,1,General Intelligence and Reasoning,A,Answered,
SSC_CGL_Tier_1_Question_Paper_2023_38_Shifts_14_July_2023_Shift_2_EN.pdf,3,1,General Intelligence and Reasoning,D,Answered,
SSC_CGL_Tier_1_Question_Paper_2023_38_Shifts_14_July_2023_Shift_2_EN.pdf,4,1,General Intelligence and Reasoning,D,Answered,
SSC_CGL_Tier_1_Question_Paper_2023_38_Shifts_14_July_2023_Shift_2_EN.pdf,5,1,General Intelligence and Reasoning,A,Answered,
SSC_CGL_Tier_1_Question_Paper_2023_38_Shifts_14_July_2023_Shift_2_EN.pdf,6,1,General Intelligence and Reasoning,B,Answered,
SSC_CGL_Tier_1_Question_Paper_2023_38_Shifts_14_July_2023_Shift_2_EN.pdf,7,1,General Intelligence and Reasoning,B,Answered,
SSC_CGL_Tier_1_Question_Paper_2023_38_Shifts_14_July_2023_Shift_2_EN.pdf,8,1,General Intelligence and Reasoning,A,Answered,
SSC_CGL_Tier_1_Question_Paper_2023_38_Shifts_14_July_2023_Shift_2_EN.pdf,9,1,General Intelligence and Reasoning,C,Answered,
SSC_CGL_Tier_1_Question_Paper_2023_38_Shifts_14_July_2023_Shift_2_EN.pdf,10,1,General Intelligence and Reasoning,A,Answered,
SSC_CGL_Tier_1_Question_Paper_2023_38_Shifts_14_July_2023_Shift_2_EN.pdf,11,1,General Intelligence and Reasoning,B,Answered,
SSC_CGL_Tier_1_Question_Paper_2023_38_Shifts_14_July_2023_Shift_2_EN.pdf,12,1,General Intelligence and Reasoning,C,Answered,
SSC_CGL_Tier_1_Question_Paper_2023_38_Shifts_14_July_2023_Shift_2_EN.pdf,13,1,General Intelligence and Reasoning,C,Answered,
SSC_CGL_Tier_1_Question_Paper_2023_38_Shifts_14_July_2023_Shift_2_EN.pdf,14,1,General Intelligence and Reasoning,A,Answered,
SSC_CGL_Tier_1_Question_Paper_2023_38_Shifts_14_July_2023_Shift_2_EN.pdf,15,1,General Intelligence and Reasoning,A,Answered,
SSC_CGL_Tier_1_Question_Paper_2023_38_Shifts_14_July_2023_Shift_2_EN.pdf,16,1,General Intelligence and Reasoning,C,Answered,
SSC_CGL_Tier_1_Question_Paper_2023_38_Shifts_14_July_2023_Shift_2_EN.pdf,17,1,General Intelligence and Reasoning,B,Answered,
SSC_CGL_Tier_1_Question_Paper_2023_38_Shifts_14_July_2023_Shift_2_EN.pdf,18,1,General Intelligence and Reasoning,D,Answered,
SSC_CGL_Tier_1_Question_Paper_2023_38_Shifts_14_July_2023_Shift_2_EN.pdf,19,1,General Intelligence and Reasoning,C,Answered,
SSC_CGL_Tier_1_Question_Paper_2023_38_Shifts_14_July_2023_Shift_2_EN.pdf,20,1,General Intelligence and Reasoning,A,Answered,
SSC_CGL_Tier_1_Question_Paper_2023_38_Shifts_14_July_2023_Shift_2_EN.pdf,21,1,General Intelligence and Reasoning,D,Answered,
SSC_CGL_Tier_1_Question_Paper_2023_38_Shifts_14_July_2023_Shift_2_EN.pdf,22,1,General Intelligence and Reasoning,B,Answered,
SSC_CGL_Tier_1_Question_Paper_2023_38_Shifts_14_July_2023_Shift_2_EN.pdf,23,1,General Intelligence and Reasoning,B,Answered,
SSC_CGL_Tier_1_Question_Paper_2023_38_Shifts_14_July_2023_Shift_2_EN.pdf,24,1,General Intelligence and Reasoning,A,Answered,
SSC_CGL_Tier_1_Question_Paper_2023_38_Shifts_14_July_2023_Shift_2_EN.pdf,25,1,General Intelligence and Reasoning,A,Answered,
SSC_CGL_Tier_1_Question_Paper_2023_38_Shifts_14_July_2023_Shift_2_EN.pdf,1,2,General Awareness,,Not Answered,
SSC_CGL_Tier_1_Question_Paper_2023_38_Shifts_14_July_2023_Shift_2_EN.pdf,2,2,General Awareness,D,Answered,
SSC_CGL_Tier_1_Question_Paper_2023_38_Shifts_14_July_2023_Shift_2_EN.pdf,3,2,General Awareness,,Not Answered,
SSC_CGL_Tier_1_Question_Paper_2023_38_Shifts_14_July_2023_Shift_2_EN.pdf,4,2,General Awareness,D,Answered,
SSC_CGL_Tier_1_Question_Paper_2023_38_Shifts_14_July_2023_Shift_2_EN.pdf,5,2,General Awareness,,Not Answered,
SSC_CGL_Tier_1_Question_Paper_2023_38_Shifts_14_July_2023_Shift_2_EN.pdf,6,2,General Awareness,,Not Answered,
SSC_CGL_Tier_1_Question_Paper_2023_38_Shifts_14_July_2023_Shift_2_EN.pdf,7,2,General Awareness,B,Answered,
SSC_CGL_Tier_1_Question_Paper_2023_38_Shifts_14_July_2023_Shift_2_EN.pdf,8,2,General Awareness,A,Answered,
SSC_CGL_Tier_1_Question_Paper_2023_38_Shifts_14_July_2023_Shift_2_EN.pdf,9,2,General Awareness,B,Answered,
SSC_CGL_Tier_1_Question_Paper_2023_38_Shifts_14_July_2023_Shift_2_EN.pdf,10,2,General Awareness,D,Answered,
SSC_CGL_Tier_1_Question_Paper_2023_38_Shifts_14_July_2023_Shift_2_EN.pdf,11,2,General Awareness,B,Answered,
SSC_CGL_Tier_1_Question_Paper_2023_38_Shifts_14_July_2023_Shift_2_EN.pdf,12,2,General Awareness,,Not Answered,
SSC_CGL_Tier_1_Question_Paper_2023_38_Shifts_14_July_2023_Shift_2_EN.pdf,13,2,General Awareness,C,Answered,
SSC_CGL_Tier_1_Question_Paper_2023_38_Shifts_14_July_2023_Shift_2_EN.pdf,14,2,General Awareness,A,Answered,
SSC_CGL_Tier_1_Question_Paper_2023_38_Shifts_14_July_2023_Shift_2_EN.pdf,15,2,General Awareness,B,Answered,
SSC_CGL_Tier_1_Question_Paper_2023_38_Shifts_14_July_2023_Shift_2_EN.pdf,16,2,General Awareness,A,Answered,
SSC_CGL_Tier_1_Question_Paper_2023_38_Shifts_14_July_2023_Shift_2_EN.pdf,17,2,General Awareness,,Not Answered,
SSC_CGL_Tier_1_Question_Paper_2023_38_Shifts_14_July_2023_Shift_2_EN.pdf,18,2,General Awareness,C,Answered,
SSC_CGL_Tier_1_Question_Paper_2023_38_Shifts_14_July_2023_Shift_2_EN.pdf,19,2,General Awareness,C,Answered,
SSC_CGL_Tier_1_Question_Paper_2023_38_Shifts_14_July_2023_Shift_2_EN.pdf,20,2,General Awareness,D,Answered,
SSC_CGL_Tier_1_Question_Paper_2023_38_Shifts_14_July_2023_Shift_2_EN.pdf,21,2,General Awareness,A,Answered,
SSC_CGL_Tier_1_Question_Paper_2023_38_Shifts_14_July_2023_Shift_2_EN.pdf,22,2,General Awareness,D,Answered,
SSC_CGL_Tier_1_Question_Paper_2023_38_Shifts_14_July_2023_Shift_2_EN.pdf,23,2,General Awareness,C,Answered,
SSC_CGL_Tier_1_Question_Paper_2023_38_Shifts_14_July_2023_Shift_2_EN.pdf,24,2,General Awareness,A,Answered,
SSC_CGL_Tier_1_Question_Paper_2023_38_Shifts_14_July_2023_Shift_2_EN.pdf,25,2,General Awareness,,Not Answered,
SSC_CGL_Tier_1_Question_Paper_2023_38_Shifts_14_July_2023_Shift_2_EN.pdf,1,3,Quantitative Aptitude,D,Answered,
SSC_CGL_Tier_1_Question_Paper_2023_38_Shifts_14_July_2023_Shift_2_EN.pdf,2,3,Quantitative Aptitude,C,Answered,
SSC_CGL_Tier_1_Question_Paper_2023_38_Shifts_14_July_2023_Shift_2_EN.pdf,3,3,Quantitative Aptitude,,Not Answered,
SSC_CGL_Tier_1_Question_Paper_2023_38_Shifts_14_July_2023_Shift_2_EN.pdf,4,3,Quantitative Aptitude,C,Answered,
SSC_CGL_Tier_1_Question_Paper_2023_38_Shifts_14_July_2023_Shift_2_EN.pdf,5,3,Quantitative Aptitude,B,Answered,
SSC_CGL_Tier_1_Question_Paper_2023_38_Shifts_14_July_2023_Shift_2_EN.pdf,6,3,Quantitative Aptitude,D,Answered,
SSC_CGL_Tier_1_Question_Paper_2023_38_Shifts_14_July_2023_Shift_2_EN.pdf,7,3,Quantitative Aptitude,B,Answered,
SSC_CGL_Tier_1_Question_Paper_2023_38_Shifts_14_July_2023_Shift_2_EN.pdf,8,3,Quantitative Aptitude,D,Answered,
SSC_CGL_Tier_1_Question_Paper_2023_38_Shifts_14_July_2023_Shift_2_EN.pdf,9,3,Quantitative Aptitude,C,Answered,
SSC_CGL_Tier_1_Question_Paper_2023_38_Shifts_14_July_2023_Shift_2_EN.pdf,10,3,Quantitative Aptitude,B,Answered,
SSC_CGL_Tier_1_Question_Paper_2023_38_Shifts_14_July_2023_Shift_2_EN.pdf,11,3,Quantitative Aptitude,D,Answered,
SSC_CGL_Tier_1_Question_Paper_2023_38_Shifts_14_July_2023_Shift_2_EN.pdf,12,3,Quantitative Aptitude,B,Answered,
SSC_CGL_Tier_1_Question_Paper_2023_38_Shifts_14_July_2023_Shift_2_EN.pdf,13,3,Quantitative Aptitude,C,Answered,
SSC_CGL_Tier_1_Question_Paper_2023_38_Shifts_14_July_2023_Shift_2_EN.pdf,14,3,Quantitative Aptitude,D,Answered,
SSC_CGL_Tier_1_Question_Paper_2023_38_Shifts_14_July_2023_Shift_2_EN.pdf,15,3,Quantitative Aptitude,C,Answered,
SSC_CGL_Tier_1_Question_Paper_2023_38_Shifts_14_July_2023_Shift_2_EN.pdf,16,3,Quantitative Aptitude,A,Answered,
SSC_CGL_Tier_1_Question_Paper_2023_38_Shifts_14_July_2023_Shift_2_EN.pdf,17,3,Quantitative Aptitude,C,Answered,
SSC_CGL_Tier_1_Question_Paper_2023_38_Shifts_14_July_2023_Shift_2_EN.pdf,18,3,Quantitative Aptitude,A,Answered,
SSC_CGL_Tier_1_Question_Paper_2023_38_Shifts_14_July_2023_Shift_2_EN.pdf,19,3,Quantitative Aptitude,B,Answered,
SSC_CGL_Tier_1_Question_Paper_2023_38_Shifts_14_July_2023_Shift_2_EN.pdf,20,3,Quantitative Aptitude,,Not Answered,
SSC_CGL_Tier_1_Question_Paper_2023_38_Shifts_14_July_2023_Shift_2_EN.pdf,21,3,Quantitative Aptitude,A,Answered,
SSC_CGL_Tier_1_Question_Paper_2023_38_Shifts_14_July_2023_Shift_2_EN.pdf,22,3,Quantitative Aptitude,B,Answered,
SSC_CGL_Tier_1_Question_Paper_2023_38_Shifts_14_July_2023_Shift_2_EN.pdf,23,3,Quantitative Aptitude,C,Answered,
SSC_CGL_Tier_1_Question_Paper_2023_38_Shifts_14_July_2023_Shift_2_EN.pdf,24,3,Quantitative Aptitude,C,Answered,
SSC_CGL_Tier_1_Question_Paper_2023_38_Shifts_14_July_2023_Shift_2_EN.pdf,25,3,Quantitative Aptitude,B,Answered,
SSC_CGL_Tier_1_Question_Paper_2023_38_Shifts_14_July_2023_Shift_2_EN.pdf,1,4,English Comprehension,D,Answered,
SSC_CGL_Tier_1_Question_Paper_2023_38_Shifts_14_July_2023_Shift_2_EN.pdf,2,4,English Comprehension,A,Answered,
SSC_CGL_Tier_1_Question_Paper_2023_38_Shifts_14_July_2023_Shift_2_EN.pdf,3,4,English Comprehension,D,Answered,
SSC_CGL_Tier_1_Question_Paper_2023_38_Shifts_14_July_2023_Shift_2_EN.pdf,4,4,English Comprehension,D,Answered,
SSC_CGL_Tier_1_Question_Paper_2023_38_Shifts_14_July_2023_Shift_2_EN.pdf,5,4,English Comprehension,A,Answered,
SSC_CGL_Tier_1_Question_Paper_2023_38_Shifts_14_July_2023_Shift_2_EN.pdf,6,4,English Comprehension,B,Answered,
SSC_CGL_Tier_1_Question_Paper_2023_38_Shifts_14_July_2023_Shift_2_EN.pdf,7,4,English Comprehension,C,Answered,
SSC_CGL_Tier_1_Question_Paper_2023_38_Shifts_14_July_2023_Shift_2_EN.pdf,8,4,English Comprehension,,Not Answered,
SSC_CGL_Tier_1_Question_Paper_2023_38_Shifts_14_July_2023_Shift_2_EN.pdf,9,4,English Comprehension,A,Answered,
SSC_CGL_Tier_1_Question_Paper_2023_38_Shifts_14_July_2023_Shift_2_EN.pdf,10,4,English Comprehension,B,Answered,
SSC_CGL_Tier_1_Question_Paper_2023_38_Shifts_14_July_2023_Shift_2_EN.pdf,11,4,English Comprehension,D,Answered,
SSC_CGL_Tier_1_Question_Paper_2023_38_Shifts_14_July_2023_Shift_2_EN.pdf,12,4,English Comprehension,B,Answered,
SSC_CGL_Tier_1_Question_Paper_2023_38_Shifts_14_July_2023_Shift_2_EN.pdf,13,4,English Comprehension,,Not Answered,
SSC_CGL_Tier_1_Question_Paper_2023_38_Shifts_14_July_2023_Shift_2_EN.pdf,14,4,English Comprehension,D,Answered,
SSC_CGL_Tier_1_Question_Paper_2023_38_Shifts_14_July_2023_Shift_2_EN.pdf,15,4,English Comprehension,D,Answered,
SSC_CGL_Tier_1_Question_Paper_2023_38_Shifts_14_July_2023_Shift_2_EN.pdf,16,4,English Comprehension,C,Answered,
SSC_CGL_Tier_1_Question_Paper_2023_38_Shifts_14_July_2023_Shift_2_EN.pdf,17,4,English Comprehension,C,Answered,
SSC_CGL_Tier_1_Question_Paper_2023_38_Shifts_14_July_2023_Shift_2_EN.pdf,18,4,English Comprehension,C,Answered,
SSC_CGL_Tier_1_Question_Paper_2023_38_Shifts_14_July_2023_Shift_2_EN.pdf,19,4,English Comprehension,A,Answered,
SSC_CGL_Tier_1_Question_Paper_2023_38_Shifts_14_July_2023_Shift_2_EN.pdf,20,4,English Comprehension,A,Answered,
SSC_CGL_Tier_1_Question_Paper_2023_38_Shifts_14_July_2023_Shift_2_EN.pdf,21,4,English Comprehension,C,Answered,
SSC_CGL_Tier_1_Question_Paper_2023_38_Shifts_14_July_2023_Shift_2_EN.pdf,22,4,English Comprehension,A,Answered,
SSC_CGL_Tier_1_Question_Paper_2023_38_Shifts_14_July_2023_Shift_2_EN.pdf,23,4,English Comprehension,B,Answered,
SSC_CGL_Tier_1_Question_Paper_2023_38_Shifts_14_July_2023_Shift_2_EN.pdf,24,4,English Comprehension,B,Answered,
SSC_CGL_Tier_1_Question_Paper_2023_38_Shifts_14_July_2023_Shift_2_EN.pdf,25,4,English Comprehension,D,Answered,
SSC_CGL_Tier_1_Question_Paper_2023_38_Shifts_25_July_2023_Shift_1_EN.pdf,1,1,General Intelligence and Reasoning,,Not Answered,
SSC_CGL_Tier_1_Question_Paper_2023_38_Shifts_25_July_2023_Shift_1_EN.pdf,2,1,General Intelligence and Reasoning,A,Answered,
SSC_CGL_Tier_1_Question_Paper_2023_38_Shifts_25_July_2023_Shift_1_EN.pdf,3,1,General Intelligence and Reasoning,B,Answered,
SSC_CGL_Tier_1_Question_Paper_2023_38_Shifts_25_July_2023_Shift_1_EN.pdf,4,1,General Intelligence and Reasoning,B,Answered,
SSC_CGL_Tier_1_Question_Paper_2023_38_Shifts_25_July_2023_Shift_1_EN.pdf,5,1,General Intelligence and Reasoning,D,Answered,
SSC_CGL_Tier_1_Question_Paper_2023_38_Shifts_25_July_2023_Shift_1_EN.pdf,6,1,General Intelligence and Reasoning,C,Answered,
SSC_CGL_Tier_1_Question_Paper_2023_38_Shifts_25_July_2023_Shift_1_EN.pdf,7,1,General Intelligence and Reasoning,A,Answered,
SSC_CGL_Tier_1_Question_Paper_2023_38_Shifts_25_July_2023_Shift_1_EN.pdf,8,1,General Intelligence and Reasoning,D,Answered,
SSC_CGL_Tier_1_Question_Paper_2023_38_Shifts_25_July_2023_Shift_1_EN.pdf,9,1,General Intelligence and Reasoning,A,Answered,
SSC_CGL_Tier_1_Question_Paper_2023_38_Shifts_25_July_2023_Shift_1_EN.pdf,10,1,General Intelligence and Reasoning,D,Answered,
SSC_CGL_Tier_1_Question_Paper_2023_38_Shifts_25_July_2023_Shift_1_EN.pdf,11,1,General Intelligence and Reasoning,D,Answered,
SSC_CGL_Tier_1_Question_Paper_2023_38_Shifts_25_July_2023_Shift_1_EN.pdf,12,1,General Intelligence and Reasoning,B,Answered,
SSC_CGL_Tier_1_Question_Paper_2023_38_Shifts_25_July_2023_Shift_1_EN.pdf,13,1,General Intelligence and Reasoning,D,Answered,
SSC_CGL_Tier_1_Question_Paper_2023_38_Shifts_25_July_2023_Shift_1_EN.pdf,14,1,General Intelligence and Reasoning,C,Answered,
SSC_CGL_Tier_1_Question_Paper_2023_38_Shifts_25_July_2023_Shift_1_EN.pdf,15,1,General Intelligence and Reasoning,A,Answered,
SSC_CGL_Tier_1_Question_Paper_2023_38_Shifts_25_July_2023_Shift_1_EN.pdf,16,1,General Intelligence and Reasoning,D,Answered,
SSC_CGL_Tier_1_Question_Paper_2023_38_Shifts_25_July_2023_Shift_1_EN.pdf,17,1,General Intelligence and Reasoning,C,Answered,
SSC_CGL_Tier_1_Question_Paper_2023_38_Shifts_25_July_2023_Shift_1_EN.pdf,18,1,General Intelligence and Reasoning,,Not Answered,
SSC_CGL_Tier_1_Question_Paper_2023_38_Shifts_25_July_2023_Shift_1_EN.pdf,19,1,General Intelligence and Reasoning,A,Answered,
SSC_CGL_Tier_1_Question_Paper_2023_38_Shifts_25_July_2023_Shift_1_EN.pdf,20,1,General Intelligence and Reasoning,B,Answered,
SSC_CGL_Tier_1_Question_Paper_2023_38_Shifts_25_July_2023_Shift_1_EN.pdf,21,1,General Intelligence and Reasoning,B,Answered,
SSC_CGL_Tier_1_Question_Paper_2023_38_Shifts_25_July_2023_Shift_1_EN.pdf,22,1,General Intelligence and Reasoning,C,Answered,
SSC_CGL_Tier_1_Question_Paper_2023_38_Shifts_25_July_2023_Shift_1_EN.pdf,23,1,General Intelligence and Reasoning,B,Answered,
SSC_CGL_Tier_1_Question_Paper_2023_38_Shifts_25_July_2023_Shift_1_EN.pdf,24,1,General Intelligence and Reasoning,D,Answered,
SSC_CGL_Tier_1_Question_Paper_2023_38_Shifts_25_July_2023_Shift_1_EN.pdf,25,1,General Intelligence and Reasoning,C,Answered,
SSC_CGL_Tier_1_Question_Paper_2023_38_Shifts_25_July_2023_Shift_1_EN.pdf,1,2,General Awareness,C,Answered,
SSC_CGL_Tier_1_Question_Paper_2023_38_Shifts_25_July_2023_Shift_1_EN.pdf,2,2,General Awareness,D,Answered,
SSC_CGL_Tier_1_Question_Paper_2023_38_Shifts_25_July_2023_Shift_1_EN.pdf,3,2,General Awareness,B,Answered,
SSC_CGL_Tier_1_Question_Paper_2023_38_Shifts_25_July_2023_Shift_1_EN.pdf,4,2,General Awareness,D,Answered,
SSC_CGL_Tier_1_Question_Paper_2023_38_Shifts_25_July_2023_Shift_1_EN.pdf,5,2,General Awareness,D,Answered,
SSC_CGL_Tier_1_Question_Paper_2023_38_Shifts_25_July_2023_Shift_1_EN.pdf,6,2,General Awareness,,Not Answered,
SSC_CGL_Tier_1_Question_Paper_2023_38_Shifts_25_July_2023_Shift_1_EN.pdf,7,2,General Awareness,A,Answered,
SSC_CGL_Tier_1_Question_Paper_2023_38_Shifts_25_July_2023_Shift_1_EN.pdf,8,2,General Awareness,D,Answered,
SSC_CGL_Tier_1_Question_Paper_2023_38_Shifts_25_July_2023_Shift_1_EN.pdf,9,2,General Awareness,B,Answered,
SSC_CGL_Tier_1_Question_Paper_2023_38_Shifts_25_July_2023_Shift_1_EN.pdf,10,2,General Awareness,B,Answered,
SSC_CGL_Tier_1_Question_Paper_2023_38_Shifts_25_July_2023_Shift_1_EN.pdf,11,2,General Awareness,D,Answered,
SSC_CGL_Tier_1_Question_Paper_2023_38_Shifts_25_July_2023_Shift_1_EN.pdf,12,2,General Awareness,B,Answered,
SSC_CGL_Tier_1_Question_Paper_2023_38_Shifts_25_July_2023_Shift_1_EN.pdf,13,2,General Awareness,B,Answered,
SSC_CGL_Tier_1_Question_Paper_2023_38_Shifts_25_July_2023_Shift_1_EN.pdf,14,2,General Awareness,B,Answered,
SSC_CGL_Tier_1_Question_Paper_2023_38_Shifts_25_July_2023_Shift_1_EN.pdf,15,2,General Awareness,A,Answered,
SSC_CGL_Tier_1_Question_Paper_2023_38_Shifts_25_July_2023_Shift_1_EN.pdf,16,2,General Awareness,D,Answered,
SSC_CGL_Tier_1_Question_Paper_2023_38_Shifts_25_July_2023_Shift_1_EN.pdf,17,2,General Awareness,,Not Answered,
SSC_CGL_Tier_1_Question_Paper_2023_38_Shifts_25_July_2023_Shift_1_EN.pdf,18,2,General Awareness,B,Answered,
SSC_CGL_Tier_1_Question_Paper_2023_38_Shifts_25_July_2023_Shift_1_EN.pdf,19,2,General Awareness,B,Answered,
SSC_CGL_Tier_1_Question_Paper_2023_38_Shifts_25_July_2023_Shift_1_EN.pdf,20,2,General Awareness,A,Answered,
SSC_CGL_Tier_1_Question_Paper_2023_38_Shifts_25_July_2023_Shift_1_EN.pdf,21,2,General Awareness,A,Answered,
SSC_CGL_Tier_1_Question_Paper_2023_38_Shifts_25_July_2023_Shift_1_EN.pdf,22,2,General Awareness,B,Answered,
SSC_CGL_Tier_1_Question_Paper_2023_38_Shifts_25_July_2023_Shift_1_EN.pdf,23,2,General Awareness,D,Answered,
SSC_CGL_Tier_1_Question_Paper_2023_38_Shifts_25_July_2023_Shift_1_EN.pdf,24,2,General Awareness,,Not Answered,
SSC_CGL_Tier_1_Question_Paper_2023_38_Shifts_25_July_2023_Shift_1_EN.pdf,25,2,General Awareness,C,Answered,
SSC_CGL_Tier_1_Question_Paper_2023_38_Shifts_25_July_2023_Shift_1_EN.pdf,1,3,Quantitative Aptitude,D,Answered,
SSC_CGL_Tier_1_Question_Paper_2023_38_Shifts_25_July_2023_Shift_1_EN.pdf,2,3,Quantitative Aptitude,C,Answered,
SSC_CGL_Tier_1_Question_Paper_2023_38_Shifts_25_July_2023_Shift_1_EN.pdf,3,3,Quantitative Aptitude,B,Answered,
SSC_CGL_Tier_1_Question_Paper_2023_38_Shifts_25_July_2023_Shift_1_EN.pdf,4,3,Quantitative Aptitude,C,Answered,
SSC_CGL_Tier_1_Question_Paper_2023_38_Shifts_25_July_2023_Shift_1_EN.pdf,5,3,Quantitative Aptitude,D,Answered,
SSC_CGL_Tier_1_Question_Paper_2023_38_Shifts_25_July_2023_Shift_1_EN.pdf,6,3,Quantitative Aptitude,,Not Answered,
SSC_CGL_Tier_1_Question_Paper_2023_38_Shifts_25_July_2023_Shift_1_EN.pdf,7,3,Quantitative Aptitude,B,Answered,
SSC_CGL_Tier_1_Question_Paper_2023_38_Shifts_25_July_2023_Shift_1_EN.pdf,8,3,Quantitative Aptitude,A,Answered,
SSC_CGL_Tier_1_Question_Paper_2023_38_Shifts_25_July_2023_Shift_1_EN.pdf,9,3,Quantitative Aptitude,A,Answered,
SSC_CGL_Tier_1_Question_Paper_2023_38_Shifts_25_July_2023_Shift_1_EN.pdf,10,3,Quantitative Aptitude,C,Answered,
SSC_CGL_Tier_1_Question_Paper_2023_38_Shifts_25_July_2023_Shift_1_EN.pdf,11,3,Quantitative Aptitude,C,Answered,
SSC_CGL_Tier_1_Question_Paper_2023_38_Shifts_25_July_2023_Shift_1_EN.pdf,12,3,Quantitative Aptitude,C,Answered,
SSC_CGL_Tier_1_Question_Paper_2023_38_Shifts_25_July_2023_Shift_1_EN.pdf,13,3,Quantitative Aptitude,C,Answered,
SSC_CGL_Tier_1_Question_Paper_2023_38_Shifts_25_July_2023_Shift_1_EN.pdf,14,3,Quantitative Aptitude,C,Answered,
SSC_CGL_Tier_1_Question_Paper_2023_38_Shifts_25_July_2023_Shift_1_EN.pdf,15,3,Quantitative Aptitude,D,Answered,
SSC_CGL_Tier_1_Question_Paper_2023_38_Shifts_25_July_2023_Shift_1_EN.pdf,16,3,Quantitative Aptitude,D,Answered,
SSC_CGL_Tier_1_Question_Paper_2023_38_Shifts_25_July_2023_Shift_1_EN.pdf,17,3,Quantitative Aptitude,A,Answered,
SSC_CGL_Tier_1_Question_Paper_2023_38_Shifts_25_July_2023_Shift_1_EN.pdf,18,3,Quantitative Aptitude,,Not Answered,
SSC_CGL_Tier_1_Question_Paper_2023_38_Shifts_25_July_2023_Shift_1_EN.pdf,19,3,Quantitative Aptitude,D,Answered,
SSC_CGL_Tier_1_Question_Paper_2023_38_Shifts_25_July_2023_Shift_1_EN.pdf,20,3,Quantitative Aptitude,D,Answered,
SSC_CGL_Tier_1_Question_Paper_2023_38_Shifts_25_July_2023_Shift_1_EN.pdf,21,3,Quantitative Aptitude,A,Answered,
SSC_CGL_Tier_1_Question_Paper_2023_38_Shifts_25_July_2023_Shift_1_EN.pdf,22,3,Quantitative Aptitude,C,Answered,
SSC_CGL_Tier_1_Question_Paper_2023_38_Shifts_25_July_2023_Shift_1_EN.pdf,23,3,Quantitative Aptitude,D,Answered,
SSC_CGL_Tier_1_Question_Paper_2023_38_Shifts_25_July_2023_Shift_1_EN.pdf,24,3,Quantitative Aptitude,D,Answered,
SSC_CGL_Tier_1_Question_Paper_2023_38_Shifts_25_July_2023_Shift_1_EN.pdf,25,3,Quantitative Aptitude,B,Answered,
SSC_CGL_Tier_1_Question_Paper_2023_38_Shifts_25_July_2023_Shift_1_EN.pdf,1,4,English Comprehension,C,Answered,
SSC_CGL_Tier_1_Question_Paper_2023_38_Shifts_25_July_2023_Shift_1_EN.pdf,2,4,English Comprehension,D,Answered,
SSC_CGL_Tier_1_Question_Paper_2023_38_Shifts_25_July_2023_Shift_1_EN.pdf,3,4,English Comprehension,C,Answered,
SSC_CGL_Tier_1_Question_Paper_2023_38_Shifts_25_July_2023_Shift_1_EN.pdf,4,4,English Comprehension,B,Answered,
SSC_CGL_Tier_1_Question_Paper_2023_38_Shifts_25_July_2023_Shift_1_EN.pdf,5,4,English Comprehension,A,Answered,
SSC_CGL_Tier_1_Question_Paper_2023_38_Shifts_25_July_2023_Shift_1_EN.pdf,6,4,English Comprehension,A,Answered,
SSC_CGL_Tier_1_Question_Paper_2023_38_Shifts_25_July_2023_Shift_1_EN.pdf,7,4,English Comprehension,D,Answered,
SSC_CGL_Tier_1_Question_Paper_2023_38_Shifts_25_July_2023_Shift_1_EN.pdf,8,4,English Comprehension,A,Answered,
SSC_CGL_Tier_1_Question_Paper_2023_38_Shifts_25_July_2023_Shift_1_EN.pdf,9,4,English Comprehension,C,Answered,
SSC_CGL_Tier_1_Question_Paper_2023_38_Shifts_25_July_2023_Shift_1_EN.pdf,10,4,English Comprehension,C,Answered,
SSC_CGL_Tier_1_Question_Paper_2023_38_Shifts_25_July_2023_Shift_1_EN.pdf,11,4,English Comprehension,B,Answered,
SSC_CGL_Tier_1_Question_Paper_2023_38_Shifts_25_July_2023_Shift_1_EN.pdf,12,4,English Comprehension,D,Answered,
SSC_CGL_Tier_1_Question_Paper_2023_38_Shifts_25_July_2023_Shift_1_EN.pdf,13,4,English Comprehension,A,Answered,
SSC_CGL_Tier_1_Question_Paper_2023_38_Shifts_25_July_2023_Shift_1_EN.pdf,14,4,English Comprehension,A,Answered,
SSC_CGL_Tier_1_Question_Paper_2023_38_Shifts_25_July_2023_Shift_1_EN.pdf,15,4,English Comprehension,A,Answered,
SSC_CGL_Tier_1_Question_Paper_2023_38_Shifts_25_July_2023_Shift_1_EN.pdf,16,4,English Comprehension,C,Answered,
SSC_CGL_Tier_1_Question_Paper_2023_38_Shifts_25_July_2023_Shift_1_EN.pdf,17,4,English Comprehension,A,Answered,
SSC_CGL_Tier_1_Question_Paper_2023_38_Shifts_25_July_2023_Shift_1_EN.pdf,18,4,English Comprehension,C,Answered,
SSC_CGL_Tier_1_Question_Paper_2023_38_Shifts_25_July_2023_Shift_1_EN.pdf,19,4,English Comprehension,B,Answered,
SSC_CGL_Tier_1_Question_Paper_2023_38_Shifts_25_July_2023_Shift_1_EN.pdf,20,4,English Comprehension,D,Answered,
SSC_CGL_Tier_1_Question_Paper_2023_38_Shifts_25_July_2023_Shift_1_EN.pdf,21,4,English Comprehension,A,Answered,
SSC_CGL_Tier_1_Question_Paper_2023_38_Shifts_25_July_2023_Shift_1_EN.pdf,22,4,English Comprehension,B,Answered,
SSC_CGL_Tier_1_Question_Paper_2023_38_Shifts_25_July_2023_Shift_1_EN.pdf,23,4,English Comprehension,D,Answered,
SSC_CGL_Tier_1_Question_Paper_2023_38_Shifts_25_July_2023_Shift_1_EN.pdf,24,4,English Comprehension,B,Answered,
SSC_CGL_Tier_1_Question_Paper_2023_38_Shifts_25_July_2023_Shift_1_EN.pdf,25,4,English Comprehension,C,Answered,
SSC_CGL_Tier_1_Question_Paper_2023_38_Shifts_25_July_2023_Shift_2_EN.pdf,1,1,General Intelligence and Reasoning,C,Answered,
SSC_CGL_Tier_1_Question_Paper_2023_38_Shifts_25_July_2023_Shift_2_EN.pdf,2,1,General Intelligence and Reasoning,A,Answered,
SSC_CGL_Tier_1_Question_Paper_2023_38_Shifts_25_July_2023_Shift_2_EN.pdf,3,1,General Intelligence and Reasoning,B,Answered,
SSC_CGL_Tier_1_Question_Paper_2023_38_Shifts_25_July_2023_Shift_2_EN.pdf,4,1,General Intelligence and Reasoning,,Not Answered,
SSC_CGL_Tier_1_Question_Paper_2023_38_Shifts_25_July_2023_Shift_2_EN.pdf,5,1,General Intelligence and Reasoning,A,Answered,
SSC_CGL_Tier_1_Question_Paper_2023_38_Shifts_25_July_2023_Shift_2_EN.pdf,6,1,General Intelligence and Reasoning,D,Answered,
SSC_CGL_Tier_1_Question_Paper_2023_38_Shifts_25_July_2023_Shift_2_EN.pdf,7,1,General Intelligence and Reasoning,A,Answered,
SSC_CGL_Tier_1_Question_Paper_2023_38_Shifts_25_July_2023_Shift_2_EN.pdf,8,1,General Intelligence and Reasoning,A,Answered,
SSC_CGL_Tier_1_Question_Paper_2023_38_Shifts_25_July_2023_Shift_2_EN.pdf,9,1,General Intelligence and Reasoning,C,Answered,
SSC_CGL_Tier_1_Question_Paper_2023_38_Shifts_25_July_2023_Shift_2_EN.pdf,10,1,General Intelligence and Reasoning,D,Answered,
SSC_CGL_Tier_1_Question_Paper_2023_38_Shifts_25_July_2023_Shift_2_EN.pdf,11,1,General Intelligence and Reasoning,C,Answered,
SSC_CGL_Tier_1_Question_Paper_2023_38_Shifts_25_July_2023_Shift_2_EN.pdf,12,1,General Intelligence and Reasoning,B,Answered,
SSC_CGL_Tier_1_Question_Paper_2023_38_Shifts_25_July_2023_Shift_2_EN.pdf,13,1,General Intelligence and Reasoning,,Not Answered,
SSC_CGL_Tier_1_Question_Paper_2023_38_Shifts_25_July_2023_Shift_2_EN.pdf,14,1,General Intelligence and Reasoning,A,Answered,
SSC_CGL_Tier_1_Question_Paper_2023_38_Shifts_25_July_2023_Shift_2_EN.pdf,15,1,General Intelligence and Reasoning,B,Answered,
SSC_CGL_Tier_1_Question_Paper_2023_38_Shifts_25_July_2023_Shift_2_EN.pdf,16,1,General Intelligence and Reasoning,D,Answered,
SSC_CGL_Tier_1_Question_Paper_2023_38_Shifts_25_July_2023_Shift_2_EN.pdf,17,1,General Intelligence and Reasoning,C,Answered,
SSC_CGL_Tier_1_Question_Paper_2023_38_Shifts_25_July_2023_Shift_2_EN.pdf,18,1,General Intelligence and Reasoning,D,Answered,
SSC_CGL_Tier_1_Question_Paper_2023_38_Shifts_25_July_2023_Shift_2_EN.pdf,19,1,General Intelligence and Reasoning,D,Answered,
SSC_CGL_Tier_1_Question_Paper_2023_38_Shifts_25_July_2023_Shift_2_EN.pdf,20,1,General Intelligence and Reasoning,A,Answered,
SSC_CGL_Tier_1_Question_Paper_2023_38_Shifts_25_July_2023_Shift_2_EN.pdf,21,1,General Intelligence and Reasoning,A,Answered,
SSC_CGL_Tier_1_Question_Paper_2023_38_Shifts_25_July_2023_Shift_2_EN.pdf,22,1,General Intelligence and Reasoning,,Not Answered,
SSC_CGL_Tier_1_Question_Paper_2023_38_Shifts_25_July_2023_Shift_2_EN.pdf,23,1,General Intelligence and Reasoning,D,Answered,
SSC_CGL_Tier_1_Question_Paper_2023_38_Shifts_25_July_2023_Shift_2_EN.pdf,24,1,General Intelligence and Reasoning,,Not Answered,
SSC_CGL_Tier_1_Question_Paper_2023_38_Shifts_25_July_2023_Shift_2_EN.pdf,25,1,General Intelligence and Reasoning,A,Answered,
SSC_CGL_Tier_1_Question_Paper_2023_38_Shifts_25_July_2023_Shift_2_EN.pdf,1,2,General Awareness,,Not Answered,
SSC_CGL_Tier_1_Question_Paper_2023_38_Shifts_25_July_2023_Shift_2_EN.pdf,2,2,General Awareness,C,Answered,
SSC_CGL_Tier_1_Question_Paper_2023_38_Shifts_25_July_2023_Shift_2_EN.pdf,3,2,General Awareness,B,Answered,
SSC_CGL_Tier_1_Question_Paper_2023_38_Shifts_25_July_2023_Shift_2_EN.pdf,4,2,General Awareness,,Not Answered,
SSC_CGL_Tier_1_Question_Paper_2023_38_Shifts_25_July_2023_Shift_2_EN.pdf,5,2,General Awareness,,Not Answered,
SSC_CGL_Tier_1_Question_Paper_2023_38_Shifts_25_July_2023_Shift_2_EN.pdf,6,2,General Awareness,D,,
SSC_CGL_Tier_1_Question_Paper_2023_38_Shifts_25_July_2023_Shift_2_EN.pdf,7,2,General Awareness,D,Answered,
SSC_CGL_Tier_1_Question_Paper_2023_38_Shifts_25_July_2023_Shift_2_EN.pdf,8,2,General Awareness,,Not Answered,
SSC_CGL_Tier_1_Question_Paper_2023_38_Shifts_25_July_2023_Shift_2_EN.pdf,9,2,General Awareness,,Not Answered,
SSC_CGL_Tier_1_Question_Paper_2023_38_Shifts_25_July_2023_Shift_2_EN.pdf,10,2,General Awareness,C,Answered,
SSC_CGL_Tier_1_Question_Paper_2023_38_Shifts_25_July_2023_Shift_2_EN.pdf,11,2,General Awareness,D,Answered,
SSC_CGL_Tier_1_Question_Paper_2023_38_Shifts_25_July_2023_Shift_2_EN.pdf,12,2,General Awareness,C,Answered,
SSC_CGL_Tier_1_Question_Paper_2023_38_Shifts_25_July_2023_Shift_2_EN.pdf,13,2,General Awareness,,Not Answered,
SSC_CGL_Tier_1_Question_Paper_2023_38_Shifts_25_July_2023_Shift_2_EN.pdf,14,2,General Awareness,B,Answered,
SSC_CGL_Tier_1_Question_Paper_2023_38_Shifts_25_July_2023_Shift_2_EN.pdf,15,2,General Awareness,,Not Answered,
SSC_CGL_Tier_1_Question_Paper_2023_38_Shifts_25_July_2023_Shift_2_EN.pdf,16,2,General Awareness,,Not Answered,
SSC_CGL_Tier_1_Question_Paper_2023_38_Shifts_25_July_2023_Shift_2_EN.pdf,17,2,General Awareness,B,Answered,
SSC_CGL_Tier_1_Question_Paper_2023_38_Shifts_25_July_2023_Shift_2_EN.pdf,18,2,General Awareness,A,Answered,
SSC_CGL_Tier_1_Question_Paper_2023_38_Shifts_25_July_2023_Shift_2_EN.pdf,19,2,General Awareness,,Not Answered,
SSC_CGL_Tier_1_Question_Paper_2023_38_Shifts_25_July_2023_Shift_2_EN.pdf,20,2,General Awareness,,Not Answered,
SSC_CGL_Tier_1_Question_Paper_2023_38_Shifts_25_July_2023_Shift_2_EN.pdf,21,2,General Awareness,B,Answered,
SSC_CGL_Tier_1_Question_Paper_2023_38_Shifts_25_July_2023_Shift_2_EN.pdf,22,2,General Awareness,C,Answered,
SSC_CGL_Tier_1_Question_Paper_2023_38_Shifts_25_July_2023_Shift_2_EN.pdf,23,2,General Awareness,A,Answered,
SSC_CGL_Tier_1_Question_Paper_2023_38_Shifts_25_July_2023_Shift_2_EN.pdf,24,2,General Awareness,D,Answered,
SSC_CGL_Tier_1_Question_Paper_2023_38_Shifts_25_July_2023_Shift_2_EN.pdf,25,2,General Awareness,A,Answered,
SSC_CGL_Tier_1_Question_Paper_2023_38_Shifts_25_July_2023_Shift_2_EN.pdf,1,3,Quantitative Aptitude,A,Answered,
SSC_CGL_Tier_1_Question_Paper_2023_38_Shifts_25_July_2023_Shift_2_EN.pdf,2,3,Quantitative Aptitude,D,Answered,
SSC_CGL_Tier_1_Question_Paper_2023_38_Shifts_25_July_2023_Shift_2_EN.pdf,3,3,Quantitative Aptitude,B,Answered,
SSC_CGL_Tier_1_Question_Paper_2023_38_Shifts_25_July_2023_Shift_2_EN.pdf,4,3,Quantitative Aptitude,D,Answered,
SSC_CGL_Tier_1_Question_Paper_2023_38_Shifts_25_July_2023_Shift_2_EN.pdf,5,3,Quantitative Aptitude,D,Answered,
SSC_CGL_Tier_1_Question_Paper_2023_38_Shifts_25_July_2023_Shift_2_EN.pdf,6,3,Quantitative Aptitude,,Not Answered,
SSC_CGL_Tier_1_Question_Paper_2023_38_Shifts_25_July_2023_Shift_2_EN.pdf,7,3,Quantitative Aptitude,B,Answered,
SSC_CGL_Tier_1_Question_Paper_2023_38_Shifts_25_July_2023_Shift_2_EN.pdf,8,3,Quantitative Aptitude,C,Answered,
SSC_CGL_Tier_1_Question_Paper_2023_38_Shifts_25_July_2023_Shift_2_EN.pdf,9,3,Quantitative Aptitude,B,Answered,
SSC_CGL_Tier_1_Question_Paper_2023_38_Shifts_25_July_2023_Shift_2_EN.pdf,10,3,Quantitative Aptitude,,Not Answered,
SSC_CGL_Tier_1_Question_Paper_2023_38_Shifts_25_July_2023_Shift_2_EN.pdf,11,3,Quantitative Aptitude,C,Answered,
SSC_CGL_Tier_1_Question_Paper_2023_38_Shifts_25_July_2023_Shift_2_EN.pdf,12,3,Quantitative Aptitude,B,Answered,
SSC_CGL_Tier_1_Question_Paper_2023_38_Shifts_25_July_2023_Shift_2_EN.pdf,13,3,Quantitative Aptitude,C,Answered,
SSC_CGL_Tier_1_Question_Paper_2023_38_Shifts_25_July_2023_Shift_2_EN.pdf,14,3,Quantitative Aptitude,,,
SSC_CGL_Tier_1_Question_Paper_2023_38_Shifts_25_July_2023_Shift_2_EN.pdf,15,3,Quantitative Aptitude,,Not Answered,
SSC_CGL_Tier_1_Question_Paper_2023_38_Shifts_25_July_2023_Shift_2_EN.pdf,16,3,Quantitative Aptitude,C,Answered,
SSC_CGL_Tier_1_Question_Paper_2023_38_Shifts_25_July_2023_Shift_2_EN.pdf,17,3,Quantitative Aptitude,B,Answered,
SSC_CGL_Tier_1_Question_Paper_2023_38_Shifts_25_July_2023_Shift_2_EN.pdf,18,3,Quantitative Aptitude,,Not Answered,
SSC_CGL_Tier_1_Question_Paper_2023_38_Shifts_25_July_2023_Shift_2_EN.pdf,19,3,Quantitative Aptitude,B,Answered,
SSC_CGL_Tier_1_Question_Paper_2023_38_Shifts_25_July_2023_Shift_2_EN.pdf,20,3,Quantitative Aptitude,C,Answered,
SSC_CGL_Tier_1_Question_Paper_2023_38_Shifts_25_July_2023_Shift_2_EN.pdf,21,3,Quantitative Aptitude,A,Answered,
SSC_CGL_Tier_1_Question_Paper_2023_38_Shifts_25_July_2023_Shift_2_EN.pdf,22,3,Quantitative Aptitude,,Not Answered,
SSC_CGL_Tier_1_Question_Paper_2023_38_Shifts_25_July_2023_Shift_2_EN.pdf,23,3,Quantitative Aptitude,D,Answered,
SSC_CGL_Tier_1_Question_Paper_2023_38_Shifts_25_July_2023_Shift_2_EN.pdf,24,3,Quantitative Aptitude,A,Answered,
SSC_CGL_Tier_1_Question_Paper_2023_38_Shifts_25_July_2023_Shift_2_EN.pdf,25,3,Quantitative Aptitude,D,Answered,
SSC_CGL_Tier_1_Question_Paper_2023_38_Shifts_25_July_2023_Shift_2_EN.pdf,1,4,English Comprehension,D,Answered,
SSC_CGL_Tier_1_Question_Paper_2023_38_Shifts_25_July_2023_Shift_2_EN.pdf,2,4,English Comprehension,D,Answered,
SSC_CGL_Tier_1_Question_Paper_2023_38_Shifts_25_July_2023_Shift_2_EN.pdf,3,4,English Comprehension,,Not Answered,
SSC_CGL_Tier_1_Question_Paper_2023_38_Shifts_25_July_2023_Shift_2_EN.pdf,4,4,English Comprehension,A,Answered,
SSC_CGL_Tier_1_Question_Paper_2023_38_Shifts_25_July_2023_Shift_2_EN.pdf,5,4,English Comprehension,,Not Answered,
SSC_CGL_Tier_1_Question_Paper_2023_38_Shifts_25_July_2023_Shift_2_EN.pdf,6,4,English Comprehension,C,Answered,
SSC_CGL_Tier_1_Question_Paper_2023_38_Shifts_25_July_2023_Shift_2_EN.pdf,7,4,English Comprehension,D,Answered,
SSC_CGL_Tier_1_Question_Paper_2023_38_Shifts_25_July_2023_Shift_2_EN.pdf,8,4,English Comprehension,B,Answered,
SSC_CGL_Tier_1_Question_Paper_2023_38_Shifts_25_July_2023_Shift_2_EN.pdf,9,4,English Comprehension,A,Answered,
SSC_CGL_Tier_1_Question_Paper_2023_38_Shifts_25_July_2023_Shift_2_EN.pdf,10,4,English Comprehension,B,Answered,
SSC_CGL_Tier_1_Question_Paper_2023_38_Shifts_25_July_2023_Shift_2_EN.pdf,11,4,English Comprehension,A,Answered,
SSC_CGL_Tier_1_Question_Paper_2023_38_Shifts_25_July_2023_Shift_2_EN.pdf,12,4,English Comprehension,A,Answered,
SSC_CGL_Tier_1_Question_Paper_2023_38_Shifts_25_July_2023_Shift_2_EN.pdf,13,4,English Comprehension,D,Answered,
SSC_CGL_Tier_1_Question_Paper_2023_38_Shifts_25_July_2023_Shift_2_EN.pdf,14,4,English Comprehension,D,Answered,
SSC_CGL_Tier_1_Question_Paper_2023_38_Shifts_25_July_2023_Shift_2_EN.pdf,15,4,English Comprehension,B,Answered,
SSC_CGL_Tier_1_Question_Paper_2023_38_Shifts_25_July_2023_Shift_2_EN.pdf,16,4,English Comprehension,,Not Answered,
SSC_CGL_Tier_1_Question_Paper_2023_38_Shifts_25_July_2023_Shift_2_EN.pdf,17,4,English Comprehension,C,Answered,
SSC_CGL_Tier_1_Question_Paper_2023_38_Shifts_25_July_2023_Shift_2_EN.pdf,18,4,English Comprehension,C,Answered,
SSC_CGL_Tier_1_Question_Paper_2023_38_Shifts_25_July_2023_Shift_2_EN.pdf,19,4,English Comprehension,C,Answered,
SSC_CGL_Tier_1_Question_Paper_2023_38_Shifts_25_July_2023_Shift_2_EN.pdf,20,4,English Comprehension,D,Answered,
SSC_CGL_Tier_1_Question_Paper_2023_38_Shifts_25_July_2023_Shift_2_EN.pdf,21,4,English Comprehension,B,Answered,
SSC_CGL_Tier_1_Question_Paper_2023_38_Shifts_25_July_2023_Shift_2_EN.pdf,22,4,English Comprehension,C,Answered,
SSC_CGL_Tier_1_Question_Paper_2023_38_Shifts_25_July_2023_Shift_2_EN.pdf,23,4,English Comprehension,C,Answered,
SSC_CGL_Tier_1_Question_Paper_2023_38_Shifts_25_July_2023_Shift_2_EN.pdf,24,4,English Comprehension,B,Answered,
SSC_CGL_Tier_1_Question_Paper_2023_38_Shifts_25_July_2023_Shift_2_EN.pdf,25,4,English Comprehension,,Not Answered,
SSC_CGL_Tier_1_Question_Paper_2023_38_Shifts_25_July_2023_Shift_3_EN.pdf,1,1,General Intelligence and Reasoning,A,Answered,
SSC_CGL_Tier_1_Question_Paper_2023_38_Shifts_25_July_2023_Shift_3_EN.pdf,2,1,General Intelligence and Reasoning,A,Answered,
SSC_CGL_Tier_1_Question_Paper_2023_38_Shifts_25_July_2023_Shift_3_EN.pdf,3,1,General Intelligence and Reasoning,B,Answered,
SSC_CGL_Tier_1_Question_Paper_2023_38_Shifts_25_July_2023_Shift_3_EN.pdf,4,1,General Intelligence and Reasoning,A,Answered,
SSC_CGL_Tier_1_Question_Paper_2023_38_Shifts_25_July_2023_Shift_3_EN.pdf,5,1,General Intelligence and Reasoning,A,Answered,
SSC_CGL_Tier_1_Question_Paper_2023_38_Shifts_25_July_2023_Shift_3_EN.pdf,6,1,General Intelligence and Reasoning,C,Answered,
SSC_CGL_Tier_1_Question_Paper_2023_38_Shifts_25_July_2023_Shift_3_EN.pdf,7,1,General Intelligence and Reasoning,D,Answered,
SSC_CGL_Tier_1_Question_Paper_2023_38_Shifts_25_July_2023_Shift_3_EN.pdf,8,1,General Intelligence and Reasoning,B,Answered,
SSC_CGL_Tier_1_Question_Paper_2023_38_Shifts_25_July_2023_Shift_3_EN.pdf,9,1,General Intelligence and Reasoning,A,Answered,
SSC_CGL_Tier_1_Question_Paper_2023_38_Shifts_25_July_2023_Shift_3_EN.pdf,10,1,General Intelligence and Reasoning,C,Answered,
SSC_CGL_Tier_1_Question_Paper_2023_38_Shifts_25_July_2023_Shift_3_EN.pdf,11,1,General Intelligence and Reasoning,A,Answered,
SSC_CGL_Tier_1_Question_Paper_2023_38_Shifts_25_July_2023_Shift_3_EN.pdf,12,1,General Intelligence and Reasoning,D,Answered,
SSC_CGL_Tier_1_Question_Paper_2023_38_Shifts_25_July_2023_Shift_3_EN.pdf,13,1,General Intelligence and Reasoning,A,Answered,
SSC_CGL_Tier_1_Question_Paper_2023_38_Shifts_25_July_2023_Shift_3_EN.pdf,14,1,General Intelligence and Reasoning,C,Answered,
SSC_CGL_Tier_1_Question_Paper_2023_38_Shifts_25_July_2023_Shift_3_EN.pdf,15,1,General Intelligence and Reasoning,B,Answered,
SSC_CGL_Tier_1_Question_Paper_2023_38_Shifts_25_July_2023_Shift_3_EN.pdf,16,1,General Intelligence and Reasoning,D,Answered,
SSC_CGL_Tier_1_Question_Paper_2023_38_Shifts_25_July_2023_Shift_3_EN.pdf,17,1,General Intelligence and Reasoning,D,Answered,
SSC_CGL_Tier_1_Question_Paper_2023_38_Shifts_25_July_2023_Shift_3_EN.pdf,18,1,General Intelligence and Reasoning,D,Answered,
SSC_CGL_Tier_1_Question_Paper_2023_38_Shifts_25_July_2023_Shift_3_EN.pdf,19,1,General Intelligence and Reasoning,C,Answered,
SSC_CGL_Tier_1_Question_Paper_2023_38_Shifts_25_July_2023_Shift_3_EN.pdf,20,1,General Intelligence and Reasoning,,Not Answered,
SSC_CGL_Tier_1_Question_Paper_2023_38_Shifts_25_July_2023_Shift_3_EN.pdf,21,1,General Intelligence and Reasoning,,Not Answered,
SSC_CGL_Tier_1_Question_Paper_2023_38_Shifts_25_July_2023_Shift_3_EN.pdf,22,1,General Intelligence and Reasoning,A,Answered,
SSC_CGL_Tier_1_Question_Paper_2023_38_Shifts_25_July_2023_Shift_3_EN.pdf,23,1,General Intelligence and Reasoning,,Not Answered,
SSC_CGL_Tier_1_Question_Paper_2023_38_Shifts_25_July_2023_Shift_3_EN.pdf,24,1,General Intelligence and Reasoning,A,Answered,
SSC_CGL_Tier_1_Question_Paper_2023_38_Shifts_25_July_2023_Shift_3_EN.pdf,25,1,General Intelligence and Reasoning,B,Answered,
SSC_CGL_Tier_1_Question_Paper_2023_38_Shifts_25_July_2023_Shift_3_EN.pdf,1,2,General Awareness,B,Answered,
SSC_CGL_Tier_1_Question_Paper_2023_38_Shifts_25_July_2023_Shift_3_EN.pdf,2,2,General Awareness,B,Answered,
SSC_CGL_Tier_1_Question_Paper_2023_38_Shifts_25_July_2023_Shift_3_EN.pdf,3,2,General Awareness,D,Answered,
SSC_CGL_Tier_1_Question_Paper_2023_38_Shifts_25_July_2023_Shift_3_EN.pdf,4,2,General Awareness,,Not Answered,
SSC_CGL_Tier_1_Question_Paper_2023_38_Shifts_25_July_2023_Shift_3_EN.pdf,5,2,General Awareness,A,Answered,
SSC_CGL_Tier_1_Question_Paper_2023_38_Shifts_25_July_2023_Shift_3_EN.pdf,6,2,General Awareness,,Not Answered,
SSC_CGL_Tier_1_Question_Paper_2023_38_Shifts_25_July_2023_Shift_3_EN.pdf,7,2,General Awareness,,Not Answered,
SSC_CGL_Tier_1_Question_Paper_2023_38_Shifts_25_July_2023_Shift_3_EN.pdf,8,2,General Awareness,C,Answered,
SSC_CGL_Tier_1_Question_Paper_2023_38_Shifts_25_July_2023_Shift_3_EN.pdf,9,2,General Awareness,,Not Answered,
SSC_CGL_Tier_1_Question_Paper_2023_38_Shifts_25_July_2023_Shift_3_EN.pdf,10,2,General Awareness,B,Answered,
SSC_CGL_Tier_1_Question_Paper_2023_38_Shifts_25_July_2023_Shift_3_EN.pdf,11,2,General Awareness,,Not Answered,
SSC_CGL_Tier_1_Question_Paper_2023_38_Shifts_25_July_2023_Shift_3_EN.pdf,12,2,General Awareness,A,Answered,
SSC_CGL_Tier_1_Question_Paper_2023_38_Shifts_25_July_2023_Shift_3_EN.pdf,13,2,General Awareness,B,Answered,
SSC_CGL_Tier_1_Question_Paper_2023_38_Shifts_25_July_2023_Shift_3_EN.pdf,14,2,General Awareness,B,Answered,
SSC_CGL_Tier_1_Question_Paper_2023_38_Shifts_25_July_2023_Shift_3_EN.pdf,15,2,General Awareness,,Not Answered,
SSC_CGL_Tier_1_Question_Paper_2023_38_Shifts_25_July_2023_Shift_3_EN.pdf,16,2,General Awareness,,Not Answered,
SSC_CGL_Tier_1_Question_Paper_2023_38_Shifts_25_July_2023_Shift_3_EN.pdf,17,2,General Awareness,B,Answered,
SSC_CGL_Tier_1_Question_Paper_2023_38_Shifts_25_July_2023_Shift_3_EN.pdf,18,2,General Awareness,D,Answered,
SSC_CGL_Tier_1_Question_Paper_2023_38_Shifts_25_July_2023_Shift_3_EN.pdf,19,2,General Awareness,D,Answered,
SSC_CGL_Tier_1_Question_Paper_2023_38_Shifts_25_July_2023_Shift_3_EN.pdf,20,2,General Awareness,,Not Answered,
SSC_CGL_Tier_1_Question_Paper_2023_38_Shifts_25_July_2023_Shift_3_EN.pdf,21,2,General Awareness,D,Answered,
SSC_CGL_Tier_1_Question_Paper_2023_38_Shifts_25_July_2023_Shift_3_EN.pdf,22,2,General Awareness,,Not Answered,
SSC_CGL_Tier_1_Question_Paper_2023_38_Shifts_25_July_2023_Shift_3_EN.pdf,23,2,General Awareness,,Not Answered,
SSC_CGL_Tier_1_Question_Paper_2023_38_Shifts_25_July_2023_Shift_3_EN.pdf,24,2,General Awareness,C,Answered,
SSC_CGL_Tier_1_Question_Paper_2023_38_Shifts_25_July_2023_Shift_3_EN.pdf,25,2,General Awareness,,Not Answered,
SSC_CGL_Tier_1_Question_Paper_2023_38_Shifts_25_July_2023_Shift_3_EN.pdf,1,3,Quantitative Aptitude,A,Answered,
SSC_CGL_Tier_1_Question_Paper_2023_38_Shifts_25_July_2023_Shift_3_EN.pdf,2,3,Quantitative Aptitude,D,Answered,
SSC_CGL_Tier_1_Question_Paper_2023_38_Shifts_25_July_2023_Shift_3_EN.pdf,3,3,Quantitative Aptitude,A,Answered,
SSC_CGL_Tier_1_Question_Paper_2023_38_Shifts_25_July_2023_Shift_3_EN.pdf,4,3,Quantitative Aptitude,A,Answered,
SSC_CGL_Tier_1_Question_Paper_2023_38_Shifts_25_July_2023_Shift_3_EN.pdf,5,3,Quantitative Aptitude,D,Answered,
SSC_CGL_Tier_1_Question_Paper_2023_38_Shifts_25_July_2023_Shift_3_EN.pdf,6,3,Quantitative Aptitude,B,Answered,
SSC_CGL_Tier_1_Question_Paper_2023_38_Shifts_25_July_2023_Shift_3_EN.pdf,7,3,Quantitative Aptitude,C,Answered,
SSC_CGL_Tier_1_Question_Paper_2023_38_Shifts_25_July_2023_Shift_3_EN.pdf,8,3,Quantitative Aptitude,,Not Answered,
SSC_CGL_Tier_1_Question_Paper_2023_38_Shifts_25_July_2023_Shift_3_EN.pdf,9,3,Quantitative Aptitude,A,Answered,
SSC_CGL_Tier_1_Question_Paper_2023_38_Shifts_25_July_2023_Shift_3_EN.pdf,10,3,Quantitative Aptitude,,,
SSC_CGL_Tier_1_Question_Paper_2023_38_Shifts_25_July_2023_Shift_3_EN.pdf,11,3,Quantitative Aptitude,C,Answered,
SSC_CGL_Tier_1_Question_Paper_2023_38_Shifts_25_July_2023_Shift_3_EN.pdf,12,3,Quantitative Aptitude,D,Answered,
SSC_CGL_Tier_1_Question_Paper_2023_38_Shifts_25_July_2023_Shift_3_EN.pdf,13,3,Quantitative Aptitude,D,Answered,
SSC_CGL_Tier_1_Question_Paper_2023_38_Shifts_25_July_2023_Shift_3_EN.pdf,14,3,Quantitative Aptitude,C,Answered,
SSC_CGL_Tier_1_Question_Paper_2023_38_Shifts_25_July_2023_Shift_3_EN.pdf,15,3,Quantitative Aptitude,D,Answered,
SSC_CGL_Tier_1_Question_Paper_2023_38_Shifts_25_July_2023_Shift_3_EN.pdf,16,3,Quantitative Aptitude,D,Answered,
SSC_CGL_Tier_1_Question_Paper_2023_38_Shifts_25_July_2023_Shift_3_EN.pdf,17,3,Quantitative Aptitude,A,Answered,
SSC_CGL_Tier_1_Question_Paper_2023_38_Shifts_25_July_2023_Shift_3_EN.pdf,18,3,Quantitative Aptitude,B,Answered,
SSC_CGL_Tier_1_Question_Paper_2023_38_Shifts_25_July_2023_Shift_3_EN.pdf,19,3,Quantitative Aptitude,C,Answered,
SSC_CGL_Tier_1_Question_Paper_2023_38_Shifts_25_July_2023_Shift_3_EN.pdf,20,3,Quantitative Aptitude,A,Answered,
SSC_CGL_Tier_1_Question_Paper_2023_38_Shifts_25_July_2023_Shift_3_EN.pdf,21,3,Quantitative Aptitude,D,Answered,
SSC_CGL_Tier_1_Question_Paper_2023_38_Shifts_25_July_2023_Shift_3_EN.pdf,22,3,Quantitative Aptitude,D,Answered,
SSC_CGL_Tier_1_Question_Paper_2023_38_Shifts_25_July_2023_Shift_3_EN.pdf,23,3,Quantitative Aptitude,D,Answered,
SSC_CGL_Tier_1_Question_Paper_2023_38_Shifts_25_July_2023_Shift_3_EN.pdf,24,3,Quantitative Aptitude,D,Answered,
SSC_CGL_Tier_1_Question_Paper_2023_38_Shifts_25_July_2023_Shift_3_EN.pdf,25,3,Quantitative Aptitude,B,Answered,
SSC_CGL_Tier_1_Question_Paper_2023_38_Shifts_25_July_2023_Shift_3_EN.pdf,1,4,English Comprehension,B,Answered,
SSC_CGL_Tier_1_Question_Paper_2023_38_Shifts_25_July_2023_Shift_3_EN.pdf,2,4,English Comprehension,D,Answered,
SSC_CGL_Tier_1_Question_Paper_2023_38_Shifts_25_July_2023_Shift_3_EN.pdf,3,4,English Comprehension,D,Answered,
SSC_CGL_Tier_1_Question_Paper_2023_38_Shifts_25_July_2023_Shift_3_EN.pdf,4,4,English Comprehension,A,Answered,
SSC_CGL_Tier_1_Question_Paper_2023_38_Shifts_25_July_2023_Shift_3_EN.pdf,5,4,English Comprehension,C,Answered,
SSC_CGL_Tier_1_Question_Paper_2023_38_Shifts_25_July_2023_Shift_3_EN.pdf,6,4,English Comprehension,D,Answered,
SSC_CGL_Tier_1_Question_Paper_2023_38_Shifts_25_July_2023_Shift_3_EN.pdf,7,4,English Comprehension,B,Answered,
SSC_CGL_Tier_1_Question_Paper_2023_38_Shifts_25_July_2023_Shift_3_EN.pdf,8,4,English Comprehension,A,Answered,
SSC_CGL_Tier_1_Question_Paper_2023_38_Shifts_25_July_2023_Shift_3_EN.pdf,9,4,English Comprehension,D,Answered,
SSC_CGL_Tier_1_Question_Paper_2023_38_Shifts_25_July_2023_Shift_3_EN.pdf,10,4,English Comprehension,D,Answered,
SSC_CGL_Tier_1_Question_Paper_2023_38_Shifts_25_July_2023_Shift_3_EN.pdf,11,4,English Comprehension,C,Answered,
SSC_CGL_Tier_1_Question_Paper_2023_38_Shifts_25_July_2023_Shift_3_EN.pdf,12,4,English Comprehension,C,Answered,
SSC_CGL_Tier_1_Question_Paper_2023_38_Shifts_25_July_2023_Shift_3_EN.pdf,13,4,English Comprehension,B,Answered,
SSC_CGL_Tier_1_Question_Paper_2023_38_Shifts_25_July_2023_Shift_3_EN.pdf,14,4,English Comprehension,D,Answered,
SSC_CGL_Tier_1_Question_Paper_2023_38_Shifts_25_July_2023_Shift_3_EN.pdf,15,4,English Comprehension,C,Answered,
SSC_CGL_Tier_1_Question_Paper_2023_38_Shifts_25_July_2023_Shift_3_EN.pdf,16,4,English Comprehension,B,Answered,
SSC_CGL_Tier_1_Question_Paper_2023_38_Shifts_25_July_2023_Shift_3_EN.pdf,17,4,English Comprehension,B,Answered,
SSC_CGL_Tier_1_Question_Paper_2023_38_Shifts_25_July_2023_Shift_3_EN.pdf,18,4,English Comprehension,D,Answered,
SSC_CGL_Tier_1_Question_Paper_2023_38_Shifts_25_July_2023_Shift_3_EN.pdf,19,4,English Comprehension,,Not Answered,
SSC_CGL_Tier_1_Question_Paper_2023_38_Shifts_25_July_2023_Shift_3_EN.pdf,20,4,English Comprehension,A,Answered,
SSC_CGL_Tier_1_Question_Paper_2023_38_Shifts_25_July_2023_Shift_3_EN.pdf,21,4,English Comprehension,B,Answered,
SSC_CGL_Tier_1_Question_Paper_2023_38_Shifts_25_July_2023_Shift_3_EN.pdf,22,4,English Comprehension,C,Answered,
SSC_CGL_Tier_1_Question_Paper_2023_38_Shifts_25_July_2023_Shift_3_EN.pdf,23,4,English Comprehension,A,Answered,
SSC_CGL_Tier_1_Question_Paper_2023_38_Shifts_25_July_2023_Shift_3_EN.pdf,24,4,English Comprehension,B,Answered,
SSC_CGL_Tier_1_Question_Paper_2023_38_Shifts_25_July_2023_Shift_3_EN.pdf,25,4,English Comprehension,A,Answered,
SSC_CGL_Tier_1_Question_Paper_2023_38_Shifts_25_July_2023_Shift_4_EN.pdf,1,1,General Intelligence and Reasoning,D,Answered,
SSC_CGL_Tier_1_Question_Paper_2023_38_Shifts_25_July_2023_Shift_4_EN.pdf,2,1,General Intelligence and Reasoning,C,Answered,
SSC_CGL_Tier_1_Question_Paper_2023_38_Shifts_25_July_2023_Shift_4_EN.pdf,3,1,General Intelligence and Reasoning,C,Answered,
SSC_CGL_Tier_1_Question_Paper_2023_38_Shifts_25_July_2023_Shift_4_EN.pdf,4,1,General Intelligence and Reasoning,,,
SSC_CGL_Tier_1_Question_Paper_2023_38_Shifts_25_July_2023_Shift_4_EN.pdf,5,1,General Intelligence and Reasoning,C,Answered,
SSC_CGL_Tier_1_Question_Paper_2023_38_Shifts_25_July_2023_Shift_4_EN.pdf,6,1,General Intelligence and Reasoning,,,
SSC_CGL_Tier_1_Question_Paper_2023_38_Shifts_25_July_2023_Shift_4_EN.pdf,7,1,General Intelligence and Reasoning,B,Answered,
SSC_CGL_Tier_1_Question_Paper_2023_38_Shifts_25_July_2023_Shift_4_EN.pdf,8,1,General Intelligence and Reasoning,D,Answered,
SSC_CGL_Tier_1_Question_Paper_2023_38_Shifts_25_July_2023_Shift_4_EN.pdf,9,1,General Intelligence and Reasoning,A,Answered,
SSC_CGL_Tier_1_Question_Paper_2023_38_Shifts_25_July_2023_Shift_4_EN.pdf,10,1,General Intelligence and Reasoning,C,Answered,
SSC_CGL_Tier_1_Question_Paper_2023_38_Shifts_25_July_2023_Shift_4_EN.pdf,11,1,General Intelligence and Reasoning,,,
SSC_CGL_Tier_1_Question_Paper_2023_38_Shifts_25_July_2023_Shift_4_EN.pdf,12,1,General Intelligence and Reasoning,D,Answered,
SSC_CGL_Tier_1_Question_Paper_2023_38_Shifts_25_July_2023_Shift_4_EN.pdf,13,1,General Intelligence and Reasoning,A,Answered,
SSC_CGL_Tier_1_Question_Paper_2023_38_Shifts_25_July_2023_Shift_4_EN.pdf,14,1,General Intelligence and Reasoning,A,Answered,
SSC_CGL_Tier_1_Question_Paper_2023_38_Shifts_25_July_2023_Shift_4_EN.pdf,15,1,General Intelligence and Reasoning,D,Answered,
SSC_CGL_Tier_1_Question_Paper_2023_38_Shifts_25_July_2023_Shift_4_EN.pdf,16,1,General Intelligence and Reasoning,,,
SSC_CGL_Tier_1_Question_Paper_2023_38_Shifts_25_July_2023_Shift_4_EN.pdf,17,1,General Intelligence and Reasoning,C,Answered,
SSC_CGL_Tier_1_Question_Paper_2023_38_Shifts_25_July_2023_Shift_4_EN.pdf,18,1,General Intelligence and Reasoning,B,Answered,
SSC_CGL_Tier_1_Question_Paper_2023_38_Shifts_25_July_2023_Shift_4_EN.pdf,19,1,General Intelligence and Reasoning,B,Answered,
SSC_CGL_Tier_1_Question_Paper_2023_38_Shifts_25_July_2023_Shift_4_EN.pdf,20,1,General Intelligence and Reasoning,A,Answered,
SSC_CGL_Tier_1_Question_Paper_2023_38_Shifts_25_July_2023_Shift_4_EN.pdf,21,1,General Intelligence and Reasoning,D,Answered,
SSC_CGL_Tier_1_Question_Paper_2023_38_Shifts_25_July_2023_Shift_4_EN.pdf,22,1,General Intelligence and Reasoning,A,Answered,
SSC_CGL_Tier_1_Question_Paper_2023_38_Shifts_25_July_2023_Shift_4_EN.pdf,23,1,General Intelligence and Reasoning,B,Answered,
SSC_CGL_Tier_1_Question_Paper_2023_38_Shifts_25_July_2023_Shift_4_EN.pdf,24,1,General Intelligence and Reasoning,C,Answered,
SSC_CGL_Tier_1_Question_Paper_2023_38_Shifts_25_July_2023_Shift_4_EN.pdf,25,1,General Intelligence and Reasoning,A,Answered,
SSC_CGL_Tier_1_Question_Paper_2023_38_Shifts_25_July_2023_Shift_4_EN.pdf,1,2,General Awareness,A,Answered,
SSC_CGL_Tier_1_Question_Paper_2023_38_Shifts_25_July_2023_Shift_4_EN.pdf,2,2,General Awareness,C,Answered,
SSC_CGL_Tier_1_Question_Paper_2023_38_Shifts_25_July_2023_Shift_4_EN.pdf,3,2,General Awareness,,Not Answered,
SSC_CGL_Tier_1_Question_Paper_2023_38_Shifts_25_July_2023_Shift_4_EN.pdf,4,2,General Awareness,,Not Answered,
SSC_CGL_Tier_1_Question_Paper_2023_38_Shifts_25_July_2023_Shift_4_EN.pdf,5,2,General Awareness,B,Answered,
SSC_CGL_Tier_1_Question_Paper_2023_38_Shifts_25_July_2023_Shift_4_EN.pdf,6,2,General Awareness,A,Answered,
SSC_CGL_Tier_1_Question_Paper_2023_38_Shifts_25_July_2023_Shift_4_EN.pdf,7,2,General Awareness,D,Answered,
SSC_CGL_Tier_1_Question_Paper_2023_38_Shifts_25_July_2023_Shift_4_EN.pdf,8,2,General Awareness,,Not Answered,
SSC_CGL_Tier_1_Question_Paper_2023_38_Shifts_25_July_2023_Shift_4_EN.pdf,9,2,General Awareness,B,Answered,
SSC_CGL_Tier_1_Question_Paper_2023_38_Shifts_25_July_2023_Shift_4_EN.pdf,10,2,General Awareness,,Not Answered,
SSC_CGL_Tier_1_Question_Paper_2023_38_Shifts_25_July_2023_Shift_4_EN.pdf,11,2,General Awareness,D,Answered,
SSC_CGL_Tier_1_Question_Paper_2023_38_Shifts_25_July_2023_Shift_4_EN.pdf,12,2,General Awareness,D,Answered,
SSC_CGL_Tier_1_Question_Paper_2023_38_Shifts_25_July_2023_Shift_4_EN.pdf,13,2,General Awareness,,Not Answered,
SSC_CGL_Tier_1_Question_Paper_2023_38_Shifts_25_July_2023_Shift_4_EN.pdf,14,2,General Awareness,C,Answered,
SSC_CGL_Tier_1_Question_Paper_2023_38_Shifts_25_July_2023_Shift_4_EN.pdf,15,2,General Awareness,D,Answered,
SSC_CGL_Tier_1_Question_Paper_2023_38_Shifts_25_July_2023_Shift_4_EN.pdf,16,2,General Awareness,A,Answered,
SSC_CGL_Tier_1_Question_Paper_2023_38_Shifts_25_July_2023_Shift_4_EN.pdf,17,2,General Awareness,C,Answered,
SSC_CGL_Tier_1_Question_Paper_2023_38_Shifts_25_July_2023_Shift_4_EN.pdf,18,2,General Awareness,,Not Answered,
SSC_CGL_Tier_1_Question_Paper_2023_38_Shifts_25_July_2023_Shift_4_EN.pdf,19,2,General Awareness,D,Answered,
SSC_CGL_Tier_1_Question_Paper_2023_38_Shifts_25_July_2023_Shift_4_EN.pdf,20,2,General Awareness,C,Answered,
SSC_CGL_Tier_1_Question_Paper_2023_38_Shifts_25_July_2023_Shift_4_EN.pdf,21,2,General Awareness,D,Answered,
SSC_CGL_Tier_1_Question_Paper_2023_38_Shifts_25_July_2023_Shift_4_EN.pdf,22,2,General Awareness,,Not Answered,
SSC_CGL_Tier_1_Question_Paper_2023_38_Shifts_25_July_2023_Shift_4_EN.pdf,23,2,General Awareness,,Not Answered,
SSC_CGL_Tier_1_Question_Paper_2023_38_Shifts_25_July_2023_Shift_4_EN.pdf,24,2,General Awareness,B,Answered,
SSC_CGL_Tier_1_Question_Paper_2023_38_Shifts_25_July_2023_Shift_4_EN.pdf,25,2,General Awareness,,Not Answered,
SSC_CGL_Tier_1_Question_Paper_2023_38_Shifts_25_July_2023_Shift_4_EN.pdf,1,3,Quantitative Aptitude,D,Answered,
SSC_CGL_Tier_1_Question_Paper_2023_38_Shifts_25_July_2023_Shift_4_EN.pdf,2,3,Quantitative Aptitude,,,
SSC_CGL_Tier_1_Question_Paper_2023_38_Shifts_25_July_2023_Shift_4_EN.pdf,3,3,Quantitative Aptitude,,,
SSC_CGL_Tier_1_Question_Paper_2023_38_Shifts_25_July_2023_Shift_4_EN.pdf,4,3,Quantitative Aptitude,C,Answered,
SSC_CGL_Tier_1_Question_Paper_2023_38_Shifts_25_July_2023_Shift_4_EN.pdf,5,3,Quantitative Aptitude,B,Answered,
SSC_CGL_Tier_1_Question_Paper_2023_38_Shifts_25_July_2023_Shift_4_EN.pdf,6,3,Quantitative Aptitude,B,Answered,
SSC_CGL_Tier_1_Question_Paper_2023_38_Shifts_25_July_2023_Shift_4_EN.pdf,7,3,Quantitative Aptitude,C,,
SSC_CGL_Tier_1_Question_Paper_2023_38_Shifts_25_July_2023_Shift_4_EN.pdf,8,3,Quantitative Aptitude,A,Answered,
SSC_CGL_Tier_1_Question_Paper_2023_38_Shifts_25_July_2023_Shift_4_EN.pdf,9,3,Quantitative Aptitude,D,Answered,
SSC_CGL_Tier_1_Question_Paper_2023_38_Shifts_25_July_2023_Shift_4_EN.pdf,10,3,Quantitative Aptitude,A,Answered,
SSC_CGL_Tier_1_Question_Paper_2023_38_Shifts_25_July_2023_Shift_4_EN.pdf,11,3,Quantitative Aptitude,A,Answered,
SSC_CGL_Tier_1_Question_Paper_2023_38_Shifts_25_July_2023_Shift_4_EN.pdf,12,3,Quantitative Aptitude,A,Answered,
SSC_CGL_Tier_1_Question_Paper_2023_38_Shifts_25_July_2023_Shift_4_EN.pdf,13,3,Quantitative Aptitude,A,Answered,
SSC_CGL_Tier_1_Question_Paper_2023_38_Shifts_25_July_2023_Shift_4_EN.pdf,14,3,Quantitative Aptitude,,,
SSC_CGL_Tier_1_Question_Paper_2023_38_Shifts_25_July_2023_Shift_4_EN.pdf,15,3,Quantitative Aptitude,A,Answered,
SSC_CGL_Tier_1_Question_Paper_2023_38_Shifts_25_July_2023_Shift_4_EN.pdf,16,3,Quantitative Aptitude,C,,
SSC_CGL_Tier_1_Question_Paper_2023_38_Shifts_25_July_2023_Shift_4_EN.pdf,17,3,Quantitative Aptitude,D,Answered,
SSC_CGL_Tier_1_Question_Paper_2023_38_Shifts_25_July_2023_Shift_4_EN.pdf,18,3,Quantitative Aptitude,C,Answered,
SSC_CGL_Tier_1_Question_Paper_2023_38_Shifts_25_July_2023_Shift_4_EN.pdf,19,3,Quantitative Aptitude,C,Answered,
SSC_CGL_Tier_1_Question_Paper_2023_38_Shifts_25_July_2023_Shift_4_EN.pdf,20,3,Quantitative Aptitude,B,Answered,
SSC_CGL_Tier_1_Question_Paper_2023_38_Shifts_25_July_2023_Shift_4_EN.pdf,21,3,Quantitative Aptitude,B,Answered,
SSC_CGL_Tier_1_Question_Paper_2023_38_Shifts_25_July_2023_Shift_4_EN.pdf,22,3,Quantitative Aptitude,,,
SSC_CGL_Tier_1_Question_Paper_2023_38_Shifts_25_July_2023_Shift_4_EN.pdf,23,3,Quantitative Aptitude,D,Answered,
SSC_CGL_Tier_1_Question_Paper_2023_38_Shifts_25_July_2023_Shift_4_EN.pdf,24,3,Quantitative Aptitude,B,Answered,
SSC_CGL_Tier_1_Question_Paper_2023_38_Shifts_25_July_2023_Shift_4_EN.pdf,25,3,Quantitative Aptitude,D,Answered,
SSC_CGL_Tier_1_Question_Paper_2023_38_Shifts_25_July_2023_Shift_4_EN.pdf,1,4,English Comprehension,D,Answered,
SSC_CGL_Tier_1_Question_Paper_2023_38_Shifts_25_July_2023_Shift_4_EN.pdf,2,4,English Comprehension,C,Answered,
SSC_CGL_Tier_1_Question_Paper_2023_38_Shifts_25_July_2023_Shift_4_EN.pdf,3,4,English Comprehension,B,Answered,
SSC_CGL_Tier_1_Question_Paper_2023_38_Shifts_25_July_2023_Shift_4_EN.pdf,4,4,English Comprehension,C,Answered,
SSC_CGL_Tier_1_Question_Paper_2023_38_Shifts_25_July_2023_Shift_4_EN.pdf,5,4,English Comprehension,B,Answered,
SSC_CGL_Tier_1_Question_Paper_2023_38_Shifts_25_July_2023_Shift_4_EN.pdf,6,4,English Comprehension,C,Answered,
SSC_CGL_Tier_1_Question_Paper_2023_38_Shifts_25_July_2023_Shift_4_EN.pdf,7,4,English Comprehension,A,,
SSC_CGL_Tier_1_Question_Paper_2023_38_Shifts_25_July_2023_Shift_4_EN.pdf,8,4,English Comprehension,A,Answered,
SSC_CGL_Tier_1_Question_Paper_2023_38_Shifts_25_July_2023_Shift_4_EN.pdf,9,4,English Comprehension,B,Answered,
SSC_CGL_Tier_1_Question_Paper_2023_38_Shifts_25_July_2023_Shift_4_EN.pdf,10,4,English Comprehension,D,Answered,
SSC_CGL_Tier_1_Question_Paper_2023_38_Shifts_25_July_2023_Shift_4_EN.pdf,11,4,English Comprehension,D,Answered,
SSC_CGL_Tier_1_Question_Paper_2023_38_Shifts_25_July_2023_Shift_4_EN.pdf,12,4,English Comprehension,A,Answered,
SSC_CGL_Tier_1_Question_Paper_2023_38_Shifts_25_July_2023_Shift_4_EN.pdf,13,4,English Comprehension,D,Answered,
SSC_CGL_Tier_1_Question_Paper_2023_38_Shifts_25_July_2023_Shift_4_EN.pdf,14,4,English Comprehension,D,Answered,
SSC_CGL_Tier_1_Question_Paper_2023_38_Shifts_25_July_2023_Shift_4_EN.pdf,15,4,English Comprehension,B,Answered,
SSC_CGL_Tier_1_Question_Paper_2023_38_Shifts_25_July_2023_Shift_4_EN.pdf,16,4,English Comprehension,B,Answered,
SSC_CGL_Tier_1_Question_Paper_2023_38_Shifts_25_July_2023_Shift_4_EN.pdf,17,4,English Comprehension,D,Answered,
SSC_CGL_Tier_1_Question_Paper_2023_38_Shifts_25_July_2023_Shift_4_EN.pdf,18,4,English Comprehension,C,Answered,
SSC_CGL_Tier_1_Question_Paper_2023_38_Shifts_25_July_2023_Shift_4_EN.pdf,19,4,English Comprehension,,,
SSC_CGL_Tier_1_Question_Paper_2023_38_Shifts_25_July_2023_Shift_4_EN.pdf,20,4,English Comprehension,B,,
SSC_CGL_Tier_1_Question_Paper_2023_38_Shifts_25_July_2023_Shift_4_EN.pdf,21,4,English Comprehension,A,Answered,
SSC_CGL_Tier_1_Question_Paper_2023_38_Shifts_25_July_2023_Shift_4_EN.pdf,22,4,English Comprehension,D,Answered,
SSC_CGL_Tier_1_Question_Paper_2023_38_Shifts_25_July_2023_Shift_4_EN.pdf,23,4,English Comprehension,C,Answered,
SSC_CGL_Tier_1_Question_Paper_2023_38_Shifts_25_July_2023_Shift_4_EN.pdf,24,4,English Comprehension,C,Answered,
SSC_CGL_Tier_1_Question_Paper_2023_38_Shifts_25_July_2023_Shift_4_EN.pdf,25,4,English Comprehension,A,Answered,
SSC_CGL_Tier_1_Question_Paper_2023_38_Shifts_26_July_2023_Shift_1_EN.pdf,1,1,General Intelligence and Reasoning,D,Answered,
SSC_CGL_Tier_1_Question_Paper_2023_38_Shifts_26_July_2023_Shift_1_EN.pdf,2,1,General Intelligence and Reasoning,D,Answered,
SSC_CGL_Tier_1_Question_Paper_2023_38_Shifts_26_July_2023_Shift_1_EN.pdf,3,1,General Intelligence and Reasoning,D,Answered,
SSC_CGL_Tier_1_Question_Paper_2023_38_Shifts_26_July_2023_Shift_1_EN.pdf,4,1,General Intelligence and Reasoning,,Not Answered,
SSC_CGL_Tier_1_Question_Paper_2023_38_Shifts_26_July_2023_Shift_1_EN.pdf,5,1,General Intelligence and Reasoning,D,Answered,
SSC_CGL_Tier_1_Question_Paper_2023_38_Shifts_26_July_2023_Shift_1_EN.pdf,6,1,General Intelligence and Reasoning,C,Answered,
SSC_CGL_Tier_1_Question_Paper_2023_38_Shifts_26_July_2023_Shift_1_EN.pdf,7,1,General Intelligence and Reasoning,A,Answered,
SSC_CGL_Tier_1_Question_Paper_2023_38_Shifts_26_July_2023_Shift_1_EN.pdf,8,1,General Intelligence and Reasoning,B,Answered,
SSC_CGL_Tier_1_Question_Paper_2023_38_Shifts_26_July_2023_Shift_1_EN.pdf,9,1,General Intelligence and Reasoning,A,Answered,
SSC_CGL_Tier_1_Question_Paper_2023_38_Shifts_26_July_2023_Shift_1_EN.pdf,10,1,General Intelligence and Reasoning,D,Answered,
SSC_CGL_Tier_1_Question_Paper_2023_38_Shifts_26_July_2023_Shift_1_EN.pdf,11,1,General Intelligence and Reasoning,A,Answered,
SSC_CGL_Tier_1_Question_Paper_2023_38_Shifts_26_July_2023_Shift_1_EN.pdf,12,1,General Intelligence and Reasoning,A,Answered,
SSC_CGL_Tier_1_Question_Paper_2023_38_Shifts_26_July_2023_Shift_1_EN.pdf,13,1,General Intelligence and Reasoning,B,Answered,
SSC_CGL_Tier_1_Question_Paper_2023_38_Shifts_26_July_2023_Shift_1_EN.pdf,14,1,General Intelligence and Reasoning,B,Answered,
SSC_CGL_Tier_1_Question_Paper_2023_38_Shifts_26_July_2023_Shift_1_EN.pdf,15,1,General Intelligence and Reasoning,C,Answered,
SSC_CGL_Tier_1_Question_Paper_2023_38_Shifts_26_July_2023_Shift_1_EN.pdf,16,1,General Intelligence and Reasoning,C,Answered,
SSC_CGL_Tier_1_Question_Paper_2023_38_Shifts_26_July_2023_Shift_1_EN.pdf,17,1,General Intelligence and Reasoning,B,Answered,
SSC_CGL_Tier_1_Question_Paper_2023_38_Shifts_26_July_2023_Shift_1_EN.pdf,18,1,General Intelligence and Reasoning,D,Answered,
SSC_CGL_Tier_1_Question_Paper_2023_38_Shifts_26_July_2023_Shift_1_EN.pdf,19,1,General Intelligence and Reasoning,C,Answered,
SSC_CGL_Tier_1_Question_Paper_2023_38_Shifts_26_July_2023_Shift_1_EN.pdf,20,1,General Intelligence and Reasoning,B,Answered,
SSC_CGL_Tier_1_Question_Paper_2023_38_Shifts_26_July_2023_Shift_1_EN.pdf,21,1,General Intelligence and Reasoning,B,Answered,
SSC_CGL_Tier_1_Question_Paper_2023_38_Shifts_26_July_2023_Shift_1_EN.pdf,22,1,General Intelligence and Reasoning,C,Answered,
SSC_CGL_Tier_1_Question_Paper_2023_38_Shifts_26_July_2023_Shift_1_EN.pdf,23,1,General Intelligence and Reasoning,A,Answered,
SSC_CGL_Tier_1_Question_Paper_2023_38_Shifts_26_July_2023_Shift_1_EN.pdf,24,1,General Intelligence and Reasoning,,Not Answered,
SSC_CGL_Tier_1_Question_Paper_2023_38_Shifts_26_July_2023_Shift_1_EN.pdf,25,1,General Intelligence and Reasoning,B,Answered,
SSC_CGL_Tier_1_Question_Paper_2023_38_Shifts_26_July_2023_Shift_1_EN.pdf,1,2,General Awareness,D,Answered,
SSC_CGL_Tier_1_Question_Paper_2023_38_Shifts_26_July_2023_Shift_1_EN.pdf,2,2,General Awareness,A,Answered,
SSC_CGL_Tier_1_Question_Paper_2023_38_Shifts_26_July_2023_Shift_1_EN.pdf,3,2,General Awareness,C,Answered,
SSC_CGL_Tier_1_Question_Paper_2023_38_Shifts_26_July_2023_Shift_1_EN.pdf,4,2,General Awareness,A,Answered,
SSC_CGL_Tier_1_Question_Paper_2023_38_Shifts_26_July_2023_Shift_1_EN.pdf,5,2,General Awareness,,Not Answered,
SSC_CGL_Tier_1_Question_Paper_2023_38_Shifts_26_July_2023_Shift_1_EN.pdf,6,2,General Awareness,,Not Answered,
SSC_CGL_Tier_1_Question_Paper_2023_38_Shifts_26_July_2023_Shift_1_EN.pdf,7,2,General Awareness,D,Answered,
SSC_CGL_Tier_1_Question_Paper_2023_38_Shifts_26_July_2023_Shift_1_EN.pdf,8,2,General Awareness,,Not Answered,
SSC_CGL_Tier_1_Question_Paper_2023_38_Shifts_26_July_2023_Shift_1_EN.pdf,9,2,General Awareness,A,Answered,
SSC_CGL_Tier_1_Question_Paper_2023_38_Shifts_26_July_2023_Shift_1_EN.pdf,10,2,General Awareness,,Not Answered,
SSC_CGL_Tier_1_Question_Paper_2023_38_Shifts_26_July_2023_Shift_1_EN.pdf,11,2,General Awareness,,Not Answered,
SSC_CGL_Tier_1_Question_Paper_2023_38_Shifts_26_July_2023_Shift_1_EN.pdf,12,2,General Awareness,,Not Answered,
SSC_CGL_Tier_1_Question_Paper_2023_38_Shifts_26_July_2023_Shift_1_EN.pdf,13,2,General Awareness,,Not Answered,
SSC_CGL_Tier_1_Question_Paper_2023_38_Shifts_26_July_2023_Shift_1_EN.pdf,14,2,General Awareness,D,Answered,
SSC_CGL_Tier_1_Question_Paper_2023_38_Shifts_26_July_2023_Shift_1_EN.pdf,15,2,General Awareness,A,Answered,
SSC_CGL_Tier_1_Question_Paper_2023_38_Shifts_26_July_2023_Shift_1_EN.pdf,16,2,General Awareness,,Not Answered,
SSC_CGL_Tier_1_Question_Paper_2023_38_Shifts_26_July_2023_Shift_1_EN.pdf,17,2,General Awareness,A,Answered,
SSC_CGL_Tier_1_Question_Paper_2023_38_Shifts_26_July_2023_Shift_1_EN.pdf,18,2,General Awareness,,Not Answered,
SSC_CGL_Tier_1_Question_Paper_2023_38_Shifts_26_July_2023_Shift_1_EN.pdf,19,2,General Awareness,,Not Answered,
SSC_CGL_Tier_1_Question_Paper_2023_38_Shifts_26_July_2023_Shift_1_EN.pdf,20,2,General Awareness,,Not Answered,
SSC_CGL_Tier_1_Question_Paper_2023_38_Shifts_26_July_2023_Shift_1_EN.pdf,21,2,General Awareness,,Not Answered,
SSC_CGL_Tier_1_Question_Paper_2023_38_Shifts_26_July_2023_Shift_1_EN.pdf,22,2,General Awareness,A,Answered,
SSC_CGL_Tier_1_Question_Paper_2023_38_Shifts_26_July_2023_Shift_1_EN.pdf,23,2,General Awareness,A,Answered,
SSC_CGL_Tier_1_Question_Paper_2023_38_Shifts_26_July_2023_Shift_1_EN.pdf,24,2,General Awareness,,Not Answered,
SSC_CGL_Tier_1_Question_Paper_2023_38_Shifts_26_July_2023_Shift_1_EN.pdf,25,2,General Awareness,A,Answered,
SSC_CGL_Tier_1_Question_Paper_2023_38_Shifts_26_July_2023_Shift_1_EN.pdf,1,3,Quantitative Aptitude,,Not Answered,
SSC_CGL_Tier_1_Question_Paper_2023_38_Shifts_26_July_2023_Shift_1_EN.pdf,2,3,Quantitative Aptitude,D,Answered,
SSC_CGL_Tier_1_Question_Paper_2023_38_Shifts_26_July_2023_Shift_1_EN.pdf,3,3,Quantitative Aptitude,D,Answered,
SSC_CGL_Tier_1_Question_Paper_2023_38_Shifts_26_July_2023_Shift_1_EN.pdf,4,3,Quantitative Aptitude,D,Answered,
SSC_CGL_Tier_1_Question_Paper_2023_38_Shifts_26_July_2023_Shift_1_EN.pdf,5,3,Quantitative Aptitude,B,Answered,
SSC_CGL_Tier_1_Question_Paper_2023_38_Shifts_26_July_2023_Shift_1_EN.pdf,6,3,Quantitative Aptitude,,Not Answered,
SSC_CGL_Tier_1_Question_Paper_2023_38_Shifts_26_July_2023_Shift_1_EN.pdf,7,3,Quantitative Aptitude,A,Answered,
SSC_CGL_Tier_1_Question_Paper_2023_38_Shifts_26_July_2023_Shift_1_EN.pdf,8,3,Quantitative Aptitude,C,Answered,
SSC_CGL_Tier_1_Question_Paper_2023_38_Shifts_26_July_2023_Shift_1_EN.pdf,9,3,Quantitative Aptitude,A,Answered,
SSC_CGL_Tier_1_Question_Paper_2023_38_Shifts_26_July_2023_Shift_1_EN.pdf,10,3,Quantitative Aptitude,A,Answered,
SSC_CGL_Tier_1_Question_Paper_2023_38_Shifts_26_July_2023_Shift_1_EN.pdf,11,3,Quantitative Aptitude,,Not Answered,
SSC_CGL_Tier_1_Question_Paper_2023_38_Shifts_26_July_2023_Shift_1_EN.pdf,12,3,Quantitative Aptitude,B,Answered,
SSC_CGL_Tier_1_Question_Paper_2023_38_Shifts_26_July_2023_Shift_1_EN.pdf,13,3,Quantitative Aptitude,,Not Answered,
SSC_CGL_Tier_1_Question_Paper_2023_38_Shifts_26_July_2023_Shift_1_EN.pdf,14,3,Quantitative Aptitude,C,Answered,
SSC_CGL_Tier_1_Question_Paper_2023_38_Shifts_26_July_2023_Shift_1_EN.pdf,15,3,Quantitative Aptitude,D,Answered,
SSC_CGL_Tier_1_Question_Paper_2023_38_Shifts_26_July_2023_Shift_1_EN.pdf,16,3,Quantitative Aptitude,C,Answered,
SSC_CGL_Tier_1_Question_Paper_2023_38_Shifts_26_July_2023_Shift_1_EN.pdf,17,3,Quantitative Aptitude,C,Answered,
SSC_CGL_Tier_1_Question_Paper_2023_38_Shifts_26_July_2023_Shift_1_EN.pdf,18,3,Quantitative Aptitude,,,
SSC_CGL_Tier_1_Question_Paper_2023_38_Shifts_26_July_2023_Shift_1_EN.pdf,19,3,Quantitative Aptitude,D,Answered,
SSC_CGL_Tier_1_Question_Paper_2023_38_Shifts_26_July_2023_Shift_1_EN.pdf,20,3,Quantitative Aptitude,C,Answered,
SSC_CGL_Tier_1_Question_Paper_2023_38_Shifts_26_July_2023_Shift_1_EN.pdf,21,3,Quantitative Aptitude,B,Answered,
SSC_CGL_Tier_1_Question_Paper_2023_38_Shifts_26_July_2023_Shift_1_EN.pdf,22,3,Quantitative Aptitude,,Not Answered,
SSC_CGL_Tier_1_Question_Paper_2023_38_Shifts_26_July_2023_Shift_1_EN.pdf,23,3,Quantitative Aptitude,,Not Answered,
SSC_CGL_Tier_1_Question_Paper_2023_38_Shifts_26_July_2023_Shift_1_EN.pdf,24,3,Quantitative Aptitude,,Not Answered,
SSC_CGL_Tier_1_Question_Paper_2023_38_Shifts_26_July_2023_Shift_1_EN.pdf,25,3,Quantitative Aptitude,,Not Answered,
SSC_CGL_Tier_1_Question_Paper_2023_38_Shifts_26_July_2023_Shift_1_EN.pdf,1,4,English Comprehension,D,Answered,
SSC_CGL_Tier_1_Question_Paper_2023_38_Shifts_26_July_2023_Shift_1_EN.pdf,2,4,English Comprehension,A,Answered,
SSC_CGL_Tier_1_Question_Paper_2023_38_Shifts_26_July_2023_Shift_1_EN.pdf,3,4,English Comprehension,B,Answered,
SSC_CGL_Tier_1_Question_Paper_2023_38_Shifts_26_July_2023_Shift_1_EN.pdf,4,4,English Comprehension,D,Answered,
SSC_CGL_Tier_1_Question_Paper_2023_38_Shifts_26_July_2023_Shift_1_EN.pdf,5,4,English Comprehension,D,Answered,
SSC_CGL_Tier_1_Question_Paper_2023_38_Shifts_26_July_2023_Shift_1_EN.pdf,6,4,English Comprehension,A,Answered,
SSC_CGL_Tier_1_Question_Paper_2023_38_Shifts_26_July_2023_Shift_1_EN.pdf,7,4,English Comprehension,C,Answered,
SSC_CGL_Tier_1_Question_Paper_2023_38_Shifts_26_July_2023_Shift_1_EN.pdf,8,4,English Comprehension,C,Answered,
SSC_CGL_Tier_1_Question_Paper_2023_38_Shifts_26_July_2023_Shift_1_EN.pdf,9,4,English Comprehension,B,Answered,
SSC_CGL_Tier_1_Question_Paper_2023_38_Shifts_26_July_2023_Shift_1_EN.pdf,10,4,English Comprehension,D,Answered,
SSC_CGL_Tier_1_Question_Paper_2023_38_Shifts_26_July_2023_Shift_1_EN.pdf,11,4,English Comprehension,C,Answered,
SSC_CGL_Tier_1_Question_Paper_2023_38_Shifts_26_July_2023_Shift_1_EN.pdf,12,4,English Comprehension,A,Answered,
SSC_CGL_Tier_1_Question_Paper_2023_38_Shifts_26_July_2023_Shift_1_EN.pdf,13,4,English Comprehension,D,Answered,
SSC_CGL_Tier_1_Question_Paper_2023_38_Shifts_26_July_2023_Shift_1_EN.pdf,14,4,English Comprehension,D,Answered,
SSC_CGL_Tier_1_Question_Paper_2023_38_Shifts_26_July_2023_Shift_1_EN.pdf,15,4,English Comprehension,D,Answered,
SSC_CGL_Tier_1_Question_Paper_2023_38_Shifts_26_July_2023_Shift_1_EN.pdf,16,4,English Comprehension,C,Answered,
SSC_CGL_Tier_1_Question_Paper_2023_38_Shifts_26_July_2023_Shift_1_EN.pdf,17,4,English Comprehension,C,Answered,
SSC_CGL_Tier_1_Question_Paper_2023_38_Shifts_26_July_2023_Shift_1_EN.pdf,18,4,English Comprehension,A,Answered,
SSC_CGL_Tier_1_Question_Paper_2023_38_Shifts_26_July_2023_Shift_1_EN.pdf,19,4,English Comprehension,A,Answered,
SSC_CGL_Tier_1_Question_Paper_2023_38_Shifts_26_July_2023_Shift_1_EN.pdf,20,4,English Comprehension,A,Answered,
SSC_CGL_Tier_1_Question_Paper_2023_38_Shifts_26_July_2023_Shift_1_EN.pdf,21,4,English Comprehension,A,Answered,
SSC_CGL_Tier_1_Question_Paper_2023_38_Shifts_26_July_2023_Shift_1_EN.pdf,22,4,English Comprehension,B,Answered,
SSC_CGL_Tier_1_Question_Paper_2023_38_Shifts_26_July_2023_Shift_1_EN.pdf,23,4,English Comprehension,C,Answered,
SSC_CGL_Tier_1_Question_Paper_2023_38_Shifts_26_July_2023_Shift_1_EN.pdf,24,4,English Comprehension,A,Answered,
SSC_CGL_Tier_1_Question_Paper_2023_38_Shifts_26_July_2023_Shift_1_EN.pdf,25,4,English Comprehension,C,Answered,
SSC_CGL_Tier_1_Question_Paper_2024_36_Shifts_10th_Sept_2024_Shift_1_EN.pdf,1,1,General Intelligence and Reasoning,A,Answered,
SSC_CGL_Tier_1_Question_Paper_2024_36_Shifts_10th_Sept_2024_Shift_1_EN.pdf,2,1,General Intelligence and Reasoning,C,Answered,
SSC_CGL_Tier_1_Question_Paper_2024_36_Shifts_10th_Sept_2024_Shift_1_EN.pdf,3,1,General Intelligence and Reasoning,C,Answered,
SSC_CGL_Tier_1_Question_Paper_2024_36_Shifts_10th_Sept_2024_Shift_1_EN.pdf,4,1,General Intelligence and Reasoning,A,Answered,
SSC_CGL_Tier_1_Question_Paper_2024_36_Shifts_10th_Sept_2024_Shift_1_EN.pdf,5,1,General Intelligence and Reasoning,C,Answered,
SSC_CGL_Tier_1_Question_Paper_2024_36_Shifts_10th_Sept_2024_Shift_1_EN.pdf,6,1,General Intelligence and Reasoning,A,,
SSC_CGL_Tier_1_Question_Paper_2024_36_Shifts_10th_Sept_2024_Shift_1_EN.pdf,7,1,General Intelligence and Reasoning,C,Answered,
SSC_CGL_Tier_1_Question_Paper_2024_36_Shifts_10th_Sept_2024_Shift_1_EN.pdf,8,1,General Intelligence and Reasoning,C,Answered,
SSC_CGL_Tier_1_Question_Paper_2024_36_Shifts_10th_Sept_2024_Shift_1_EN.pdf,9,1,General Intelligence and Reasoning,B,Answered,
SSC_CGL_Tier_1_Question_Paper_2024_36_Shifts_10th_Sept_2024_Shift_1_EN.pdf,10,1,General Intelligence and Reasoning,D,Answered,
SSC_CGL_Tier_1_Question_Paper_2024_36_Shifts_10th_Sept_2024_Shift_1_EN.pdf,11,1,General Intelligence and Reasoning,A,Answered,
SSC_CGL_Tier_1_Question_Paper_2024_36_Shifts_10th_Sept_2024_Shift_1_EN.pdf,12,1,General Intelligence and Reasoning,B,Answered,
SSC_CGL_Tier_1_Question_Paper_2024_36_Shifts_10th_Sept_2024_Shift_1_EN.pdf,13,1,General Intelligence and Reasoning,A,Answered,
SSC_CGL_Tier_1_Question_Paper_2024_36_Shifts_10th_Sept_2024_Shift_1_EN.pdf,14,1,General Intelligence and Reasoning,D,Answered,
SSC_CGL_Tier_1_Question_Paper_2024_36_Shifts_10th_Sept_2024_Shift_1_EN.pdf,15,1,General Intelligence and Reasoning,C,Answered,
SSC_CGL_Tier_1_Question_Paper_2024_36_Shifts_10th_Sept_2024_Shift_1_EN.pdf,16,1,General Intelligence and Reasoning,D,Answered,
SSC_CGL_Tier_1_Question_Paper_2024_36_Shifts_10th_Sept_2024_Shift_1_EN.pdf,17,1,General Intelligence and Reasoning,C,Answered,
SSC_CGL_Tier_1_Question_Paper_2024_36_Shifts_10th_Sept_2024_Shift_1_EN.pdf,18,1,General Intelligence and Reasoning,B,Answered,
SSC_CGL_Tier_1_Question_Paper_2024_36_Shifts_10th_Sept_2024_Shift_1_EN.pdf,19,1,General Intelligence and Reasoning,C,Answered,
SSC_CGL_Tier_1_Question_Paper_2024_36_Shifts_10th_Sept_2024_Shift_1_EN.pdf,20,1,General Intelligence and Reasoning,D,Answered,
SSC_CGL_Tier_1_Question_Paper_2024_36_Shifts_10th_Sept_2024_Shift_1_EN.pdf,21,1,General Intelligence and Reasoning,B,Answered,
SSC_CGL_Tier_1_Question_Paper_2024_36_Shifts_10th_Sept_2024_Shift_1_EN.pdf,22,1,General Intelligence and Reasoning,B,Answered,
SSC_CGL_Tier_1_Question_Paper_2024_36_Shifts_10th_Sept_2024_Shift_1_EN.pdf,23,1,General Intelligence and Reasoning,D,Answered,
SSC_CGL_Tier_1_Question_Paper_2024_36_Shifts_10th_Sept_2024_Shift_1_EN.pdf,24,1,General Intelligence and Reasoning,B,Answered,
SSC_CGL_Tier_1_Question_Paper_2024_36_Shifts_10th_Sept_2024_Shift_1_EN.pdf,25,1,General Intelligence and Reasoning,D,Answered,
SSC_CGL_Tier_1_Question_Paper_2024_36_Shifts_10th_Sept_2024_Shift_1_EN.pdf,1,2,General Awareness,,Not Answered,
SSC_CGL_Tier_1_Question_Paper_2024_36_Shifts_10th_Sept_2024_Shift_1_EN.pdf,2,2,General Awareness,,Not Answered,
SSC_CGL_Tier_1_Question_Paper_2024_36_Shifts_10th_Sept_2024_Shift_1_EN.pdf,3,2,General Awareness,,Not Answered,
SSC_CGL_Tier_1_Question_Paper_2024_36_Shifts_10th_Sept_2024_Shift_1_EN.pdf,4,2,General Awareness,B,Answered,
SSC_CGL_Tier_1_Question_Paper_2024_36_Shifts_10th_Sept_2024_Shift_1_EN.pdf,5,2,General Awareness,,Not Answered,
SSC_CGL_Tier_1_Question_Paper_2024_36_Shifts_10th_Sept_2024_Shift_1_EN.pdf,6,2,General Awareness,,,
SSC_CGL_Tier_1_Question_Paper_2024_36_Shifts_10th_Sept_2024_Shift_1_EN.pdf,7,2,General Awareness,B,Answered,
SSC_CGL_Tier_1_Question_Paper_2024_36_Shifts_10th_Sept_2024_Shift_1_EN.pdf,8,2,General Awareness,,Not Answered,
SSC_CGL_Tier_1_Question_Paper_2024_36_Shifts_10th_Sept_2024_Shift_1_EN.pdf,9,2,General Awareness,,Not Answered,
SSC_CGL_Tier_1_Question_Paper_2024_36_Shifts_10th_Sept_2024_Shift_1_EN.pdf,10,2,General Awareness,A,Answered,
SSC_CGL_Tier_1_Question_Paper_2024_36_Shifts_10th_Sept_2024_Shift_1_EN.pdf,11,2,General Awareness,D,Answered,
SSC_CGL_Tier_1_Question_Paper_2024_36_Shifts_10th_Sept_2024_Shift_1_EN.pdf,12,2,General Awareness,A,Answered,
SSC_CGL_Tier_1_Question_Paper_2024_36_Shifts_10th_Sept_2024_Shift_1_EN.pdf,13,2,General Awareness,C,Answered,
SSC_CGL_Tier_1_Question_Paper_2024_36_Shifts_10th_Sept_2024_Shift_1_EN.pdf,14,2,General Awareness,,Not Answered,
SSC_CGL_Tier_1_Question_Paper_2024_36_Shifts_10th_Sept_2024_Shift_1_EN.pdf,15,2,General Awareness,C,Answered,
SSC_CGL_Tier_1_Question_Paper_2024_36_Shifts_10th_Sept_2024_Shift_1_EN.pdf,16,2,General Awareness,,Not Answered,
SSC_CGL_Tier_1_Question_Paper_2024_36_Shifts_10th_Sept_2024_Shift_1_EN.pdf,17,2,General Awareness,,Not Answered,
SSC_CGL_Tier_1_Question_Paper_2024_36_Shifts_10th_Sept_2024_Shift_1_EN.pdf,18,2,General Awareness,C,Answered,
SSC_CGL_Tier_1_Question_Paper_2024_36_Shifts_10th_Sept_2024_Shift_1_EN.pdf,19,2,General Awareness,,Not Answered,
SSC_CGL_Tier_1_Question_Paper_2024_36_Shifts_10th_Sept_2024_Shift_1_EN.pdf,20,2,General Awareness,A,Answered,
SSC_CGL_Tier_1_Question_Paper_2024_36_Shifts_10th_Sept_2024_Shift_1_EN.pdf,21,2,General Awareness,,Not Answered,
SSC_CGL_Tier_1_Question_Paper_2024_36_Shifts_10th_Sept_2024_Shift_1_EN.pdf,22,2,General Awareness,,Not Answered,
SSC_CGL_Tier_1_Question_Paper_2024_36_Shifts_10th_Sept_2024_Shift_1_EN.pdf,23,2,General Awareness,C,Answered,
SSC_CGL_Tier_1_Question_Paper_2024_36_Shifts_10th_Sept_2024_Shift_1_EN.pdf,24,2,General Awareness,B,Answered,
SSC_CGL_Tier_1_Question_Paper_2024_36_Shifts_10th_Sept_2024_Shift_1_EN.pdf,25,2,General Awareness,,Not Answered,
SSC_CGL_Tier_1_Question_Paper_2024_36_Shifts_10th_Sept_2024_Shift_1_EN.pdf,1,3,Quantitative Aptitude,B,Answered,
SSC_CGL_Tier_1_Question_Paper_2024_36_Shifts_10th_Sept_2024_Shift_1_EN.pdf,2,3,Quantitative Aptitude,C,Answered,
SSC_CGL_Tier_1_Question_Paper_2024_36_Shifts_10th_Sept_2024_Shift_1_EN.pdf,3,3,Quantitative Aptitude,B,Answered,
SSC_CGL_Tier_1_Question_Paper_2024_36_Shifts_10th_Sept_2024_Shift_1_EN.pdf,4,3,Quantitative Aptitude,,Not Answered,
SSC_CGL_Tier_1_Question_Paper_2024_36_Shifts_10th_Sept_2024_Shift_1_EN.pdf,5,3,Quantitative Aptitude,,Not Answered,
SSC_CGL_Tier_1_Question_Paper_2024_36_Shifts_10th_Sept_2024_Shift_1_EN.pdf,6,3,Quantitative Aptitude,C,Answered,
SSC_CGL_Tier_1_Question_Paper_2024_36_Shifts_10th_Sept_2024_Shift_1_EN.pdf,7,3,Quantitative Aptitude,,Not Answered,
SSC_CGL_Tier_1_Question_Paper_2024_36_Shifts_10th_Sept_2024_Shift_1_EN.pdf,8,3,Quantitative Aptitude,D,Answered,
SSC_CGL_Tier_1_Question_Paper_2024_36_Shifts_10th_Sept_2024_Shift_1_EN.pdf,9,3,Quantitative Aptitude,,,
SSC_CGL_Tier_1_Question_Paper_2024_36_Shifts_10th_Sept_2024_Shift_1_EN.pdf,10,3,Quantitative Aptitude,A,Answered,
SSC_CGL_Tier_1_Question_Paper_2024_36_Shifts_10th_Sept_2024_Shift_1_EN.pdf,11,3,Quantitative Aptitude,B,Answered,
SSC_CGL_Tier_1_Question_Paper_2024_36_Shifts_10th_Sept_2024_Shift_1_EN.pdf,12,3,Quantitative Aptitude,,Not Answered,
SSC_CGL_Tier_1_Question_Paper_2024_36_Shifts_10th_Sept_2024_Shift_1_EN.pdf,13,3,Quantitative Aptitude,D,Answered,
SSC_CGL_Tier_1_Question_Paper_2024_36_Shifts_10th_Sept_2024_Shift_1_EN.pdf,14,3,Quantitative Aptitude,,Not Answered,
SSC_CGL_Tier_1_Question_Paper_2024_36_Shifts_10th_Sept_2024_Shift_1_EN.pdf,15,3,Quantitative Aptitude,A,Answered,
SSC_CGL_Tier_1_Question_Paper_2024_36_Shifts_10th_Sept_2024_Shift_1_EN.pdf,16,3,Quantitative Aptitude,B,Answered,
SSC_CGL_Tier_1_Question_Paper_2024_36_Shifts_10th_Sept_2024_Shift_1_EN.pdf,17,3,Quantitative Aptitude,A,Answered,
SSC_CGL_Tier_1_Question_Paper_2024_36_Shifts_10th_Sept_2024_Shift_1_EN.pdf,18,3,Quantitative Aptitude,C,Answered,
SSC_CGL_Tier_1_Question_Paper_2024_36_Shifts_10th_Sept_2024_Shift_1_EN.pdf,19,3,Quantitative Aptitude,C,Answered,
SSC_CGL_Tier_1_Question_Paper_2024_36_Shifts_10th_Sept_2024_Shift_1_EN.pdf,20,3,Quantitative Aptitude,,Not Answered,
SSC_CGL_Tier_1_Question_Paper_2024_36_Shifts_10th_Sept_2024_Shift_1_EN.pdf,21,3,Quantitative Aptitude,,Not Answered,
SSC_CGL_Tier_1_Question_Paper_2024_36_Shifts_10th_Sept_2024_Shift_1_EN.pdf,22,3,Quantitative Aptitude,,Not Answered,
SSC_CGL_Tier_1_Question_Paper_2024_36_Shifts_10th_Sept_2024_Shift_1_EN.pdf,23,3,Quantitative Aptitude,,Not Answered,
SSC_CGL_Tier_1_Question_Paper_2024_36_Shifts_10th_Sept_2024_Shift_1_EN.pdf,24,3,Quantitative Aptitude,B,Answered,
SSC_CGL_Tier_1_Question_Paper_2024_36_Shifts_10th_Sept_2024_Shift_1_EN.pdf,25,3,Quantitative Aptitude,A,Answered,
SSC_CGL_Tier_1_Question_Paper_2024_36_Shifts_10th_Sept_2024_Shift_1_EN.pdf,1,4,English Comprehension,B,Answered,
SSC_CGL_Tier_1_Question_Paper_2024_36_Shifts_10th_Sept_2024_Shift_1_EN.pdf,2,4,English Comprehension,C,Answered,
SSC_CGL_Tier_1_Question_Paper_2024_36_Shifts_10th_Sept_2024_Shift_1_EN.pdf,3,4,English Comprehension,C,Answered,
SSC_CGL_Tier_1_Question_Paper_2024_36_Shifts_10th_Sept_2024_Shift_1_EN.pdf,4,4,English Comprehension,C,Answered,
SSC_CGL_Tier_1_Question_Paper_2024_36_Shifts_10th_Sept_2024_Shift_1_EN.pdf,5,4,English Comprehension,D,Answered,
SSC_CGL_Tier_1_Question_Paper_2024_36_Shifts_10th_Sept_2024_Shift_1_EN.pdf,6,4,English Comprehension,A,Answered,
SSC_CGL_Tier_1_Question_Paper_2024_36_Shifts_10th_Sept_2024_Shift_1_EN.pdf,7,4,English Comprehension,C,Answered,
SSC_CGL_Tier_1_Question_Paper_2024_36_Shifts_10th_Sept_2024_Shift_1_EN.pdf,8,4,English Comprehension,D,Answered,
SSC_CGL_Tier_1_Question_Paper_2024_36_Shifts_10th_Sept_2024_Shift_1_EN.pdf,9,4,English Comprehension,D,,
SSC_CGL_Tier_1_Question_Paper_2024_36_Shifts_10th_Sept_2024_Shift_1_EN.pdf,10,4,English Comprehension,A,,
SSC_CGL_Tier_1_Question_Paper_2024_36_Shifts_10th_Sept_2024_Shift_1_EN.pdf,11,4,English Comprehension,A,Answered,
SSC_CGL_Tier_1_Question_Paper_2024_36_Shifts_10th_Sept_2024_Shift_1_EN.pdf,12,4,English Comprehension,B,Answered,
SSC_CGL_Tier_1_Question_Paper_2024_36_Shifts_10th_Sept_2024_Shift_1_EN.pdf,13,4,English Comprehension,A,Answered,
SSC_CGL_Tier_1_Question_Paper_2024_36_Shifts_10th_Sept_2024_Shift_1_EN.pdf,14,4,English Comprehension,C,Answered,
SSC_CGL_Tier_1_Question_Paper_2024_36_Shifts_10th_Sept_2024_Shift_1_EN.pdf,15,4,English Comprehension,B,Answered,
SSC_CGL_Tier_1_Question_Paper_2024_36_Shifts_10th_Sept_2024_Shift_1_EN.pdf,16,4,English Comprehension,B,Answered,
SSC_CGL_Tier_1_Question_Paper_2024_36_Shifts_10th_Sept_2024_Shift_1_EN.pdf,17,4,English Comprehension,C,Answered,
SSC_CGL_Tier_1_Question_Paper_2024_36_Shifts_10th_Sept_2024_Shift_1_EN.pdf,18,4,English Comprehension,B,Answered,
SSC_CGL_Tier_1_Question_Paper_2024_36_Shifts_10th_Sept_2024_Shift_1_EN.pdf,19,4,English Comprehension,B,Answered,
SSC_CGL_Tier_1_Question_Paper_2024_36_Shifts_10th_Sept_2024_Shift_1_EN.pdf,20,4,English Comprehension,D,Answered,
SSC_CGL_Tier_1_Question_Paper_2024_36_Shifts_10th_Sept_2024_Shift_1_EN.pdf,21,4,English Comprehension,A,Answered,
SSC_CGL_Tier_1_Question_Paper_2024_36_Shifts_10th_Sept_2024_Shift_1_EN.pdf,22,4,English Comprehension,B,Answered,
SSC_CGL_Tier_1_Question_Paper_2024_36_Shifts_10th_Sept_2024_Shift_1_EN.pdf,23,4,English Comprehension,B,Answered,
SSC_CGL_Tier_1_Question_Paper_2024_36_Shifts_10th_Sept_2024_Shift_1_EN.pdf,24,4,English Comprehension,D,Answered,
SSC_CGL_Tier_1_Question_Paper_2024_36_Shifts_10th_Sept_2024_Shift_1_EN.pdf,25,4,English Comprehension,A,Answered,
SSC_CGL_Tier_1_Question_Paper_2024_36_Shifts_10th_Sept_2024_Shift_2_EN.pdf,1,1,General Intelligence and Reasoning,C,Answered,
SSC_CGL_Tier_1_Question_Paper_2024_36_Shifts_10th_Sept_2024_Shift_2_EN.pdf,2,1,General Intelligence and Reasoning,D,Answered,
SSC_CGL_Tier_1_Question_Paper_2024_36_Shifts_10th_Sept_2024_Shift_2_EN.pdf,3,1,General Intelligence and Reasoning,C,Answered,
SSC_CGL_Tier_1_Question_Paper_2024_36_Shifts_10th_Sept_2024_Shift_2_EN.pdf,4,1,General Intelligence and Reasoning,C,Answered,
SSC_CGL_Tier_1_Question_Paper_2024_36_Shifts_10th_Sept_2024_Shift_2_EN.pdf,5,1,General Intelligence and Reasoning,C,Answered,
SSC_CGL_Tier_1_Question_Paper_2024_36_Shifts_10th_Sept_2024_Shift_2_EN.pdf,6,1,General Intelligence and Reasoning,B,Answered,
SSC_CGL_Tier_1_Question_Paper_2024_36_Shifts_10th_Sept_2024_Shift_2_EN.pdf,7,1,General Intelligence and Reasoning,A,Answered,
SSC_CGL_Tier_1_Question_Paper_2024_36_Shifts_10th_Sept_2024_Shift_2_EN.pdf,8,1,General Intelligence and Reasoning,C,Answered,
SSC_CGL_Tier_1_Question_Paper_2024_36_Shifts_10th_Sept_2024_Shift_2_EN.pdf,9,1,General Intelligence and Reasoning,C,Answered,
SSC_CGL_Tier_1_Question_Paper_2024_36_Shifts_10th_Sept_2024_Shift_2_EN.pdf,10,1,General Intelligence and Reasoning,A,Answered,
SSC_CGL_Tier_1_Question_Paper_2024_36_Shifts_10th_Sept_2024_Shift_2_EN.pdf,11,1,General Intelligence and Reasoning,,Not Answered,
SSC_CGL_Tier_1_Question_Paper_2024_36_Shifts_10th_Sept_2024_Shift_2_EN.pdf,12,1,General Intelligence and Reasoning,D,Answered,
SSC_CGL_Tier_1_Question_Paper_2024_36_Shifts_10th_Sept_2024_Shift_2_EN.pdf,13,1,General Intelligence and Reasoning,B,Answered,
SSC_CGL_Tier_1_Question_Paper_2024_36_Shifts_10th_Sept_2024_Shift_2_EN.pdf,14,1,General Intelligence and Reasoning,A,Answered,
SSC_CGL_Tier_1_Question_Paper_2024_36_Shifts_10th_Sept_2024_Shift_2_EN.pdf,15,1,General Intelligence and Reasoning,B,Answered,
SSC_CGL_Tier_1_Question_Paper_2024_36_Shifts_10th_Sept_2024_Shift_2_EN.pdf,16,1,General Intelligence and Reasoning,C,Answered,
SSC_CGL_Tier_1_Question_Paper_2024_36_Shifts_10th_Sept_2024_Shift_2_EN.pdf,17,1,General Intelligence and Reasoning,C,Answered,
SSC_CGL_Tier_1_Question_Paper_2024_36_Shifts_10th_Sept_2024_Shift_2_EN.pdf,18,1,General Intelligence and Reasoning,,Not Answered,
SSC_CGL_Tier_1_Question_Paper_2024_36_Shifts_10th_Sept_2024_Shift_2_EN.pdf,19,1,General Intelligence and Reasoning,B,Answered,
SSC_CGL_Tier_1_Question_Paper_2024_36_Shifts_10th_Sept_2024_Shift_2_EN.pdf,20,1,General Intelligence and Reasoning,B,Answered,
SSC_CGL_Tier_1_Question_Paper_2024_36_Shifts_10th_Sept_2024_Shift_2_EN.pdf,21,1,General Intelligence and Reasoning,A,Answered,
SSC_CGL_Tier_1_Question_Paper_2024_36_Shifts_10th_Sept_2024_Shift_2_EN.pdf,22,1,General Intelligence and Reasoning,,Not Answered,
SSC_CGL_Tier_1_Question_Paper_2024_36_Shifts_10th_Sept_2024_Shift_2_EN.pdf,23,1,General Intelligence and Reasoning,A,Answered,
SSC_CGL_Tier_1_Question_Paper_2024_36_Shifts_10th_Sept_2024_Shift_2_EN.pdf,24,1,General Intelligence and Reasoning,C,Answered,
SSC_CGL_Tier_1_Question_Paper_2024_36_Shifts_10th_Sept_2024_Shift_2_EN.pdf,25,1,General Intelligence and Reasoning,A,Answered,
SSC_CGL_Tier_1_Question_Paper_2024_36_Shifts_10th_Sept_2024_Shift_2_EN.pdf,1,2,General Awareness,A,Answered,
SSC_CGL_Tier_1_Question_Paper_2024_36_Shifts_10th_Sept_2024_Shift_2_EN.pdf,2,2,General Awareness,D,Answered,
SSC_CGL_Tier_1_Question_Paper_2024_36_Shifts_10th_Sept_2024_Shift_2_EN.pdf,3,2,General Awareness,A,Answered,
SSC_CGL_Tier_1_Question_Paper_2024_36_Shifts_10th_Sept_2024_Shift_2_EN.pdf,4,2,General Awareness,,Not Answered,
SSC_CGL_Tier_1_Question_Paper_2024_36_Shifts_10th_Sept_2024_Shift_2_EN.pdf,5,2,General Awareness,A,Answered,
SSC_CGL_Tier_1_Question_Paper_2024_36_Shifts_10th_Sept_2024_Shift_2_EN.pdf,6,2,General Awareness,A,Answered,
SSC_CGL_Tier_1_Question_Paper_2024_36_Shifts_10th_Sept_2024_Shift_2_EN.pdf,7,2,General Awareness,C,Answered,
SSC_CGL_Tier_1_Question_Paper_2024_36_Shifts_10th_Sept_2024_Shift_2_EN.pdf,8,2,General Awareness,A,Answered,
SSC_CGL_Tier_1_Question_Paper_2024_36_Shifts_10th_Sept_2024_Shift_2_EN.pdf,9,2,General Awareness,C,Answered,
SSC_CGL_Tier_1_Question_Paper_2024_36_Shifts_10th_Sept_2024_Shift_2_EN.pdf,10,2,General Awareness,,Not Answered,
SSC_CGL_Tier_1_Question_Paper_2024_36_Shifts_10th_Sept_2024_Shift_2_EN.pdf,11,2,General Awareness,C,Answered,
SSC_CGL_Tier_1_Question_Paper_2024_36_Shifts_10th_Sept_2024_Shift_2_EN.pdf,12,2,General Awareness,,Not Answered,
SSC_CGL_Tier_1_Question_Paper_2024_36_Shifts_10th_Sept_2024_Shift_2_EN.pdf,13,2,General Awareness,A,Answered,
SSC_CGL_Tier_1_Question_Paper_2024_36_Shifts_10th_Sept_2024_Shift_2_EN.pdf,14,2,General Awareness,D,Answered,
SSC_CGL_Tier_1_Question_Paper_2024_36_Shifts_10th_Sept_2024_Shift_2_EN.pdf,15,2,General Awareness,C,Answered,
SSC_CGL_Tier_1_Question_Paper_2024_36_Shifts_10th_Sept_2024_Shift_2_EN.pdf,16,2,General Awareness,,Not Answered,
SSC_CGL_Tier_1_Question_Paper_2024_36_Shifts_10th_Sept_2024_Shift_2_EN.pdf,17,2,General Awareness,A,Answered,
SSC_CGL_Tier_1_Question_Paper_2024_36_Shifts_10th_Sept_2024_Shift_2_EN.pdf,18,2,General Awareness,C,Answered,
SSC_CGL_Tier_1_Question_Paper_2024_36_Shifts_10th_Sept_2024_Shift_2_EN.pdf,19,2,General Awareness,,Not Answered,
SSC_CGL_Tier_1_Question_Paper_2024_36_Shifts_10th_Sept_2024_Shift_2_EN.pdf,20,2,General Awareness,,Not Answered,
SSC_CGL_Tier_1_Question_Paper_2024_36_Shifts_10th_Sept_2024_Shift_2_EN.pdf,21,2,General Awareness,D,Answered,
SSC_CGL_Tier_1_Question_Paper_2024_36_Shifts_10th_Sept_2024_Shift_2_EN.pdf,22,2,General Awareness,B,Answered,
SSC_CGL_Tier_1_Question_Paper_2024_36_Shifts_10th_Sept_2024_Shift_2_EN.pdf,23,2,General Awareness,B,Answered,
SSC_CGL_Tier_1_Question_Paper_2024_36_Shifts_10th_Sept_2024_Shift_2_EN.pdf,24,2,General Awareness,,Not Answered,
SSC_CGL_Tier_1_Question_Paper_2024_36_Shifts_10th_Sept_2024_Shift_2_EN.pdf,25,2,General Awareness,,Not Answered,
SSC_CGL_Tier_1_Question_Paper_2024_36_Shifts_10th_Sept_2024_Shift_2_EN.pdf,1,3,Quantitative Aptitude,A,Answered,
SSC_CGL_Tier_1_Question_Paper_2024_36_Shifts_10th_Sept_2024_Shift_2_EN.pdf,2,3,Quantitative Aptitude,C,Answered,
SSC_CGL_Tier_1_Question_Paper_2024_36_Shifts_10th_Sept_2024_Shift_2_EN.pdf,3,3,Quantitative Aptitude,D,Answered,
SSC_CGL_Tier_1_Question_Paper_2024_36_Shifts_10th_Sept_2024_Shift_2_EN.pdf,4,3,Quantitative Aptitude,B,Answered,
SSC_CGL_Tier_1_Question_Paper_2024_36_Shifts_10th_Sept_2024_Shift_2_EN.pdf,5,3,Quantitative Aptitude,A,Answered,
SSC_CGL_Tier_1_Question_Paper_2024_36_Shifts_10th_Sept_2024_Shift_2_EN.pdf,6,3,Quantitative Aptitude,C,Answered,
SSC_CGL_Tier_1_Question_Paper_2024_36_Shifts_10th_Sept_2024_Shift_2_EN.pdf,7,3,Quantitative Aptitude,B,Answered,
SSC_CGL_Tier_1_Question_Paper_2024_36_Shifts_10th_Sept_2024_Shift_2_EN.pdf,8,3,Quantitative Aptitude,D,Answered,
SSC_CGL_Tier_1_Question_Paper_2024_36_Shifts_10th_Sept_2024_Shift_2_EN.pdf,9,3,Quantitative Aptitude,C,Answered,
SSC_CGL_Tier_1_Question_Paper_2024_36_Shifts_10th_Sept_2024_Shift_2_EN.pdf,10,3,Quantitative Aptitude,B,Answered,
SSC_CGL_Tier_1_Question_Paper_2024_36_Shifts_10th_Sept_2024_Shift_2_EN.pdf,11,3,Quantitative Aptitude,C,Answered,
SSC_CGL_Tier_1_Question_Paper_2024_36_Shifts_10th_Sept_2024_Shift_2_EN.pdf,12,3,Quantitative Aptitude,C,Answered,
SSC_CGL_Tier_1_Question_Paper_2024_36_Shifts_10th_Sept_2024_Shift_2_EN.pdf,13,3,Quantitative Aptitude,A,Answered,
SSC_CGL_Tier_1_Question_Paper_2024_36_Shifts_10th_Sept_2024_Shift_2_EN.pdf,14,3,Quantitative Aptitude,D,Answered,
SSC_CGL_Tier_1_Question_Paper_2024_36_Shifts_10th_Sept_2024_Shift_2_EN.pdf,15,3,Quantitative Aptitude,C,Answered,
SSC_CGL_Tier_1_Question_Paper_2024_36_Shifts_10th_Sept_2024_Shift_2_EN.pdf,16,3,Quantitative Aptitude,C,Answered,
SSC_CGL_Tier_1_Question_Paper_2024_36_Shifts_10th_Sept_2024_Shift_2_EN.pdf,17,3,Quantitative Aptitude,D,Answered,
SSC_CGL_Tier_1_Question_Paper_2024_36_Shifts_10th_Sept_2024_Shift_2_EN.pdf,18,3,Quantitative Aptitude,C,Answered,
SSC_CGL_Tier_1_Question_Paper_2024_36_Shifts_10th_Sept_2024_Shift_2_EN.pdf,19,3,Quantitative Aptitude,,Not Answered,
SSC_CGL_Tier_1_Question_Paper_2024_36_Shifts_10th_Sept_2024_Shift_2_EN.pdf,20,3,Quantitative Aptitude,A,Answered,
SSC_CGL_Tier_1_Question_Paper_2024_36_Shifts_10th_Sept_2024_Shift_2_EN.pdf,21,3,Quantitative Aptitude,B,Answered,
SSC_CGL_Tier_1_Question_Paper_2024_36_Shifts_10th_Sept_2024_Shift_2_EN.pdf,22,3,Quantitative Aptitude,,Not Answered,
SSC_CGL_Tier_1_Question_Paper_2024_36_Shifts_10th_Sept_2024_Shift_2_EN.pdf,23,3,Quantitative Aptitude,D,Answered,
SSC_CGL_Tier_1_Question_Paper_2024_36_Shifts_10th_Sept_2024_Shift_2_EN.pdf,24,3,Quantitative Aptitude,,Not Answered,
SSC_CGL_Tier_1_Question_Paper_2024_36_Shifts_10th_Sept_2024_Shift_2_EN.pdf,25,3,Quantitative Aptitude,A,Answered,
SSC_CGL_Tier_1_Question_Paper_2024_36_Shifts_10th_Sept_2024_Shift_2_EN.pdf,1,4,English Comprehension,A,Answered,
SSC_CGL_Tier_1_Question_Paper_2024_36_Shifts_10th_Sept_2024_Shift_2_EN.pdf,2,4,English Comprehension,D,Answered,
SSC_CGL_Tier_1_Question_Paper_2024_36_Shifts_10th_Sept_2024_Shift_2_EN.pdf,3,4,English Comprehension,D,Answered,
SSC_CGL_Tier_1_Question_Paper_2024_36_Shifts_10th_Sept_2024_Shift_2_EN.pdf,4,4,English Comprehension,A,Answered,
SSC_CGL_Tier_1_Question_Paper_2024_36_Shifts_10th_Sept_2024_Shift_2_EN.pdf,5,4,English Comprehension,,Not Answered,
SSC_CGL_Tier_1_Question_Paper_2024_36_Shifts_10th_Sept_2024_Shift_2_EN.pdf,6,4,English Comprehension,C,Answered,
SSC_CGL_Tier_1_Question_Paper_2024_36_Shifts_10th_Sept_2024_Shift_2_EN.pdf,7,4,English Comprehension,B,Answered,
SSC_CGL_Tier_1_Question_Paper_2024_36_Shifts_10th_Sept_2024_Shift_2_EN.pdf,8,4,English Comprehension,B,Answered,
SSC_CGL_Tier_1_Question_Paper_2024_36_Shifts_10th_Sept_2024_Shift_2_EN.pdf,9,4,English Comprehension,C,Answered,
SSC_CGL_Tier_1_Question_Paper_2024_36_Shifts_10th_Sept_2024_Shift_2_EN.pdf,10,4,English Comprehension,A,Answered,
SSC_CGL_Tier_1_Question_Paper_2024_36_Shifts_10th_Sept_2024_Shift_2_EN.pdf,11,4,English Comprehension,D,Answered,
SSC_CGL_Tier_1_Question_Paper_2024_36_Shifts_10th_Sept_2024_Shift_2_EN.pdf,12,4,English Comprehension,A,Answered,
SSC_CGL_Tier_1_Question_Paper_2024_36_Shifts_10th_Sept_2024_Shift_2_EN.pdf,13,4,English Comprehension,D,Answered,
SSC_CGL_Tier_1_Question_Paper_2024_36_Shifts_10th_Sept_2024_Shift_2_EN.pdf,14,4,English Comprehension,C,Answered,
SSC_CGL_Tier_1_Question_Paper_2024_36_Shifts_10th_Sept_2024_Shift_2_EN.pdf,15,4,English Comprehension,C,Answered,
SSC_CGL_Tier_1_Question_Paper_2024_36_Shifts_10th_Sept_2024_Shift_2_EN.pdf,16,4,English Comprehension,B,Answered,
SSC_CGL_Tier_1_Question_Paper_2024_36_Shifts_10th_Sept_2024_Shift_2_EN.pdf,17,4,English Comprehension,B,Answered,
SSC_CGL_Tier_1_Question_Paper_2024_36_Shifts_10th_Sept_2024_Shift_2_EN.pdf,18,4,English Comprehension,C,Answered,
SSC_CGL_Tier_1_Question_Paper_2024_36_Shifts_10th_Sept_2024_Shift_2_EN.pdf,19,4,English Comprehension,A,Answered,
SSC_CGL_Tier_1_Question_Paper_2024_36_Shifts_10th_Sept_2024_Shift_2_EN.pdf,20,4,English Comprehension,D,Answered,
SSC_CGL_Tier_1_Question_Paper_2024_36_Shifts_10th_Sept_2024_Shift_2_EN.pdf,21,4,English Comprehension,D,Answered,
SSC_CGL_Tier_1_Question_Paper_2024_36_Shifts_10th_Sept_2024_Shift_2_EN.pdf,22,4,English Comprehension,A,Answered,
SSC_CGL_Tier_1_Question_Paper_2024_36_Shifts_10th_Sept_2024_Shift_2_EN.pdf,23,4,English Comprehension,C,Answered,
SSC_CGL_Tier_1_Question_Paper_2024_36_Shifts_10th_Sept_2024_Shift_2_EN.pdf,24,4,English Comprehension,C,Answered,
SSC_CGL_Tier_1_Question_Paper_2024_36_Shifts_10th_Sept_2024_Shift_2_EN.pdf,25,4,English Comprehension,B,Answered,
SSC_CGL_Tier_1_Question_Paper_2024_36_Shifts_10th_Sept_2024_Shift_3_EN.pdf,1,1,General Intelligence and Reasoning,,Not Answered,
SSC_CGL_Tier_1_Question_Paper_2024_36_Shifts_10th_Sept_2024_Shift_3_EN.pdf,2,1,General Intelligence and Reasoning,A,Answered,
SSC_CGL_Tier_1_Question_Paper_2024_36_Shifts_10th_Sept_2024_Shift_3_EN.pdf,3,1,General Intelligence and Reasoning,B,Answered,
SSC_CGL_Tier_1_Question_Paper_2024_36_Shifts_10th_Sept_2024_Shift_3_EN.pdf,4,1,General Intelligence and Reasoning,B,Answered,
SSC_CGL_Tier_1_Question_Paper_2024_36_Shifts_10th_Sept_2024_Shift_3_EN.pdf,5,1,General Intelligence and Reasoning,C,Answered,
SSC_CGL_Tier_1_Question_Paper_2024_36_Shifts_10th_Sept_2024_Shift_3_EN.pdf,6,1,General Intelligence and Reasoning,B,Answered,
SSC_CGL_Tier_1_Question_Paper_2024_36_Shifts_10th_Sept_2024_Shift_3_EN.pdf,7,1,General Intelligence and Reasoning,,Not Answered,
SSC_CGL_Tier_1_Question_Paper_2024_36_Shifts_10th_Sept_2024_Shift_3_EN.pdf,8,1,General Intelligence and Reasoning,,Not Answered,
SSC_CGL_Tier_1_Question_Paper_2024_36_Shifts_10th_Sept_2024_Shift_3_EN.pdf,9,1,General Intelligence and Reasoning,B,Answered,
SSC_CGL_Tier_1_Question_Paper_2024_36_Shifts_10th_Sept_2024_Shift_3_EN.pdf,10,1,General Intelligence and Reasoning,C,Answered,
SSC_CGL_Tier_1_Question_Paper_2024_36_Shifts_10th_Sept_2024_Shift_3_EN.pdf,11,1,General Intelligence and Reasoning,C,Answered,
SSC_CGL_Tier_1_Question_Paper_2024_36_Shifts_10th_Sept_2024_Shift_3_EN.pdf,12,1,General Intelligence and Reasoning,D,Answered,
SSC_CGL_Tier_1_Question_Paper_2024_36_Shifts_10th_Sept_2024_Shift_3_EN.pdf,13,1,General Intelligence and Reasoning,B,Answered,
SSC_CGL_Tier_1_Question_Paper_2024_36_Shifts_10th_Sept_2024_Shift_3_EN.pdf,14,1,General Intelligence and Reasoning,A,Answered,
SSC_CGL_Tier_1_Question_Paper_2024_36_Shifts_10th_Sept_2024_Shift_3_EN.pdf,15,1,General Intelligence and Reasoning,,Not Answered,
SSC_CGL_Tier_1_Question_Paper_2024_36_Shifts_10th_Sept_2024_Shift_3_EN.pdf,16,1,General Intelligence and Reasoning,D,Answered,
SSC_CGL_Tier_1_Question_Paper_2024_36_Shifts_10th_Sept_2024_Shift_3_EN.pdf,17,1,General Intelligence and Reasoning,,Not Answered,
SSC_CGL_Tier_1_Question_Paper_2024_36_Shifts_10th_Sept_2024_Shift_3_EN.pdf,18,1,General Intelligence and Reasoning,A,Answered,
SSC_CGL_Tier_1_Question_Paper_2024_36_Shifts_10th_Sept_2024_Shift_3_EN.pdf,19,1,General Intelligence and Reasoning,A,Answered,
SSC_CGL_Tier_1_Question_Paper_2024_36_Shifts_10th_Sept_2024_Shift_3_EN.pdf,20,1,General Intelligence and Reasoning,C,Answered,
SSC_CGL_Tier_1_Question_Paper_2024_36_Shifts_10th_Sept_2024_Shift_3_EN.pdf,21,1,General Intelligence and Reasoning,C,Answered,
SSC_CGL_Tier_1_Question_Paper_2024_36_Shifts_10th_Sept_2024_Shift_3_EN.pdf,22,1,General Intelligence and Reasoning,B,Answered,
SSC_CGL_Tier_1_Question_Paper_2024_36_Shifts_10th_Sept_2024_Shift_3_EN.pdf,23,1,General Intelligence and Reasoning,A,Answered,
SSC_CGL_Tier_1_Question_Paper_2024_36_Shifts_10th_Sept_2024_Shift_3_EN.pdf,24,1,General Intelligence and Reasoning,C,Answered,
SSC_CGL_Tier_1_Question_Paper_2024_36_Shifts_10th_Sept_2024_Shift_3_EN.pdf,25,1,General Intelligence and Reasoning,D,Answered,
SSC_CGL_Tier_1_Question_Paper_2024_36_Shifts_10th_Sept_2024_Shift_3_EN.pdf,1,2,General Awareness,,Not Answered,
SSC_CGL_Tier_1_Question_Paper_2024_36_Shifts_10th_Sept_2024_Shift_3_EN.pdf,2,2,General Awareness,,Not Answered,
SSC_CGL_Tier_1_Question_Paper_2024_36_Shifts_10th_Sept_2024_Shift_3_EN.pdf,3,2,General Awareness,A,Answered,
SSC_CGL_Tier_1_Question_Paper_2024_36_Shifts_10th_Sept_2024_Shift_3_EN.pdf,4,2,General Awareness,D,Answered,
SSC_CGL_Tier_1_Question_Paper_2024_36_Shifts_10th_Sept_2024_Shift_3_EN.pdf,5,2,General Awareness,,Not Answered,
SSC_CGL_Tier_1_Question_Paper_2024_36_Shifts_10th_Sept_2024_Shift_3_EN.pdf,6,2,General Awareness,,Not Answered,
SSC_CGL_Tier_1_Question_Paper_2024_36_Shifts_10th_Sept_2024_Shift_3_EN.pdf,7,2,General Awareness,,Not Answered,
SSC_CGL_Tier_1_Question_Paper_2024_36_Shifts_10th_Sept_2024_Shift_3_EN.pdf,8,2,General Awareness,C,Answered,
SSC_CGL_Tier_1_Question_Paper_2024_36_Shifts_10th_Sept_2024_Shift_3_EN.pdf,9,2,General Awareness,A,Answered,
SSC_CGL_Tier_1_Question_Paper_2024_36_Shifts_10th_Sept_2024_Shift_3_EN.pdf,10,2,General Awareness,,Not Answered,
SSC_CGL_Tier_1_Question_Paper_2024_36_Shifts_10th_Sept_2024_Shift_3_EN.pdf,11,2,General Awareness,D,Answered,
SSC_CGL_Tier_1_Question_Paper_2024_36_Shifts_10th_Sept_2024_Shift_3_EN.pdf,12,2,General Awareness,A,Answered,
SSC_CGL_Tier_1_Question_Paper_2024_36_Shifts_10th_Sept_2024_Shift_3_EN.pdf,13,2,General Awareness,,Not Answered,
SSC_CGL_Tier_1_Question_Paper_2024_36_Shifts_10th_Sept_2024_Shift_3_EN.pdf,14,2,General Awareness,A,Answered,
SSC_CGL_Tier_1_Question_Paper_2024_36_Shifts_10th_Sept_2024_Shift_3_EN.pdf,15,2,General Awareness,,Not Answered,
SSC_CGL_Tier_1_Question_Paper_2024_36_Shifts_10th_Sept_2024_Shift_3_EN.pdf,16,2,General Awareness,,Not Answered,
SSC_CGL_Tier_1_Question_Paper_2024_36_Shifts_10th_Sept_2024_Shift_3_EN.pdf,17,2,General Awareness,A,Answered,
SSC_CGL_Tier_1_Question_Paper_2024_36_Shifts_10th_Sept_2024_Shift_3_EN.pdf,18,2,General Awareness,,Not Answered,
SSC_CGL_Tier_1_Question_Paper_2024_36_Shifts_10th_Sept_2024_Shift_3_EN.pdf,19,2,General Awareness,,Not Answered,
SSC_CGL_Tier_1_Question_Paper_2024_36_Shifts_10th_Sept_2024_Shift_3_EN.pdf,20,2,General Awareness,C,Answered,
SSC_CGL_Tier_1_Question_Paper_2024_36_Shifts_10th_Sept_2024_Shift_3_EN.pdf,21,2,General Awareness,,Not Answered,
SSC_CGL_Tier_1_Question_Paper_2024_36_Shifts_10th_Sept_2024_Shift_3_EN.pdf,22,2,General Awareness,A,Answered,
SSC_CGL_Tier_1_Question_Paper_2024_36_Shifts_10th_Sept_2024_Shift_3_EN.pdf,23,2,General Awareness,C,Answered,
SSC_CGL_Tier_1_Question_Paper_2024_36_Shifts_10th_Sept_2024_Shift_3_EN.pdf,24,2,General Awareness,A,Answered,
SSC_CGL_Tier_1_Question_Paper_2024_36_Shifts_10th_Sept_2024_Shift_3_EN.pdf,25,2,General Awareness,,Not Answered,
SSC_CGL_Tier_1_Question_Paper_2024_36_Shifts_10th_Sept_2024_Shift_3_EN.pdf,1,3,Quantitative Aptitude,,Not Answered,
SSC_CGL_Tier_1_Question_Paper_2024_36_Shifts_10th_Sept_2024_Shift_3_EN.pdf,2,3,Quantitative Aptitude,A,Answered,
SSC_CGL_Tier_1_Question_Paper_2024_36_Shifts_10th_Sept_2024_Shift_3_EN.pdf,3,3,Quantitative Aptitude,B,Answered,
SSC_CGL_Tier_1_Question_Paper_2024_36_Shifts_10th_Sept_2024_Shift_3_EN.pdf,4,3,Quantitative Aptitude,,Not Answered,
SSC_CGL_Tier_1_Question_Paper_2024_36_Shifts_10th_Sept_2024_Shift_3_EN.pdf,5,3,Quantitative Aptitude,,Not Answered,
SSC_CGL_Tier_1_Question_Paper_2024_36_Shifts_10th_Sept_2024_Shift_3_EN.pdf,6,3,Quantitative Aptitude,,Not Answered,
SSC_CGL_Tier_1_Question_Paper_2024_36_Shifts_10th_Sept_2024_Shift_3_EN.pdf,7,3,Quantitative Aptitude,,Not Answered,
SSC_CGL_Tier_1_Question_Paper_2024_36_Shifts_10th_Sept_2024_Shift_3_EN.pdf,8,3,Quantitative Aptitude,,Not Answered,
SSC_CGL_Tier_1_Question_Paper_2024_36_Shifts_10th_Sept_2024_Shift_3_EN.pdf,9,3,Quantitative Aptitude,D,Answered,
SSC_CGL_Tier_1_Question_Paper_2024_36_Shifts_10th_Sept_2024_Shift_3_EN.pdf,10,3,Quantitative Aptitude,,Not Answered,
SSC_CGL_Tier_1_Question_Paper_2024_36_Shifts_10th_Sept_2024_Shift_3_EN.pdf,11,3,Quantitative Aptitude,,Not Answered,
SSC_CGL_Tier_1_Question_Paper_2024_36_Shifts_10th_Sept_2024_Shift_3_EN.pdf,12,3,Quantitative Aptitude,A,Answered,
SSC_CGL_Tier_1_Question_Paper_2024_36_Shifts_10th_Sept_2024_Shift_3_EN.pdf,13,3,Quantitative Aptitude,C,Answered,
SSC_CGL_Tier_1_Question_Paper_2024_36_Shifts_10th_Sept_2024_Shift_3_EN.pdf,14,3,Quantitative Aptitude,,Not Answered,
SSC_CGL_Tier_1_Question_Paper_2024_36_Shifts_10th_Sept_2024_Shift_3_EN.pdf,15,3,Quantitative Aptitude,B,Answered,
SSC_CGL_Tier_1_Question_Paper_2024_36_Shifts_10th_Sept_2024_Shift_3_EN.pdf,16,3,Quantitative Aptitude,B,Answered,
SSC_CGL_Tier_1_Question_Paper_2024_36_Shifts_10th_Sept_2024_Shift_3_EN.pdf,17,3,Quantitative Aptitude,,Not Answered,
SSC_CGL_Tier_1_Question_Paper_2024_36_Shifts_10th_Sept_2024_Shift_3_EN.pdf,18,3,Quantitative Aptitude,D,Answered,
SSC_CGL_Tier_1_Question_Paper_2024_36_Shifts_10th_Sept_2024_Shift_3_EN.pdf,19,3,Quantitative Aptitude,,Not Answered,
SSC_CGL_Tier_1_Question_Paper_2024_36_Shifts_10th_Sept_2024_Shift_3_EN.pdf,20,3,Quantitative Aptitude,C,Answered,
SSC_CGL_Tier_1_Question_Paper_2024_36_Shifts_10th_Sept_2024_Shift_3_EN.pdf,21,3,Quantitative Aptitude,,Not Answered,
SSC_CGL_Tier_1_Question_Paper_2024_36_Shifts_10th_Sept_2024_Shift_3_EN.pdf,22,3,Quantitative Aptitude,,Not Answered,
SSC_CGL_Tier_1_Question_Paper_2024_36_Shifts_10th_Sept_2024_Shift_3_EN.pdf,23,3,Quantitative Aptitude,B,Answered,
SSC_CGL_Tier_1_Question_Paper_2024_36_Shifts_10th_Sept_2024_Shift_3_EN.pdf,24,3,Quantitative Aptitude,C,Answered,
SSC_CGL_Tier_1_Question_Paper_2024_36_Shifts_10th_Sept_2024_Shift_3_EN.pdf,25,3,Quantitative Aptitude,,Not Answered,
SSC_CGL_Tier_1_Question_Paper_2024_36_Shifts_10th_Sept_2024_Shift_3_EN.pdf,1,4,English Comprehension,A,Answered,
SSC_CGL_Tier_1_Question_Paper_2024_36_Shifts_10th_Sept_2024_Shift_3_EN.pdf,2,4,English Comprehension,,Not Answered,
SSC_CGL_Tier_1_Question_Paper_2024_36_Shifts_10th_Sept_2024_Shift_3_EN.pdf,3,4,English Comprehension,C,Answered,
SSC_CGL_Tier_1_Question_Paper_2024_36_Shifts_10th_Sept_2024_Shift_3_EN.pdf,4,4,English Comprehension,A,Answered,
SSC_CGL_Tier_1_Question_Paper_2024_36_Shifts_10th_Sept_2024_Shift_3_EN.pdf,5,4,English Comprehension,,Not Answered,
SSC_CGL_Tier_1_Question_Paper_2024_36_Shifts_10th_Sept_2024_Shift_3_EN.pdf,6,4,English Comprehension,C,Answered,
SSC_CGL_Tier_1_Question_Paper_2024_36_Shifts_10th_Sept_2024_Shift_3_EN.pdf,7,4,English Comprehension,D,Answered,
SSC_CGL_Tier_1_Question_Paper_2024_36_Shifts_10th_Sept_2024_Shift_3_EN.pdf,8,4,English Comprehension,B,Answered,
SSC_CGL_Tier_1_Question_Paper_2024_36_Shifts_10th_Sept_2024_Shift_3_EN.pdf,9,4,English Comprehension,C,Answered,
SSC_CGL_Tier_1_Question_Paper_2024_36_Shifts_10th_Sept_2024_Shift_3_EN.pdf,10,4,English Comprehension,C,Answered,
SSC_CGL_Tier_1_Question_Paper_2024_36_Shifts_10th_Sept_2024_Shift_3_EN.pdf,11,4,English Comprehension,B,Answered,
SSC_CGL_Tier_1_Question_Paper_2024_36_Shifts_10th_Sept_2024_Shift_3_EN.pdf,12,4,English Comprehension,B,Answered,
SSC_CGL_Tier_1_Question_Paper_2024_36_Shifts_10th_Sept_2024_Shift_3_EN.pdf,13,4,English Comprehension,B,Answered,
SSC_CGL_Tier_1_Question_Paper_2024_36_Shifts_10th_Sept_2024_Shift_3_EN.pdf,14,4,English Comprehension,A,Answered,
SSC_CGL_Tier_1_Question_Paper_2024_36_Shifts_10th_Sept_2024_Shift_3_EN.pdf,15,4,English Comprehension,D,Answered,
SSC_CGL_Tier_1_Question_Paper_2024_36_Shifts_10th_Sept_2024_Shift_3_EN.pdf,16,4,English Comprehension,A,Answered,
SSC_CGL_Tier_1_Question_Paper_2024_36_Shifts_10th_Sept_2024_Shift_3_EN.pdf,17,4,English Comprehension,C,Answered,
SSC_CGL_Tier_1_Question_Paper_2024_36_Shifts_10th_Sept_2024_Shift_3_EN.pdf,18,4,English Comprehension,D,Answered,
SSC_CGL_Tier_1_Question_Paper_2024_36_Shifts_10th_Sept_2024_Shift_3_EN.pdf,19,4,English Comprehension,A,Answered,
SSC_CGL_Tier_1_Question_Paper_2024_36_Shifts_10th_Sept_2024_Shift_3_EN.pdf,20,4,English Comprehension,B,Answered,
SSC_CGL_Tier_1_Question_Paper_2024_36_Shifts_10th_Sept_2024_Shift_3_EN.pdf,21,4,English Comprehension,A,Answered,
SSC_CGL_Tier_1_Question_Paper_2024_36_Shifts_10th_Sept_2024_Shift_3_EN.pdf,22,4,English Comprehension,A,Answered,
SSC_CGL_Tier_1_Question_Paper_2024_36_Shifts_10th_Sept_2024_Shift_3_EN.pdf,23,4,English Comprehension,D,Answered,
SSC_CGL_Tier_1_Question_Paper_2024_36_Shifts_10th_Sept_2024_Shift_3_EN.pdf,24,4,English Comprehension,A,Answered,
SSC_CGL_Tier_1_Question_Paper_2024_36_Shifts_10th_Sept_2024_Shift_3_EN.pdf,25,4,English Comprehension,B,Answered,
SSC_CGL_Tier_1_Question_Paper_2024_36_Shifts_11th_Sept_2024_Shift_1_EN.pdf,1,1,General Intelligence and Reasoning,C,Answered,
SSC_CGL_Tier_1_Question_Paper_2024_36_Shifts_11th_Sept_2024_Shift_1_EN.pdf,2,1,General Intelligence and Reasoning,D,Answered,
SSC_CGL_Tier_1_Question_Paper_2024_36_Shifts_11th_Sept_2024_Shift_1_EN.pdf,3,1,General Intelligence and Reasoning,D,Answered,
SSC_CGL_Tier_1_Question_Paper_2024_36_Shifts_11th_Sept_2024_Shift_1_EN.pdf,4,1,General Intelligence and Reasoning,A,Answered,
SSC_CGL_Tier_1_Question_Paper_2024_36_Shifts_11th_Sept_2024_Shift_1_EN.pdf,5,1,General Intelligence and Reasoning,A,Answered,
SSC_CGL_Tier_1_Question_Paper_2024_36_Shifts_11th_Sept_2024_Shift_1_EN.pdf,6,1,General Intelligence and Reasoning,A,Answered,
SSC_CGL_Tier_1_Question_Paper_2024_36_Shifts_11th_Sept_2024_Shift_1_EN.pdf,7,1,General Intelligence and Reasoning,B,Answered,
SSC_CGL_Tier_1_Question_Paper_2024_36_Shifts_11th_Sept_2024_Shift_1_EN.pdf,8,1,General Intelligence and Reasoning,C,Answered,
SSC_CGL_Tier_1_Question_Paper_2024_36_Shifts_11th_Sept_2024_Shift_1_EN.pdf,9,1,General Intelligence and Reasoning,D,Answered,
SSC_CGL_Tier_1_Question_Paper_2024_36_Shifts_11th_Sept_2024_Shift_1_EN.pdf,10,1,General Intelligence and Reasoning,C,Answered,
SSC_CGL_Tier_1_Question_Paper_2024_36_Shifts_11th_Sept_2024_Shift_1_EN.pdf,11,1,General Intelligence and Reasoning,C,Answered,
SSC_CGL_Tier_1_Question_Paper_2024_36_Shifts_11th_Sept_2024_Shift_1_EN.pdf,12,1,General Intelligence and Reasoning,D,Answered,
SSC_CGL_Tier_1_Question_Paper_2024_36_Shifts_11th_Sept_2024_Shift_1_EN.pdf,13,1,General Intelligence and Reasoning,C,Answered,
SSC_CGL_Tier_1_Question_Paper_2024_36_Shifts_11th_Sept_2024_Shift_1_EN.pdf,14,1,General Intelligence and Reasoning,B,Answered,
SSC_CGL_Tier_1_Question_Paper_2024_36_Shifts_11th_Sept_2024_Shift_1_EN.pdf,15,1,General Intelligence and Reasoning,C,Answered,
SSC_CGL_Tier_1_Question_Paper_2024_36_Shifts_11th_Sept_2024_Shift_1_EN.pdf,16,1,General Intelligence and Reasoning,C,Answered,
SSC_CGL_Tier_1_Question_Paper_2024_36_Shifts_11th_Sept_2024_Shift_1_EN.pdf,17,1,General Intelligence and Reasoning,A,Answered,
SSC_CGL_Tier_1_Question_Paper_2024_36_Shifts_11th_Sept_2024_Shift_1_EN.pdf,18,1,General Intelligence and Reasoning,B,Answered,
SSC_CGL_Tier_1_Question_Paper_2024_36_Shifts_11th_Sept_2024_Shift_1_EN.pdf,19,1,General Intelligence and Reasoning,D,Answered,
SSC_CGL_Tier_1_Question_Paper_2024_36_Shifts_11th_Sept_2024_Shift_1_EN.pdf,20,1,General Intelligence and Reasoning,C,Answered,
SSC_CGL_Tier_1_Question_Paper_2024_36_Shifts_11th_Sept_2024_Shift_1_EN.pdf,21,1,General Intelligence and Reasoning,A,Answered,
SSC_CGL_Tier_1_Question_Paper_2024_36_Shifts_11th_Sept_2024_Shift_1_EN.pdf,22,1,General Intelligence and Reasoning,C,Answered,
SSC_CGL_Tier_1_Question_Paper_2024_36_Shifts_11th_Sept_2024_Shift_1_EN.pdf,23,1,General Intelligence and Reasoning,A,Answered,
SSC_CGL_Tier_1_Question_Paper_2024_36_Shifts_11th_Sept_2024_Shift_1_EN.pdf,24,1,General Intelligence and Reasoning,A,Answered,
SSC_CGL_Tier_1_Question_Paper_2024_36_Shifts_11th_Sept_2024_Shift_1_EN.pdf,25,1,General Intelligence and Reasoning,B,Answered,
SSC_CGL_Tier_1_Question_Paper_2024_36_Shifts_11th_Sept_2024_Shift_1_EN.pdf,1,2,General Awareness,D,,
SSC_CGL_Tier_1_Question_Paper_2024_36_Shifts_11th_Sept_2024_Shift_1_EN.pdf,2,2,General Awareness,A,Answered,
SSC_CGL_Tier_1_Question_Paper_2024_36_Shifts_11th_Sept_2024_Shift_1_EN.pdf,3,2,General Awareness,D,Answered,
SSC_CGL_Tier_1_Question_Paper_2024_36_Shifts_11th_Sept_2024_Shift_1_EN.pdf,4,2,General Awareness,B,Answered,
SSC_CGL_Tier_1_Question_Paper_2024_36_Shifts_11th_Sept_2024_Shift_1_EN.pdf,5,2,General Awareness,,Not Answered,
SSC_CGL_Tier_1_Question_Paper_2024_36_Shifts_11th_Sept_2024_Shift_1_EN.pdf,6,2,General Awareness,B,Answered,
SSC_CGL_Tier_1_Question_Paper_2024_36_Shifts_11th_Sept_2024_Shift_1_EN.pdf,7,2,General Awareness,,Not Answered,
SSC_CGL_Tier_1_Question_Paper_2024_36_Shifts_11th_Sept_2024_Shift_1_EN.pdf,8,2,General Awareness,C,Answered,
SSC_CGL_Tier_1_Question_Paper_2024_36_Shifts_11th_Sept_2024_Shift_1_EN.pdf,9,2,General Awareness,C,Answered,
SSC_CGL_Tier_1_Question_Paper_2024_36_Shifts_11th_Sept_2024_Shift_1_EN.pdf,10,2,General Awareness,D,Answered,
SSC_CGL_Tier_1_Question_Paper_2024_36_Shifts_11th_Sept_2024_Shift_1_EN.pdf,11,2,General Awareness,C,Answered,
SSC_CGL_Tier_1_Question_Paper_2024_36_Shifts_11th_Sept_2024_Shift_1_EN.pdf,12,2,General Awareness,,Not Answered,
SSC_CGL_Tier_1_Question_Paper_2024_36_Shifts_11th_Sept_2024_Shift_1_EN.pdf,13,2,General Awareness,B,Answered,
SSC_CGL_Tier_1_Question_Paper_2024_36_Shifts_11th_Sept_2024_Shift_1_EN.pdf,14,2,General Awareness,C,Answered,
SSC_CGL_Tier_1_Question_Paper_2024_36_Shifts_11th_Sept_2024_Shift_1_EN.pdf,15,2,General Awareness,C,Answered,
SSC_CGL_Tier_1_Question_Paper_2024_36_Shifts_11th_Sept_2024_Shift_1_EN.pdf,16,2,General Awareness,C,Answered,
SSC_CGL_Tier_1_Question_Paper_2024_36_Shifts_11th_Sept_2024_Shift_1_EN.pdf,17,2,General Awareness,,Not Answered,
SSC_CGL_Tier_1_Question_Paper_2024_36_Shifts_11th_Sept_2024_Shift_1_EN.pdf,18,2,General Awareness,D,Answered,
SSC_CGL_Tier_1_Question_Paper_2024_36_Shifts_11th_Sept_2024_Shift_1_EN.pdf,19,2,General Awareness,B,Answered,
SSC_CGL_Tier_1_Question_Paper_2024_36_Shifts_11th_Sept_2024_Shift_1_EN.pdf,20,2,General Awareness,D,Answered,
SSC_CGL_Tier_1_Question_Paper_2024_36_Shifts_11th_Sept_2024_Shift_1_EN.pdf,21,2,General Awareness,B,Answered,
SSC_CGL_Tier_1_Question_Paper_2024_36_Shifts_11th_Sept_2024_Shift_1_EN.pdf,22,2,General Awareness,,Not Answered,
SSC_CGL_Tier_1_Question_Paper_2024_36_Shifts_11th_Sept_2024_Shift_1_EN.pdf,23,2,General Awareness,A,Answered,
SSC_CGL_Tier_1_Question_Paper_2024_36_Shifts_11th_Sept_2024_Shift_1_EN.pdf,24,2,General Awareness,B,Answered,
SSC_CGL_Tier_1_Question_Paper_2024_36_Shifts_11th_Sept_2024_Shift_1_EN.pdf,25,2,General Awareness,B,Answered,
SSC_CGL_Tier_1_Question_Paper_2024_36_Shifts_11th_Sept_2024_Shift_1_EN.pdf,1,3,Quantitative Aptitude,B,Answered,
SSC_CGL_Tier_1_Question_Paper_2024_36_Shifts_11th_Sept_2024_Shift_1_EN.pdf,2,3,Quantitative Aptitude,C,Answered,
SSC_CGL_Tier_1_Question_Paper_2024_36_Shifts_11th_Sept_2024_Shift_1_EN.pdf,3,3,Quantitative Aptitude,D,Answered,
SSC_CGL_Tier_1_Question_Paper_2024_36_Shifts_11th_Sept_2024_Shift_1_EN.pdf,4,3,Quantitative Aptitude,B,Answered,
SSC_CGL_Tier_1_Question_Paper_2024_36_Shifts_11th_Sept_2024_Shift_1_EN.pdf,5,3,Quantitative Aptitude,B,Answered,
SSC_CGL_Tier_1_Question_Paper_2024_36_Shifts_11th_Sept_2024_Shift_1_EN.pdf,6,3,Quantitative Aptitude,B,Answered,
SSC_CGL_Tier_1_Question_Paper_2024_36_Shifts_11th_Sept_2024_Shift_1_EN.pdf,7,3,Quantitative Aptitude,B,Answered,
SSC_CGL_Tier_1_Question_Paper_2024_36_Shifts_11th_Sept_2024_Shift_1_EN.pdf,8,3,Quantitative Aptitude,A,Answered,
SSC_CGL_Tier_1_Question_Paper_2024_36_Shifts_11th_Sept_2024_Shift_1_EN.pdf,9,3,Quantitative Aptitude,A,Answered,
SSC_CGL_Tier_1_Question_Paper_2024_36_Shifts_11th_Sept_2024_Shift_1_EN.pdf,10,3,Quantitative Aptitude,,,
SSC_CGL_Tier_1_Question_Paper_2024_36_Shifts_11th_Sept_2024_Shift_1_EN.pdf,11,3,Quantitative Aptitude,D,Answered,
SSC_CGL_Tier_1_Question_Paper_2024_36_Shifts_11th_Sept_2024_Shift_1_EN.pdf,12,3,Quantitative Aptitude,D,Answered,
SSC_CGL_Tier_1_Question_Paper_2024_36_Shifts_11th_Sept_2024_Shift_1_EN.pdf,13,3,Quantitative Aptitude,A,Answered,
SSC_CGL_Tier_1_Question_Paper_2024_36_Shifts_11th_Sept_2024_Shift_1_EN.pdf,14,3,Quantitative Aptitude,B,Answered,
SSC_CGL_Tier_1_Question_Paper_2024_36_Shifts_11th_Sept_2024_Shift_1_EN.pdf,15,3,Quantitative Aptitude,C,Answered,
SSC_CGL_Tier_1_Question_Paper_2024_36_Shifts_11th_Sept_2024_Shift_1_EN.pdf,16,3,Quantitative Aptitude,C,Answered,
SSC_CGL_Tier_1_Question_Paper_2024_36_Shifts_11th_Sept_2024_Shift_1_EN.pdf,17,3,Quantitative Aptitude,,Not Answered,
SSC_CGL_Tier_1_Question_Paper_2024_36_Shifts_11th_Sept_2024_Shift_1_EN.pdf,18,3,Quantitative Aptitude,C,Answered,
SSC_CGL_Tier_1_Question_Paper_2024_36_Shifts_11th_Sept_2024_Shift_1_EN.pdf,19,3,Quantitative Aptitude,,Not Answered,
SSC_CGL_Tier_1_Question_Paper_2024_36_Shifts_11th_Sept_2024_Shift_1_EN.pdf,20,3,Quantitative Aptitude,D,Answered,
SSC_CGL_Tier_1_Question_Paper_2024_36_Shifts_11th_Sept_2024_Shift_1_EN.pdf,21,3,Quantitative Aptitude,B,Answered,
SSC_CGL_Tier_1_Question_Paper_2024_36_Shifts_11th_Sept_2024_Shift_1_EN.pdf,22,3,Quantitative Aptitude,B,Answered,
SSC_CGL_Tier_1_Question_Paper_2024_36_Shifts_11th_Sept_2024_Shift_1_EN.pdf,23,3,Quantitative Aptitude,D,Answered,
SSC_CGL_Tier_1_Question_Paper_2024_36_Shifts_11th_Sept_2024_Shift_1_EN.pdf,24,3,Quantitative Aptitude,,Not Answered,
SSC_CGL_Tier_1_Question_Paper_2024_36_Shifts_11th_Sept_2024_Shift_1_EN.pdf,25,3,Quantitative Aptitude,D,Answered,
SSC_CGL_Tier_1_Question_Paper_2024_36_Shifts_11th_Sept_2024_Shift_1_EN.pdf,1,4,English Comprehension,A,Answered,
SSC_CGL_Tier_1_Question_Paper_2024_36_Shifts_11th_Sept_2024_Shift_1_EN.pdf,2,4,English Comprehension,D,Answered,
SSC_CGL_Tier_1_Question_Paper_2024_36_Shifts_11th_Sept_2024_Shift_1_EN.pdf,3,4,English Comprehension,C,Answered,
SSC_CGL_Tier_1_Question_Paper_2024_36_Shifts_11th_Sept_2024_Shift_1_EN.pdf,4,4,English Comprehension,B,Answered,
SSC_CGL_Tier_1_Question_Paper_2024_36_Shifts_11th_Sept_2024_Shift_1_EN.pdf,5,4,English Comprehension,B,Answered,
SSC_CGL_Tier_1_Question_Paper_2024_36_Shifts_11th_Sept_2024_Shift_1_EN.pdf,6,4,English Comprehension,A,Answered,
SSC_CGL_Tier_1_Question_Paper_2024_36_Shifts_11th_Sept_2024_Shift_1_EN.pdf,7,4,English Comprehension,,Not Answered,
SSC_CGL_Tier_1_Question_Paper_2024_36_Shifts_11th_Sept_2024_Shift_1_EN.pdf,8,4,English Comprehension,D,Answered,
SSC_CGL_Tier_1_Question_Paper_2024_36_Shifts_11th_Sept_2024_Shift_1_EN.pdf,9,4,English Comprehension,B,Answered,
SSC_CGL_Tier_1_Question_Paper_2024_36_Shifts_11th_Sept_2024_Shift_1_EN.pdf,10,4,English Comprehension,C,Answered,
SSC_CGL_Tier_1_Question_Paper_2024_36_Shifts_11th_Sept_2024_Shift_1_EN.pdf,11,4,English Comprehension,D,Answered,
SSC_CGL_Tier_1_Question_Paper_2024_36_Shifts_11th_Sept_2024_Shift_1_EN.pdf,12,4,English Comprehension,C,Answered,
SSC_CGL_Tier_1_Question_Paper_2024_36_Shifts_11th_Sept_2024_Shift_1_EN.pdf,13,4,English Comprehension,D,Answered,
SSC_CGL_Tier_1_Question_Paper_2024_36_Shifts_11th_Sept_2024_Shift_1_EN.pdf,14,4,English Comprehension,D,Answered,
SSC_CGL_Tier_1_Question_Paper_2024_36_Shifts_11th_Sept_2024_Shift_1_EN.pdf,15,4,English Comprehension,B,Answered,
SSC_CGL_Tier_1_Question_Paper_2024_36_Shifts_11th_Sept_2024_Shift_1_EN.pdf,16,4,English Comprehension,A,Answered,
SSC_CGL_Tier_1_Question_Paper_2024_36_Shifts_11th_Sept_2024_Shift_1_EN.pdf,17,4,English Comprehension,D,Answered,
SSC_CGL_Tier_1_Question_Paper_2024_36_Shifts_11th_Sept_2024_Shift_1_EN.pdf,18,4,English Comprehension,B,Answered,
SSC_CGL_Tier_1_Question_Paper_2024_36_Shifts_11th_Sept_2024_Shift_1_EN.pdf,19,4,English Comprehension,C,Answered,
SSC_CGL_Tier_1_Question_Paper_2024_36_Shifts_11th_Sept_2024_Shift_1_EN.pdf,20,4,English Comprehension,D,Answered,
SSC_CGL_Tier_1_Question_Paper_2024_36_Shifts_11th_Sept_2024_Shift_1_EN.pdf,21,4,English Comprehension,C,Answered,
SSC_CGL_Tier_1_Question_Paper_2024_36_Shifts_11th_Sept_2024_Shift_1_EN.pdf,22,4,English Comprehension,B,Answered,
SSC_CGL_Tier_1_Question_Paper_2024_36_Shifts_11th_Sept_2024_Shift_1_EN.pdf,23,4,English Comprehension,B,Answered,
SSC_CGL_Tier_1_Question_Paper_2024_36_Shifts_11th_Sept_2024_Shift_1_EN.pdf,24,4,English Comprehension,A,Answered,
SSC_CGL_Tier_1_Question_Paper_2024_36_Shifts_11th_Sept_2024_Shift_1_EN.pdf,25,4,English Comprehension,B,Answered,
SSC_CGL_Tier_1_Question_Paper_2024_36_Shifts_11th_Sept_2024_Shift_2_EN.pdf,1,1,General Intelligence and Reasoning,D,Answered,
SSC_CGL_Tier_1_Question_Paper_2024_36_Shifts_11th_Sept_2024_Shift_2_EN.pdf,2,1,General Intelligence and Reasoning,C,Answered,
SSC_CGL_Tier_1_Question_Paper_2024_36_Shifts_11th_Sept_2024_Shift_2_EN.pdf,3,1,General Intelligence and Reasoning,A,Answered,
SSC_CGL_Tier_1_Question_Paper_2024_36_Shifts_11th_Sept_2024_Shift_2_EN.pdf,4,1,General Intelligence and Reasoning,C,Answered,
SSC_CGL_Tier_1_Question_Paper_2024_36_Shifts_11th_Sept_2024_Shift_2_EN.pdf,5,1,General Intelligence and Reasoning,A,Answered,
SSC_CGL_Tier_1_Question_Paper_2024_36_Shifts_11th_Sept_2024_Shift_2_EN.pdf,6,1,General Intelligence and Reasoning,A,Answered,
SSC_CGL_Tier_1_Question_Paper_2024_36_Shifts_11th_Sept_2024_Shift_2_EN.pdf,7,1,General Intelligence and Reasoning,B,Answered,
SSC_CGL_Tier_1_Question_Paper_2024_36_Shifts_11th_Sept_2024_Shift_2_EN.pdf,8,1,General Intelligence and Reasoning,B,,
SSC_CGL_Tier_1_Question_Paper_2024_36_Shifts_11th_Sept_2024_Shift_2_EN.pdf,9,1,General Intelligence and Reasoning,A,Answered,
SSC_CGL_Tier_1_Question_Paper_2024_36_Shifts_11th_Sept_2024_Shift_2_EN.pdf,10,1,General Intelligence and Reasoning,B,Answered,
SSC_CGL_Tier_1_Question_Paper_2024_36_Shifts_11th_Sept_2024_Shift_2_EN.pdf,11,1,General Intelligence and Reasoning,A,,
SSC_CGL_Tier_1_Question_Paper_2024_36_Shifts_11th_Sept_2024_Shift_2_EN.pdf,12,1,General Intelligence and Reasoning,D,,
SSC_CGL_Tier_1_Question_Paper_2024_36_Shifts_11th_Sept_2024_Shift_2_EN.pdf,13,1,General Intelligence and Reasoning,A,Answered,
SSC_CGL_Tier_1_Question_Paper_2024_36_Shifts_11th_Sept_2024_Shift_2_EN.pdf,14,1,General Intelligence and Reasoning,C,Answered,
SSC_CGL_Tier_1_Question_Paper_2024_36_Shifts_11th_Sept_2024_Shift_2_EN.pdf,15,1,General Intelligence and Reasoning,,,
SSC_CGL_Tier_1_Question_Paper_2024_36_Shifts_11th_Sept_2024_Shift_2_EN.pdf,16,1,General Intelligence and Reasoning,C,Answered,
SSC_CGL_Tier_1_Question_Paper_2024_36_Shifts_11th_Sept_2024_Shift_2_EN.pdf,17,1,General Intelligence and Reasoning,B,Answered,
SSC_CGL_Tier_1_Question_Paper_2024_36_Shifts_11th_Sept_2024_Shift_2_EN.pdf,18,1,General Intelligence and Reasoning,D,Answered,
SSC_CGL_Tier_1_Question_Paper_2024_36_Shifts_11th_Sept_2024_Shift_2_EN.pdf,19,1,General Intelligence and Reasoning,C,Answered,
SSC_CGL_Tier_1_Question_Paper_2024_36_Shifts_11th_Sept_2024_Shift_2_EN.pdf,20,1,General Intelligence and Reasoning,A,Answered,
SSC_CGL_Tier_1_Question_Paper_2024_36_Shifts_11th_Sept_2024_Shift_2_EN.pdf,21,1,General Intelligence and Reasoning,A,Answered,
SSC_CGL_Tier_1_Question_Paper_2024_36_Shifts_11th_Sept_2024_Shift_2_EN.pdf,22,1,General Intelligence and Reasoning,C,Answered,
SSC_CGL_Tier_1_Question_Paper_2024_36_Shifts_11th_Sept_2024_Shift_2_EN.pdf,23,1,General Intelligence and Reasoning,B,Answered,
SSC_CGL_Tier_1_Question_Paper_2024_36_Shifts_11th_Sept_2024_Shift_2_EN.pdf,24,1,General Intelligence and Reasoning,A,Answered,
SSC_CGL_Tier_1_Question_Paper_2024_36_Shifts_11th_Sept_2024_Shift_2_EN.pdf,25,1,General Intelligence and Reasoning,D,Answered,
SSC_CGL_Tier_1_Question_Paper_2024_36_Shifts_11th_Sept_2024_Shift_2_EN.pdf,1,2,General Awareness,C,,
SSC_CGL_Tier_1_Question_Paper_2024_36_Shifts_11th_Sept_2024_Shift_2_EN.pdf,2,2,General Awareness,,Not Answered,
SSC_CGL_Tier_1_Question_Paper_2024_36_Shifts_11th_Sept_2024_Shift_2_EN.pdf,3,2,General Awareness,A,,
SSC_CGL_Tier_1_Question_Paper_2024_36_Shifts_11th_Sept_2024_Shift_2_EN.pdf,4,2,General Awareness,A,,
SSC_CGL_Tier_1_Question_Paper_2024_36_Shifts_11th_Sept_2024_Shift_2_EN.pdf,5,2,General Awareness,B,Answered,
SSC_CGL_Tier_1_Question_Paper_2024_36_Shifts_11th_Sept_2024_Shift_2_EN.pdf,6,2,General Awareness,,Not Answered,
SSC_CGL_Tier_1_Question_Paper_2024_36_Shifts_11th_Sept_2024_Shift_2_EN.pdf,7,2,General Awareness,B,,
SSC_CGL_Tier_1_Question_Paper_2024_36_Shifts_11th_Sept_2024_Shift_2_EN.pdf,8,2,General Awareness,,Not Answered,
SSC_CGL_Tier_1_Question_Paper_2024_36_Shifts_11th_Sept_2024_Shift_2_EN.pdf,9,2,General Awareness,,,
SSC_CGL_Tier_1_Question_Paper_2024_36_Shifts_11th_Sept_2024_Shift_2_EN.pdf,10,2,General Awareness,C,,
SSC_CGL_Tier_1_Question_Paper_2024_36_Shifts_11th_Sept_2024_Shift_2_EN.pdf,11,2,General Awareness,,Not Answered,
SSC_CGL_Tier_1_Question_Paper_2024_36_Shifts_11th_Sept_2024_Shift_2_EN.pdf,12,2,General Awareness,C,,
SSC_CGL_Tier_1_Question_Paper_2024_36_Shifts_11th_Sept_2024_Shift_2_EN.pdf,13,2,General Awareness,D,Answered,
SSC_CGL_Tier_1_Question_Paper_2024_36_Shifts_11th_Sept_2024_Shift_2_EN.pdf,14,2,General Awareness,B,Answered,
SSC_CGL_Tier_1_Question_Paper_2024_36_Shifts_11th_Sept_2024_Shift_2_EN.pdf,15,2,General Awareness,C,,
SSC_CGL_Tier_1_Question_Paper_2024_36_Shifts_11th_Sept_2024_Shift_2_EN.pdf,16,2,General Awareness,D,,
SSC_CGL_Tier_1_Question_Paper_2024_36_Shifts_11th_Sept_2024_Shift_2_EN.pdf,17,2,General Awareness,,Not Answered,
SSC_CGL_Tier_1_Question_Paper_2024_36_Shifts_11th_Sept_2024_Shift_2_EN.pdf,18,2,General Awareness,D,Answered,
SSC_CGL_Tier_1_Question_Paper_2024_36_Shifts_11th_Sept_2024_Shift_2_EN.pdf,19,2,General Awareness,C,Answered,
SSC_CGL_Tier_1_Question_Paper_2024_36_Shifts_11th_Sept_2024_Shift_2_EN.pdf,20,2,General Awareness,D,Answered,
SSC_CGL_Tier_1_Question_Paper_2024_36_Shifts_11th_Sept_2024_Shift_2_EN.pdf,21,2,General Awareness,A,Answered,
SSC_CGL_Tier_1_Question_Paper_2024_36_Shifts_11th_Sept_2024_Shift_2_EN.pdf,22,2,General Awareness,,,
SSC_CGL_Tier_1_Question_Paper_2024_36_Shifts_11th_Sept_2024_Shift_2_EN.pdf,23,2,General Awareness,D,,
SSC_CGL_Tier_1_Question_Paper_2024_36_Shifts_11th_Sept_2024_Shift_2_EN.pdf,24,2,General Awareness,C,,
SSC_CGL_Tier_1_Question_Paper_2024_36_Shifts_11th_Sept_2024_Shift_2_EN.pdf,25,2,General Awareness,B,,
SSC_CGL_Tier_1_Question_Paper_2024_36_Shifts_11th_Sept_2024_Shift_2_EN.pdf,1,3,Quantitative Aptitude,A,Answered,
SSC_CGL_Tier_1_Question_Paper_2024_36_Shifts_11th_Sept_2024_Shift_2_EN.pdf,2,3,Quantitative Aptitude,D,Answered,
SSC_CGL_Tier_1_Question_Paper_2024_36_Shifts_11th_Sept_2024_Shift_2_EN.pdf,3,3,Quantitative Aptitude,D,,
SSC_CGL_Tier_1_Question_Paper_2024_36_Shifts_11th_Sept_2024_Shift_2_EN.pdf,4,3,Quantitative Aptitude,B,Answered,
SSC_CGL_Tier_1_Question_Paper_2024_36_Shifts_11th_Sept_2024_Shift_2_EN.pdf,5,3,Quantitative Aptitude,B,Answered,
SSC_CGL_Tier_1_Question_Paper_2024_36_Shifts_11th_Sept_2024_Shift_2_EN.pdf,6,3,Quantitative Aptitude,D,Answered,
SSC_CGL_Tier_1_Question_Paper_2024_36_Shifts_11th_Sept_2024_Shift_2_EN.pdf,7,3,Quantitative Aptitude,B,,
SSC_CGL_Tier_1_Question_Paper_2024_36_Shifts_11th_Sept_2024_Shift_2_EN.pdf,8,3,Quantitative Aptitude,C,,
SSC_CGL_Tier_1_Question_Paper_2024_36_Shifts_11th_Sept_2024_Shift_2_EN.pdf,9,3,Quantitative Aptitude,D,Answered,
SSC_CGL_Tier_1_Question_Paper_2024_36_Shifts_11th_Sept_2024_Shift_2_EN.pdf,10,3,Quantitative Aptitude,A,Answered,
SSC_CGL_Tier_1_Question_Paper_2024_36_Shifts_11th_Sept_2024_Shift_2_EN.pdf,11,3,Quantitative Aptitude,D,,
SSC_CGL_Tier_1_Question_Paper_2024_36_Shifts_11th_Sept_2024_Shift_2_EN.pdf,12,3,Quantitative Aptitude,B,Answered,
SSC_CGL_Tier_1_Question_Paper_2024_36_Shifts_11th_Sept_2024_Shift_2_EN.pdf,13,3,Quantitative Aptitude,D,,
SSC_CGL_Tier_1_Question_Paper_2024_36_Shifts_11th_Sept_2024_Shift_2_EN.pdf,14,3,Quantitative Aptitude,A,Answered,
SSC_CGL_Tier_1_Question_Paper_2024_36_Shifts_11th_Sept_2024_Shift_2_EN.pdf,15,3,Quantitative Aptitude,,Not Answered,
SSC_CGL_Tier_1_Question_Paper_2024_36_Shifts_11th_Sept_2024_Shift_2_EN.pdf,16,3,Quantitative Aptitude,B,Answered,
SSC_CGL_Tier_1_Question_Paper_2024_36_Shifts_11th_Sept_2024_Shift_2_EN.pdf,17,3,Quantitative Aptitude,,Not Answered,
SSC_CGL_Tier_1_Question_Paper_2024_36_Shifts_11th_Sept_2024_Shift_2_EN.pdf,18,3,Quantitative Aptitude,A,Answered,
SSC_CGL_Tier_1_Question_Paper_2024_36_Shifts_11th_Sept_2024_Shift_2_EN.pdf,19,3,Quantitative Aptitude,D,Answered,
SSC_CGL_Tier_1_Question_Paper_2024_36_Shifts_11th_Sept_2024_Shift_2_EN.pdf,20,3,Quantitative Aptitude,B,Answered,
SSC_CGL_Tier_1_Question_Paper_2024_36_Shifts_11th_Sept_2024_Shift_2_EN.pdf,21,3,Quantitative Aptitude,D,Answered,
SSC_CGL_Tier_1_Question_Paper_2024_36_Shifts_11th_Sept_2024_Shift_2_EN.pdf,22,3,Quantitative Aptitude,A,Answered,
SSC_CGL_Tier_1_Question_Paper_2024_36_Shifts_11th_Sept_2024_Shift_2_EN.pdf,23,3,Quantitative Aptitude,B,Answered,
SSC_CGL_Tier_1_Question_Paper_2024_36_Shifts_11th_Sept_2024_Shift_2_EN.pdf,24,3,Quantitative Aptitude,C,Answered,
SSC_CGL_Tier_1_Question_Paper_2024_36_Shifts_11th_Sept_2024_Shift_2_EN.pdf,25,3,Quantitative Aptitude,A,Answered,
SSC_CGL_Tier_1_Question_Paper_2024_36_Shifts_11th_Sept_2024_Shift_2_EN.pdf,1,4,English Comprehension,C,Answered,
SSC_CGL_Tier_1_Question_Paper_2024_36_Shifts_11th_Sept_2024_Shift_2_EN.pdf,2,4,English Comprehension,A,Answered,
SSC_CGL_Tier_1_Question_Paper_2024_36_Shifts_11th_Sept_2024_Shift_2_EN.pdf,3,4,English Comprehension,D,Answered,
SSC_CGL_Tier_1_Question_Paper_2024_36_Shifts_11th_Sept_2024_Shift_2_EN.pdf,4,4,English Comprehension,C,,
SSC_CGL_Tier_1_Question_Paper_2024_36_Shifts_11th_Sept_2024_Shift_2_EN.pdf,5,4,English Comprehension,D,,
SSC_CGL_Tier_1_Question_Paper_2024_36_Shifts_11th_Sept_2024_Shift_2_EN.pdf,6,4,English Comprehension,D,Answered,
SSC_CGL_Tier_1_Question_Paper_2024_36_Shifts_11th_Sept_2024_Shift_2_EN.pdf,7,4,English Comprehension,A,Answered,
SSC_CGL_Tier_1_Question_Paper_2024_36_Shifts_11th_Sept_2024_Shift_2_EN.pdf,8,4,English Comprehension,B,Answered,
SSC_CGL_Tier_1_Question_Paper_2024_36_Shifts_11th_Sept_2024_Shift_2_EN.pdf,9,4,English Comprehension,B,Answered,
SSC_CGL_Tier_1_Question_Paper_2024_36_Shifts_11th_Sept_2024_Shift_2_EN.pdf,10,4,English Comprehension,C,Answered,
SSC_CGL_Tier_1_Question_Paper_2024_36_Shifts_11th_Sept_2024_Shift_2_EN.pdf,11,4,English Comprehension,D,,
SSC_CGL_Tier_1_Question_Paper_2024_36_Shifts_11th_Sept_2024_Shift_2_EN.pdf,12,4,English Comprehension,C,,
SSC_CGL_Tier_1_Question_Paper_2024_36_Shifts_11th_Sept_2024_Shift_2_EN.pdf,13,4,English Comprehension,C,Answered,
SSC_CGL_Tier_1_Question_Paper_2024_36_Shifts_11th_Sept_2024_Shift_2_EN.pdf,14,4,English Comprehension,D,Answered,
SSC_CGL_Tier_1_Question_Paper_2024_36_Shifts_11th_Sept_2024_Shift_2_EN.pdf,15,4,English Comprehension,,,
SSC_CGL_Tier_1_Question_Paper_2024_36_Shifts_11th_Sept_2024_Shift_2_EN.pdf,16,4,English Comprehension,A,Answered,
SSC_CGL_Tier_1_Question_Paper_2024_36_Shifts_11th_Sept_2024_Shift_2_EN.pdf,17,4,English Comprehension,D,Answered,
SSC_CGL_Tier_1_Question_Paper_2024_36_Shifts_11th_Sept_2024_Shift_2_EN.pdf,18,4,English Comprehension,D,Answered,
SSC_CGL_Tier_1_Question_Paper_2024_36_Shifts_11th_Sept_2024_Shift_2_EN.pdf,19,4,English Comprehension,D,Answered,
SSC_CGL_Tier_1_Question_Paper_2024_36_Shifts_11th_Sept_2024_Shift_2_EN.pdf,20,4,English Comprehension,D,Answered,
SSC_CGL_Tier_1_Question_Paper_2024_36_Shifts_11th_Sept_2024_Shift_2_EN.pdf,21,4,English Comprehension,C,Answered,
SSC_CGL_Tier_1_Question_Paper_2024_36_Shifts_11th_Sept_2024_Shift_2_EN.pdf,22,4,English Comprehension,D,Answered,
SSC_CGL_Tier_1_Question_Paper_2024_36_Shifts_11th_Sept_2024_Shift_2_EN.pdf,23,4,English Comprehension,C,,
SSC_CGL_Tier_1_Question_Paper_2024_36_Shifts_11th_Sept_2024_Shift_2_EN.pdf,24,4,English Comprehension,B,Answered,
SSC_CGL_Tier_1_Question_Paper_2024_36_Shifts_11th_Sept_2024_Shift_2_EN.pdf,25,4,English Comprehension,C,,
SSC_CGL_Tier_1_Question_Paper_2024_36_Shifts_11th_Sept_2024_Shift_3_EN.pdf,1,1,General Intelligence and Reasoning,A,Answered,
SSC_CGL_Tier_1_Question_Paper_2024_36_Shifts_11th_Sept_2024_Shift_3_EN.pdf,2,1,General Intelligence and Reasoning,D,Answered,
SSC_CGL_Tier_1_Question_Paper_2024_36_Shifts_11th_Sept_2024_Shift_3_EN.pdf,3,1,General Intelligence and Reasoning,C,Answered,
SSC_CGL_Tier_1_Question_Paper_2024_36_Shifts_11th_Sept_2024_Shift_3_EN.pdf,4,1,General Intelligence and Reasoning,C,Answered,
SSC_CGL_Tier_1_Question_Paper_2024_36_Shifts_11th_Sept_2024_Shift_3_EN.pdf,5,1,General Intelligence and Reasoning,B,Answered,
SSC_CGL_Tier_1_Question_Paper_2024_36_Shifts_11th_Sept_2024_Shift_3_EN.pdf,6,1,General Intelligence and Reasoning,D,Answered,
SSC_CGL_Tier_1_Question_Paper_2024_36_Shifts_11th_Sept_2024_Shift_3_EN.pdf,7,1,General Intelligence and Reasoning,B,Answered,
SSC_CGL_Tier_1_Question_Paper_2024_36_Shifts_11th_Sept_2024_Shift_3_EN.pdf,8,1,General Intelligence and Reasoning,A,Answered,
SSC_CGL_Tier_1_Question_Paper_2024_36_Shifts_11th_Sept_2024_Shift_3_EN.pdf,9,1,General Intelligence and Reasoning,C,Answered,
SSC_CGL_Tier_1_Question_Paper_2024_36_Shifts_11th_Sept_2024_Shift_3_EN.pdf,10,1,General Intelligence and Reasoning,A,Answered,
SSC_CGL_Tier_1_Question_Paper_2024_36_Shifts_11th_Sept_2024_Shift_3_EN.pdf,11,1,General Intelligence and Reasoning,,Not Answered,
SSC_CGL_Tier_1_Question_Paper_2024_36_Shifts_11th_Sept_2024_Shift_3_EN.pdf,12,1,General Intelligence and Reasoning,B,Answered,
SSC_CGL_Tier_1_Question_Paper_2024_36_Shifts_11th_Sept_2024_Shift_3_EN.pdf,13,1,General Intelligence and Reasoning,C,Answered,
SSC_CGL_Tier_1_Question_Paper_2024_36_Shifts_11th_Sept_2024_Shift_3_EN.pdf,14,1,General Intelligence and Reasoning,A,Answered,
SSC_CGL_Tier_1_Question_Paper_2024_36_Shifts_11th_Sept_2024_Shift_3_EN.pdf,15,1,General Intelligence and Reasoning,B,Answered,
SSC_CGL_Tier_1_Question_Paper_2024_36_Shifts_11th_Sept_2024_Shift_3_EN.pdf,16,1,General Intelligence and Reasoning,D,Answered,
SSC_CGL_Tier_1_Question_Paper_2024_36_Shifts_11th_Sept_2024_Shift_3_EN.pdf,17,1,General Intelligence and Reasoning,C,Answered,
SSC_CGL_Tier_1_Question_Paper_2024_36_Shifts_11th_Sept_2024_Shift_3_EN.pdf,18,1,General Intelligence and Reasoning,A,Answered,
SSC_CGL_Tier_1_Question_Paper_2024_36_Shifts_11th_Sept_2024_Shift_3_EN.pdf,19,1,General Intelligence and Reasoning,D,Answered,
SSC_CGL_Tier_1_Question_Paper_2024_36_Shifts_11th_Sept_2024_Shift_3_EN.pdf,20,1,General Intelligence and Reasoning,C,Answered,
SSC_CGL_Tier_1_Question_Paper_2024_36_Shifts_11th_Sept_2024_Shift_3_EN.pdf,21,1,General Intelligence and Reasoning,A,Answered,
SSC_CGL_Tier_1_Question_Paper_2024_36_Shifts_11th_Sept_2024_Shift_3_EN.pdf,22,1,General Intelligence and Reasoning,C,Answered,
SSC_CGL_Tier_1_Question_Paper_2024_36_Shifts_11th_Sept_2024_Shift_3_EN.pdf,23,1,General Intelligence and Reasoning,D,Answered,
SSC_CGL_Tier_1_Question_Paper_2024_36_Shifts_11th_Sept_2024_Shift_3_EN.pdf,24,1,General Intelligence and Reasoning,B,Answered,
SSC_CGL_Tier_1_Question_Paper_2024_36_Shifts_11th_Sept_2024_Shift_3_EN.pdf,25,1,General Intelligence and Reasoning,B,Answered,
SSC_CGL_Tier_1_Question_Paper_2024_36_Shifts_11th_Sept_2024_Shift_3_EN.pdf,1,2,General Awareness,C,Answered,
SSC_CGL_Tier_1_Question_Paper_2024_36_Shifts_11th_Sept_2024_Shift_3_EN.pdf,2,2,General Awareness,B,,
SSC_CGL_Tier_1_Question_Paper_2024_36_Shifts_11th_Sept_2024_Shift_3_EN.pdf,3,2,General Awareness,,Not Answered,
SSC_CGL_Tier_1_Question_Paper_2024_36_Shifts_11th_Sept_2024_Shift_3_EN.pdf,4,2,General Awareness,D,,
SSC_CGL_Tier_1_Question_Paper_2024_36_Shifts_11th_Sept_2024_Shift_3_EN.pdf,5,2,General Awareness,A,Answered,
SSC_CGL_Tier_1_Question_Paper_2024_36_Shifts_11th_Sept_2024_Shift_3_EN.pdf,6,2,General Awareness,,Not Answered,
SSC_CGL_Tier_1_Question_Paper_2024_36_Shifts_11th_Sept_2024_Shift_3_EN.pdf,7,2,General Awareness,,Not Answered,
SSC_CGL_Tier_1_Question_Paper_2024_36_Shifts_11th_Sept_2024_Shift_3_EN.pdf,8,2,General Awareness,,Not Answered,
SSC_CGL_Tier_1_Question_Paper_2024_36_Shifts_11th_Sept_2024_Shift_3_EN.pdf,9,2,General Awareness,,Not Answered,
SSC_CGL_Tier_1_Question_Paper_2024_36_Shifts_11th_Sept_2024_Shift_3_EN.pdf,10,2,General Awareness,C,,
SSC_CGL_Tier_1_Question_Paper_2024_36_Shifts_11th_Sept_2024_Shift_3_EN.pdf,11,2,General Awareness,B,Answered,
SSC_CGL_Tier_1_Question_Paper_2024_36_Shifts_11th_Sept_2024_Shift_3_EN.pdf,12,2,General Awareness,,Not Answered,
SSC_CGL_Tier_1_Question_Paper_2024_36_Shifts_11th_Sept_2024_Shift_3_EN.pdf,13,2,General Awareness,B,,
SSC_CGL_Tier_1_Question_Paper_2024_36_Shifts_11th_Sept_2024_Shift_3_EN.pdf,14,2,General Awareness,B,,
SSC_CGL_Tier_1_Question_Paper_2024_36_Shifts_11th_Sept_2024_Shift_3_EN.pdf,15,2,General Awareness,B,Answered,
SSC_CGL_Tier_1_Question_Paper_2024_36_Shifts_11th_Sept_2024_Shift_3_EN.pdf,16,2,General Awareness,,Not Answered,
SSC_CGL_Tier_1_Question_Paper_2024_36_Shifts_11th_Sept_2024_Shift_3_EN.pdf,17,2,General Awareness,C,Answered,
SSC_CGL_Tier_1_Question_Paper_2024_36_Shifts_11th_Sept_2024_Shift_3_EN.pdf,18,2,General Awareness,B,Answered,
SSC_CGL_Tier_1_Question_Paper_2024_36_Shifts_11th_Sept_2024_Shift_3_EN.pdf,19,2,General Awareness,C,Answered,
SSC_CGL_Tier_1_Question_Paper_2024_36_Shifts_11th_Sept_2024_Shift_3_EN.pdf,20,2,General Awareness,D,Answered,
SSC_CGL_Tier_1_Question_Paper_2024_36_Shifts_11th_Sept_2024_Shift_3_EN.pdf,21,2,General Awareness,,Not Answered,
SSC_CGL_Tier_1_Question_Paper_2024_36_Shifts_11th_Sept_2024_Shift_3_EN.pdf,22,2,General Awareness,D,Answered,
SSC_CGL_Tier_1_Question_Paper_2024_36_Shifts_11th_Sept_2024_Shift_3_EN.pdf,23,2,General Awareness,B,Answered,
SSC_CGL_Tier_1_Question_Paper_2024_36_Shifts_11th_Sept_2024_Shift_3_EN.pdf,24,2,General Awareness,A,Answered,
SSC_CGL_Tier_1_Question_Paper_2024_36_Shifts_11th_Sept_2024_Shift_3_EN.pdf,25,2,General Awareness,B,Answered,
SSC_CGL_Tier_1_Question_Paper_2024_36_Shifts_11th_Sept_2024_Shift_3_EN.pdf,1,3,Quantitative Aptitude,B,Answered,
SSC_CGL_Tier_1_Question_Paper_2024_36_Shifts_11th_Sept_2024_Shift_3_EN.pdf,2,3,Quantitative Aptitude,C,Answered,
SSC_CGL_Tier_1_Question_Paper_2024_36_Shifts_11th_Sept_2024_Shift_3_EN.pdf,3,3,Quantitative Aptitude,A,,
SSC_CGL_Tier_1_Question_Paper_2024_36_Shifts_11th_Sept_2024_Shift_3_EN.pdf,4,3,Quantitative Aptitude,B,Answered,
SSC_CGL_Tier_1_Question_Paper_2024_36_Shifts_11th_Sept_2024_Shift_3_EN.pdf,5,3,Quantitative Aptitude,,Not Answered,
SSC_CGL_Tier_1_Question_Paper_2024_36_Shifts_11th_Sept_2024_Shift_3_EN.pdf,6,3,Quantitative Aptitude,,Not Answered,
SSC_CGL_Tier_1_Question_Paper_2024_36_Shifts_11th_Sept_2024_Shift_3_EN.pdf,7,3,Quantitative Aptitude,C,Answered,
SSC_CGL_Tier_1_Question_Paper_2024_36_Shifts_11th_Sept_2024_Shift_3_EN.pdf,8,3,Quantitative Aptitude,,,
SSC_CGL_Tier_1_Question_Paper_2024_36_Shifts_11th_Sept_2024_Shift_3_EN.pdf,9,3,Quantitative Aptitude,C,Answered,
SSC_CGL_Tier_1_Question_Paper_2024_36_Shifts_11th_Sept_2024_Shift_3_EN.pdf,10,3,Quantitative Aptitude,B,Answered,
SSC_CGL_Tier_1_Question_Paper_2024_36_Shifts_11th_Sept_2024_Shift_3_EN.pdf,11,3,Quantitative Aptitude,B,Answered,
SSC_CGL_Tier_1_Question_Paper_2024_36_Shifts_11th_Sept_2024_Shift_3_EN.pdf,12,3,Quantitative Aptitude,B,Answered,
SSC_CGL_Tier_1_Question_Paper_2024_36_Shifts_11th_Sept_2024_Shift_3_EN.pdf,13,3,Quantitative Aptitude,A,Answered,
SSC_CGL_Tier_1_Question_Paper_2024_36_Shifts_11th_Sept_2024_Shift_3_EN.pdf,14,3,Quantitative Aptitude,C,Answered,
SSC_CGL_Tier_1_Question_Paper_2024_36_Shifts_11th_Sept_2024_Shift_3_EN.pdf,15,3,Quantitative Aptitude,B,,
SSC_CGL_Tier_1_Question_Paper_2024_36_Shifts_11th_Sept_2024_Shift_3_EN.pdf,16,3,Quantitative Aptitude,B,Answered,
SSC_CGL_Tier_1_Question_Paper_2024_36_Shifts_11th_Sept_2024_Shift_3_EN.pdf,17,3,Quantitative Aptitude,D,Answered,
SSC_CGL_Tier_1_Question_Paper_2024_36_Shifts_11th_Sept_2024_Shift_3_EN.pdf,18,3,Quantitative Aptitude,C,Answered,
SSC_CGL_Tier_1_Question_Paper_2024_36_Shifts_11th_Sept_2024_Shift_3_EN.pdf,19,3,Quantitative Aptitude,B,Answered,
SSC_CGL_Tier_1_Question_Paper_2024_36_Shifts_11th_Sept_2024_Shift_3_EN.pdf,20,3,Quantitative Aptitude,A,Answered,
SSC_CGL_Tier_1_Question_Paper_2024_36_Shifts_11th_Sept_2024_Shift_3_EN.pdf,21,3,Quantitative Aptitude,A,Answered,
SSC_CGL_Tier_1_Question_Paper_2024_36_Shifts_11th_Sept_2024_Shift_3_EN.pdf,22,3,Quantitative Aptitude,C,Answered,
SSC_CGL_Tier_1_Question_Paper_2024_36_Shifts_11th_Sept_2024_Shift_3_EN.pdf,23,3,Quantitative Aptitude,B,Answered,
SSC_CGL_Tier_1_Question_Paper_2024_36_Shifts_11th_Sept_2024_Shift_3_EN.pdf,24,3,Quantitative Aptitude,B,Answered,
SSC_CGL_Tier_1_Question_Paper_2024_36_Shifts_11th_Sept_2024_Shift_3_EN.pdf,25,3,Quantitative Aptitude,A,Answered,
SSC_CGL_Tier_1_Question_Paper_2024_36_Shifts_11th_Sept_2024_Shift_3_EN.pdf,1,4,English Comprehension,D,Answered,
SSC_CGL_Tier_1_Question_Paper_2024_36_Shifts_11th_Sept_2024_Shift_3_EN.pdf,2,4,English Comprehension,C,Answered,
SSC_CGL_Tier_1_Question_Paper_2024_36_Shifts_11th_Sept_2024_Shift_3_EN.pdf,3,4,English Comprehension,B,Answered,
SSC_CGL_Tier_1_Question_Paper_2024_36_Shifts_11th_Sept_2024_Shift_3_EN.pdf,4,4,English Comprehension,C,Answered,
SSC_CGL_Tier_1_Question_Paper_2024_36_Shifts_11th_Sept_2024_Shift_3_EN.pdf,5,4,English Comprehension,B,Answered,
SSC_CGL_Tier_1_Question_Paper_2024_36_Shifts_11th_Sept_2024_Shift_3_EN.pdf,6,4,English Comprehension,D,Answered,
SSC_CGL_Tier_1_Question_Paper_2024_36_Shifts_11th_Sept_2024_Shift_3_EN.pdf,7,4,English Comprehension,A,Answered,
SSC_CGL_Tier_1_Question_Paper_2024_36_Shifts_11th_Sept_2024_Shift_3_EN.pdf,8,4,English Comprehension,A,Answered,
SSC_CGL_Tier_1_Question_Paper_2024_36_Shifts_11th_Sept_2024_Shift_3_EN.pdf,9,4,English Comprehension,D,Answered,
SSC_CGL_Tier_1_Question_Paper_2024_36_Shifts_11th_Sept_2024_Shift_3_EN.pdf,10,4,English Comprehension,A,Answered,
SSC_CGL_Tier_1_Question_Paper_2024_36_Shifts_11th_Sept_2024_Shift_3_EN.pdf,11,4,English Comprehension,B,Answered,
SSC_CGL_Tier_1_Question_Paper_2024_36_Shifts_11th_Sept_2024_Shift_3_EN.pdf,12,4,English Comprehension,D,Answered,
SSC_CGL_Tier_1_Question_Paper_2024_36_Shifts_11th_Sept_2024_Shift_3_EN.pdf,13,4,English Comprehension,B,Answered,
SSC_CGL_Tier_1_Question_Paper_2024_36_Shifts_11th_Sept_2024_Shift_3_EN.pdf,14,4,English Comprehension,B,Answered,
SSC_CGL_Tier_1_Question_Paper_2024_36_Shifts_11th_Sept_2024_Shift_3_EN.pdf,15,4,English Comprehension,C,Answered,
SSC_CGL_Tier_1_Question_Paper_2024_36_Shifts_11th_Sept_2024_Shift_3_EN.pdf,16,4,English Comprehension,A,Answered,
SSC_CGL_Tier_1_Question_Paper_2024_36_Shifts_11th_Sept_2024_Shift_3_EN.pdf,17,4,English Comprehension,A,,
SSC_CGL_Tier_1_Question_Paper_2024_36_Shifts_11th_Sept_2024_Shift_3_EN.pdf,18,4,English Comprehension,A,Answered,
SSC_CGL_Tier_1_Question_Paper_2024_36_Shifts_11th_Sept_2024_Shift_3_EN.pdf,19,4,English Comprehension,D,Answered,
SSC_CGL_Tier_1_Question_Paper_2024_36_Shifts_11th_Sept_2024_Shift_3_EN.pdf,20,4,English Comprehension,D,Answered,
SSC_CGL_Tier_1_Question_Paper_2024_36_Shifts_11th_Sept_2024_Shift_3_EN.pdf,21,4,English Comprehension,D,Answered,
SSC_CGL_Tier_1_Question_Paper_2024_36_Shifts_11th_Sept_2024_Shift_3_EN.pdf,22,4,English Comprehension,C,Answered,
SSC_CGL_Tier_1_Question_Paper_2024_36_Shifts_11th_Sept_2024_Shift_3_EN.pdf,23,4,English Comprehension,A,Answered,
SSC_CGL_Tier_1_Question_Paper_2024_36_Shifts_11th_Sept_2024_Shift_3_EN.pdf,24,4,English Comprehension,C,Answered,
SSC_CGL_Tier_1_Question_Paper_2024_36_Shifts_11th_Sept_2024_Shift_3_EN.pdf,25,4,English Comprehension,A,Answered,
SSC_CGL_Tier_1_Question_Paper_2024_36_Shifts_12th_Sept_2024_Shift_1_EN.pdf,1,1,General Intelligence and Reasoning,D,Answered,
SSC_CGL_Tier_1_Question_Paper_2024_36_Shifts_12th_Sept_2024_Shift_1_EN.pdf,2,1,General Intelligence and Reasoning,C,Answered,
SSC_CGL_Tier_1_Question_Paper_2024_36_Shifts_12th_Sept_2024_Shift_1_EN.pdf,3,1,General Intelligence and Reasoning,A,Answered,
SSC_CGL_Tier_1_Question_Paper_2024_36_Shifts_12th_Sept_2024_Shift_1_EN.pdf,4,1,General Intelligence and Reasoning,B,Answered,
SSC_CGL_Tier_1_Question_Paper_2024_36_Shifts_12th_Sept_2024_Shift_1_EN.pdf,5,1,General Intelligence and Reasoning,C,Answered,
SSC_CGL_Tier_1_Question_Paper_2024_36_Shifts_12th_Sept_2024_Shift_1_EN.pdf,6,1,General Intelligence and Reasoning,B,Answered,
SSC_CGL_Tier_1_Question_Paper_2024_36_Shifts_12th_Sept_2024_Shift_1_EN.pdf,7,1,General Intelligence and Reasoning,A,Answered,
SSC_CGL_Tier_1_Question_Paper_2024_36_Shifts_12th_Sept_2024_Shift_1_EN.pdf,8,1,General Intelligence and Reasoning,B,Answered,
SSC_CGL_Tier_1_Question_Paper_2024_36_Shifts_12th_Sept_2024_Shift_1_EN.pdf,9,1,General Intelligence and Reasoning,B,Answered,
SSC_CGL_Tier_1_Question_Paper_2024_36_Shifts_12th_Sept_2024_Shift_1_EN.pdf,10,1,General Intelligence and Reasoning,B,Answered,
SSC_CGL_Tier_1_Question_Paper_2024_36_Shifts_12th_Sept_2024_Shift_1_EN.pdf,11,1,General Intelligence and Reasoning,D,Answered,
SSC_CGL_Tier_1_Question_Paper_2024_36_Shifts_12th_Sept_2024_Shift_1_EN.pdf,12,1,General Intelligence and Reasoning,B,Answered,
SSC_CGL_Tier_1_Question_Paper_2024_36_Shifts_12th_Sept_2024_Shift_1_EN.pdf,13,1,General Intelligence and Reasoning,B,Answered,
SSC_CGL_Tier_1_Question_Paper_2024_36_Shifts_12th_Sept_2024_Shift_1_EN.pdf,14,1,General Intelligence and Reasoning,D,Answered,
SSC_CGL_Tier_1_Question_Paper_2024_36_Shifts_12th_Sept_2024_Shift_1_EN.pdf,15,1,General Intelligence and Reasoning,B,Answered,
SSC_CGL_Tier_1_Question_Paper_2024_36_Shifts_12th_Sept_2024_Shift_1_EN.pdf,16,1,General Intelligence and Reasoning,B,Answered,
SSC_CGL_Tier_1_Question_Paper_2024_36_Shifts_12th_Sept_2024_Shift_1_EN.pdf,17,1,General Intelligence and Reasoning,B,Answered,
SSC_CGL_Tier_1_Question_Paper_2024_36_Shifts_12th_Sept_2024_Shift_1_EN.pdf,18,1,General Intelligence and Reasoning,A,Answered,
SSC_CGL_Tier_1_Question_Paper_2024_36_Shifts_12th_Sept_2024_Shift_1_EN.pdf,19,1,General Intelligence and Reasoning,A,Answered,
SSC_CGL_Tier_1_Question_Paper_2024_36_Shifts_12th_Sept_2024_Shift_1_EN.pdf,20,1,General Intelligence and Reasoning,C,Answered,
SSC_CGL_Tier_1_Question_Paper_2024_36_Shifts_12th_Sept_2024_Shift_1_EN.pdf,21,1,General Intelligence and Reasoning,C,Answered,
SSC_CGL_Tier_1_Question_Paper_2024_36_Shifts_12th_Sept_2024_Shift_1_EN.pdf,22,1,General Intelligence and Reasoning,B,Answered,
SSC_CGL_Tier_1_Question_Paper_2024_36_Shifts_12th_Sept_2024_Shift_1_EN.pdf,23,1,General Intelligence and Reasoning,D,Answered,
SSC_CGL_Tier_1_Question_Paper_2024_36_Shifts_12th_Sept_2024_Shift_1_EN.pdf,24,1,General Intelligence and Reasoning,D,Answered,
SSC_CGL_Tier_1_Question_Paper_2024_36_Shifts_12th_Sept_2024_Shift_1_EN.pdf,25,1,General Intelligence and Reasoning,B,Answered,
SSC_CGL_Tier_1_Question_Paper_2024_36_Shifts_12th_Sept_2024_Shift_1_EN.pdf,1,2,General Awareness,A,,
SSC_CGL_Tier_1_Question_Paper_2024_36_Shifts_12th_Sept_2024_Shift_1_EN.pdf,2,2,General Awareness,C,Answered,
SSC_CGL_Tier_1_Question_Paper_2024_36_Shifts_12th_Sept_2024_Shift_1_EN.pdf,3,2,General Awareness,C,Answered,
SSC_CGL_Tier_1_Question_Paper_2024_36_Shifts_12th_Sept_2024_Shift_1_EN.pdf,4,2,General Awareness,B,,
SSC_CGL_Tier_1_Question_Paper_2024_36_Shifts_12th_Sept_2024_Shift_1_EN.pdf,5,2,General Awareness,B,Answered,
SSC_CGL_Tier_1_Question_Paper_2024_36_Shifts_12th_Sept_2024_Shift_1_EN.pdf,6,2,General Awareness,B,Answered,
SSC_CGL_Tier_1_Question_Paper_2024_36_Shifts_12th_Sept_2024_Shift_1_EN.pdf,7,2,General Awareness,B,Answered,
SSC_CGL_Tier_1_Question_Paper_2024_36_Shifts_12th_Sept_2024_Shift_1_EN.pdf,8,2,General Awareness,D,Answered,
SSC_CGL_Tier_1_Question_Paper_2024_36_Shifts_12th_Sept_2024_Shift_1_EN.pdf,9,2,General Awareness,D,Answered,
SSC_CGL_Tier_1_Question_Paper_2024_36_Shifts_12th_Sept_2024_Shift_1_EN.pdf,10,2,General Awareness,B,Answered,
SSC_CGL_Tier_1_Question_Paper_2024_36_Shifts_12th_Sept_2024_Shift_1_EN.pdf,11,2,General Awareness,C,,
SSC_CGL_Tier_1_Question_Paper_2024_36_Shifts_12th_Sept_2024_Shift_1_EN.pdf,12,2,General Awareness,B,Answered,
SSC_CGL_Tier_1_Question_Paper_2024_36_Shifts_12th_Sept_2024_Shift_1_EN.pdf,13,2,General Awareness,A,Answered,
SSC_CGL_Tier_1_Question_Paper_2024_36_Shifts_12th_Sept_2024_Shift_1_EN.pdf,14,2,General Awareness,D,Answered,
SSC_CGL_Tier_1_Question_Paper_2024_36_Shifts_12th_Sept_2024_Shift_1_EN.pdf,15,2,General Awareness,A,Answered,
SSC_CGL_Tier_1_Question_Paper_2024_36_Shifts_12th_Sept_2024_Shift_1_EN.pdf,16,2,General Awareness,D,Answered,
SSC_CGL_Tier_1_Question_Paper_2024_36_Shifts_12th_Sept_2024_Shift_1_EN.pdf,17,2,General Awareness,D,Answered,
SSC_CGL_Tier_1_Question_Paper_2024_36_Shifts_12th_Sept_2024_Shift_1_EN.pdf,18,2,General Awareness,,Not Answered,
SSC_CGL_Tier_1_Question_Paper_2024_36_Shifts_12th_Sept_2024_Shift_1_EN.pdf,19,2,General Awareness,,Not Answered,
SSC_CGL_Tier_1_Question_Paper_2024_36_Shifts_12th_Sept_2024_Shift_1_EN.pdf,20,2,General Awareness,B,Answered,
SSC_CGL_Tier_1_Question_Paper_2024_36_Shifts_12th_Sept_2024_Shift_1_EN.pdf,21,2,General Awareness,A,Answered,
SSC_CGL_Tier_1_Question_Paper_2024_36_Shifts_12th_Sept_2024_Shift_1_EN.pdf,22,2,General Awareness,B,,
SSC_CGL_Tier_1_Question_Paper_2024_36_Shifts_12th_Sept_2024_Shift_1_EN.pdf,23,2,General Awareness,,Not Answered,
SSC_CGL_Tier_1_Question_Paper_2024_36_Shifts_12th_Sept_2024_Shift_1_EN.pdf,24,2,General Awareness,B,Answered,
SSC_CGL_Tier_1_Question_Paper_2024_36_Shifts_12th_Sept_2024_Shift_1_EN.pdf,25,2,General Awareness,A,Answered,
SSC_CGL_Tier_1_Question_Paper_2024_36_Shifts_12th_Sept_2024_Shift_1_EN.pdf,1,3,Quantitative Aptitude,C,Answered,
SSC_CGL_Tier_1_Question_Paper_2024_36_Shifts_12th_Sept_2024_Shift_1_EN.pdf,2,3,Quantitative Aptitude,A,Answered,
SSC_CGL_Tier_1_Question_Paper_2024_36_Shifts_12th_Sept_2024_Shift_1_EN.pdf,3,3,Quantitative Aptitude,C,Answered,
SSC_CGL_Tier_1_Question_Paper_2024_36_Shifts_12th_Sept_2024_Shift_1_EN.pdf,4,3,Quantitative Aptitude,D,Answered,
SSC_CGL_Tier_1_Question_Paper_2024_36_Shifts_12th_Sept_2024_Shift_1_EN.pdf,5,3,Quantitative Aptitude,C,Answered,
SSC_CGL_Tier_1_Question_Paper_2024_36_Shifts_12th_Sept_2024_Shift_1_EN.pdf,6,3,Quantitative Aptitude,B,Answered,
SSC_CGL_Tier_1_Question_Paper_2024_36_Shifts_12th_Sept_2024_Shift_1_EN.pdf,7,3,Quantitative Aptitude,B,Answered,
SSC_CGL_Tier_1_Question_Paper_2024_36_Shifts_12th_Sept_2024_Shift_1_EN.pdf,8,3,Quantitative Aptitude,D,Answered,
SSC_CGL_Tier_1_Question_Paper_2024_36_Shifts_12th_Sept_2024_Shift_1_EN.pdf,9,3,Quantitative Aptitude,,Not Answered,
SSC_CGL_Tier_1_Question_Paper_2024_36_Shifts_12th_Sept_2024_Shift_1_EN.pdf,10,3,Quantitative Aptitude,D,Answered,
SSC_CGL_Tier_1_Question_Paper_2024_36_Shifts_12th_Sept_2024_Shift_1_EN.pdf,11,3,Quantitative Aptitude,D,Answered,
SSC_CGL_Tier_1_Question_Paper_2024_36_Shifts_12th_Sept_2024_Shift_1_EN.pdf,12,3,Quantitative Aptitude,A,Answered,
SSC_CGL_Tier_1_Question_Paper_2024_36_Shifts_12th_Sept_2024_Shift_1_EN.pdf,13,3,Quantitative Aptitude,,Not Answered,
SSC_CGL_Tier_1_Question_Paper_2024_36_Shifts_12th_Sept_2024_Shift_1_EN.pdf,14,3,Quantitative Aptitude,C,Answered,
SSC_CGL_Tier_1_Question_Paper_2024_36_Shifts_12th_Sept_2024_Shift_1_EN.pdf,15,3,Quantitative Aptitude,D,Answered,
SSC_CGL_Tier_1_Question_Paper_2024_36_Shifts_12th_Sept_2024_Shift_1_EN.pdf,16,3,Quantitative Aptitude,D,Answered,
SSC_CGL_Tier_1_Question_Paper_2024_36_Shifts_12th_Sept_2024_Shift_1_EN.pdf,17,3,Quantitative Aptitude,A,Answered,
SSC_CGL_Tier_1_Question_Paper_2024_36_Shifts_12th_Sept_2024_Shift_1_EN.pdf,18,3,Quantitative Aptitude,,Not Answered,
SSC_CGL_Tier_1_Question_Paper_2024_36_Shifts_12th_Sept_2024_Shift_1_EN.pdf,19,3,Quantitative Aptitude,D,Answered,
SSC_CGL_Tier_1_Question_Paper_2024_36_Shifts_12th_Sept_2024_Shift_1_EN.pdf,20,3,Quantitative Aptitude,C,Answered,
SSC_CGL_Tier_1_Question_Paper_2024_36_Shifts_12th_Sept_2024_Shift_1_EN.pdf,2,4,Quantitative Aptitude,B,Answered,
SSC_CGL_Tier_1_Question_Paper_2024_36_Shifts_12th_Sept_2024_Shift_1_EN.pdf,22,3,Quantitative Aptitude,C,Answered,
SSC_CGL_Tier_1_Question_Paper_2024_36_Shifts_12th_Sept_2024_Shift_1_EN.pdf,23,3,Quantitative Aptitude,A,Answered,
SSC_CGL_Tier_1_Question_Paper_2024_36_Shifts_12th_Sept_2024_Shift_1_EN.pdf,24,3,Quantitative Aptitude,B,Answered,
SSC_CGL_Tier_1_Question_Paper_2024_36_Shifts_12th_Sept_2024_Shift_1_EN.pdf,25,3,Quantitative Aptitude,B,Answered,
SSC_CGL_Tier_1_Question_Paper_2024_36_Shifts_12th_Sept_2024_Shift_1_EN.pdf,1,4,English Comprehension,D,Answered,
SSC_CGL_Tier_1_Question_Paper_2024_36_Shifts_12th_Sept_2024_Shift_1_EN.pdf,2,5,English Comprehension,A,Answered,
SSC_CGL_Tier_1_Question_Paper_2024_36_Shifts_12th_Sept_2024_Shift_1_EN.pdf,3,4,English Comprehension,A,Answered,
SSC_CGL_Tier_1_Question_Paper_2024_36_Shifts_12th_Sept_2024_Shift_1_EN.pdf,4,4,English Comprehension,C,Answered,
SSC_CGL_Tier_1_Question_Paper_2024_36_Shifts_12th_Sept_2024_Shift_1_EN.pdf,5,4,English Comprehension,D,Answered,
SSC_CGL_Tier_1_Question_Paper_2024_36_Shifts_12th_Sept_2024_Shift_1_EN.pdf,6,4,English Comprehension,D,Answered,
SSC_CGL_Tier_1_Question_Paper_2024_36_Shifts_12th_Sept_2024_Shift_1_EN.pdf,7,4,English Comprehension,D,Answered,
SSC_CGL_Tier_1_Question_Paper_2024_36_Shifts_12th_Sept_2024_Shift_1_EN.pdf,8,4,English Comprehension,D,Answered,
SSC_CGL_Tier_1_Question_Paper_2024_36_Shifts_12th_Sept_2024_Shift_1_EN.pdf,9,4,English Comprehension,B,Answered,
SSC_CGL_Tier_1_Question_Paper_2024_36_Shifts_12th_Sept_2024_Shift_1_EN.pdf,10,4,English Comprehension,C,Answered,
SSC_CGL_Tier_1_Question_Paper_2024_36_Shifts_12th_Sept_2024_Shift_1_EN.pdf,11,4,English Comprehension,C,Answered,
SSC_CGL_Tier_1_Question_Paper_2024_36_Shifts_12th_Sept_2024_Shift_1_EN.pdf,12,4,English Comprehension,C,Answered,
SSC_CGL_Tier_1_Question_Paper_2024_36_Shifts_12th_Sept_2024_Shift_1_EN.pdf,13,4,English Comprehension,D,Answered,
SSC_CGL_Tier_1_Question_Paper_2024_36_Shifts_12th_Sept_2024_Shift_1_EN.pdf,14,4,English Comprehension,B,Answered,
SSC_CGL_Tier_1_Question_Paper_2024_36_Shifts_12th_Sept_2024_Shift_1_EN.pdf,15,4,English Comprehension,C,Answered,
SSC_CGL_Tier_1_Question_Paper_2024_36_Shifts_12th_Sept_2024_Shift_1_EN.pdf,16,4,English Comprehension,C,Answered,
SSC_CGL_Tier_1_Question_Paper_2024_36_Shifts_12th_Sept_2024_Shift_1_EN.pdf,17,4,English Comprehension,D,Answered,
SSC_CGL_Tier_1_Question_Paper_2024_36_Shifts_12th_Sept_2024_Shift_1_EN.pdf,18,4,English Comprehension,D,Answered,
SSC_CGL_Tier_1_Question_Paper_2024_36_Shifts_12th_Sept_2024_Shift_1_EN.pdf,19,4,English Comprehension,D,Answered,
SSC_CGL_Tier_1_Question_Paper_2024_36_Shifts_12th_Sept_2024_Shift_1_EN.pdf,20,4,English Comprehension,B,Answered,
SSC_CGL_Tier_1_Question_Paper_2024_36_Shifts_12th_Sept_2024_Shift_1_EN.pdf,21,3,English Comprehension,B,Answered,
SSC_CGL_Tier_1_Question_Paper_2024_36_Shifts_12th_Sept_2024_Shift_1_EN.pdf,22,4,English Comprehension,B,Answered,
SSC_CGL_Tier_1_Question_Paper_2024_36_Shifts_12th_Sept_2024_Shift_1_EN.pdf,23,4,English Comprehension,D,Answered,
SSC_CGL_Tier_1_Question_Paper_2024_36_Shifts_12th_Sept_2024_Shift_1_EN.pdf,24,4,English Comprehension,A,Answered,
SSC_CGL_Tier_1_Question_Paper_2024_36_Shifts_12th_Sept_2024_Shift_1_EN.pdf,25,4,English Comprehension,D,Answered,
SSC_CGL_Tier_1_Question_Paper_2024_36_Shifts_12th_Sept_2024_Shift_2_EN.pdf,1,1,General Intelligence and Reasoning,D,Answered,
SSC_CGL_Tier_1_Question_Paper_2024_36_Shifts_12th_Sept_2024_Shift_2_EN.pdf,2,1,General Intelligence and Reasoning,B,Answered,
SSC_CGL_Tier_1_Question_Paper_2024_36_Shifts_12th_Sept_2024_Shift_2_EN.pdf,3,1,General Intelligence and Reasoning,C,,
SSC_CGL_Tier_1_Question_Paper_2024_36_Shifts_12th_Sept_2024_Shift_2_EN.pdf,4,1,General Intelligence and Reasoning,C,Answered,
SSC_CGL_Tier_1_Question_Paper_2024_36_Shifts_12th_Sept_2024_Shift_2_EN.pdf,5,1,General Intelligence and Reasoning,D,Answered,
SSC_CGL_Tier_1_Question_Paper_2024_36_Shifts_12th_Sept_2024_Shift_2_EN.pdf,6,1,General Intelligence and Reasoning,C,Answered,
SSC_CGL_Tier_1_Question_Paper_2024_36_Shifts_12th_Sept_2024_Shift_2_EN.pdf,7,1,General Intelligence and Reasoning,A,Answered,
SSC_CGL_Tier_1_Question_Paper_2024_36_Shifts_12th_Sept_2024_Shift_2_EN.pdf,8,1,General Intelligence and Reasoning,D,Answered,
SSC_CGL_Tier_1_Question_Paper_2024_36_Shifts_12th_Sept_2024_Shift_2_EN.pdf,9,1,General Intelligence and Reasoning,C,Answered,
SSC_CGL_Tier_1_Question_Paper_2024_36_Shifts_12th_Sept_2024_Shift_2_EN.pdf,10,1,General Intelligence and Reasoning,B,Answered,
SSC_CGL_Tier_1_Question_Paper_2024_36_Shifts_12th_Sept_2024_Shift_2_EN.pdf,11,1,General Intelligence and Reasoning,D,Answered,
SSC_CGL_Tier_1_Question_Paper_2024_36_Shifts_12th_Sept_2024_Shift_2_EN.pdf,12,1,General Intelligence and Reasoning,C,Answered,
SSC_CGL_Tier_1_Question_Paper_2024_36_Shifts_12th_Sept_2024_Shift_2_EN.pdf,13,1,General Intelligence and Reasoning,C,Answered,
SSC_CGL_Tier_1_Question_Paper_2024_36_Shifts_12th_Sept_2024_Shift_2_EN.pdf,14,1,General Intelligence and Reasoning,C,Answered,
SSC_CGL_Tier_1_Question_Paper_2024_36_Shifts_12th_Sept_2024_Shift_2_EN.pdf,15,1,General Intelligence and Reasoning,C,Answered,
SSC_CGL_Tier_1_Question_Paper_2024_36_Shifts_12th_Sept_2024_Shift_2_EN.pdf,16,1,General Intelligence and Reasoning,A,Answered,
SSC_CGL_Tier_1_Question_Paper_2024_36_Shifts_12th_Sept_2024_Shift_2_EN.pdf,17,1,General Intelligence and Reasoning,B,Answered,
SSC_CGL_Tier_1_Question_Paper_2024_36_Shifts_12th_Sept_2024_Shift_2_EN.pdf,18,1,General Intelligence and Reasoning,A,Answered,
SSC_CGL_Tier_1_Question_Paper_2024_36_Shifts_12th_Sept_2024_Shift_2_EN.pdf,19,1,General Intelligence and Reasoning,C,Answered,
SSC_CGL_Tier_1_Question_Paper_2024_36_Shifts_12th_Sept_2024_Shift_2_EN.pdf,20,1,General Intelligence and Reasoning,B,Answered,
SSC_CGL_Tier_1_Question_Paper_2024_36_Shifts_12th_Sept_2024_Shift_2_EN.pdf,21,1,General Intelligence and Reasoning,D,Answered,
SSC_CGL_Tier_1_Question_Paper_2024_36_Shifts_12th_Sept_2024_Shift_2_EN.pdf,22,1,General Intelligence and Reasoning,D,Answered,
SSC_CGL_Tier_1_Question_Paper_2024_36_Shifts_12th_Sept_2024_Shift_2_EN.pdf,23,1,General Intelligence and Reasoning,A,Answered,
SSC_CGL_Tier_1_Question_Paper_2024_36_Shifts_12th_Sept_2024_Shift_2_EN.pdf,24,1,General Intelligence and Reasoning,A,Answered,
SSC_CGL_Tier_1_Question_Paper_2024_36_Shifts_12th_Sept_2024_Shift_2_EN.pdf,25,1,General Intelligence and Reasoning,A,Answered,
SSC_CGL_Tier_1_Question_Paper_2024_36_Shifts_12th_Sept_2024_Shift_2_EN.pdf,1,2,General Awareness,C,Answered,
SSC_CGL_Tier_1_Question_Paper_2024_36_Shifts_12th_Sept_2024_Shift_2_EN.pdf,2,2,General Awareness,A,Answered,
SSC_CGL_Tier_1_Question_Paper_2024_36_Shifts_12th_Sept_2024_Shift_2_EN.pdf,3,2,General Awareness,B,Answered,
SSC_CGL_Tier_1_Question_Paper_2024_36_Shifts_12th_Sept_2024_Shift_2_EN.pdf,4,2,General Awareness,A,Answered,
SSC_CGL_Tier_1_Question_Paper_2024_36_Shifts_12th_Sept_2024_Shift_2_EN.pdf,5,2,General Awareness,B,Answered,
SSC_CGL_Tier_1_Question_Paper_2024_36_Shifts_12th_Sept_2024_Shift_2_EN.pdf,6,2,General Awareness,A,Answered,
SSC_CGL_Tier_1_Question_Paper_2024_36_Shifts_12th_Sept_2024_Shift_2_EN.pdf,7,2,General Awareness,B,Answered,
SSC_CGL_Tier_1_Question_Paper_2024_36_Shifts_12th_Sept_2024_Shift_2_EN.pdf,8,2,General Awareness,C,Answered,
SSC_CGL_Tier_1_Question_Paper_2024_36_Shifts_12th_Sept_2024_Shift_2_EN.pdf,9,2,General Awareness,B,Answered,
SSC_CGL_Tier_1_Question_Paper_2024_36_Shifts_12th_Sept_2024_Shift_2_EN.pdf,10,2,General Awareness,,Not Answered,
SSC_CGL_Tier_1_Question_Paper_2024_36_Shifts_12th_Sept_2024_Shift_2_EN.pdf,11,2,General Awareness,D,Answered,
SSC_CGL_Tier_1_Question_Paper_2024_36_Shifts_12th_Sept_2024_Shift_2_EN.pdf,12,2,General Awareness,,,
SSC_CGL_Tier_1_Question_Paper_2024_36_Shifts_12th_Sept_2024_Shift_2_EN.pdf,13,2,General Awareness,B,Answered,
SSC_CGL_Tier_1_Question_Paper_2024_36_Shifts_12th_Sept_2024_Shift_2_EN.pdf,14,2,General Awareness,C,Answered,
SSC_CGL_Tier_1_Question_Paper_2024_36_Shifts_12th_Sept_2024_Shift_2_EN.pdf,15,2,General Awareness,,Not Answered,
SSC_CGL_Tier_1_Question_Paper_2024_36_Shifts_12th_Sept_2024_Shift_2_EN.pdf,16,2,General Awareness,C,Answered,
SSC_CGL_Tier_1_Question_Paper_2024_36_Shifts_12th_Sept_2024_Shift_2_EN.pdf,17,2,General Awareness,C,Answered,
SSC_CGL_Tier_1_Question_Paper_2024_36_Shifts_12th_Sept_2024_Shift_2_EN.pdf,18,2,General Awareness,A,Answered,
SSC_CGL_Tier_1_Question_Paper_2024_36_Shifts_12th_Sept_2024_Shift_2_EN.pdf,19,2,General Awareness,C,Answered,
SSC_CGL_Tier_1_Question_Paper_2024_36_Shifts_12th_Sept_2024_Shift_2_EN.pdf,20,2,General Awareness,C,Answered,
SSC_CGL_Tier_1_Question_Paper_2024_36_Shifts_12th_Sept_2024_Shift_2_EN.pdf,21,2,General Awareness,D,Answered,
SSC_CGL_Tier_1_Question_Paper_2024_36_Shifts_12th_Sept_2024_Shift_2_EN.pdf,22,2,General Awareness,C,Answered,
SSC_CGL_Tier_1_Question_Paper_2024_36_Shifts_12th_Sept_2024_Shift_2_EN.pdf,23,2,General Awareness,C,Answered,
SSC_CGL_Tier_1_Question_Paper_2024_36_Shifts_12th_Sept_2024_Shift_2_EN.pdf,24,2,General Awareness,B,Answered,
SSC_CGL_Tier_1_Question_Paper_2024_36_Shifts_12th_Sept_2024_Shift_2_EN.pdf,25,2,General Awareness,C,Answered,
SSC_CGL_Tier_1_Question_Paper_2024_36_Shifts_12th_Sept_2024_Shift_2_EN.pdf,1,3,Quantitative Aptitude,,,
SSC_CGL_Tier_1_Question_Paper_2024_36_Shifts_12th_Sept_2024_Shift_2_EN.pdf,2,3,Quantitative Aptitude,D,Answered,
SSC_CGL_Tier_1_Question_Paper_2024_36_Shifts_12th_Sept_2024_Shift_2_EN.pdf,3,3,Quantitative Aptitude,A,Answered,
SSC_CGL_Tier_1_Question_Paper_2024_36_Shifts_12th_Sept_2024_Shift_2_EN.pdf,4,3,Quantitative Aptitude,B,Answered,
SSC_CGL_Tier_1_Question_Paper_2024_36_Shifts_12th_Sept_2024_Shift_2_EN.pdf,5,3,Quantitative Aptitude,A,Answered,
SSC_CGL_Tier_1_Question_Paper_2024_36_Shifts_12th_Sept_2024_Shift_2_EN.pdf,6,3,Quantitative Aptitude,D,Answered,
SSC_CGL_Tier_1_Question_Paper_2024_36_Shifts_12th_Sept_2024_Shift_2_EN.pdf,7,3,Quantitative Aptitude,A,Answered,
SSC_CGL_Tier_1_Question_Paper_2024_36_Shifts_12th_Sept_2024_Shift_2_EN.pdf,8,3,Quantitative Aptitude,C,Answered,
SSC_CGL_Tier_1_Question_Paper_2024_36_Shifts_12th_Sept_2024_Shift_2_EN.pdf,9,3,Quantitative Aptitude,D,Answered,
SSC_CGL_Tier_1_Question_Paper_2024_36_Shifts_12th_Sept_2024_Shift_2_EN.pdf,10,3,Quantitative Aptitude,A,Answered,
SSC_CGL_Tier_1_Question_Paper_2024_36_Shifts_12th_Sept_2024_Shift_2_EN.pdf,11,3,Quantitative Aptitude,B,Answered,
SSC_CGL_Tier_1_Question_Paper_2024_36_Shifts_12th_Sept_2024_Shift_2_EN.pdf,12,3,Quantitative Aptitude,C,Answered,
SSC_CGL_Tier_1_Question_Paper_2024_36_Shifts_12th_Sept_2024_Shift_2_EN.pdf,13,3,Quantitative Aptitude,A,Answered,
SSC_CGL_Tier_1_Question_Paper_2024_36_Shifts_12th_Sept_2024_Shift_2_EN.pdf,14,3,Quantitative Aptitude,A,Answered,
SSC_CGL_Tier_1_Question_Paper_2024_36_Shifts_12th_Sept_2024_Shift_2_EN.pdf,15,3,Quantitative Aptitude,B,Answered,
SSC_CGL_Tier_1_Question_Paper_2024_36_Shifts_12th_Sept_2024_Shift_2_EN.pdf,16,3,Quantitative Aptitude,C,Answered,
SSC_CGL_Tier_1_Question_Paper_2024_36_Shifts_12th_Sept_2024_Shift_2_EN.pdf,17,3,Quantitative Aptitude,D,Answered,
SSC_CGL_Tier_1_Question_Paper_2024_36_Shifts_12th_Sept_2024_Shift_2_EN.pdf,18,3,Quantitative Aptitude,A,Answered,
SSC_CGL_Tier_1_Question_Paper_2024_36_Shifts_12th_Sept_2024_Shift_2_EN.pdf,19,3,Quantitative Aptitude,D,Answered,
SSC_CGL_Tier_1_Question_Paper_2024_36_Shifts_12th_Sept_2024_Shift_2_EN.pdf,20,3,Quantitative Aptitude,B,Answered,
SSC_CGL_Tier_1_Question_Paper_2024_36_Shifts_12th_Sept_2024_Shift_2_EN.pdf,21,3,Quantitative Aptitude,D,Answered,
SSC_CGL_Tier_1_Question_Paper_2024_36_Shifts_12th_Sept_2024_Shift_2_EN.pdf,22,3,Quantitative Aptitude,,Not Answered,
SSC_CGL_Tier_1_Question_Paper_2024_36_Shifts_12th_Sept_2024_Shift_2_EN.pdf,23,3,Quantitative Aptitude,D,Answered,
SSC_CGL_Tier_1_Question_Paper_2024_36_Shifts_12th_Sept_2024_Shift_2_EN.pdf,24,3,Quantitative Aptitude,A,Answered,
SSC_CGL_Tier_1_Question_Paper_2024_36_Shifts_12th_Sept_2024_Shift_2_EN.pdf,25,3,Quantitative Aptitude,A,Answered,
SSC_CGL_Tier_1_Question_Paper_2024_36_Shifts_12th_Sept_2024_Shift_2_EN.pdf,1,4,English Comprehension,C,Answered,
SSC_CGL_Tier_1_Question_Paper_2024_36_Shifts_12th_Sept_2024_Shift_2_EN.pdf,2,4,English Comprehension,D,Answered,
SSC_CGL_Tier_1_Question_Paper_2024_36_Shifts_12th_Sept_2024_Shift_2_EN.pdf,3,4,English Comprehension,A,Answered,
SSC_CGL_Tier_1_Question_Paper_2024_36_Shifts_12th_Sept_2024_Shift_2_EN.pdf,4,4,English Comprehension,D,Answered,
SSC_CGL_Tier_1_Question_Paper_2024_36_Shifts_12th_Sept_2024_Shift_2_EN.pdf,5,4,English Comprehension,D,Answered,
SSC_CGL_Tier_1_Question_Paper_2024_36_Shifts_12th_Sept_2024_Shift_2_EN.pdf,6,4,English Comprehension,B,Answered,
SSC_CGL_Tier_1_Question_Paper_2024_36_Shifts_12th_Sept_2024_Shift_2_EN.pdf,7,4,English Comprehension,A,Answered,
SSC_CGL_Tier_1_Question_Paper_2024_36_Shifts_12th_Sept_2024_Shift_2_EN.pdf,8,4,English Comprehension,A,Answered,
SSC_CGL_Tier_1_Question_Paper_2024_36_Shifts_12th_Sept_2024_Shift_2_EN.pdf,9,4,English Comprehension,C,Answered,
SSC_CGL_Tier_1_Question_Paper_2024_36_Shifts_12th_Sept_2024_Shift_2_EN.pdf,10,4,English Comprehension,B,Answered,
SSC_CGL_Tier_1_Question_Paper_2024_36_Shifts_12th_Sept_2024_Shift_2_EN.pdf,11,4,English Comprehension,D,Answered,
SSC_CGL_Tier_1_Question_Paper_2024_36_Shifts_12th_Sept_2024_Shift_2_EN.pdf,12,4,English Comprehension,A,Answered,
SSC_CGL_Tier_1_Question_Paper_2024_36_Shifts_12th_Sept_2024_Shift_2_EN.pdf,13,4,English Comprehension,B,Answered,
SSC_CGL_Tier_1_Question_Paper_2024_36_Shifts_12th_Sept_2024_Shift_2_EN.pdf,14,4,English Comprehension,A,Answered,
SSC_CGL_Tier_1_Question_Paper_2024_36_Shifts_12th_Sept_2024_Shift_2_EN.pdf,15,4,English Comprehension,D,Answered,
SSC_CGL_Tier_1_Question_Paper_2024_36_Shifts_12th_Sept_2024_Shift_2_EN.pdf,16,4,English Comprehension,A,Answered,
SSC_CGL_Tier_1_Question_Paper_2024_36_Shifts_12th_Sept_2024_Shift_2_EN.pdf,17,4,English Comprehension,D,Answered,
SSC_CGL_Tier_1_Question_Paper_2024_36_Shifts_12th_Sept_2024_Shift_2_EN.pdf,18,4,English Comprehension,B,Answered,
SSC_CGL_Tier_1_Question_Paper_2024_36_Shifts_12th_Sept_2024_Shift_2_EN.pdf,19,4,English Comprehension,B,Answered,
SSC_CGL_Tier_1_Question_Paper_2024_36_Shifts_12th_Sept_2024_Shift_2_EN.pdf,20,4,English Comprehension,B,Answered,
SSC_CGL_Tier_1_Question_Paper_2024_36_Shifts_12th_Sept_2024_Shift_2_EN.pdf,21,4,English Comprehension,D,Answered,
SSC_CGL_Tier_1_Question_Paper_2024_36_Shifts_12th_Sept_2024_Shift_2_EN.pdf,22,4,English Comprehension,C,Answered,
SSC_CGL_Tier_1_Question_Paper_2024_36_Shifts_12th_Sept_2024_Shift_2_EN.pdf,23,4,English Comprehension,A,Answered,
SSC_CGL_Tier_1_Question_Paper_2024_36_Shifts_12th_Sept_2024_Shift_2_EN.pdf,24,4,English Comprehension,D,Answered,
SSC_CGL_Tier_1_Question_Paper_2024_36_Shifts_12th_Sept_2024_Shift_2_EN.pdf,25,4,English Comprehension,B,Answered,
SSC_CGL_Tier_1_Question_Paper_2024_36_Shifts_12th_Sept_2024_Shift_3_EN.pdf,1,1,General Intelligence and Reasoning,A,Answered,
SSC_CGL_Tier_1_Question_Paper_2024_36_Shifts_12th_Sept_2024_Shift_3_EN.pdf,2,1,General Intelligence and Reasoning,B,Answered,
SSC_CGL_Tier_1_Question_Paper_2024_36_Shifts_12th_Sept_2024_Shift_3_EN.pdf,3,1,General Intelligence and Reasoning,D,Answered,
SSC_CGL_Tier_1_Question_Paper_2024_36_Shifts_12th_Sept_2024_Shift_3_EN.pdf,4,1,General Intelligence and Reasoning,,,
SSC_CGL_Tier_1_Question_Paper_2024_36_Shifts_12th_Sept_2024_Shift_3_EN.pdf,5,1,General Intelligence and Reasoning,C,Answered,
SSC_CGL_Tier_1_Question_Paper_2024_36_Shifts_12th_Sept_2024_Shift_3_EN.pdf,6,1,General Intelligence and Reasoning,C,Answered,
SSC_CGL_Tier_1_Question_Paper_2024_36_Shifts_12th_Sept_2024_Shift_3_EN.pdf,7,1,General Intelligence and Reasoning,B,Answered,
SSC_CGL_Tier_1_Question_Paper_2024_36_Shifts_12th_Sept_2024_Shift_3_EN.pdf,8,1,General Intelligence and Reasoning,B,Answered,
SSC_CGL_Tier_1_Question_Paper_2024_36_Shifts_12th_Sept_2024_Shift_3_EN.pdf,9,1,General Intelligence and Reasoning,D,Answered,
SSC_CGL_Tier_1_Question_Paper_2024_36_Shifts_12th_Sept_2024_Shift_3_EN.pdf,10,1,General Intelligence and Reasoning,,Not Answered,
SSC_CGL_Tier_1_Question_Paper_2024_36_Shifts_12th_Sept_2024_Shift_3_EN.pdf,11,1,General Intelligence and Reasoning,D,Answered,
SSC_CGL_Tier_1_Question_Paper_2024_36_Shifts_12th_Sept_2024_Shift_3_EN.pdf,12,1,General Intelligence and Reasoning,,Not Answered,
SSC_CGL_Tier_1_Question_Paper_2024_36_Shifts_12th_Sept_2024_Shift_3_EN.pdf,13,1,General Intelligence and Reasoning,B,Answered,
SSC_CGL_Tier_1_Question_Paper_2024_36_Shifts_12th_Sept_2024_Shift_3_EN.pdf,14,1,General Intelligence and Reasoning,D,Answered,
SSC_CGL_Tier_1_Question_Paper_2024_36_Shifts_12th_Sept_2024_Shift_3_EN.pdf,15,1,General Intelligence and Reasoning,C,Answered,
SSC_CGL_Tier_1_Question_Paper_2024_36_Shifts_12th_Sept_2024_Shift_3_EN.pdf,16,1,General Intelligence and Reasoning,A,Answered,
SSC_CGL_Tier_1_Question_Paper_2024_36_Shifts_12th_Sept_2024_Shift_3_EN.pdf,17,1,General Intelligence and Reasoning,C,Answered,
SSC_CGL_Tier_1_Question_Paper_2024_36_Shifts_12th_Sept_2024_Shift_3_EN.pdf,18,1,General Intelligence and Reasoning,B,Answered,
SSC_CGL_Tier_1_Question_Paper_2024_36_Shifts_12th_Sept_2024_Shift_3_EN.pdf,19,1,General Intelligence and Reasoning,B,Answered,
SSC_CGL_Tier_1_Question_Paper_2024_36_Shifts_12th_Sept_2024_Shift_3_EN.pdf,20,1,General Intelligence and Reasoning,B,Answered,
SSC_CGL_Tier_1_Question_Paper_2024_36_Shifts_12th_Sept_2024_Shift_3_EN.pdf,21,1,General Intelligence and Reasoning,B,Answered,
SSC_CGL_Tier_1_Question_Paper_2024_36_Shifts_12th_Sept_2024_Shift_3_EN.pdf,22,1,General Intelligence and Reasoning,,Not Answered,
SSC_CGL_Tier_1_Question_Paper_2024_36_Shifts_12th_Sept_2024_Shift_3_EN.pdf,23,1,General Intelligence and Reasoning,D,Answered,
SSC_CGL_Tier_1_Question_Paper_2024_36_Shifts_12th_Sept_2024_Shift_3_EN.pdf,24,1,General Intelligence and Reasoning,A,Answered,
SSC_CGL_Tier_1_Question_Paper_2024_36_Shifts_12th_Sept_2024_Shift_3_EN.pdf,25,1,General Intelligence and Reasoning,B,Answered,
SSC_CGL_Tier_1_Question_Paper_2024_36_Shifts_12th_Sept_2024_Shift_3_EN.pdf,1,2,General Awareness,,Not Answered,
SSC_CGL_Tier_1_Question_Paper_2024_36_Shifts_12th_Sept_2024_Shift_3_EN.pdf,2,2,General Awareness,A,Answered,
SSC_CGL_Tier_1_Question_Paper_2024_36_Shifts_12th_Sept_2024_Shift_3_EN.pdf,3,2,General Awareness,B,Answered,
SSC_CGL_Tier_1_Question_Paper_2024_36_Shifts_12th_Sept_2024_Shift_3_EN.pdf,4,2,General Awareness,,Not Answered,
SSC_CGL_Tier_1_Question_Paper_2024_36_Shifts_12th_Sept_2024_Shift_3_EN.pdf,5,2,General Awareness,A,Answered,
SSC_CGL_Tier_1_Question_Paper_2024_36_Shifts_12th_Sept_2024_Shift_3_EN.pdf,6,2,General Awareness,B,Answered,
SSC_CGL_Tier_1_Question_Paper_2024_36_Shifts_12th_Sept_2024_Shift_3_EN.pdf,7,2,General Awareness,,,
SSC_CGL_Tier_1_Question_Paper_2024_36_Shifts_12th_Sept_2024_Shift_3_EN.pdf,8,2,General Awareness,C,Answered,
SSC_CGL_Tier_1_Question_Paper_2024_36_Shifts_12th_Sept_2024_Shift_3_EN.pdf,9,2,General Awareness,A,,
SSC_CGL_Tier_1_Question_Paper_2024_36_Shifts_12th_Sept_2024_Shift_3_EN.pdf,10,2,General Awareness,,Not Answered,
SSC_CGL_Tier_1_Question_Paper_2024_36_Shifts_12th_Sept_2024_Shift_3_EN.pdf,11,2,General Awareness,C,Answered,
SSC_CGL_Tier_1_Question_Paper_2024_36_Shifts_12th_Sept_2024_Shift_3_EN.pdf,12,2,General Awareness,,Not Answered,
SSC_CGL_Tier_1_Question_Paper_2024_36_Shifts_12th_Sept_2024_Shift_3_EN.pdf,13,2,General Awareness,A,Answered,
SSC_CGL_Tier_1_Question_Paper_2024_36_Shifts_12th_Sept_2024_Shift_3_EN.pdf,14,2,General Awareness,C,Answered,
SSC_CGL_Tier_1_Question_Paper_2024_36_Shifts_12th_Sept_2024_Shift_3_EN.pdf,15,2,General Awareness,A,Answered,
SSC_CGL_Tier_1_Question_Paper_2024_36_Shifts_12th_Sept_2024_Shift_3_EN.pdf,16,2,General Awareness,,Not Answered,
SSC_CGL_Tier_1_Question_Paper_2024_36_Shifts_12th_Sept_2024_Shift_3_EN.pdf,17,2,General Awareness,,Not Answered,
SSC_CGL_Tier_1_Question_Paper_2024_36_Shifts_12th_Sept_2024_Shift_3_EN.pdf,18,2,General Awareness,B,Answered,
SSC_CGL_Tier_1_Question_Paper_2024_36_Shifts_12th_Sept_2024_Shift_3_EN.pdf,19,2,General Awareness,A,Answered,
SSC_CGL_Tier_1_Question_Paper_2024_36_Shifts_12th_Sept_2024_Shift_3_EN.pdf,20,2,General Awareness,A,Answered,
SSC_CGL_Tier_1_Question_Paper_2024_36_Shifts_12th_Sept_2024_Shift_3_EN.pdf,21,2,General Awareness,B,Answered,
SSC_CGL_Tier_1_Question_Paper_2024_36_Shifts_12th_Sept_2024_Shift_3_EN.pdf,22,2,General Awareness,D,Answered,
SSC_CGL_Tier_1_Question_Paper_2024_36_Shifts_12th_Sept_2024_Shift_3_EN.pdf,23,2,General Awareness,,Not Answered,
SSC_CGL_Tier_1_Question_Paper_2024_36_Shifts_12th_Sept_2024_Shift_3_EN.pdf,24,2,General Awareness,,Not Answered,
SSC_CGL_Tier_1_Question_Paper_2024_36_Shifts_12th_Sept_2024_Shift_3_EN.pdf,25,2,General Awareness,,Not Answered,
SSC_CGL_Tier_1_Question_Paper_2024_36_Shifts_12th_Sept_2024_Shift_3_EN.pdf,1,3,Quantitative Aptitude,C,Answered,
SSC_CGL_Tier_1_Question_Paper_2024_36_Shifts_12th_Sept_2024_Shift_3_EN.pdf,2,3,Quantitative Aptitude,B,Answered,
SSC_CGL_Tier_1_Question_Paper_2024_36_Shifts_12th_Sept_2024_Shift_3_EN.pdf,3,3,Quantitative Aptitude,C,Answered,
SSC_CGL_Tier_1_Question_Paper_2024_36_Shifts_12th_Sept_2024_Shift_3_EN.pdf,4,3,Quantitative Aptitude,,Not Answered,
SSC_CGL_Tier_1_Question_Paper_2024_36_Shifts_12th_Sept_2024_Shift_3_EN.pdf,5,3,Quantitative Aptitude,A,Answered,
SSC_CGL_Tier_1_Question_Paper_2024_36_Shifts_12th_Sept_2024_Shift_3_EN.pdf,6,3,Quantitative Aptitude,D,Answered,
SSC_CGL_Tier_1_Question_Paper_2024_36_Shifts_12th_Sept_2024_Shift_3_EN.pdf,7,3,Quantitative Aptitude,C,Answered,
SSC_CGL_Tier_1_Question_Paper_2024_36_Shifts_12th_Sept_2024_Shift_3_EN.pdf,8,3,Quantitative Aptitude,,Not Answered,
SSC_CGL_Tier_1_Question_Paper_2024_36_Shifts_12th_Sept_2024_Shift_3_EN.pdf,9,3,Quantitative Aptitude,,Not Answered,
SSC_CGL_Tier_1_Question_Paper_2024_36_Shifts_12th_Sept_2024_Shift_3_EN.pdf,10,3,Quantitative Aptitude,A,Answered,
SSC_CGL_Tier_1_Question_Paper_2024_36_Shifts_12th_Sept_2024_Shift_3_EN.pdf,11,3,Quantitative Aptitude,,,
SSC_CGL_Tier_1_Question_Paper_2024_36_Shifts_12th_Sept_2024_Shift_3_EN.pdf,12,3,Quantitative Aptitude,,,
SSC_CGL_Tier_1_Question_Paper_2024_36_Shifts_12th_Sept_2024_Shift_3_EN.pdf,13,3,Quantitative Aptitude,A,Answered,
SSC_CGL_Tier_1_Question_Paper_2024_36_Shifts_12th_Sept_2024_Shift_3_EN.pdf,14,3,Quantitative Aptitude,C,Answered,
SSC_CGL_Tier_1_Question_Paper_2024_36_Shifts_12th_Sept_2024_Shift_3_EN.pdf,15,3,Quantitative Aptitude,A,Answered,
SSC_CGL_Tier_1_Question_Paper_2024_36_Shifts_12th_Sept_2024_Shift_3_EN.pdf,16,3,Quantitative Aptitude,C,Answered,
SSC_CGL_Tier_1_Question_Paper_2024_36_Shifts_12th_Sept_2024_Shift_3_EN.pdf,17,3,Quantitative Aptitude,B,Answered,
SSC_CGL_Tier_1_Question_Paper_2024_36_Shifts_12th_Sept_2024_Shift_3_EN.pdf,18,3,Quantitative Aptitude,B,Answered,
SSC_CGL_Tier_1_Question_Paper_2024_36_Shifts_12th_Sept_2024_Shift_3_EN.pdf,19,3,Quantitative Aptitude,B,Answered,
SSC_CGL_Tier_1_Question_Paper_2024_36_Shifts_12th_Sept_2024_Shift_3_EN.pdf,20,3,Quantitative Aptitude,B,Answered,
SSC_CGL_Tier_1_Question_Paper_2024_36_Shifts_12th_Sept_2024_Shift_3_EN.pdf,21,3,Quantitative Aptitude,,Not Answered,
SSC_CGL_Tier_1_Question_Paper_2024_36_Shifts_12th_Sept_2024_Shift_3_EN.pdf,22,3,Quantitative Aptitude,C,Answered,
SSC_CGL_Tier_1_Question_Paper_2024_36_Shifts_12th_Sept_2024_Shift_3_EN.pdf,23,3,Quantitative Aptitude,,Not Answered,
SSC_CGL_Tier_1_Question_Paper_2024_36_Shifts_12th_Sept_2024_Shift_3_EN.pdf,24,3,Quantitative Aptitude,,Not Answered,
SSC_CGL_Tier_1_Question_Paper_2024_36_Shifts_12th_Sept_2024_Shift_3_EN.pdf,25,3,Quantitative Aptitude,,Not Answered,
SSC_CGL_Tier_1_Question_Paper_2024_36_Shifts_12th_Sept_2024_Shift_3_EN.pdf,1,4,English Comprehension,A,Answered,
SSC_CGL_Tier_1_Question_Paper_2024_36_Shifts_12th_Sept_2024_Shift_3_EN.pdf,2,4,English Comprehension,B,Answered,
SSC_CGL_Tier_1_Question_Paper_2024_36_Shifts_12th_Sept_2024_Shift_3_EN.pdf,3,4,English Comprehension,B,Answered,
SSC_CGL_Tier_1_Question_Paper_2024_36_Shifts_12th_Sept_2024_Shift_3_EN.pdf,4,4,English Comprehension,B,Answered,
SSC_CGL_Tier_1_Question_Paper_2024_36_Shifts_12th_Sept_2024_Shift_3_EN.pdf,5,4,English Comprehension,D,Answered,
SSC_CGL_Tier_1_Question_Paper_2024_36_Shifts_12th_Sept_2024_Shift_3_EN.pdf,6,4,English Comprehension,A,Answered,
SSC_CGL_Tier_1_Question_Paper_2024_36_Shifts_12th_Sept_2024_Shift_3_EN.pdf,7,4,English Comprehension,B,Answered,
SSC_CGL_Tier_1_Question_Paper_2024_36_Shifts_12th_Sept_2024_Shift_3_EN.pdf,8,4,English Comprehension,A,Answered,
SSC_CGL_Tier_1_Question_Paper_2024_36_Shifts_12th_Sept_2024_Shift_3_EN.pdf,9,4,English Comprehension,D,Answered,
SSC_CGL_Tier_1_Question_Paper_2024_36_Shifts_12th_Sept_2024_Shift_3_EN.pdf,10,4,English Comprehension,A,Answered,
SSC_CGL_Tier_1_Question_Paper_2024_36_Shifts_12th_Sept_2024_Shift_3_EN.pdf,11,4,English Comprehension,D,Answered,
SSC_CGL_Tier_1_Question_Paper_2024_36_Shifts_12th_Sept_2024_Shift_3_EN.pdf,12,4,English Comprehension,C,Answered,
SSC_CGL_Tier_1_Question_Paper_2024_36_Shifts_12th_Sept_2024_Shift_3_EN.pdf,13,4,English Comprehension,B,Answered,
SSC_CGL_Tier_1_Question_Paper_2024_36_Shifts_12th_Sept_2024_Shift_3_EN.pdf,14,4,English Comprehension,B,Answered,
SSC_CGL_Tier_1_Question_Paper_2024_36_Shifts_12th_Sept_2024_Shift_3_EN.pdf,15,4,English Comprehension,B,Answered,
SSC_CGL_Tier_1_Question_Paper_2024_36_Shifts_12th_Sept_2024_Shift_3_EN.pdf,16,4,English Comprehension,B,Answered,
SSC_CGL_Tier_1_Question_Paper_2024_36_Shifts_12th_Sept_2024_Shift_3_EN.pdf,17,4,English Comprehension,D,Answered,
SSC_CGL_Tier_1_Question_Paper_2024_36_Shifts_12th_Sept_2024_Shift_3_EN.pdf,18,4,English Comprehension,C,Answered,
SSC_CGL_Tier_1_Question_Paper_2024_36_Shifts_12th_Sept_2024_Shift_3_EN.pdf,19,4,English Comprehension,C,Answered,
SSC_CGL_Tier_1_Question_Paper_2024_36_Shifts_12th_Sept_2024_Shift_3_EN.pdf,20,4,English Comprehension,B,Answered,
SSC_CGL_Tier_1_Question_Paper_2024_36_Shifts_12th_Sept_2024_Shift_3_EN.pdf,21,4,English Comprehension,C,Answered,
SSC_CGL_Tier_1_Question_Paper_2024_36_Shifts_12th_Sept_2024_Shift_3_EN.pdf,22,4,English Comprehension,B,Answered,
SSC_CGL_Tier_1_Question_Paper_2024_36_Shifts_12th_Sept_2024_Shift_3_EN.pdf,23,4,English Comprehension,C,Answered,
SSC_CGL_Tier_1_Question_Paper_2024_36_Shifts_12th_Sept_2024_Shift_3_EN.pdf,24,4,English Comprehension,B,Answered,
SSC_CGL_Tier_1_Question_Paper_2024_36_Shifts_12th_Sept_2024_Shift_3_EN.pdf,25,4,English Comprehension,C,Answered,
SSC_CGL_Tier_1_Question_Paper_2024_36_Shifts_13th_Sept_2024_Shift_1_EN.pdf,1,1,General Intelligence and Reasoning,B,Answered,
SSC_CGL_Tier_1_Question_Paper_2024_36_Shifts_13th_Sept_2024_Shift_1_EN.pdf,2,1,General Intelligence and Reasoning,C,,
SSC_CGL_Tier_1_Question_Paper_2024_36_Shifts_13th_Sept_2024_Shift_1_EN.pdf,3,1,General Intelligence and Reasoning,D,Answered,
SSC_CGL_Tier_1_Question_Paper_2024_36_Shifts_13th_Sept_2024_Shift_1_EN.pdf,4,1,General Intelligence and Reasoning,,Not Answered,
SSC_CGL_Tier_1_Question_Paper_2024_36_Shifts_13th_Sept_2024_Shift_1_EN.pdf,5,1,General Intelligence and Reasoning,A,Answered,
SSC_CGL_Tier_1_Question_Paper_2024_36_Shifts_13th_Sept_2024_Shift_1_EN.pdf,6,1,General Intelligence and Reasoning,A,Answered,
SSC_CGL_Tier_1_Question_Paper_2024_36_Shifts_13th_Sept_2024_Shift_1_EN.pdf,7,1,General Intelligence and Reasoning,A,Answered,
SSC_CGL_Tier_1_Question_Paper_2024_36_Shifts_13th_Sept_2024_Shift_1_EN.pdf,8,1,General Intelligence and Reasoning,C,Answered,
SSC_CGL_Tier_1_Question_Paper_2024_36_Shifts_13th_Sept_2024_Shift_1_EN.pdf,9,1,General Intelligence and Reasoning,C,Answered,
SSC_CGL_Tier_1_Question_Paper_2024_36_Shifts_13th_Sept_2024_Shift_1_EN.pdf,10,1,General Intelligence and Reasoning,C,Answered,
SSC_CGL_Tier_1_Question_Paper_2024_36_Shifts_13th_Sept_2024_Shift_1_EN.pdf,11,1,General Intelligence and Reasoning,B,Answered,
SSC_CGL_Tier_1_Question_Paper_2024_36_Shifts_13th_Sept_2024_Shift_1_EN.pdf,12,1,General Intelligence and Reasoning,B,Answered,
SSC_CGL_Tier_1_Question_Paper_2024_36_Shifts_13th_Sept_2024_Shift_1_EN.pdf,13,1,General Intelligence and Reasoning,C,Answered,
SSC_CGL_Tier_1_Question_Paper_2024_36_Shifts_13th_Sept_2024_Shift_1_EN.pdf,14,1,General Intelligence and Reasoning,B,Answered,
SSC_CGL_Tier_1_Question_Paper_2024_36_Shifts_13th_Sept_2024_Shift_1_EN.pdf,15,1,General Intelligence and Reasoning,D,Answered,
SSC_CGL_Tier_1_Question_Paper_2024_36_Shifts_13th_Sept_2024_Shift_1_EN.pdf,16,1,General Intelligence and Reasoning,D,Answered,
SSC_CGL_Tier_1_Question_Paper_2024_36_Shifts_13th_Sept_2024_Shift_1_EN.pdf,17,1,General Intelligence and Reasoning,C,Answered,
SSC_CGL_Tier_1_Question_Paper_2024_36_Shifts_13th_Sept_2024_Shift_1_EN.pdf,18,1,General Intelligence and Reasoning,B,Answered,
SSC_CGL_Tier_1_Question_Paper_2024_36_Shifts_13th_Sept_2024_Shift_1_EN.pdf,19,1,General Intelligence and Reasoning,C,Answered,
SSC_CGL_Tier_1_Question_Paper_2024_36_Shifts_13th_Sept_2024_Shift_1_EN.pdf,20,1,General Intelligence and Reasoning,D,Answered,
SSC_CGL_Tier_1_Question_Paper_2024_36_Shifts_13th_Sept_2024_Shift_1_EN.pdf,21,1,General Intelligence and Reasoning,B,Answered,
SSC_CGL_Tier_1_Question_Paper_2024_36_Shifts_13th_Sept_2024_Shift_1_EN.pdf,22,1,General Intelligence and Reasoning,C,Answered,
SSC_CGL_Tier_1_Question_Paper_2024_36_Shifts_13th_Sept_2024_Shift_1_EN.pdf,23,1,General Intelligence and Reasoning,C,Answered,
SSC_CGL_Tier_1_Question_Paper_2024_36_Shifts_13th_Sept_2024_Shift_1_EN.pdf,24,1,General Intelligence and Reasoning,A,Answered,
SSC_CGL_Tier_1_Question_Paper_2024_36_Shifts_13th_Sept_2024_Shift_1_EN.pdf,25,1,General Intelligence and Reasoning,D,Answered,
SSC_CGL_Tier_1_Question_Paper_2024_36_Shifts_13th_Sept_2024_Shift_1_EN.pdf,1,2,General Awareness,A,Answered,
SSC_CGL_Tier_1_Question_Paper_2024_36_Shifts_13th_Sept_2024_Shift_1_EN.pdf,2,2,General Awareness,C,Answered,
SSC_CGL_Tier_1_Question_Paper_2024_36_Shifts_13th_Sept_2024_Shift_1_EN.pdf,3,2,General Awareness,B,Answered,
SSC_CGL_Tier_1_Question_Paper_2024_36_Shifts_13th_Sept_2024_Shift_1_EN.pdf,4,2,General Awareness,,Not Answered,
SSC_CGL_Tier_1_Question_Paper_2024_36_Shifts_13th_Sept_2024_Shift_1_EN.pdf,5,2,General Awareness,A,Answered,
SSC_CGL_Tier_1_Question_Paper_2024_36_Shifts_13th_Sept_2024_Shift_1_EN.pdf,6,2,General Awareness,C,Answered,
SSC_CGL_Tier_1_Question_Paper_2024_36_Shifts_13th_Sept_2024_Shift_1_EN.pdf,7,2,General Awareness,D,Answered,
SSC_CGL_Tier_1_Question_Paper_2024_36_Shifts_13th_Sept_2024_Shift_1_EN.pdf,8,2,General Awareness,B,Answered,
SSC_CGL_Tier_1_Question_Paper_2024_36_Shifts_13th_Sept_2024_Shift_1_EN.pdf,9,2,General Awareness,,Not Answered,
SSC_CGL_Tier_1_Question_Paper_2024_36_Shifts_13th_Sept_2024_Shift_1_EN.pdf,10,2,General Awareness,D,Answered,
SSC_CGL_Tier_1_Question_Paper_2024_36_Shifts_13th_Sept_2024_Shift_1_EN.pdf,11,2,General Awareness,,Not Answered,
SSC_CGL_Tier_1_Question_Paper_2024_36_Shifts_13th_Sept_2024_Shift_1_EN.pdf,12,2,General Awareness,A,Answered,
SSC_CGL_Tier_1_Question_Paper_2024_36_Shifts_13th_Sept_2024_Shift_1_EN.pdf,13,2,General Awareness,,Not Answered,
SSC_CGL_Tier_1_Question_Paper_2024_36_Shifts_13th_Sept_2024_Shift_1_EN.pdf,14,2,General Awareness,A,Answered,
SSC_CGL_Tier_1_Question_Paper_2024_36_Shifts_13th_Sept_2024_Shift_1_EN.pdf,15,2,General Awareness,,Not Answered,
SSC_CGL_Tier_1_Question_Paper_2024_36_Shifts_13th_Sept_2024_Shift_1_EN.pdf,16,2,General Awareness,C,Answered,
SSC_CGL_Tier_1_Question_Paper_2024_36_Shifts_13th_Sept_2024_Shift_1_EN.pdf,17,2,General Awareness,,Not Answered,
SSC_CGL_Tier_1_Question_Paper_2024_36_Shifts_13th_Sept_2024_Shift_1_EN.pdf,18,2,General Awareness,,Not Answered,
SSC_CGL_Tier_1_Question_Paper_2024_36_Shifts_13th_Sept_2024_Shift_1_EN.pdf,19,2,General Awareness,,Not Answered,
SSC_CGL_Tier_1_Question_Paper_2024_36_Shifts_13th_Sept_2024_Shift_1_EN.pdf,20,2,General Awareness,,Not Answered,
SSC_CGL_Tier_1_Question_Paper_2024_36_Shifts_13th_Sept_2024_Shift_1_EN.pdf,21,2,General Awareness,B,Answered,
SSC_CGL_Tier_1_Question_Paper_2024_36_Shifts_13th_Sept_2024_Shift_1_EN.pdf,22,2,General Awareness,B,Answered,
SSC_CGL_Tier_1_Question_Paper_2024_36_Shifts_13th_Sept_2024_Shift_1_EN.pdf,23,2,General Awareness,B,Answered,
SSC_CGL_Tier_1_Question_Paper_2024_36_Shifts_13th_Sept_2024_Shift_1_EN.pdf,24,2,General Awareness,,Not Answered,
SSC_CGL_Tier_1_Question_Paper_2024_36_Shifts_13th_Sept_2024_Shift_1_EN.pdf,25,2,General Awareness,,Not Answered,
SSC_CGL_Tier_1_Question_Paper_2024_36_Shifts_13th_Sept_2024_Shift_1_EN.pdf,1,3,Quantitative Aptitude,D,Answered,
SSC_CGL_Tier_1_Question_Paper_2024_36_Shifts_13th_Sept_2024_Shift_1_EN.pdf,2,3,Quantitative Aptitude,D,Answered,
SSC_CGL_Tier_1_Question_Paper_2024_36_Shifts_13th_Sept_2024_Shift_1_EN.pdf,3,3,Quantitative Aptitude,D,Answered,
SSC_CGL_Tier_1_Question_Paper_2024_36_Shifts_13th_Sept_2024_Shift_1_EN.pdf,4,3,Quantitative Aptitude,D,Answered,
SSC_CGL_Tier_1_Question_Paper_2024_36_Shifts_13th_Sept_2024_Shift_1_EN.pdf,5,3,Quantitative Aptitude,A,Answered,
SSC_CGL_Tier_1_Question_Paper_2024_36_Shifts_13th_Sept_2024_Shift_1_EN.pdf,6,3,Quantitative Aptitude,D,Answered,
SSC_CGL_Tier_1_Question_Paper_2024_36_Shifts_13th_Sept_2024_Shift_1_EN.pdf,7,3,Quantitative Aptitude,D,Answered,
SSC_CGL_Tier_1_Question_Paper_2024_36_Shifts_13th_Sept_2024_Shift_1_EN.pdf,8,3,Quantitative Aptitude,A,Answered,
SSC_CGL_Tier_1_Question_Paper_2024_36_Shifts_13th_Sept_2024_Shift_1_EN.pdf,9,3,Quantitative Aptitude,D,Answered,
SSC_CGL_Tier_1_Question_Paper_2024_36_Shifts_13th_Sept_2024_Shift_1_EN.pdf,10,3,Quantitative Aptitude,D,Answered,
SSC_CGL_Tier_1_Question_Paper_2024_36_Shifts_13th_Sept_2024_Shift_1_EN.pdf,11,3,Quantitative Aptitude,B,Answered,
SSC_CGL_Tier_1_Question_Paper_2024_36_Shifts_13th_Sept_2024_Shift_1_EN.pdf,12,3,Quantitative Aptitude,A,Answered,
SSC_CGL_Tier_1_Question_Paper_2024_36_Shifts_13th_Sept_2024_Shift_1_EN.pdf,13,3,Quantitative Aptitude,A,Answered,
SSC_CGL_Tier_1_Question_Paper_2024_36_Shifts_13th_Sept_2024_Shift_1_EN.pdf,14,3,Quantitative Aptitude,C,Answered,
SSC_CGL_Tier_1_Question_Paper_2024_36_Shifts_13th_Sept_2024_Shift_1_EN.pdf,15,3,Quantitative Aptitude,A,Answered,
SSC_CGL_Tier_1_Question_Paper_2024_36_Shifts_13th_Sept_2024_Shift_1_EN.pdf,16,3,Quantitative Aptitude,,Not Answered,
SSC_CGL_Tier_1_Question_Paper_2024_36_Shifts_13th_Sept_2024_Shift_1_EN.pdf,17,3,Quantitative Aptitude,A,Answered,
SSC_CGL_Tier_1_Question_Paper_2024_36_Shifts_13th_Sept_2024_Shift_1_EN.pdf,18,3,Quantitative Aptitude,B,Answered,
SSC_CGL_Tier_1_Question_Paper_2024_36_Shifts_13th_Sept_2024_Shift_1_EN.pdf,19,3,Quantitative Aptitude,B,Answered,
SSC_CGL_Tier_1_Question_Paper_2024_36_Shifts_13th_Sept_2024_Shift_1_EN.pdf,20,3,Quantitative Aptitude,B,Answered,
SSC_CGL_Tier_1_Question_Paper_2024_36_Shifts_13th_Sept_2024_Shift_1_EN.pdf,21,3,Quantitative Aptitude,B,Answered,
SSC_CGL_Tier_1_Question_Paper_2024_36_Shifts_13th_Sept_2024_Shift_1_EN.pdf,22,3,Quantitative Aptitude,C,Answered,
SSC_CGL_Tier_1_Question_Paper_2024_36_Shifts_13th_Sept_2024_Shift_1_EN.pdf,23,3,Quantitative Aptitude,D,Answered,
SSC_CGL_Tier_1_Question_Paper_2024_36_Shifts_13th_Sept_2024_Shift_1_EN.pdf,24,3,Quantitative Aptitude,A,Answered,
SSC_CGL_Tier_1_Question_Paper_2024_36_Shifts_13th_Sept_2024_Shift_1_EN.pdf,25,3,Quantitative Aptitude,D,Answered,
SSC_CGL_Tier_1_Question_Paper_2024_36_Shifts_13th_Sept_2024_Shift_1_EN.pdf,1,4,English Comprehension,B,Answered,
SSC_CGL_Tier_1_Question_Paper_2024_36_Shifts_13th_Sept_2024_Shift_1_EN.pdf,2,4,English Comprehension,A,Answered,
SSC_CGL_Tier_1_Question_Paper_2024_36_Shifts_13th_Sept_2024_Shift_1_EN.pdf,3,4,English Comprehension,D,Answered,
SSC_CGL_Tier_1_Question_Paper_2024_36_Shifts_13th_Sept_2024_Shift_1_EN.pdf,4,4,English Comprehension,D,Answered,
SSC_CGL_Tier_1_Question_Paper_2024_36_Shifts_13th_Sept_2024_Shift_1_EN.pdf,5,4,English Comprehension,C,Answered,
SSC_CGL_Tier_1_Question_Paper_2024_36_Shifts_13th_Sept_2024_Shift_1_EN.pdf,6,4,English Comprehension,D,Answered,
SSC_CGL_Tier_1_Question_Paper_2024_36_Shifts_13th_Sept_2024_Shift_1_EN.pdf,7,4,English Comprehension,C,Answered,
SSC_CGL_Tier_1_Question_Paper_2024_36_Shifts_13th_Sept_2024_Shift_1_EN.pdf,8,4,English Comprehension,A,Answered,
SSC_CGL_Tier_1_Question_Paper_2024_36_Shifts_13th_Sept_2024_Shift_1_EN.pdf,9,4,English Comprehension,C,Answered,
SSC_CGL_Tier_1_Question_Paper_2024_36_Shifts_13th_Sept_2024_Shift_1_EN.pdf,10,4,English Comprehension,A,Answered,
SSC_CGL_Tier_1_Question_Paper_2024_36_Shifts_13th_Sept_2024_Shift_1_EN.pdf,11,4,English Comprehension,D,Answered,
SSC_CGL_Tier_1_Question_Paper_2024_36_Shifts_13th_Sept_2024_Shift_1_EN.pdf,12,4,English Comprehension,C,Answered,
SSC_CGL_Tier_1_Question_Paper_2024_36_Shifts_13th_Sept_2024_Shift_1_EN.pdf,13,4,English Comprehension,D,Answered,
SSC_CGL_Tier_1_Question_Paper_2024_36_Shifts_13th_Sept_2024_Shift_1_EN.pdf,14,4,English Comprehension,A,Answered,
SSC_CGL_Tier_1_Question_Paper_2024_36_Shifts_13th_Sept_2024_Shift_1_EN.pdf,15,4,English Comprehension,C,Answered,
SSC_CGL_Tier_1_Question_Paper_2024_36_Shifts_13th_Sept_2024_Shift_1_EN.pdf,16,4,English Comprehension,C,Answered,
SSC_CGL_Tier_1_Question_Paper_2024_36_Shifts_13th_Sept_2024_Shift_1_EN.pdf,17,4,English Comprehension,D,Answered,
SSC_CGL_Tier_1_Question_Paper_2024_36_Shifts_13th_Sept_2024_Shift_1_EN.pdf,18,4,English Comprehension,A,Answered,
SSC_CGL_Tier_1_Question_Paper_2024_36_Shifts_13th_Sept_2024_Shift_1_EN.pdf,19,4,English Comprehension,B,Answered,
SSC_CGL_Tier_1_Question_Paper_2024_36_Shifts_13th_Sept_2024_Shift_1_EN.pdf,20,4,English Comprehension,B,Answered,
SSC_CGL_Tier_1_Question_Paper_2024_36_Shifts_13th_Sept_2024_Shift_1_EN.pdf,21,4,English Comprehension,D,Answered,
SSC_CGL_Tier_1_Question_Paper_2024_36_Shifts_13th_Sept_2024_Shift_1_EN.pdf,22,4,English Comprehension,A,Answered,
SSC_CGL_Tier_1_Question_Paper_2024_36_Shifts_13th_Sept_2024_Shift_1_EN.pdf,23,4,English Comprehension,C,Answered,
SSC_CGL_Tier_1_Question_Paper_2024_36_Shifts_13th_Sept_2024_Shift_1_EN.pdf,24,4,English Comprehension,B,Answered,
SSC_CGL_Tier_1_Question_Paper_2024_36_Shifts_13th_Sept_2024_Shift_1_EN.pdf,25,4,English Comprehension,B,Answered,
SSC_CGL_Tier_1_Question_Paper_2024_36_Shifts_13th_Sept_2024_Shift_2_EN.pdf,1,1,General Intelligence and Reasoning,A,Answered,
SSC_CGL_Tier_1_Question_Paper_2024_36_Shifts_13th_Sept_2024_Shift_2_EN.pdf,2,1,General Intelligence and Reasoning,C,Answered,
SSC_CGL_Tier_1_Question_Paper_2024_36_Shifts_13th_Sept_2024_Shift_2_EN.pdf,3,1,General Intelligence and Reasoning,D,Answered,
SSC_CGL_Tier_1_Question_Paper_2024_36_Shifts_13th_Sept_2024_Shift_2_EN.pdf,4,1,General Intelligence and Reasoning,D,Answered,
SSC_CGL_Tier_1_Question_Paper_2024_36_Shifts_13th_Sept_2024_Shift_2_EN.pdf,5,1,General Intelligence and Reasoning,D,Answered,
SSC_CGL_Tier_1_Question_Paper_2024_36_Shifts_13th_Sept_2024_Shift_2_EN.pdf,6,1,General Intelligence and Reasoning,A,Answered,
SSC_CGL_Tier_1_Question_Paper_2024_36_Shifts_13th_Sept_2024_Shift_2_EN.pdf,7,1,General Intelligence and Reasoning,C,Answered,
SSC_CGL_Tier_1_Question_Paper_2024_36_Shifts_13th_Sept_2024_Shift_2_EN.pdf,8,1,General Intelligence and Reasoning,B,Answered,
SSC_CGL_Tier_1_Question_Paper_2024_36_Shifts_13th_Sept_2024_Shift_2_EN.pdf,9,1,General Intelligence and Reasoning,A,Answered,
SSC_CGL_Tier_1_Question_Paper_2024_36_Shifts_13th_Sept_2024_Shift_2_EN.pdf,10,1,General Intelligence and Reasoning,D,Answered,
SSC_CGL_Tier_1_Question_Paper_2024_36_Shifts_13th_Sept_2024_Shift_2_EN.pdf,11,1,General Intelligence and Reasoning,C,Answered,
SSC_CGL_Tier_1_Question_Paper_2024_36_Shifts_13th_Sept_2024_Shift_2_EN.pdf,12,1,General Intelligence and Reasoning,C,Answered,
SSC_CGL_Tier_1_Question_Paper_2024_36_Shifts_13th_Sept_2024_Shift_2_EN.pdf,13,1,General Intelligence and Reasoning,B,Answered,
SSC_CGL_Tier_1_Question_Paper_2024_36_Shifts_13th_Sept_2024_Shift_2_EN.pdf,14,1,General Intelligence and Reasoning,C,Answered,
SSC_CGL_Tier_1_Question_Paper_2024_36_Shifts_13th_Sept_2024_Shift_2_EN.pdf,15,1,General Intelligence and Reasoning,B,Answered,
SSC_CGL_Tier_1_Question_Paper_2024_36_Shifts_13th_Sept_2024_Shift_2_EN.pdf,16,1,General Intelligence and Reasoning,A,Answered,
SSC_CGL_Tier_1_Question_Paper_2024_36_Shifts_13th_Sept_2024_Shift_2_EN.pdf,17,1,General Intelligence and Reasoning,A,Answered,
SSC_CGL_Tier_1_Question_Paper_2024_36_Shifts_13th_Sept_2024_Shift_2_EN.pdf,18,1,General Intelligence and Reasoning,B,Answered,
SSC_CGL_Tier_1_Question_Paper_2024_36_Shifts_13th_Sept_2024_Shift_2_EN.pdf,19,1,General Intelligence and Reasoning,C,Answered,
SSC_CGL_Tier_1_Question_Paper_2024_36_Shifts_13th_Sept_2024_Shift_2_EN.pdf,20,1,General Intelligence and Reasoning,D,Answered,
SSC_CGL_Tier_1_Question_Paper_2024_36_Shifts_13th_Sept_2024_Shift_2_EN.pdf,21,1,General Intelligence and Reasoning,B,Answered,
SSC_CGL_Tier_1_Question_Paper_2024_36_Shifts_13th_Sept_2024_Shift_2_EN.pdf,22,1,General Intelligence and Reasoning,D,Answered,
SSC_CGL_Tier_1_Question_Paper_2024_36_Shifts_13th_Sept_2024_Shift_2_EN.pdf,23,1,General Intelligence and Reasoning,A,Answered,
SSC_CGL_Tier_1_Question_Paper_2024_36_Shifts_13th_Sept_2024_Shift_2_EN.pdf,24,1,General Intelligence and Reasoning,B,Answered,
SSC_CGL_Tier_1_Question_Paper_2024_36_Shifts_13th_Sept_2024_Shift_2_EN.pdf,25,1,General Intelligence and Reasoning,D,Answered,
SSC_CGL_Tier_1_Question_Paper_2024_36_Shifts_13th_Sept_2024_Shift_2_EN.pdf,1,2,General Awareness,,Not Answered,
SSC_CGL_Tier_1_Question_Paper_2024_36_Shifts_13th_Sept_2024_Shift_2_EN.pdf,2,2,General Awareness,,Not Answered,
SSC_CGL_Tier_1_Question_Paper_2024_36_Shifts_13th_Sept_2024_Shift_2_EN.pdf,3,2,General Awareness,,Not Answered,
SSC_CGL_Tier_1_Question_Paper_2024_36_Shifts_13th_Sept_2024_Shift_2_EN.pdf,4,2,General Awareness,B,Answered,
SSC_CGL_Tier_1_Question_Paper_2024_36_Shifts_13th_Sept_2024_Shift_2_EN.pdf,5,2,General Awareness,D,Answered,
SSC_CGL_Tier_1_Question_Paper_2024_36_Shifts_13th_Sept_2024_Shift_2_EN.pdf,6,2,General Awareness,,Not Answered,
SSC_CGL_Tier_1_Question_Paper_2024_36_Shifts_13th_Sept_2024_Shift_2_EN.pdf,7,2,General Awareness,,Not Answered,
SSC_CGL_Tier_1_Question_Paper_2024_36_Shifts_13th_Sept_2024_Shift_2_EN.pdf,8,2,General Awareness,,Not Answered,
SSC_CGL_Tier_1_Question_Paper_2024_36_Shifts_13th_Sept_2024_Shift_2_EN.pdf,9,2,General Awareness,D,Answered,
SSC_CGL_Tier_1_Question_Paper_2024_36_Shifts_13th_Sept_2024_Shift_2_EN.pdf,10,2,General Awareness,B,Answered,
SSC_CGL_Tier_1_Question_Paper_2024_36_Shifts_13th_Sept_2024_Shift_2_EN.pdf,11,2,General Awareness,D,Answered,
SSC_CGL_Tier_1_Question_Paper_2024_36_Shifts_13th_Sept_2024_Shift_2_EN.pdf,12,2,General Awareness,,Not Answered,
SSC_CGL_Tier_1_Question_Paper_2024_36_Shifts_13th_Sept_2024_Shift_2_EN.pdf,13,2,General Awareness,D,Answered,
SSC_CGL_Tier_1_Question_Paper_2024_36_Shifts_13th_Sept_2024_Shift_2_EN.pdf,14,2,General Awareness,D,Answered,
SSC_CGL_Tier_1_Question_Paper_2024_36_Shifts_13th_Sept_2024_Shift_2_EN.pdf,15,2,General Awareness,,Not Answered,
SSC_CGL_Tier_1_Question_Paper_2024_36_Shifts_13th_Sept_2024_Shift_2_EN.pdf,16,2,General Awareness,D,Answered,
SSC_CGL_Tier_1_Question_Paper_2024_36_Shifts_13th_Sept_2024_Shift_2_EN.pdf,17,2,General Awareness,,Not Answered,
SSC_CGL_Tier_1_Question_Paper_2024_36_Shifts_13th_Sept_2024_Shift_2_EN.pdf,18,2,General Awareness,A,Answered,
SSC_CGL_Tier_1_Question_Paper_2024_36_Shifts_13th_Sept_2024_Shift_2_EN.pdf,19,2,General Awareness,,Not Answered,
SSC_CGL_Tier_1_Question_Paper_2024_36_Shifts_13th_Sept_2024_Shift_2_EN.pdf,20,2,General Awareness,,Not Answered,
SSC_CGL_Tier_1_Question_Paper_2024_36_Shifts_13th_Sept_2024_Shift_2_EN.pdf,21,2,General Awareness,D,Answered,
SSC_CGL_Tier_1_Question_Paper_2024_36_Shifts_13th_Sept_2024_Shift_2_EN.pdf,22,2,General Awareness,,Not Answered,
SSC_CGL_Tier_1_Question_Paper_2024_36_Shifts_13th_Sept_2024_Shift_2_EN.pdf,23,2,General Awareness,,Not Answered,
SSC_CGL_Tier_1_Question_Paper_2024_36_Shifts_13th_Sept_2024_Shift_2_EN.pdf,24,2,General Awareness,A,Answered,
SSC_CGL_Tier_1_Question_Paper_2024_36_Shifts_13th_Sept_2024_Shift_2_EN.pdf,25,2,General Awareness,,Not Answered,
SSC_CGL_Tier_1_Question_Paper_2024_36_Shifts_13th_Sept_2024_Shift_2_EN.pdf,1,3,Quantitative Aptitude,,Not Answered,
SSC_CGL_Tier_1_Question_Paper_2024_36_Shifts_13th_Sept_2024_Shift_2_EN.pdf,2,3,Quantitative Aptitude,C,Answered,
SSC_CGL_Tier_1_Question_Paper_2024_36_Shifts_13th_Sept_2024_Shift_2_EN.pdf,3,3,Quantitative Aptitude,,,
SSC_CGL_Tier_1_Question_Paper_2024_36_Shifts_13th_Sept_2024_Shift_2_EN.pdf,4,3,Quantitative Aptitude,A,Answered,
SSC_CGL_Tier_1_Question_Paper_2024_36_Shifts_13th_Sept_2024_Shift_2_EN.pdf,5,3,Quantitative Aptitude,D,Answered,
SSC_CGL_Tier_1_Question_Paper_2024_36_Shifts_13th_Sept_2024_Shift_2_EN.pdf,6,3,Quantitative Aptitude,,Not Answered,
SSC_CGL_Tier_1_Question_Paper_2024_36_Shifts_13th_Sept_2024_Shift_2_EN.pdf,7,3,Quantitative Aptitude,D,Answered,
SSC_CGL_Tier_1_Question_Paper_2024_36_Shifts_13th_Sept_2024_Shift_2_EN.pdf,8,3,Quantitative Aptitude,B,Answered,
SSC_CGL_Tier_1_Question_Paper_2024_36_Shifts_13th_Sept_2024_Shift_2_EN.pdf,9,3,Quantitative Aptitude,B,,
SSC_CGL_Tier_1_Question_Paper_2024_36_Shifts_13th_Sept_2024_Shift_2_EN.pdf,10,3,Quantitative Aptitude,D,Answered,
SSC_CGL_Tier_1_Question_Paper_2024_36_Shifts_13th_Sept_2024_Shift_2_EN.pdf,11,3,Quantitative Aptitude,B,Answered,
SSC_CGL_Tier_1_Question_Paper_2024_36_Shifts_13th_Sept_2024_Shift_2_EN.pdf,12,3,Quantitative Aptitude,,Not Answered,
SSC_CGL_Tier_1_Question_Paper_2024_36_Shifts_13th_Sept_2024_Shift_2_EN.pdf,13,3,Quantitative Aptitude,,,
SSC_CGL_Tier_1_Question_Paper_2024_36_Shifts_13th_Sept_2024_Shift_2_EN.pdf,14,3,Quantitative Aptitude,,Not Answered,
SSC_CGL_Tier_1_Question_Paper_2024_36_Shifts_13th_Sept_2024_Shift_2_EN.pdf,15,3,Quantitative Aptitude,B,Answered,
SSC_CGL_Tier_1_Question_Paper_2024_36_Shifts_13th_Sept_2024_Shift_2_EN.pdf,16,3,Quantitative Aptitude,A,Answered,
SSC_CGL_Tier_1_Question_Paper_2024_36_Shifts_13th_Sept_2024_Shift_2_EN.pdf,17,3,Quantitative Aptitude,B,Answered,
SSC_CGL_Tier_1_Question_Paper_2024_36_Shifts_13th_Sept_2024_Shift_2_EN.pdf,18,3,Quantitative Aptitude,D,Answered,
SSC_CGL_Tier_1_Question_Paper_2024_36_Shifts_13th_Sept_2024_Shift_2_EN.pdf,19,3,Quantitative Aptitude,,Not Answered,
SSC_CGL_Tier_1_Question_Paper_2024_36_Shifts_13th_Sept_2024_Shift_2_EN.pdf,20,3,Quantitative Aptitude,,Not Answered,
SSC_CGL_Tier_1_Question_Paper_2024_36_Shifts_13th_Sept_2024_Shift_2_EN.pdf,21,3,Quantitative Aptitude,C,Answered,
SSC_CGL_Tier_1_Question_Paper_2024_36_Shifts_13th_Sept_2024_Shift_2_EN.pdf,22,3,Quantitative Aptitude,B,Answered,
SSC_CGL_Tier_1_Question_Paper_2024_36_Shifts_13th_Sept_2024_Shift_2_EN.pdf,23,3,Quantitative Aptitude,C,Answered,
SSC_CGL_Tier_1_Question_Paper_2024_36_Shifts_13th_Sept_2024_Shift_2_EN.pdf,24,3,Quantitative Aptitude,B,Answered,
SSC_CGL_Tier_1_Question_Paper_2024_36_Shifts_13th_Sept_2024_Shift_2_EN.pdf,25,3,Quantitative Aptitude,D,Answered,
SSC_CGL_Tier_1_Question_Paper_2024_36_Shifts_13th_Sept_2024_Shift_2_EN.pdf,1,4,English Comprehension,C,Answered,
SSC_CGL_Tier_1_Question_Paper_2024_36_Shifts_13th_Sept_2024_Shift_2_EN.pdf,2,4,English Comprehension,D,Answered,
SSC_CGL_Tier_1_Question_Paper_2024_36_Shifts_13th_Sept_2024_Shift_2_EN.pdf,3,4,English Comprehension,B,Answered,
SSC_CGL_Tier_1_Question_Paper_2024_36_Shifts_13th_Sept_2024_Shift_2_EN.pdf,4,4,English Comprehension,B,Answered,
SSC_CGL_Tier_1_Question_Paper_2024_36_Shifts_13th_Sept_2024_Shift_2_EN.pdf,5,4,English Comprehension,B,Answered,
SSC_CGL_Tier_1_Question_Paper_2024_36_Shifts_13th_Sept_2024_Shift_2_EN.pdf,6,4,English Comprehension,C,Answered,
SSC_CGL_Tier_1_Question_Paper_2024_36_Shifts_13th_Sept_2024_Shift_2_EN.pdf,7,4,English Comprehension,B,Answered,
SSC_CGL_Tier_1_Question_Paper_2024_36_Shifts_13th_Sept_2024_Shift_2_EN.pdf,8,4,English Comprehension,B,Answered,
SSC_CGL_Tier_1_Question_Paper_2024_36_Shifts_13th_Sept_2024_Shift_2_EN.pdf,9,4,English Comprehension,D,Answered,
SSC_CGL_Tier_1_Question_Paper_2024_36_Shifts_13th_Sept_2024_Shift_2_EN.pdf,10,4,English Comprehension,C,Answered,
SSC_CGL_Tier_1_Question_Paper_2024_36_Shifts_13th_Sept_2024_Shift_2_EN.pdf,11,4,English Comprehension,A,Answered,
SSC_CGL_Tier_1_Question_Paper_2024_36_Shifts_13th_Sept_2024_Shift_2_EN.pdf,12,4,English Comprehension,B,Answered,
SSC_CGL_Tier_1_Question_Paper_2024_36_Shifts_13th_Sept_2024_Shift_2_EN.pdf,13,4,English Comprehension,C,Answered,
SSC_CGL_Tier_1_Question_Paper_2024_36_Shifts_13th_Sept_2024_Shift_2_EN.pdf,14,4,English Comprehension,D,Answered,
SSC_CGL_Tier_1_Question_Paper_2024_36_Shifts_13th_Sept_2024_Shift_2_EN.pdf,15,4,English Comprehension,B,Answered,
SSC_CGL_Tier_1_Question_Paper_2024_36_Shifts_13th_Sept_2024_Shift_2_EN.pdf,16,4,English Comprehension,B,Answered,
SSC_CGL_Tier_1_Question_Paper_2024_36_Shifts_13th_Sept_2024_Shift_2_EN.pdf,17,4,English Comprehension,C,Answered,
SSC_CGL_Tier_1_Question_Paper_2024_36_Shifts_13th_Sept_2024_Shift_2_EN.pdf,18,4,English Comprehension,D,Answered,
SSC_CGL_Tier_1_Question_Paper_2024_36_Shifts_13th_Sept_2024_Shift_2_EN.pdf,19,4,English Comprehension,A,Answered,
SSC_CGL_Tier_1_Question_Paper_2024_36_Shifts_13th_Sept_2024_Shift_2_EN.pdf,20,4,English Comprehension,A,Answered,
SSC_CGL_Tier_1_Question_Paper_2024_36_Shifts_13th_Sept_2024_Shift_2_EN.pdf,21,4,English Comprehension,C,Answered,
SSC_CGL_Tier_1_Question_Paper_2024_36_Shifts_13th_Sept_2024_Shift_2_EN.pdf,22,4,English Comprehension,C,Answered,
SSC_CGL_Tier_1_Question_Paper_2024_36_Shifts_13th_Sept_2024_Shift_2_EN.pdf,23,4,English Comprehension,C,Answered,
SSC_CGL_Tier_1_Question_Paper_2024_36_Shifts_13th_Sept_2024_Shift_2_EN.pdf,24,4,English Comprehension,C,Answered,
SSC_CGL_Tier_1_Question_Paper_2024_36_Shifts_13th_Sept_2024_Shift_2_EN.pdf,25,4,English Comprehension,B,Answered,
SSC_CGL_Tier_1_Question_Paper_2024_36_Shifts_13th_Sept_2024_Shift_3_EN.pdf,1,1,General Intelligence and Reasoning,A,Answered,
SSC_CGL_Tier_1_Question_Paper_2024_36_Shifts_13th_Sept_2024_Shift_3_EN.pdf,2,1,General Intelligence and Reasoning,D,Answered,
SSC_CGL_Tier_1_Question_Paper_2024_36_Shifts_13th_Sept_2024_Shift_3_EN.pdf,3,1,General Intelligence and Reasoning,B,Answered,
SSC_CGL_Tier_1_Question_Paper_2024_36_Shifts_13th_Sept_2024_Shift_3_EN.pdf,4,1,General Intelligence and Reasoning,B,Answered,
SSC_CGL_Tier_1_Question_Paper_2024_36_Shifts_13th_Sept_2024_Shift_3_EN.pdf,5,1,General Intelligence and Reasoning,B,Answered,
SSC_CGL_Tier_1_Question_Paper_2024_36_Shifts_13th_Sept_2024_Shift_3_EN.pdf,6,1,General Intelligence and Reasoning,,Not Answered,
SSC_CGL_Tier_1_Question_Paper_2024_36_Shifts_13th_Sept_2024_Shift_3_EN.pdf,7,1,General Intelligence and Reasoning,B,Answered,
SSC_CGL_Tier_1_Question_Paper_2024_36_Shifts_13th_Sept_2024_Shift_3_EN.pdf,8,1,General Intelligence and Reasoning,D,Answered,
SSC_CGL_Tier_1_Question_Paper_2024_36_Shifts_13th_Sept_2024_Shift_3_EN.pdf,9,1,General Intelligence and Reasoning,D,Answered,
SSC_CGL_Tier_1_Question_Paper_2024_36_Shifts_13th_Sept_2024_Shift_3_EN.pdf,10,1,General Intelligence and Reasoning,A,Answered,
SSC_CGL_Tier_1_Question_Paper_2024_36_Shifts_13th_Sept_2024_Shift_3_EN.pdf,11,1,General Intelligence and Reasoning,D,Answered,
SSC_CGL_Tier_1_Question_Paper_2024_36_Shifts_13th_Sept_2024_Shift_3_EN.pdf,12,1,General Intelligence and Reasoning,,Not Answered,
SSC_CGL_Tier_1_Question_Paper_2024_36_Shifts_13th_Sept_2024_Shift_3_EN.pdf,13,1,General Intelligence and Reasoning,D,Answered,
SSC_CGL_Tier_1_Question_Paper_2024_36_Shifts_13th_Sept_2024_Shift_3_EN.pdf,14,1,General Intelligence and Reasoning,A,Answered,
SSC_CGL_Tier_1_Question_Paper_2024_36_Shifts_13th_Sept_2024_Shift_3_EN.pdf,15,1,General Intelligence and Reasoning,D,Answered,
SSC_CGL_Tier_1_Question_Paper_2024_36_Shifts_13th_Sept_2024_Shift_3_EN.pdf,16,1,General Intelligence and Reasoning,A,Answered,
SSC_CGL_Tier_1_Question_Paper_2024_36_Shifts_13th_Sept_2024_Shift_3_EN.pdf,17,1,General Intelligence and Reasoning,A,Answered,
SSC_CGL_Tier_1_Question_Paper_2024_36_Shifts_13th_Sept_2024_Shift_3_EN.pdf,18,1,General Intelligence and Reasoning,B,Answered,
SSC_CGL_Tier_1_Question_Paper_2024_36_Shifts_13th_Sept_2024_Shift_3_EN.pdf,19,1,General Intelligence and Reasoning,B,Answered,
SSC_CGL_Tier_1_Question_Paper_2024_36_Shifts_13th_Sept_2024_Shift_3_EN.pdf,20,1,General Intelligence and Reasoning,A,Answered,
SSC_CGL_Tier_1_Question_Paper_2024_36_Shifts_13th_Sept_2024_Shift_3_EN.pdf,21,1,General Intelligence and Reasoning,,Not Answered,
SSC_CGL_Tier_1_Question_Paper_2024_36_Shifts_13th_Sept_2024_Shift_3_EN.pdf,22,1,General Intelligence and Reasoning,C,Answered,
SSC_CGL_Tier_1_Question_Paper_2024_36_Shifts_13th_Sept_2024_Shift_3_EN.pdf,23,1,General Intelligence and Reasoning,A,Answered,
SSC_CGL_Tier_1_Question_Paper_2024_36_Shifts_13th_Sept_2024_Shift_3_EN.pdf,24,1,General Intelligence and Reasoning,A,Answered,
SSC_CGL_Tier_1_Question_Paper_2024_36_Shifts_13th_Sept_2024_Shift_3_EN.pdf,25,1,General Intelligence and Reasoning,D,Answered,
SSC_CGL_Tier_1_Question_Paper_2024_36_Shifts_13th_Sept_2024_Shift_3_EN.pdf,1,2,General Awareness,A,Answered,
SSC_CGL_Tier_1_Question_Paper_2024_36_Shifts_13th_Sept_2024_Shift_3_EN.pdf,2,2,General Awareness,C,Answered,
SSC_CGL_Tier_1_Question_Paper_2024_36_Shifts_13th_Sept_2024_Shift_3_EN.pdf,3,2,General Awareness,,Not Answered,
SSC_CGL_Tier_1_Question_Paper_2024_36_Shifts_13th_Sept_2024_Shift_3_EN.pdf,4,2,General Awareness,A,Answered,
SSC_CGL_Tier_1_Question_Paper_2024_36_Shifts_13th_Sept_2024_Shift_3_EN.pdf,5,2,General Awareness,,Not Answered,
SSC_CGL_Tier_1_Question_Paper_2024_36_Shifts_13th_Sept_2024_Shift_3_EN.pdf,6,2,General Awareness,D,Answered,
SSC_CGL_Tier_1_Question_Paper_2024_36_Shifts_13th_Sept_2024_Shift_3_EN.pdf,7,2,General Awareness,C,Answered,
SSC_CGL_Tier_1_Question_Paper_2024_36_Shifts_13th_Sept_2024_Shift_3_EN.pdf,8,2,General Awareness,,Not Answered,
SSC_CGL_Tier_1_Question_Paper_2024_36_Shifts_13th_Sept_2024_Shift_3_EN.pdf,9,2,General Awareness,,Not Answered,
SSC_CGL_Tier_1_Question_Paper_2024_36_Shifts_13th_Sept_2024_Shift_3_EN.pdf,10,2,General Awareness,,Not Answered,
SSC_CGL_Tier_1_Question_Paper_2024_36_Shifts_13th_Sept_2024_Shift_3_EN.pdf,11,2,General Awareness,B,Answered,
SSC_CGL_Tier_1_Question_Paper_2024_36_Shifts_13th_Sept_2024_Shift_3_EN.pdf,12,2,General Awareness,D,Answered,
SSC_CGL_Tier_1_Question_Paper_2024_36_Shifts_13th_Sept_2024_Shift_3_EN.pdf,13,2,General Awareness,,Not Answered,
SSC_CGL_Tier_1_Question_Paper_2024_36_Shifts_13th_Sept_2024_Shift_3_EN.pdf,14,2,General Awareness,B,Answered,
SSC_CGL_Tier_1_Question_Paper_2024_36_Shifts_13th_Sept_2024_Shift_3_EN.pdf,15,2,General Awareness,D,Answered,
SSC_CGL_Tier_1_Question_Paper_2024_36_Shifts_13th_Sept_2024_Shift_3_EN.pdf,16,2,General Awareness,,Not Answered,
SSC_CGL_Tier_1_Question_Paper_2024_36_Shifts_13th_Sept_2024_Shift_3_EN.pdf,17,2,General Awareness,D,Answered,
SSC_CGL_Tier_1_Question_Paper_2024_36_Shifts_13th_Sept_2024_Shift_3_EN.pdf,18,2,General Awareness,A,Answered,
SSC_CGL_Tier_1_Question_Paper_2024_36_Shifts_13th_Sept_2024_Shift_3_EN.pdf,19,2,General Awareness,B,Answered,
SSC_CGL_Tier_1_Question_Paper_2024_36_Shifts_13th_Sept_2024_Shift_3_EN.pdf,20,2,General Awareness,A,Answered,
SSC_CGL_Tier_1_Question_Paper_2024_36_Shifts_13th_Sept_2024_Shift_3_EN.pdf,21,2,General Awareness,,Not Answered,
SSC_CGL_Tier_1_Question_Paper_2024_36_Shifts_13th_Sept_2024_Shift_3_EN.pdf,22,2,General Awareness,C,Answered,
SSC_CGL_Tier_1_Question_Paper_2024_36_Shifts_13th_Sept_2024_Shift_3_EN.pdf,23,2,General Awareness,,Not Answered,
SSC_CGL_Tier_1_Question_Paper_2024_36_Shifts_13th_Sept_2024_Shift_3_EN.pdf,24,2,General Awareness,A,Answered,
SSC_CGL_Tier_1_Question_Paper_2024_36_Shifts_13th_Sept_2024_Shift_3_EN.pdf,25,2,General Awareness,,Not Answered,
SSC_CGL_Tier_1_Question_Paper_2024_36_Shifts_13th_Sept_2024_Shift_3_EN.pdf,1,3,Quantitative Aptitude,C,Answered,
SSC_CGL_Tier_1_Question_Paper_2024_36_Shifts_13th_Sept_2024_Shift_3_EN.pdf,2,3,Quantitative Aptitude,B,Answered,
SSC_CGL_Tier_1_Question_Paper_2024_36_Shifts_13th_Sept_2024_Shift_3_EN.pdf,3,3,Quantitative Aptitude,,Not Answered,
SSC_CGL_Tier_1_Question_Paper_2024_36_Shifts_13th_Sept_2024_Shift_3_EN.pdf,4,3,Quantitative Aptitude,B,Answered,
SSC_CGL_Tier_1_Question_Paper_2024_36_Shifts_13th_Sept_2024_Shift_3_EN.pdf,5,3,Quantitative Aptitude,B,Answered,
SSC_CGL_Tier_1_Question_Paper_2024_36_Shifts_13th_Sept_2024_Shift_3_EN.pdf,6,3,Quantitative Aptitude,D,Answered,
SSC_CGL_Tier_1_Question_Paper_2024_36_Shifts_13th_Sept_2024_Shift_3_EN.pdf,7,3,Quantitative Aptitude,C,Answered,
SSC_CGL_Tier_1_Question_Paper_2024_36_Shifts_13th_Sept_2024_Shift_3_EN.pdf,8,3,Quantitative Aptitude,B,Answered,
SSC_CGL_Tier_1_Question_Paper_2024_36_Shifts_13th_Sept_2024_Shift_3_EN.pdf,9,3,Quantitative Aptitude,A,Answered,
SSC_CGL_Tier_1_Question_Paper_2024_36_Shifts_13th_Sept_2024_Shift_3_EN.pdf,10,3,Quantitative Aptitude,A,Answered,
SSC_CGL_Tier_1_Question_Paper_2024_36_Shifts_13th_Sept_2024_Shift_3_EN.pdf,11,3,Quantitative Aptitude,C,Answered,
SSC_CGL_Tier_1_Question_Paper_2024_36_Shifts_13th_Sept_2024_Shift_3_EN.pdf,12,3,Quantitative Aptitude,D,Answered,
SSC_CGL_Tier_1_Question_Paper_2024_36_Shifts_13th_Sept_2024_Shift_3_EN.pdf,13,3,Quantitative Aptitude,A,Answered,
SSC_CGL_Tier_1_Question_Paper_2024_36_Shifts_13th_Sept_2024_Shift_3_EN.pdf,14,3,Quantitative Aptitude,B,Answered,
SSC_CGL_Tier_1_Question_Paper_2024_36_Shifts_13th_Sept_2024_Shift_3_EN.pdf,15,3,Quantitative Aptitude,,,
SSC_CGL_Tier_1_Question_Paper_2024_36_Shifts_13th_Sept_2024_Shift_3_EN.pdf,16,3,Quantitative Aptitude,A,Answered,
SSC_CGL_Tier_1_Question_Paper_2024_36_Shifts_13th_Sept_2024_Shift_3_EN.pdf,17,3,Quantitative Aptitude,C,Answered,
SSC_CGL_Tier_1_Question_Paper_2024_36_Shifts_13th_Sept_2024_Shift_3_EN.pdf,18,3,Quantitative Aptitude,A,Answered,
SSC_CGL_Tier_1_Question_Paper_2024_36_Shifts_13th_Sept_2024_Shift_3_EN.pdf,19,3,Quantitative Aptitude,C,Answered,
SSC_CGL_Tier_1_Question_Paper_2024_36_Shifts_13th_Sept_2024_Shift_3_EN.pdf,20,3,Quantitative Aptitude,C,Answered,
SSC_CGL_Tier_1_Question_Paper_2024_36_Shifts_13th_Sept_2024_Shift_3_EN.pdf,21,3,Quantitative Aptitude,A,Answered,
SSC_CGL_Tier_1_Question_Paper_2024_36_Shifts_13th_Sept_2024_Shift_3_EN.pdf,22,3,Quantitative Aptitude,C,Answered,
SSC_CGL_Tier_1_Question_Paper_2024_36_Shifts_13th_Sept_2024_Shift_3_EN.pdf,23,3,Quantitative Aptitude,A,Answered,
SSC_CGL_Tier_1_Question_Paper_2024_36_Shifts_13th_Sept_2024_Shift_3_EN.pdf,24,3,Quantitative Aptitude,B,Answered,
SSC_CGL_Tier_1_Question_Paper_2024_36_Shifts_13th_Sept_2024_Shift_3_EN.pdf,25,3,Quantitative Aptitude,A,Answered,
SSC_CGL_Tier_1_Question_Paper_2024_36_Shifts_13th_Sept_2024_Shift_3_EN.pdf,1,4,English Comprehension,C,Answered,
SSC_CGL_Tier_1_Question_Paper_2024_36_Shifts_13th_Sept_2024_Shift_3_EN.pdf,2,4,English Comprehension,A,Answered,
SSC_CGL_Tier_1_Question_Paper_2024_36_Shifts_13th_Sept_2024_Shift_3_EN.pdf,3,4,English Comprehension,C,Answered,
SSC_CGL_Tier_1_Question_Paper_2024_36_Shifts_13th_Sept_2024_Shift_3_EN.pdf,4,4,English Comprehension,A,Answered,
SSC_CGL_Tier_1_Question_Paper_2024_36_Shifts_13th_Sept_2024_Shift_3_EN.pdf,5,4,English Comprehension,A,Answered,
SSC_CGL_Tier_1_Question_Paper_2024_36_Shifts_13th_Sept_2024_Shift_3_EN.pdf,6,4,English Comprehension,D,Answered,
SSC_CGL_Tier_1_Question_Paper_2024_36_Shifts_13th_Sept_2024_Shift_3_EN.pdf,7,4,English Comprehension,A,Answered,
SSC_CGL_Tier_1_Question_Paper_2024_36_Shifts_13th_Sept_2024_Shift_3_EN.pdf,8,4,English Comprehension,B,Answered,
SSC_CGL_Tier_1_Question_Paper_2024_36_Shifts_13th_Sept_2024_Shift_3_EN.pdf,9,4,English Comprehension,D,Answered,
SSC_CGL_Tier_1_Question_Paper_2024_36_Shifts_13th_Sept_2024_Shift_3_EN.pdf,10,4,English Comprehension,C,Answered,
SSC_CGL_Tier_1_Question_Paper_2024_36_Shifts_13th_Sept_2024_Shift_3_EN.pdf,11,4,English Comprehension,D,Answered,
SSC_CGL_Tier_1_Question_Paper_2024_36_Shifts_13th_Sept_2024_Shift_3_EN.pdf,12,4,English Comprehension,C,Answered,
SSC_CGL_Tier_1_Question_Paper_2024_36_Shifts_13th_Sept_2024_Shift_3_EN.pdf,13,4,English Comprehension,B,Answered,
SSC_CGL_Tier_1_Question_Paper_2024_36_Shifts_13th_Sept_2024_Shift_3_EN.pdf,14,4,English Comprehension,D,Answered,
SSC_CGL_Tier_1_Question_Paper_2024_36_Shifts_13th_Sept_2024_Shift_3_EN.pdf,15,4,English Comprehension,C,Answered,
SSC_CGL_Tier_1_Question_Paper_2024_36_Shifts_13th_Sept_2024_Shift_3_EN.pdf,16,4,English Comprehension,D,Answered,
SSC_CGL_Tier_1_Question_Paper_2024_36_Shifts_13th_Sept_2024_Shift_3_EN.pdf,17,4,English Comprehension,D,Answered,
SSC_CGL_Tier_1_Question_Paper_2024_36_Shifts_13th_Sept_2024_Shift_3_EN.pdf,18,4,English Comprehension,A,Answered,
SSC_CGL_Tier_1_Question_Paper_2024_36_Shifts_13th_Sept_2024_Shift_3_EN.pdf,19,4,English Comprehension,A,Answered,
SSC_CGL_Tier_1_Question_Paper_2024_36_Shifts_13th_Sept_2024_Shift_3_EN.pdf,20,4,English Comprehension,C,Answered,
SSC_CGL_Tier_1_Question_Paper_2024_36_Shifts_13th_Sept_2024_Shift_3_EN.pdf,21,4,English Comprehension,B,Answered,
SSC_CGL_Tier_1_Question_Paper_2024_36_Shifts_13th_Sept_2024_Shift_3_EN.pdf,22,4,English Comprehension,D,Answered,
SSC_CGL_Tier_1_Question_Paper_2024_36_Shifts_13th_Sept_2024_Shift_3_EN.pdf,23,4,English Comprehension,C,Answered,
SSC_CGL_Tier_1_Question_Paper_2024_36_Shifts_13th_Sept_2024_Shift_3_EN.pdf,24,4,English Comprehension,C,Answered,
SSC_CGL_Tier_1_Question_Paper_2024_36_Shifts_13th_Sept_2024_Shift_3_EN.pdf,25,4,English Comprehension,D,Answered,
SSC_CGL_Tier_1_Question_Paper_2024_36_Shifts_17th_Sept_2024_Shift_1_EN.pdf,1,1,General Intelligence and Reasoning,B,Answered,
SSC_CGL_Tier_1_Question_Paper_2024_36_Shifts_17th_Sept_2024_Shift_1_EN.pdf,2,1,General Intelligence and Reasoning,B,Answered,
SSC_CGL_Tier_1_Question_Paper_2024_36_Shifts_17th_Sept_2024_Shift_1_EN.pdf,3,1,General Intelligence and Reasoning,B,Answered,
SSC_CGL_Tier_1_Question_Paper_2024_36_Shifts_17th_Sept_2024_Shift_1_EN.pdf,4,1,General Intelligence and Reasoning,C,Answered,
SSC_CGL_Tier_1_Question_Paper_2024_36_Shifts_17th_Sept_2024_Shift_1_EN.pdf,5,1,General Intelligence and Reasoning,A,Answered,
SSC_CGL_Tier_1_Question_Paper_2024_36_Shifts_17th_Sept_2024_Shift_1_EN.pdf,6,1,General Intelligence and Reasoning,C,Answered,
SSC_CGL_Tier_1_Question_Paper_2024_36_Shifts_17th_Sept_2024_Shift_1_EN.pdf,7,1,General Intelligence and Reasoning,A,Answered,
SSC_CGL_Tier_1_Question_Paper_2024_36_Shifts_17th_Sept_2024_Shift_1_EN.pdf,8,1,General Intelligence and Reasoning,C,Answered,
SSC_CGL_Tier_1_Question_Paper_2024_36_Shifts_17th_Sept_2024_Shift_1_EN.pdf,9,1,General Intelligence and Reasoning,C,Answered,
SSC_CGL_Tier_1_Question_Paper_2024_36_Shifts_17th_Sept_2024_Shift_1_EN.pdf,10,1,General Intelligence and Reasoning,B,Answered,
SSC_CGL_Tier_1_Question_Paper_2024_36_Shifts_17th_Sept_2024_Shift_1_EN.pdf,11,1,General Intelligence and Reasoning,D,Answered,
SSC_CGL_Tier_1_Question_Paper_2024_36_Shifts_17th_Sept_2024_Shift_1_EN.pdf,12,1,General Intelligence and Reasoning,,Not Answered,
SSC_CGL_Tier_1_Question_Paper_2024_36_Shifts_17th_Sept_2024_Shift_1_EN.pdf,13,1,General Intelligence and Reasoning,B,Answered,
SSC_CGL_Tier_1_Question_Paper_2024_36_Shifts_17th_Sept_2024_Shift_1_EN.pdf,14,1,General Intelligence and Reasoning,B,Answered,
SSC_CGL_Tier_1_Question_Paper_2024_36_Shifts_17th_Sept_2024_Shift_1_EN.pdf,15,1,General Intelligence and Reasoning,B,Answered,
SSC_CGL_Tier_1_Question_Paper_2024_36_Shifts_17th_Sept_2024_Shift_1_EN.pdf,16,1,General Intelligence and Reasoning,C,Answered,
SSC_CGL_Tier_1_Question_Paper_2024_36_Shifts_17th_Sept_2024_Shift_1_EN.pdf,17,1,General Intelligence and Reasoning,C,Answered,
SSC_CGL_Tier_1_Question_Paper_2024_36_Shifts_17th_Sept_2024_Shift_1_EN.pdf,18,1,General Intelligence and Reasoning,C,Answered,
SSC_CGL_Tier_1_Question_Paper_2024_36_Shifts_17th_Sept_2024_Shift_1_EN.pdf,19,1,General Intelligence and Reasoning,C,Answered,
SSC_CGL_Tier_1_Question_Paper_2024_36_Shifts_17th_Sept_2024_Shift_1_EN.pdf,20,1,General Intelligence and Reasoning,C,Answered,
SSC_CGL_Tier_1_Question_Paper_2024_36_Shifts_17th_Sept_2024_Shift_1_EN.pdf,21,1,General Intelligence and Reasoning,C,Answered,
SSC_CGL_Tier_1_Question_Paper_2024_36_Shifts_17th_Sept_2024_Shift_1_EN.pdf,22,1,General Intelligence and Reasoning,B,Answered,
SSC_CGL_Tier_1_Question_Paper_2024_36_Shifts_17th_Sept_2024_Shift_1_EN.pdf,23,1,General Intelligence and Reasoning,D,Answered,
SSC_CGL_Tier_1_Question_Paper_2024_36_Shifts_17th_Sept_2024_Shift_1_EN.pdf,24,1,General Intelligence and Reasoning,,Not Answered,
SSC_CGL_Tier_1_Question_Paper_2024_36_Shifts_17th_Sept_2024_Shift_1_EN.pdf,25,1,General Intelligence and Reasoning,B,Answered,
SSC_CGL_Tier_1_Question_Paper_2024_36_Shifts_17th_Sept_2024_Shift_1_EN.pdf,1,2,General Awareness,A,Answered,
SSC_CGL_Tier_1_Question_Paper_2024_36_Shifts_17th_Sept_2024_Shift_1_EN.pdf,2,2,General Awareness,B,Answered,
SSC_CGL_Tier_1_Question_Paper_2024_36_Shifts_17th_Sept_2024_Shift_1_EN.pdf,3,2,General Awareness,,Not Answered,
SSC_CGL_Tier_1_Question_Paper_2024_36_Shifts_17th_Sept_2024_Shift_1_EN.pdf,4,2,General Awareness,,Not Answered,
SSC_CGL_Tier_1_Question_Paper_2024_36_Shifts_17th_Sept_2024_Shift_1_EN.pdf,5,2,General Awareness,,Not Answered,
SSC_CGL_Tier_1_Question_Paper_2024_36_Shifts_17th_Sept_2024_Shift_1_EN.pdf,6,2,General Awareness,C,Answered,
SSC_CGL_Tier_1_Question_Paper_2024_36_Shifts_17th_Sept_2024_Shift_1_EN.pdf,7,2,General Awareness,,Not Answered,
SSC_CGL_Tier_1_Question_Paper_2024_36_Shifts_17th_Sept_2024_Shift_1_EN.pdf,8,2,General Awareness,A,Answered,
SSC_CGL_Tier_1_Question_Paper_2024_36_Shifts_17th_Sept_2024_Shift_1_EN.pdf,9,2,General Awareness,,Not Answered,
SSC_CGL_Tier_1_Question_Paper_2024_36_Shifts_17th_Sept_2024_Shift_1_EN.pdf,10,2,General Awareness,D,Answered,
SSC_CGL_Tier_1_Question_Paper_2024_36_Shifts_17th_Sept_2024_Shift_1_EN.pdf,11,2,General Awareness,,Not Answered,
SSC_CGL_Tier_1_Question_Paper_2024_36_Shifts_17th_Sept_2024_Shift_1_EN.pdf,12,2,General Awareness,B,Answered,
SSC_CGL_Tier_1_Question_Paper_2024_36_Shifts_17th_Sept_2024_Shift_1_EN.pdf,13,2,General Awareness,,Not Answered,
SSC_CGL_Tier_1_Question_Paper_2024_36_Shifts_17th_Sept_2024_Shift_1_EN.pdf,14,2,General Awareness,B,Answered,
SSC_CGL_Tier_1_Question_Paper_2024_36_Shifts_17th_Sept_2024_Shift_1_EN.pdf,15,2,General Awareness,C,Answered,
SSC_CGL_Tier_1_Question_Paper_2024_36_Shifts_17th_Sept_2024_Shift_1_EN.pdf,16,2,General Awareness,A,Answered,
SSC_CGL_Tier_1_Question_Paper_2024_36_Shifts_17th_Sept_2024_Shift_1_EN.pdf,17,2,General Awareness,,Not Answered,
SSC_CGL_Tier_1_Question_Paper_2024_36_Shifts_17th_Sept_2024_Shift_1_EN.pdf,18,2,General Awareness,A,Answered,
SSC_CGL_Tier_1_Question_Paper_2024_36_Shifts_17th_Sept_2024_Shift_1_EN.pdf,19,2,General Awareness,,Not Answered,
SSC_CGL_Tier_1_Question_Paper_2024_36_Shifts_17th_Sept_2024_Shift_1_EN.pdf,20,2,General Awareness,B,Answered,
SSC_CGL_Tier_1_Question_Paper_2024_36_Shifts_17th_Sept_2024_Shift_1_EN.pdf,21,2,General Awareness,D,Answered,
SSC_CGL_Tier_1_Question_Paper_2024_36_Shifts_17th_Sept_2024_Shift_1_EN.pdf,22,2,General Awareness,C,Answered,
SSC_CGL_Tier_1_Question_Paper_2024_36_Shifts_17th_Sept_2024_Shift_1_EN.pdf,23,2,General Awareness,,Not Answered,
SSC_CGL_Tier_1_Question_Paper_2024_36_Shifts_17th_Sept_2024_Shift_1_EN.pdf,24,2,General Awareness,,Not Answered,
SSC_CGL_Tier_1_Question_Paper_2024_36_Shifts_17th_Sept_2024_Shift_1_EN.pdf,25,2,General Awareness,B,Answered,
SSC_CGL_Tier_1_Question_Paper_2024_36_Shifts_17th_Sept_2024_Shift_1_EN.pdf,1,3,Quantitative Aptitude,C,Answered,
SSC_CGL_Tier_1_Question_Paper_2024_36_Shifts_17th_Sept_2024_Shift_1_EN.pdf,2,3,Quantitative Aptitude,C,Answered,
SSC_CGL_Tier_1_Question_Paper_2024_36_Shifts_17th_Sept_2024_Shift_1_EN.pdf,3,3,Quantitative Aptitude,C,Answered,
SSC_CGL_Tier_1_Question_Paper_2024_36_Shifts_17th_Sept_2024_Shift_1_EN.pdf,4,3,Quantitative Aptitude,C,Answered,
SSC_CGL_Tier_1_Question_Paper_2024_36_Shifts_17th_Sept_2024_Shift_1_EN.pdf,5,3,Quantitative Aptitude,D,Answered,
SSC_CGL_Tier_1_Question_Paper_2024_36_Shifts_17th_Sept_2024_Shift_1_EN.pdf,6,3,Quantitative Aptitude,C,Answered,
SSC_CGL_Tier_1_Question_Paper_2024_36_Shifts_17th_Sept_2024_Shift_1_EN.pdf,7,3,Quantitative Aptitude,A,Answered,
SSC_CGL_Tier_1_Question_Paper_2024_36_Shifts_17th_Sept_2024_Shift_1_EN.pdf,8,3,Quantitative Aptitude,A,Answered,
SSC_CGL_Tier_1_Question_Paper_2024_36_Shifts_17th_Sept_2024_Shift_1_EN.pdf,9,3,Quantitative Aptitude,A,Answered,
SSC_CGL_Tier_1_Question_Paper_2024_36_Shifts_17th_Sept_2024_Shift_1_EN.pdf,10,3,Quantitative Aptitude,D,Answered,
SSC_CGL_Tier_1_Question_Paper_2024_36_Shifts_17th_Sept_2024_Shift_1_EN.pdf,11,3,Quantitative Aptitude,A,Answered,
SSC_CGL_Tier_1_Question_Paper_2024_36_Shifts_17th_Sept_2024_Shift_1_EN.pdf,12,3,Quantitative Aptitude,A,Answered,
SSC_CGL_Tier_1_Question_Paper_2024_36_Shifts_17th_Sept_2024_Shift_1_EN.pdf,13,3,Quantitative Aptitude,C,Answered,
SSC_CGL_Tier_1_Question_Paper_2024_36_Shifts_17th_Sept_2024_Shift_1_EN.pdf,14,3,Quantitative Aptitude,B,Answered,
SSC_CGL_Tier_1_Question_Paper_2024_36_Shifts_17th_Sept_2024_Shift_1_EN.pdf,15,3,Quantitative Aptitude,,Not Answered,
SSC_CGL_Tier_1_Question_Paper_2024_36_Shifts_17th_Sept_2024_Shift_1_EN.pdf,16,3,Quantitative Aptitude,B,Answered,
SSC_CGL_Tier_1_Question_Paper_2024_36_Shifts_17th_Sept_2024_Shift_1_EN.pdf,17,3,Quantitative Aptitude,B,Answered,
SSC_CGL_Tier_1_Question_Paper_2024_36_Shifts_17th_Sept_2024_Shift_1_EN.pdf,18,3,Quantitative Aptitude,C,Answered,
SSC_CGL_Tier_1_Question_Paper_2024_36_Shifts_17th_Sept_2024_Shift_1_EN.pdf,19,3,Quantitative Aptitude,,Not Answered,
SSC_CGL_Tier_1_Question_Paper_2024_36_Shifts_17th_Sept_2024_Shift_1_EN.pdf,20,3,Quantitative Aptitude,B,Answered,
SSC_CGL_Tier_1_Question_Paper_2024_36_Shifts_17th_Sept_2024_Shift_1_EN.pdf,21,3,Quantitative Aptitude,A,Answered,
SSC_CGL_Tier_1_Question_Paper_2024_36_Shifts_17th_Sept_2024_Shift_1_EN.pdf,22,3,Quantitative Aptitude,D,Answered,
SSC_CGL_Tier_1_Question_Paper_2024_36_Shifts_17th_Sept_2024_Shift_1_EN.pdf,23,3,Quantitative Aptitude,B,Answered,
SSC_CGL_Tier_1_Question_Paper_2024_36_Shifts_17th_Sept_2024_Shift_1_EN.pdf,24,3,Quantitative Aptitude,D,Answered,
SSC_CGL_Tier_1_Question_Paper_2024_36_Shifts_17th_Sept_2024_Shift_1_EN.pdf,25,3,Quantitative Aptitude,A,Answered,
SSC_CGL_Tier_1_Question_Paper_2024_36_Shifts_17th_Sept_2024_Shift_1_EN.pdf,1,4,English Comprehension,A,Answered,
SSC_CGL_Tier_1_Question_Paper_2024_36_Shifts_17th_Sept_2024_Shift_1_EN.pdf,2,4,English Comprehension,B,Answered,
SSC_CGL_Tier_1_Question_Paper_2024_36_Shifts_17th_Sept_2024_Shift_1_EN.pdf,3,4,English Comprehension,,Not Answered,
SSC_CGL_Tier_1_Question_Paper_2024_36_Shifts_17th_Sept_2024_Shift_1_EN.pdf,4,4,English Comprehension,A,Answered,
SSC_CGL_Tier_1_Question_Paper_2024_36_Shifts_17th_Sept_2024_Shift_1_EN.pdf,5,4,English Comprehension,C,Answered,
SSC_CGL_Tier_1_Question_Paper_2024_36_Shifts_17th_Sept_2024_Shift_1_EN.pdf,6,4,English Comprehension,C,Answered,
SSC_CGL_Tier_1_Question_Paper_2024_36_Shifts_17th_Sept_2024_Shift_1_EN.pdf,7,4,English Comprehension,A,Answered,
SSC_CGL_Tier_1_Question_Paper_2024_36_Shifts_17th_Sept_2024_Shift_1_EN.pdf,8,4,English Comprehension,D,Answered,
SSC_CGL_Tier_1_Question_Paper_2024_36_Shifts_17th_Sept_2024_Shift_1_EN.pdf,9,4,English Comprehension,A,Answered,
SSC_CGL_Tier_1_Question_Paper_2024_36_Shifts_17th_Sept_2024_Shift_1_EN.pdf,10,4,English Comprehension,C,Answered,
SSC_CGL_Tier_1_Question_Paper_2024_36_Shifts_17th_Sept_2024_Shift_1_EN.pdf,11,4,English Comprehension,B,Answered,
SSC_CGL_Tier_1_Question_Paper_2024_36_Shifts_17th_Sept_2024_Shift_1_EN.pdf,12,4,English Comprehension,B,Answered,
SSC_CGL_Tier_1_Question_Paper_2024_36_Shifts_17th_Sept_2024_Shift_1_EN.pdf,13,4,English Comprehension,B,Answered,
SSC_CGL_Tier_1_Question_Paper_2024_36_Shifts_17th_Sept_2024_Shift_1_EN.pdf,14,4,English Comprehension,C,Answered,
SSC_CGL_Tier_1_Question_Paper_2024_36_Shifts_17th_Sept_2024_Shift_1_EN.pdf,15,4,English Comprehension,B,Answered,
SSC_CGL_Tier_1_Question_Paper_2024_36_Shifts_17th_Sept_2024_Shift_1_EN.pdf,16,4,English Comprehension,D,Answered,
SSC_CGL_Tier_1_Question_Paper_2024_36_Shifts_17th_Sept_2024_Shift_1_EN.pdf,17,4,English Comprehension,C,Answered,
SSC_CGL_Tier_1_Question_Paper_2024_36_Shifts_17th_Sept_2024_Shift_1_EN.pdf,18,4,English Comprehension,B,Answered,
SSC_CGL_Tier_1_Question_Paper_2024_36_Shifts_17th_Sept_2024_Shift_1_EN.pdf,19,4,English Comprehension,B,Answered,
SSC_CGL_Tier_1_Question_Paper_2024_36_Shifts_17th_Sept_2024_Shift_1_EN.pdf,20,4,English Comprehension,B,Answered,
SSC_CGL_Tier_1_Question_Paper_2024_36_Shifts_17th_Sept_2024_Shift_1_EN.pdf,21,4,English Comprehension,C,Answered,
SSC_CGL_Tier_1_Question_Paper_2024_36_Shifts_17th_Sept_2024_Shift_1_EN.pdf,22,4,English Comprehension,B,Answered,
SSC_CGL_Tier_1_Question_Paper_2024_36_Shifts_17th_Sept_2024_Shift_1_EN.pdf,23,4,English Comprehension,D,Answered,
SSC_CGL_Tier_1_Question_Paper_2024_36_Shifts_17th_Sept_2024_Shift_1_EN.pdf,24,4,English Comprehension,A,Answered,
SSC_CGL_Tier_1_Question_Paper_2024_36_Shifts_17th_Sept_2024_Shift_1_EN.pdf,25,4,English Comprehension,A,Answered,
SSC_CGL_Tier_1_Question_Paper_2024_36_Shifts_17th_Sept_2024_Shift_2_EN.pdf,1,1,General Intelligence and Reasoning,C,Answered,
SSC_CGL_Tier_1_Question_Paper_2024_36_Shifts_17th_Sept_2024_Shift_2_EN.pdf,2,1,General Intelligence and Reasoning,B,Answered,
SSC_CGL_Tier_1_Question_Paper_2024_36_Shifts_17th_Sept_2024_Shift_2_EN.pdf,3,1,General Intelligence and Reasoning,C,Answered,
SSC_CGL_Tier_1_Question_Paper_2024_36_Shifts_17th_Sept_2024_Shift_2_EN.pdf,4,1,General Intelligence and Reasoning,C,Answered,
SSC_CGL_Tier_1_Question_Paper_2024_36_Shifts_17th_Sept_2024_Shift_2_EN.pdf,5,1,General Intelligence and Reasoning,C,Answered,
SSC_CGL_Tier_1_Question_Paper_2024_36_Shifts_17th_Sept_2024_Shift_2_EN.pdf,6,1,General Intelligence and Reasoning,D,Answered,
SSC_CGL_Tier_1_Question_Paper_2024_36_Shifts_17th_Sept_2024_Shift_2_EN.pdf,7,1,General Intelligence and Reasoning,D,Answered,
SSC_CGL_Tier_1_Question_Paper_2024_36_Shifts_17th_Sept_2024_Shift_2_EN.pdf,8,1,General Intelligence and Reasoning,D,Answered,
SSC_CGL_Tier_1_Question_Paper_2024_36_Shifts_17th_Sept_2024_Shift_2_EN.pdf,9,1,General Intelligence and Reasoning,D,Answered,
SSC_CGL_Tier_1_Question_Paper_2024_36_Shifts_17th_Sept_2024_Shift_2_EN.pdf,10,1,General Intelligence and Reasoning,C,Answered,
SSC_CGL_Tier_1_Question_Paper_2024_36_Shifts_17th_Sept_2024_Shift_2_EN.pdf,11,1,General Intelligence and Reasoning,A,Answered,
SSC_CGL_Tier_1_Question_Paper_2024_36_Shifts_17th_Sept_2024_Shift_2_EN.pdf,12,1,General Intelligence and Reasoning,D,Answered,
SSC_CGL_Tier_1_Question_Paper_2024_36_Shifts_17th_Sept_2024_Shift_2_EN.pdf,13,1,General Intelligence and Reasoning,C,Answered,
SSC_CGL_Tier_1_Question_Paper_2024_36_Shifts_17th_Sept_2024_Shift_2_EN.pdf,14,1,General Intelligence and Reasoning,,Not Answered,
SSC_CGL_Tier_1_Question_Paper_2024_36_Shifts_17th_Sept_2024_Shift_2_EN.pdf,15,1,General Intelligence and Reasoning,B,Answered,
SSC_CGL_Tier_1_Question_Paper_2024_36_Shifts_17th_Sept_2024_Shift_2_EN.pdf,16,1,General Intelligence and Reasoning,B,Answered,
SSC_CGL_Tier_1_Question_Paper_2024_36_Shifts_17th_Sept_2024_Shift_2_EN.pdf,17,1,General Intelligence and Reasoning,C,Answered,
SSC_CGL_Tier_1_Question_Paper_2024_36_Shifts_17th_Sept_2024_Shift_2_EN.pdf,18,1,General Intelligence and Reasoning,A,Answered,
SSC_CGL_Tier_1_Question_Paper_2024_36_Shifts_17th_Sept_2024_Shift_2_EN.pdf,19,1,General Intelligence and Reasoning,A,Answered,
SSC_CGL_Tier_1_Question_Paper_2024_36_Shifts_17th_Sept_2024_Shift_2_EN.pdf,20,1,General Intelligence and Reasoning,C,Answered,
SSC_CGL_Tier_1_Question_Paper_2024_36_Shifts_17th_Sept_2024_Shift_2_EN.pdf,21,1,General Intelligence and Reasoning,C,Answered,
SSC_CGL_Tier_1_Question_Paper_2024_36_Shifts_17th_Sept_2024_Shift_2_EN.pdf,22,1,General Intelligence and Reasoning,D,Answered,
SSC_CGL_Tier_1_Question_Paper_2024_36_Shifts_17th_Sept_2024_Shift_2_EN.pdf,23,1,General Intelligence and Reasoning,,Not Answered,
SSC_CGL_Tier_1_Question_Paper_2024_36_Shifts_17th_Sept_2024_Shift_2_EN.pdf,24,1,General Intelligence and Reasoning,A,Answered,
SSC_CGL_Tier_1_Question_Paper_2024_36_Shifts_17th_Sept_2024_Shift_2_EN.pdf,25,1,General Intelligence and Reasoning,A,Answered,
SSC_CGL_Tier_1_Question_Paper_2024_36_Shifts_17th_Sept_2024_Shift_2_EN.pdf,1,2,General Awareness,,Not Answered,
SSC_CGL_Tier_1_Question_Paper_2024_36_Shifts_17th_Sept_2024_Shift_2_EN.pdf,2,2,General Awareness,,Not Answered,
SSC_CGL_Tier_1_Question_Paper_2024_36_Shifts_17th_Sept_2024_Shift_2_EN.pdf,3,2,General Awareness,,Not Answered,
SSC_CGL_Tier_1_Question_Paper_2024_36_Shifts_17th_Sept_2024_Shift_2_EN.pdf,4,2,General Awareness,,Not Answered,
SSC_CGL_Tier_1_Question_Paper_2024_36_Shifts_17th_Sept_2024_Shift_2_EN.pdf,5,2,General Awareness,,Not Answered,
SSC_CGL_Tier_1_Question_Paper_2024_36_Shifts_17th_Sept_2024_Shift_2_EN.pdf,6,2,General Awareness,,Not Answered,
SSC_CGL_Tier_1_Question_Paper_2024_36_Shifts_17th_Sept_2024_Shift_2_EN.pdf,7,2,General Awareness,D,Answered,
SSC_CGL_Tier_1_Question_Paper_2024_36_Shifts_17th_Sept_2024_Shift_2_EN.pdf,8,2,General Awareness,C,Answered,
SSC_CGL_Tier_1_Question_Paper_2024_36_Shifts_17th_Sept_2024_Shift_2_EN.pdf,9,2,General Awareness,,Not Answered,
SSC_CGL_Tier_1_Question_Paper_2024_36_Shifts_17th_Sept_2024_Shift_2_EN.pdf,10,2,General Awareness,,Not Answered,
SSC_CGL_Tier_1_Question_Paper_2024_36_Shifts_17th_Sept_2024_Shift_2_EN.pdf,11,2,General Awareness,D,Answered,
SSC_CGL_Tier_1_Question_Paper_2024_36_Shifts_17th_Sept_2024_Shift_2_EN.pdf,12,2,General Awareness,C,Answered,
SSC_CGL_Tier_1_Question_Paper_2024_36_Shifts_17th_Sept_2024_Shift_2_EN.pdf,13,2,General Awareness,A,Answered,
SSC_CGL_Tier_1_Question_Paper_2024_36_Shifts_17th_Sept_2024_Shift_2_EN.pdf,14,2,General Awareness,,Not Answered,
SSC_CGL_Tier_1_Question_Paper_2024_36_Shifts_17th_Sept_2024_Shift_2_EN.pdf,15,2,General Awareness,,Not Answered,
SSC_CGL_Tier_1_Question_Paper_2024_36_Shifts_17th_Sept_2024_Shift_2_EN.pdf,16,2,General Awareness,A,Answered,
SSC_CGL_Tier_1_Question_Paper_2024_36_Shifts_17th_Sept_2024_Shift_2_EN.pdf,17,2,General Awareness,D,Answered,
SSC_CGL_Tier_1_Question_Paper_2024_36_Shifts_17th_Sept_2024_Shift_2_EN.pdf,18,2,General Awareness,,Not Answered,
SSC_CGL_Tier_1_Question_Paper_2024_36_Shifts_17th_Sept_2024_Shift_2_EN.pdf,19,2,General Awareness,A,Answered,
SSC_CGL_Tier_1_Question_Paper_2024_36_Shifts_17th_Sept_2024_Shift_2_EN.pdf,20,2,General Awareness,A,Answered,
SSC_CGL_Tier_1_Question_Paper_2024_36_Shifts_17th_Sept_2024_Shift_2_EN.pdf,21,2,General Awareness,C,Answered,
SSC_CGL_Tier_1_Question_Paper_2024_36_Shifts_17th_Sept_2024_Shift_2_EN.pdf,22,2,General Awareness,,Not Answered,
SSC_CGL_Tier_1_Question_Paper_2024_36_Shifts_17th_Sept_2024_Shift_2_EN.pdf,23,2,General Awareness,D,Answered,
SSC_CGL_Tier_1_Question_Paper_2024_36_Shifts_17th_Sept_2024_Shift_2_EN.pdf,24,2,General Awareness,C,Answered,
SSC_CGL_Tier_1_Question_Paper_2024_36_Shifts_17th_Sept_2024_Shift_2_EN.pdf,25,2,General Awareness,B,Answered,
SSC_CGL_Tier_1_Question_Paper_2024_36_Shifts_17th_Sept_2024_Shift_2_EN.pdf,1,3,Quantitative Aptitude,D,Answered,
SSC_CGL_Tier_1_Question_Paper_2024_36_Shifts_17th_Sept_2024_Shift_2_EN.pdf,2,3,Quantitative Aptitude,,Not Answered,
SSC_CGL_Tier_1_Question_Paper_2024_36_Shifts_17th_Sept_2024_Shift_2_EN.pdf,3,3,Quantitative Aptitude,,Not Answered,
SSC_CGL_Tier_1_Question_Paper_2024_36_Shifts_17th_Sept_2024_Shift_2_EN.pdf,4,3,Quantitative Aptitude,,Not Answered,
SSC_CGL_Tier_1_Question_Paper_2024_36_Shifts_17th_Sept_2024_Shift_2_EN.pdf,5,3,Quantitative Aptitude,,Not Answered,
SSC_CGL_Tier_1_Question_Paper_2024_36_Shifts_17th_Sept_2024_Shift_2_EN.pdf,6,3,Quantitative Aptitude,,Not Answered,
SSC_CGL_Tier_1_Question_Paper_2024_36_Shifts_17th_Sept_2024_Shift_2_EN.pdf,7,3,Quantitative Aptitude,,Not Answered,
SSC_CGL_Tier_1_Question_Paper_2024_36_Shifts_17th_Sept_2024_Shift_2_EN.pdf,8,3,Quantitative Aptitude,,Not Answered,
SSC_CGL_Tier_1_Question_Paper_2024_36_Shifts_17th_Sept_2024_Shift_2_EN.pdf,9,3,Quantitative Aptitude,,Not Answered,
SSC_CGL_Tier_1_Question_Paper_2024_36_Shifts_17th_Sept_2024_Shift_2_EN.pdf,10,3,Quantitative Aptitude,C,Answered,
SSC_CGL_Tier_1_Question_Paper_2024_36_Shifts_17th_Sept_2024_Shift_2_EN.pdf,11,3,Quantitative Aptitude,B,Answered,
SSC_CGL_Tier_1_Question_Paper_2024_36_Shifts_17th_Sept_2024_Shift_2_EN.pdf,12,3,Quantitative Aptitude,C,Answered,
SSC_CGL_Tier_1_Question_Paper_2024_36_Shifts_17th_Sept_2024_Shift_2_EN.pdf,13,3,Quantitative Aptitude,C,Answered,
SSC_CGL_Tier_1_Question_Paper_2024_36_Shifts_17th_Sept_2024_Shift_2_EN.pdf,14,3,Quantitative Aptitude,C,Answered,
SSC_CGL_Tier_1_Question_Paper_2024_36_Shifts_17th_Sept_2024_Shift_2_EN.pdf,15,3,Quantitative Aptitude,,Not Answered,
SSC_CGL_Tier_1_Question_Paper_2024_36_Shifts_17th_Sept_2024_Shift_2_EN.pdf,16,3,Quantitative Aptitude,,Not Answered,
SSC_CGL_Tier_1_Question_Paper_2024_36_Shifts_17th_Sept_2024_Shift_2_EN.pdf,17,3,Quantitative Aptitude,,Not Answered,
SSC_CGL_Tier_1_Question_Paper_2024_36_Shifts_17th_Sept_2024_Shift_2_EN.pdf,18,3,Quantitative Aptitude,A,Answered,
SSC_CGL_Tier_1_Question_Paper_2024_36_Shifts_17th_Sept_2024_Shift_2_EN.pdf,19,3,Quantitative Aptitude,,Not Answered,
SSC_CGL_Tier_1_Question_Paper_2024_36_Shifts_17th_Sept_2024_Shift_2_EN.pdf,20,3,Quantitative Aptitude,,Not Answered,
SSC_CGL_Tier_1_Question_Paper_2024_36_Shifts_17th_Sept_2024_Shift_2_EN.pdf,21,3,Quantitative Aptitude,,Not Answered,
SSC_CGL_Tier_1_Question_Paper_2024_36_Shifts_17th_Sept_2024_Shift_2_EN.pdf,22,3,Quantitative Aptitude,,Not Answered,
SSC_CGL_Tier_1_Question_Paper_2024_36_Shifts_17th_Sept_2024_Shift_2_EN.pdf,23,3,Quantitative Aptitude,A,Answered,
SSC_CGL_Tier_1_Question_Paper_2024_36_Shifts_17th_Sept_2024_Shift_2_EN.pdf,24,3,Quantitative Aptitude,D,Answered,
SSC_CGL_Tier_1_Question_Paper_2024_36_Shifts_17th_Sept_2024_Shift_2_EN.pdf,25,3,Quantitative Aptitude,,Not Answered,
SSC_CGL_Tier_1_Question_Paper_2024_36_Shifts_17th_Sept_2024_Shift_2_EN.pdf,1,4,English Comprehension,C,Answered,
SSC_CGL_Tier_1_Question_Paper_2024_36_Shifts_17th_Sept_2024_Shift_2_EN.pdf,2,4,English Comprehension,D,Answered,
SSC_CGL_Tier_1_Question_Paper_2024_36_Shifts_17th_Sept_2024_Shift_2_EN.pdf,3,4,English Comprehension,D,Answered,
SSC_CGL_Tier_1_Question_Paper_2024_36_Shifts_17th_Sept_2024_Shift_2_EN.pdf,4,4,English Comprehension,,Not Answered,
SSC_CGL_Tier_1_Question_Paper_2024_36_Shifts_17th_Sept_2024_Shift_2_EN.pdf,5,4,English Comprehension,A,Answered,
SSC_CGL_Tier_1_Question_Paper_2024_36_Shifts_17th_Sept_2024_Shift_2_EN.pdf,6,4,English Comprehension,A,Answered,
SSC_CGL_Tier_1_Question_Paper_2024_36_Shifts_17th_Sept_2024_Shift_2_EN.pdf,7,4,English Comprehension,B,Answered,
SSC_CGL_Tier_1_Question_Paper_2024_36_Shifts_17th_Sept_2024_Shift_2_EN.pdf,8,4,English Comprehension,A,Answered,
SSC_CGL_Tier_1_Question_Paper_2024_36_Shifts_17th_Sept_2024_Shift_2_EN.pdf,9,4,English Comprehension,D,Answered,
SSC_CGL_Tier_1_Question_Paper_2024_36_Shifts_17th_Sept_2024_Shift_2_EN.pdf,10,4,English Comprehension,A,Answered,
SSC_CGL_Tier_1_Question_Paper_2024_36_Shifts_17th_Sept_2024_Shift_2_EN.pdf,11,4,English Comprehension,D,Answered,
SSC_CGL_Tier_1_Question_Paper_2024_36_Shifts_17th_Sept_2024_Shift_2_EN.pdf,12,4,English Comprehension,B,Answered,
SSC_CGL_Tier_1_Question_Paper_2024_36_Shifts_17th_Sept_2024_Shift_2_EN.pdf,13,4,English Comprehension,,Not Answered,
SSC_CGL_Tier_1_Question_Paper_2024_36_Shifts_17th_Sept_2024_Shift_2_EN.pdf,14,4,English Comprehension,D,Answered,
SSC_CGL_Tier_1_Question_Paper_2024_36_Shifts_17th_Sept_2024_Shift_2_EN.pdf,15,4,English Comprehension,C,Answered,
SSC_CGL_Tier_1_Question_Paper_2024_36_Shifts_17th_Sept_2024_Shift_2_EN.pdf,16,4,English Comprehension,D,Answered,
SSC_CGL_Tier_1_Question_Paper_2024_36_Shifts_17th_Sept_2024_Shift_2_EN.pdf,17,4,English Comprehension,D,Answered,
SSC_CGL_Tier_1_Question_Paper_2024_36_Shifts_17th_Sept_2024_Shift_2_EN.pdf,18,4,English Comprehension,C,Answered,
SSC_CGL_Tier_1_Question_Paper_2024_36_Shifts_17th_Sept_2024_Shift_2_EN.pdf,19,4,English Comprehension,C,Answered,
SSC_CGL_Tier_1_Question_Paper_2024_36_Shifts_17th_Sept_2024_Shift_2_EN.pdf,20,4,English Comprehension,C,Answered,
SSC_CGL_Tier_1_Question_Paper_2024_36_Shifts_17th_Sept_2024_Shift_2_EN.pdf,21,4,English Comprehension,A,Answered,
SSC_CGL_Tier_1_Question_Paper_2024_36_Shifts_17th_Sept_2024_Shift_2_EN.pdf,22,4,English Comprehension,A,Answered,
SSC_CGL_Tier_1_Question_Paper_2024_36_Shifts_17th_Sept_2024_Shift_2_EN.pdf,23,4,English Comprehension,A,Answered,
SSC_CGL_Tier_1_Question_Paper_2024_36_Shifts_17th_Sept_2024_Shift_2_EN.pdf,24,4,English Comprehension,B,Answered,
SSC_CGL_Tier_1_Question_Paper_2024_36_Shifts_17th_Sept_2024_Shift_2_EN.pdf,25,4,English Comprehension,,Not Answered,
SSC_CGL_Tier_1_Question_Paper_2024_36_Shifts_17th_Sept_2024_Shift_3_EN.pdf,1,1,General Intelligence and Reasoning,C,Answered,
SSC_CGL_Tier_1_Question_Paper_2024_36_Shifts_17th_Sept_2024_Shift_3_EN.pdf,2,1,General Intelligence and Reasoning,C,Answered,
SSC_CGL_Tier_1_Question_Paper_2024_36_Shifts_17th_Sept_2024_Shift_3_EN.pdf,3,1,General Intelligence and Reasoning,A,Answered,
SSC_CGL_Tier_1_Question_Paper_2024_36_Shifts_17th_Sept_2024_Shift_3_EN.pdf,4,1,General Intelligence and Reasoning,B,Answered,
SSC_CGL_Tier_1_Question_Paper_2024_36_Shifts_17th_Sept_2024_Shift_3_EN.pdf,5,1,General Intelligence and Reasoning,D,Answered,
SSC_CGL_Tier_1_Question_Paper_2024_36_Shifts_17th_Sept_2024_Shift_3_EN.pdf,6,1,General Intelligence and Reasoning,C,Answered,
SSC_CGL_Tier_1_Question_Paper_2024_36_Shifts_17th_Sept_2024_Shift_3_EN.pdf,7,1,General Intelligence and Reasoning,C,Answered,
SSC_CGL_Tier_1_Question_Paper_2024_36_Shifts_17th_Sept_2024_Shift_3_EN.pdf,8,1,General Intelligence and Reasoning,B,Answered,
SSC_CGL_Tier_1_Question_Paper_2024_36_Shifts_17th_Sept_2024_Shift_3_EN.pdf,9,1,General Intelligence and Reasoning,D,Answered,
SSC_CGL_Tier_1_Question_Paper_2024_36_Shifts_17th_Sept_2024_Shift_3_EN.pdf,10,1,General Intelligence and Reasoning,D,Answered,
SSC_CGL_Tier_1_Question_Paper_2024_36_Shifts_17th_Sept_2024_Shift_3_EN.pdf,11,1,General Intelligence and Reasoning,D,Answered,
SSC_CGL_Tier_1_Question_Paper_2024_36_Shifts_17th_Sept_2024_Shift_3_EN.pdf,12,1,General Intelligence and Reasoning,A,Answered,
SSC_CGL_Tier_1_Question_Paper_2024_36_Shifts_17th_Sept_2024_Shift_3_EN.pdf,13,1,General Intelligence and Reasoning,C,Answered,
SSC_CGL_Tier_1_Question_Paper_2024_36_Shifts_17th_Sept_2024_Shift_3_EN.pdf,14,1,General Intelligence and Reasoning,D,Answered,
SSC_CGL_Tier_1_Question_Paper_2024_36_Shifts_17th_Sept_2024_Shift_3_EN.pdf,15,1,General Intelligence and Reasoning,B,Answered,
SSC_CGL_Tier_1_Question_Paper_2024_36_Shifts_17th_Sept_2024_Shift_3_EN.pdf,16,1,General Intelligence and Reasoning,,Not Answered,
SSC_CGL_Tier_1_Question_Paper_2024_36_Shifts_17th_Sept_2024_Shift_3_EN.pdf,17,1,General Intelligence and Reasoning,A,Answered,
SSC_CGL_Tier_1_Question_Paper_2024_36_Shifts_17th_Sept_2024_Shift_3_EN.pdf,18,1,General Intelligence and Reasoning,A,Answered,
SSC_CGL_Tier_1_Question_Paper_2024_36_Shifts_17th_Sept_2024_Shift_3_EN.pdf,19,1,General Intelligence and Reasoning,A,Answered,
SSC_CGL_Tier_1_Question_Paper_2024_36_Shifts_17th_Sept_2024_Shift_3_EN.pdf,20,1,General Intelligence and Reasoning,D,Answered,
SSC_CGL_Tier_1_Question_Paper_2024_36_Shifts_17th_Sept_2024_Shift_3_EN.pdf,21,1,General Intelligence and Reasoning,D,Answered,
SSC_CGL_Tier_1_Question_Paper_2024_36_Shifts_17th_Sept_2024_Shift_3_EN.pdf,22,1,General Intelligence and Reasoning,D,Answered,
SSC_CGL_Tier_1_Question_Paper_2024_36_Shifts_17th_Sept_2024_Shift_3_EN.pdf,23,1,General Intelligence and Reasoning,D,Answered,
SSC_CGL_Tier_1_Question_Paper_2024_36_Shifts_17th_Sept_2024_Shift_3_EN.pdf,24,1,General Intelligence and Reasoning,C,Answered,
SSC_CGL_Tier_1_Question_Paper_2024_36_Shifts_17th_Sept_2024_Shift_3_EN.pdf,25,1,General Intelligence and Reasoning,B,Answered,
SSC_CGL_Tier_1_Question_Paper_2024_36_Shifts_17th_Sept_2024_Shift_3_EN.pdf,1,2,General Awareness,D,Answered,
SSC_CGL_Tier_1_Question_Paper_2024_36_Shifts_17th_Sept_2024_Shift_3_EN.pdf,2,2,General Awareness,C,Answered,
SSC_CGL_Tier_1_Question_Paper_2024_36_Shifts_17th_Sept_2024_Shift_3_EN.pdf,3,2,General Awareness,C,Answered,
SSC_CGL_Tier_1_Question_Paper_2024_36_Shifts_17th_Sept_2024_Shift_3_EN.pdf,4,2,General Awareness,,Not Answered,
SSC_CGL_Tier_1_Question_Paper_2024_36_Shifts_17th_Sept_2024_Shift_3_EN.pdf,5,2,General Awareness,C,Answered,
SSC_CGL_Tier_1_Question_Paper_2024_36_Shifts_17th_Sept_2024_Shift_3_EN.pdf,6,2,General Awareness,C,Answered,
SSC_CGL_Tier_1_Question_Paper_2024_36_Shifts_17th_Sept_2024_Shift_3_EN.pdf,7,2,General Awareness,D,Answered,
SSC_CGL_Tier_1_Question_Paper_2024_36_Shifts_17th_Sept_2024_Shift_3_EN.pdf,8,2,General Awareness,B,Answered,
SSC_CGL_Tier_1_Question_Paper_2024_36_Shifts_17th_Sept_2024_Shift_3_EN.pdf,9,2,General Awareness,B,Answered,
SSC_CGL_Tier_1_Question_Paper_2024_36_Shifts_17th_Sept_2024_Shift_3_EN.pdf,10,2,General Awareness,B,Answered,
SSC_CGL_Tier_1_Question_Paper_2024_36_Shifts_17th_Sept_2024_Shift_3_EN.pdf,11,2,General Awareness,A,Answered,
SSC_CGL_Tier_1_Question_Paper_2024_36_Shifts_17th_Sept_2024_Shift_3_EN.pdf,12,2,General Awareness,D,Answered,
SSC_CGL_Tier_1_Question_Paper_2024_36_Shifts_17th_Sept_2024_Shift_3_EN.pdf,13,2,General Awareness,D,Answered,
SSC_CGL_Tier_1_Question_Paper_2024_36_Shifts_17th_Sept_2024_Shift_3_EN.pdf,14,2,General Awareness,C,Answered,
SSC_CGL_Tier_1_Question_Paper_2024_36_Shifts_17th_Sept_2024_Shift_3_EN.pdf,15,2,General Awareness,D,Answered,
SSC_CGL_Tier_1_Question_Paper_2024_36_Shifts_17th_Sept_2024_Shift_3_EN.pdf,16,2,General Awareness,A,Answered,
SSC_CGL_Tier_1_Question_Paper_2024_36_Shifts_17th_Sept_2024_Shift_3_EN.pdf,17,2,General Awareness,A,Answered,
SSC_CGL_Tier_1_Question_Paper_2024_36_Shifts_17th_Sept_2024_Shift_3_EN.pdf,18,2,General Awareness,A,Answered,
SSC_CGL_Tier_1_Question_Paper_2024_36_Shifts_17th_Sept_2024_Shift_3_EN.pdf,19,2,General Awareness,B,Answered,
SSC_CGL_Tier_1_Question_Paper_2024_36_Shifts_17th_Sept_2024_Shift_3_EN.pdf,20,2,General Awareness,D,Answered,
SSC_CGL_Tier_1_Question_Paper_2024_36_Shifts_17th_Sept_2024_Shift_3_EN.pdf,21,2,General Awareness,C,Answered,
SSC_CGL_Tier_1_Question_Paper_2024_36_Shifts_17th_Sept_2024_Shift_3_EN.pdf,22,2,General Awareness,B,Answered,
SSC_CGL_Tier_1_Question_Paper_2024_36_Shifts_17th_Sept_2024_Shift_3_EN.pdf,23,2,General Awareness,A,Answered,
SSC_CGL_Tier_1_Question_Paper_2024_36_Shifts_17th_Sept_2024_Shift_3_EN.pdf,24,2,General Awareness,A,Answered,
SSC_CGL_Tier_1_Question_Paper_2024_36_Shifts_17th_Sept_2024_Shift_3_EN.pdf,25,2,General Awareness,A,Answered,
SSC_CGL_Tier_1_Question_Paper_2024_36_Shifts_17th_Sept_2024_Shift_3_EN.pdf,1,3,Quantitative Aptitude,D,Answered,
SSC_CGL_Tier_1_Question_Paper_2024_36_Shifts_17th_Sept_2024_Shift_3_EN.pdf,2,3,Quantitative Aptitude,,Not Answered,
SSC_CGL_Tier_1_Question_Paper_2024_36_Shifts_17th_Sept_2024_Shift_3_EN.pdf,3,3,Quantitative Aptitude,C,Answered,
SSC_CGL_Tier_1_Question_Paper_2024_36_Shifts_17th_Sept_2024_Shift_3_EN.pdf,4,3,Quantitative Aptitude,A,Answered,
SSC_CGL_Tier_1_Question_Paper_2024_36_Shifts_17th_Sept_2024_Shift_3_EN.pdf,5,3,Quantitative Aptitude,D,Answered,
SSC_CGL_Tier_1_Question_Paper_2024_36_Shifts_17th_Sept_2024_Shift_3_EN.pdf,6,3,Quantitative Aptitude,D,Answered,
SSC_CGL_Tier_1_Question_Paper_2024_36_Shifts_17th_Sept_2024_Shift_3_EN.pdf,7,3,Quantitative Aptitude,,Not Answered,
SSC_CGL_Tier_1_Question_Paper_2024_36_Shifts_17th_Sept_2024_Shift_3_EN.pdf,8,3,Quantitative Aptitude,C,Answered,
SSC_CGL_Tier_1_Question_Paper_2024_36_Shifts_17th_Sept_2024_Shift_3_EN.pdf,9,3,Quantitative Aptitude,C,Answered,
SSC_CGL_Tier_1_Question_Paper_2024_36_Shifts_17th_Sept_2024_Shift_3_EN.pdf,10,3,Quantitative Aptitude,A,Answered,
SSC_CGL_Tier_1_Question_Paper_2024_36_Shifts_17th_Sept_2024_Shift_3_EN.pdf,11,3,Quantitative Aptitude,B,Answered,
SSC_CGL_Tier_1_Question_Paper_2024_36_Shifts_17th_Sept_2024_Shift_3_EN.pdf,12,3,Quantitative Aptitude,D,Answered,
SSC_CGL_Tier_1_Question_Paper_2024_36_Shifts_17th_Sept_2024_Shift_3_EN.pdf,13,3,Quantitative Aptitude,C,Answered,
SSC_CGL_Tier_1_Question_Paper_2024_36_Shifts_17th_Sept_2024_Shift_3_EN.pdf,14,3,Quantitative Aptitude,A,Answered,
SSC_CGL_Tier_1_Question_Paper_2024_36_Shifts_17th_Sept_2024_Shift_3_EN.pdf,15,3,Quantitative Aptitude,,Not Answered,
SSC_CGL_Tier_1_Question_Paper_2024_36_Shifts_17th_Sept_2024_Shift_3_EN.pdf,16,3,Quantitative Aptitude,D,Answered,
SSC_CGL_Tier_1_Question_Paper_2024_36_Shifts_17th_Sept_2024_Shift_3_EN.pdf,17,3,Quantitative Aptitude,A,Answered,
SSC_CGL_Tier_1_Question_Paper_2024_36_Shifts_17th_Sept_2024_Shift_3_EN.pdf,18,3,Quantitative Aptitude,B,Answered,
SSC_CGL_Tier_1_Question_Paper_2024_36_Shifts_17th_Sept_2024_Shift_3_EN.pdf,19,3,Quantitative Aptitude,A,Answered,
SSC_CGL_Tier_1_Question_Paper_2024_36_Shifts_17th_Sept_2024_Shift_3_EN.pdf,20,3,Quantitative Aptitude,B,Answered,
SSC_CGL_Tier_1_Question_Paper_2024_36_Shifts_17th_Sept_2024_Shift_3_EN.pdf,21,3,Quantitative Aptitude,C,Answered,
SSC_CGL_Tier_1_Question_Paper_2024_36_Shifts_17th_Sept_2024_Shift_3_EN.pdf,22,3,Quantitative Aptitude,A,Answered,
SSC_CGL_Tier_1_Question_Paper_2024_36_Shifts_17th_Sept_2024_Shift_3_EN.pdf,23,3,Quantitative Aptitude,B,Answered,
SSC_CGL_Tier_1_Question_Paper_2024_36_Shifts_17th_Sept_2024_Shift_3_EN.pdf,24,3,Quantitative Aptitude,C,Answered,
SSC_CGL_Tier_1_Question_Paper_2024_36_Shifts_17th_Sept_2024_Shift_3_EN.pdf,25,3,Quantitative Aptitude,B,Answered,
SSC_CGL_Tier_1_Question_Paper_2024_36_Shifts_17th_Sept_2024_Shift_3_EN.pdf,1,4,English Comprehension,A,Answered,
SSC_CGL_Tier_1_Question_Paper_2024_36_Shifts_17th_Sept_2024_Shift_3_EN.pdf,2,4,English Comprehension,D,Answered,
SSC_CGL_Tier_1_Question_Paper_2024_36_Shifts_17th_Sept_2024_Shift_3_EN.pdf,3,4,English Comprehension,B,Answered,
SSC_CGL_Tier_1_Question_Paper_2024_36_Shifts_17th_Sept_2024_Shift_3_EN.pdf,4,4,English Comprehension,D,Answered,
SSC_CGL_Tier_1_Question_Paper_2024_36_Shifts_17th_Sept_2024_Shift_3_EN.pdf,5,4,English Comprehension,D,Answered,
SSC_CGL_Tier_1_Question_Paper_2024_36_Shifts_17th_Sept_2024_Shift_3_EN.pdf,6,4,English Comprehension,B,Answered,
SSC_CGL_Tier_1_Question_Paper_2024_36_Shifts_17th_Sept_2024_Shift_3_EN.pdf,7,4,English Comprehension,B,Answered,
SSC_CGL_Tier_1_Question_Paper_2024_36_Shifts_17th_Sept_2024_Shift_3_EN.pdf,8,4,English Comprehension,B,Answered,
SSC_CGL_Tier_1_Question_Paper_2024_36_Shifts_17th_Sept_2024_Shift_3_EN.pdf,9,4,English Comprehension,D,Answered,
SSC_CGL_Tier_1_Question_Paper_2024_36_Shifts_17th_Sept_2024_Shift_3_EN.pdf,10,4,English Comprehension,B,Answered,
SSC_CGL_Tier_1_Question_Paper_2024_36_Shifts_17th_Sept_2024_Shift_3_EN.pdf,11,4,English Comprehension,A,Answered,
SSC_CGL_Tier_1_Question_Paper_2024_36_Shifts_17th_Sept_2024_Shift_3_EN.pdf,12,4,English Comprehension,D,Answered,
SSC_CGL_Tier_1_Question_Paper_2024_36_Shifts_17th_Sept_2024_Shift_3_EN.pdf,13,4,English Comprehension,C,Answered,
SSC_CGL_Tier_1_Question_Paper_2024_36_Shifts_17th_Sept_2024_Shift_3_EN.pdf,14,4,English Comprehension,B,Answered,
SSC_CGL_Tier_1_Question_Paper_2024_36_Shifts_17th_Sept_2024_Shift_3_EN.pdf,15,4,English Comprehension,D,Answered,
SSC_CGL_Tier_1_Question_Paper_2024_36_Shifts_17th_Sept_2024_Shift_3_EN.pdf,16,4,English Comprehension,D,Answered,
SSC_CGL_Tier_1_Question_Paper_2024_36_Shifts_17th_Sept_2024_Shift_3_EN.pdf,17,4,English Comprehension,A,Answered,
SSC_CGL_Tier_1_Question_Paper_2024_36_Shifts_17th_Sept_2024_Shift_3_EN.pdf,18,4,English Comprehension,C,Answered,
SSC_CGL_Tier_1_Question_Paper_2024_36_Shifts_17th_Sept_2024_Shift_3_EN.pdf,19,4,English Comprehension,D,Answered,
SSC_CGL_Tier_1_Question_Paper_2024_36_Shifts_17th_Sept_2024_Shift_3_EN.pdf,20,4,English Comprehension,D,Answered,
SSC_CGL_Tier_1_Question_Paper_2024_36_Shifts_17th_Sept_2024_Shift_3_EN.pdf,21,4,English Comprehension,A,Answered,
SSC_CGL_Tier_1_Question_Paper_2024_36_Shifts_17th_Sept_2024_Shift_3_EN.pdf,22,4,English Comprehension,B,Answered,
SSC_CGL_Tier_1_Question_Paper_2024_36_Shifts_17th_Sept_2024_Shift_3_EN.pdf,23,4,English Comprehension,A,Answered,
SSC_CGL_Tier_1_Question_Paper_2024_36_Shifts_17th_Sept_2024_Shift_3_EN.pdf,24,4,English Comprehension,C,Answered,
SSC_CGL_Tier_1_Question_Paper_2024_36_Shifts_17th_Sept_2024_Shift_3_EN.pdf,25,4,English Comprehension,A,Answered,
SSC_CGL_Tier_1_Question_Paper_2024_36_Shifts_18th_Sept_2024_Shift_1_EN.pdf,1,1,General Intelligence and Reasoning,B,Answered,
SSC_CGL_Tier_1_Question_Paper_2024_36_Shifts_18th_Sept_2024_Shift_1_EN.pdf,2,1,General Intelligence and Reasoning,A,Answered,
SSC_CGL_Tier_1_Question_Paper_2024_36_Shifts_18th_Sept_2024_Shift_1_EN.pdf,3,1,General Intelligence and Reasoning,A,Answered,
SSC_CGL_Tier_1_Question_Paper_2024_36_Shifts_18th_Sept_2024_Shift_1_EN.pdf,4,1,General Intelligence and Reasoning,C,Answered,
SSC_CGL_Tier_1_Question_Paper_2024_36_Shifts_18th_Sept_2024_Shift_1_EN.pdf,5,1,General Intelligence and Reasoning,A,Answered,
SSC_CGL_Tier_1_Question_Paper_2024_36_Shifts_18th_Sept_2024_Shift_1_EN.pdf,6,1,General Intelligence and Reasoning,D,Answered,
SSC_CGL_Tier_1_Question_Paper_2024_36_Shifts_18th_Sept_2024_Shift_1_EN.pdf,7,1,General Intelligence and Reasoning,D,Answered,
SSC_CGL_Tier_1_Question_Paper_2024_36_Shifts_18th_Sept_2024_Shift_1_EN.pdf,8,1,General Intelligence and Reasoning,D,Answered,
SSC_CGL_Tier_1_Question_Paper_2024_36_Shifts_18th_Sept_2024_Shift_1_EN.pdf,9,1,General Intelligence and Reasoning,C,Answered,
SSC_CGL_Tier_1_Question_Paper_2024_36_Shifts_18th_Sept_2024_Shift_1_EN.pdf,10,1,General Intelligence and Reasoning,A,Answered,
SSC_CGL_Tier_1_Question_Paper_2024_36_Shifts_18th_Sept_2024_Shift_1_EN.pdf,11,1,General Intelligence and Reasoning,D,Answered,
SSC_CGL_Tier_1_Question_Paper_2024_36_Shifts_18th_Sept_2024_Shift_1_EN.pdf,12,1,General Intelligence and Reasoning,C,Answered,
SSC_CGL_Tier_1_Question_Paper_2024_36_Shifts_18th_Sept_2024_Shift_1_EN.pdf,13,1,General Intelligence and Reasoning,A,Answered,
SSC_CGL_Tier_1_Question_Paper_2024_36_Shifts_18th_Sept_2024_Shift_1_EN.pdf,14,1,General Intelligence and Reasoning,B,Answered,
SSC_CGL_Tier_1_Question_Paper_2024_36_Shifts_18th_Sept_2024_Shift_1_EN.pdf,15,1,General Intelligence and Reasoning,B,Answered,
SSC_CGL_Tier_1_Question_Paper_2024_36_Shifts_18th_Sept_2024_Shift_1_EN.pdf,16,1,General Intelligence and Reasoning,C,Answered,
SSC_CGL_Tier_1_Question_Paper_2024_36_Shifts_18th_Sept_2024_Shift_1_EN.pdf,17,1,General Intelligence and Reasoning,D,Answered,
SSC_CGL_Tier_1_Question_Paper_2024_36_Shifts_18th_Sept_2024_Shift_1_EN.pdf,18,1,General Intelligence and Reasoning,C,Answered,
SSC_CGL_Tier_1_Question_Paper_2024_36_Shifts_18th_Sept_2024_Shift_1_EN.pdf,19,1,General Intelligence and Reasoning,C,Answered,
SSC_CGL_Tier_1_Question_Paper_2024_36_Shifts_18th_Sept_2024_Shift_1_EN.pdf,20,1,General Intelligence and Reasoning,C,Answered,
SSC_CGL_Tier_1_Question_Paper_2024_36_Shifts_18th_Sept_2024_Shift_1_EN.pdf,21,1,General Intelligence and Reasoning,B,Answered,
SSC_CGL_Tier_1_Question_Paper_2024_36_Shifts_18th_Sept_2024_Shift_1_EN.pdf,22,1,General Intelligence and Reasoning,D,Answered,
SSC_CGL_Tier_1_Question_Paper_2024_36_Shifts_18th_Sept_2024_Shift_1_EN.pdf,23,1,General Intelligence and Reasoning,D,Answered,
SSC_CGL_Tier_1_Question_Paper_2024_36_Shifts_18th_Sept_2024_Shift_1_EN.pdf,24,1,General Intelligence and Reasoning,D,Answered,
SSC_CGL_Tier_1_Question_Paper_2024_36_Shifts_18th_Sept_2024_Shift_1_EN.pdf,25,1,General Intelligence and Reasoning,C,Answered,
SSC_CGL_Tier_1_Question_Paper_2024_36_Shifts_18th_Sept_2024_Shift_1_EN.pdf,1,2,General Awareness,D,Answered,
SSC_CGL_Tier_1_Question_Paper_2024_36_Shifts_18th_Sept_2024_Shift_1_EN.pdf,2,2,General Awareness,B,Answered,
SSC_CGL_Tier_1_Question_Paper_2024_36_Shifts_18th_Sept_2024_Shift_1_EN.pdf,3,2,General Awareness,B,Answered,
SSC_CGL_Tier_1_Question_Paper_2024_36_Shifts_18th_Sept_2024_Shift_1_EN.pdf,4,2,General Awareness,D,Answered,
SSC_CGL_Tier_1_Question_Paper_2024_36_Shifts_18th_Sept_2024_Shift_1_EN.pdf,5,2,General Awareness,C,Answered,
SSC_CGL_Tier_1_Question_Paper_2024_36_Shifts_18th_Sept_2024_Shift_1_EN.pdf,6,2,General Awareness,A,Answered,
SSC_CGL_Tier_1_Question_Paper_2024_36_Shifts_18th_Sept_2024_Shift_1_EN.pdf,7,2,General Awareness,B,Answered,
SSC_CGL_Tier_1_Question_Paper_2024_36_Shifts_18th_Sept_2024_Shift_1_EN.pdf,8,2,General Awareness,,Not Answered,
SSC_CGL_Tier_1_Question_Paper_2024_36_Shifts_18th_Sept_2024_Shift_1_EN.pdf,9,2,General Awareness,B,Answered,
SSC_CGL_Tier_1_Question_Paper_2024_36_Shifts_18th_Sept_2024_Shift_1_EN.pdf,10,2,General Awareness,C,Answered,
SSC_CGL_Tier_1_Question_Paper_2024_36_Shifts_18th_Sept_2024_Shift_1_EN.pdf,11,2,General Awareness,,Not Answered,
SSC_CGL_Tier_1_Question_Paper_2024_36_Shifts_18th_Sept_2024_Shift_1_EN.pdf,12,2,General Awareness,A,Answered,
SSC_CGL_Tier_1_Question_Paper_2024_36_Shifts_18th_Sept_2024_Shift_1_EN.pdf,13,2,General Awareness,C,Answered,
SSC_CGL_Tier_1_Question_Paper_2024_36_Shifts_18th_Sept_2024_Shift_1_EN.pdf,14,2,General Awareness,B,Answered,
SSC_CGL_Tier_1_Question_Paper_2024_36_Shifts_18th_Sept_2024_Shift_1_EN.pdf,15,2,General Awareness,,Not Answered,
SSC_CGL_Tier_1_Question_Paper_2024_36_Shifts_18th_Sept_2024_Shift_1_EN.pdf,16,2,General Awareness,C,Answered,
SSC_CGL_Tier_1_Question_Paper_2024_36_Shifts_18th_Sept_2024_Shift_1_EN.pdf,17,2,General Awareness,,Not Answered,
SSC_CGL_Tier_1_Question_Paper_2024_36_Shifts_18th_Sept_2024_Shift_1_EN.pdf,18,2,General Awareness,D,Answered,
SSC_CGL_Tier_1_Question_Paper_2024_36_Shifts_18th_Sept_2024_Shift_1_EN.pdf,19,2,General Awareness,B,Answered,
SSC_CGL_Tier_1_Question_Paper_2024_36_Shifts_18th_Sept_2024_Shift_1_EN.pdf,20,2,General Awareness,B,Answered,
SSC_CGL_Tier_1_Question_Paper_2024_36_Shifts_18th_Sept_2024_Shift_1_EN.pdf,21,2,General Awareness,,Not Answered,
SSC_CGL_Tier_1_Question_Paper_2024_36_Shifts_18th_Sept_2024_Shift_1_EN.pdf,22,2,General Awareness,B,Answered,
SSC_CGL_Tier_1_Question_Paper_2024_36_Shifts_18th_Sept_2024_Shift_1_EN.pdf,23,2,General Awareness,D,Answered,
SSC_CGL_Tier_1_Question_Paper_2024_36_Shifts_18th_Sept_2024_Shift_1_EN.pdf,24,2,General Awareness,,Not Answered,
SSC_CGL_Tier_1_Question_Paper_2024_36_Shifts_18th_Sept_2024_Shift_1_EN.pdf,25,2,General Awareness,B,Answered,
SSC_CGL_Tier_1_Question_Paper_2024_36_Shifts_18th_Sept_2024_Shift_1_EN.pdf,1,3,Quantitative Aptitude,A,Answered,
SSC_CGL_Tier_1_Question_Paper_2024_36_Shifts_18th_Sept_2024_Shift_1_EN.pdf,2,3,Quantitative Aptitude,B,Answered,
SSC_CGL_Tier_1_Question_Paper_2024_36_Shifts_18th_Sept_2024_Shift_1_EN.pdf,3,3,Quantitative Aptitude,C,Answered,
SSC_CGL_Tier_1_Question_Paper_2024_36_Shifts_18th_Sept_2024_Shift_1_EN.pdf,4,3,Quantitative Aptitude,C,Answered,
SSC_CGL_Tier_1_Question_Paper_2024_36_Shifts_18th_Sept_2024_Shift_1_EN.pdf,5,3,Quantitative Aptitude,D,Answered,
SSC_CGL_Tier_1_Question_Paper_2024_36_Shifts_18th_Sept_2024_Shift_1_EN.pdf,6,3,Quantitative Aptitude,C,Answered,
SSC_CGL_Tier_1_Question_Paper_2024_36_Shifts_18th_Sept_2024_Shift_1_EN.pdf,7,3,Quantitative Aptitude,B,Answered,
SSC_CGL_Tier_1_Question_Paper_2024_36_Shifts_18th_Sept_2024_Shift_1_EN.pdf,8,3,Quantitative Aptitude,B,Answered,
SSC_CGL_Tier_1_Question_Paper_2024_36_Shifts_18th_Sept_2024_Shift_1_EN.pdf,9,3,Quantitative Aptitude,D,Answered,
SSC_CGL_Tier_1_Question_Paper_2024_36_Shifts_18th_Sept_2024_Shift_1_EN.pdf,10,3,Quantitative Aptitude,A,Answered,
SSC_CGL_Tier_1_Question_Paper_2024_36_Shifts_18th_Sept_2024_Shift_1_EN.pdf,11,3,Quantitative Aptitude,B,Answered,
SSC_CGL_Tier_1_Question_Paper_2024_36_Shifts_18th_Sept_2024_Shift_1_EN.pdf,12,3,Quantitative Aptitude,B,Answered,
SSC_CGL_Tier_1_Question_Paper_2024_36_Shifts_18th_Sept_2024_Shift_1_EN.pdf,13,3,Quantitative Aptitude,D,Answered,
SSC_CGL_Tier_1_Question_Paper_2024_36_Shifts_18th_Sept_2024_Shift_1_EN.pdf,14,3,Quantitative Aptitude,A,Answered,
SSC_CGL_Tier_1_Question_Paper_2024_36_Shifts_18th_Sept_2024_Shift_1_EN.pdf,15,3,Quantitative Aptitude,A,Answered,
SSC_CGL_Tier_1_Question_Paper_2024_36_Shifts_18th_Sept_2024_Shift_1_EN.pdf,16,3,Quantitative Aptitude,C,Answered,
SSC_CGL_Tier_1_Question_Paper_2024_36_Shifts_18th_Sept_2024_Shift_1_EN.pdf,17,3,Quantitative Aptitude,A,Answered,
SSC_CGL_Tier_1_Question_Paper_2024_36_Shifts_18th_Sept_2024_Shift_1_EN.pdf,18,3,Quantitative Aptitude,D,Answered,
SSC_CGL_Tier_1_Question_Paper_2024_36_Shifts_18th_Sept_2024_Shift_1_EN.pdf,19,3,Quantitative Aptitude,B,Answered,
SSC_CGL_Tier_1_Question_Paper_2024_36_Shifts_18th_Sept_2024_Shift_1_EN.pdf,20,3,Quantitative Aptitude,D,Answered,
SSC_CGL_Tier_1_Question_Paper_2024_36_Shifts_18th_Sept_2024_Shift_1_EN.pdf,21,3,Quantitative Aptitude,A,Answered,
SSC_CGL_Tier_1_Question_Paper_2024_36_Shifts_18th_Sept_2024_Shift_1_EN.pdf,22,3,Quantitative Aptitude,C,Answered,
SSC_CGL_Tier_1_Question_Paper_2024_36_Shifts_18th_Sept_2024_Shift_1_EN.pdf,23,3,Quantitative Aptitude,D,Answered,
SSC_CGL_Tier_1_Question_Paper_2024_36_Shifts_18th_Sept_2024_Shift_1_EN.pdf,24,3,Quantitative Aptitude,D,Answered,
SSC_CGL_Tier_1_Question_Paper_2024_36_Shifts_18th_Sept_2024_Shift_1_EN.pdf,25,3,Quantitative Aptitude,D,Answered,
SSC_CGL_Tier_1_Question_Paper_2024_36_Shifts_18th_Sept_2024_Shift_1_EN.pdf,1,4,English Comprehension,A,Answered,
SSC_CGL_Tier_1_Question_Paper_2024_36_Shifts_18th_Sept_2024_Shift_1_EN.pdf,2,4,English Comprehension,C,Answered,
SSC_CGL_Tier_1_Question_Paper_2024_36_Shifts_18th_Sept_2024_Shift_1_EN.pdf,3,4,English Comprehension,D,Answered,
SSC_CGL_Tier_1_Question_Paper_2024_36_Shifts_18th_Sept_2024_Shift_1_EN.pdf,4,4,English Comprehension,A,Answered,
SSC_CGL_Tier_1_Question_Paper_2024_36_Shifts_18th_Sept_2024_Shift_1_EN.pdf,5,4,English Comprehension,B,Answered,
SSC_CGL_Tier_1_Question_Paper_2024_36_Shifts_18th_Sept_2024_Shift_1_EN.pdf,6,4,English Comprehension,A,Answered,
SSC_CGL_Tier_1_Question_Paper_2024_36_Shifts_18th_Sept_2024_Shift_1_EN.pdf,7,4,English Comprehension,B,Answered,
SSC_CGL_Tier_1_Question_Paper_2024_36_Shifts_18th_Sept_2024_Shift_1_EN.pdf,8,4,English Comprehension,D,Answered,
SSC_CGL_Tier_1_Question_Paper_2024_36_Shifts_18th_Sept_2024_Shift_1_EN.pdf,9,4,English Comprehension,D,Answered,
SSC_CGL_Tier_1_Question_Paper_2024_36_Shifts_18th_Sept_2024_Shift_1_EN.pdf,10,4,English Comprehension,A,Answered,
SSC_CGL_Tier_1_Question_Paper_2024_36_Shifts_18th_Sept_2024_Shift_1_EN.pdf,11,4,English Comprehension,A,Answered,
SSC_CGL_Tier_1_Question_Paper_2024_36_Shifts_18th_Sept_2024_Shift_1_EN.pdf,12,4,English Comprehension,D,Answered,
SSC_CGL_Tier_1_Question_Paper_2024_36_Shifts_18th_Sept_2024_Shift_1_EN.pdf,13,4,English Comprehension,C,Answered,
SSC_CGL_Tier_1_Question_Paper_2024_36_Shifts_18th_Sept_2024_Shift_1_EN.pdf,14,4,English Comprehension,C,Answered,
SSC_CGL_Tier_1_Question_Paper_2024_36_Shifts_18th_Sept_2024_Shift_1_EN.pdf,15,4,English Comprehension,B,Answered,
SSC_CGL_Tier_1_Question_Paper_2024_36_Shifts_18th_Sept_2024_Shift_1_EN.pdf,16,4,English Comprehension,D,Answered,
SSC_CGL_Tier_1_Question_Paper_2024_36_Shifts_18th_Sept_2024_Shift_1_EN.pdf,17,4,English Comprehension,B,Answered,
SSC_CGL_Tier_1_Question_Paper_2024_36_Shifts_18th_Sept_2024_Shift_1_EN.pdf,18,4,English Comprehension,B,Answered,
SSC_CGL_Tier_1_Question_Paper_2024_36_Shifts_18th_Sept_2024_Shift_1_EN.pdf,19,4,English Comprehension,D,Answered,
SSC_CGL_Tier_1_Question_Paper_2024_36_Shifts_18th_Sept_2024_Shift_1_EN.pdf,20,4,English Comprehension,D,Answered,
SSC_CGL_Tier_1_Question_Paper_2024_36_Shifts_18th_Sept_2024_Shift_1_EN.pdf,21,4,English Comprehension,B,Answered,
SSC_CGL_Tier_1_Question_Paper_2024_36_Shifts_18th_Sept_2024_Shift_1_EN.pdf,22,4,English Comprehension,C,Answered,
SSC_CGL_Tier_1_Question_Paper_2024_36_Shifts_18th_Sept_2024_Shift_1_EN.pdf,23,4,English Comprehension,D,Answered,
SSC_CGL_Tier_1_Question_Paper_2024_36_Shifts_18th_Sept_2024_Shift_1_EN.pdf,24,4,English Comprehension,A,Answered,
SSC_CGL_Tier_1_Question_Paper_2024_36_Shifts_18th_Sept_2024_Shift_1_EN.pdf,25,4,English Comprehension,D,Answered,
SSC_CGL_Tier_1_Question_Paper_2024_36_Shifts_18th_Sept_2024_Shift_2_EN.pdf,1,1,General Intelligence and Reasoning,D,Answered,
SSC_CGL_Tier_1_Question_Paper_2024_36_Shifts_18th_Sept_2024_Shift_2_EN.pdf,2,1,General Intelligence and Reasoning,B,Answered,
SSC_CGL_Tier_1_Question_Paper_2024_36_Shifts_18th_Sept_2024_Shift_2_EN.pdf,3,1,General Intelligence and Reasoning,A,Answered,
SSC_CGL_Tier_1_Question_Paper_2024_36_Shifts_18th_Sept_2024_Shift_2_EN.pdf,4,1,General Intelligence and Reasoning,D,Answered,
SSC_CGL_Tier_1_Question_Paper_2024_36_Shifts_18th_Sept_2024_Shift_2_EN.pdf,5,1,General Intelligence and Reasoning,C,Answered,
SSC_CGL_Tier_1_Question_Paper_2024_36_Shifts_18th_Sept_2024_Shift_2_EN.pdf,6,1,General Intelligence and Reasoning,B,Answered,
SSC_CGL_Tier_1_Question_Paper_2024_36_Shifts_18th_Sept_2024_Shift_2_EN.pdf,7,1,General Intelligence and Reasoning,A,Answered,
SSC_CGL_Tier_1_Question_Paper_2024_36_Shifts_18th_Sept_2024_Shift_2_EN.pdf,8,1,General Intelligence and Reasoning,D,Answered,
SSC_CGL_Tier_1_Question_Paper_2024_36_Shifts_18th_Sept_2024_Shift_2_EN.pdf,9,1,General Intelligence and Reasoning,B,Answered,
SSC_CGL_Tier_1_Question_Paper_2024_36_Shifts_18th_Sept_2024_Shift_2_EN.pdf,10,1,General Intelligence and Reasoning,A,Answered,
SSC_CGL_Tier_1_Question_Paper_2024_36_Shifts_18th_Sept_2024_Shift_2_EN.pdf,11,1,General Intelligence and Reasoning,D,Answered,
SSC_CGL_Tier_1_Question_Paper_2024_36_Shifts_18th_Sept_2024_Shift_2_EN.pdf,12,1,General Intelligence and Reasoning,D,Answered,
SSC_CGL_Tier_1_Question_Paper_2024_36_Shifts_18th_Sept_2024_Shift_2_EN.pdf,13,1,General Intelligence and Reasoning,C,Answered,
SSC_CGL_Tier_1_Question_Paper_2024_36_Shifts_18th_Sept_2024_Shift_2_EN.pdf,14,1,General Intelligence and Reasoning,B,Answered,
SSC_CGL_Tier_1_Question_Paper_2024_36_Shifts_18th_Sept_2024_Shift_2_EN.pdf,15,1,General Intelligence and Reasoning,B,Answered,
SSC_CGL_Tier_1_Question_Paper_2024_36_Shifts_18th_Sept_2024_Shift_2_EN.pdf,16,1,General Intelligence and Reasoning,B,Answered,
SSC_CGL_Tier_1_Question_Paper_2024_36_Shifts_18th_Sept_2024_Shift_2_EN.pdf,17,1,General Intelligence and Reasoning,D,Answered,
SSC_CGL_Tier_1_Question_Paper_2024_36_Shifts_18th_Sept_2024_Shift_2_EN.pdf,18,1,General Intelligence and Reasoning,A,Answered,
SSC_CGL_Tier_1_Question_Paper_2024_36_Shifts_18th_Sept_2024_Shift_2_EN.pdf,19,1,General Intelligence and Reasoning,B,Answered,
SSC_CGL_Tier_1_Question_Paper_2024_36_Shifts_18th_Sept_2024_Shift_2_EN.pdf,20,1,General Intelligence and Reasoning,C,Answered,
SSC_CGL_Tier_1_Question_Paper_2024_36_Shifts_18th_Sept_2024_Shift_2_EN.pdf,21,1,General Intelligence and Reasoning,B,Answered,
SSC_CGL_Tier_1_Question_Paper_2024_36_Shifts_18th_Sept_2024_Shift_2_EN.pdf,22,1,General Intelligence and Reasoning,D,Answered,
SSC_CGL_Tier_1_Question_Paper_2024_36_Shifts_18th_Sept_2024_Shift_2_EN.pdf,23,1,General Intelligence and Reasoning,C,Answered,
SSC_CGL_Tier_1_Question_Paper_2024_36_Shifts_18th_Sept_2024_Shift_2_EN.pdf,24,1,General Intelligence and Reasoning,B,Answered,
SSC_CGL_Tier_1_Question_Paper_2024_36_Shifts_18th_Sept_2024_Shift_2_EN.pdf,25,1,General Intelligence and Reasoning,D,Answered,
SSC_CGL_Tier_1_Question_Paper_2024_36_Shifts_18th_Sept_2024_Shift_2_EN.pdf,1,2,General Awareness,,Not Answered,
SSC_CGL_Tier_1_Question_Paper_2024_36_Shifts_18th_Sept_2024_Shift_2_EN.pdf,2,2,General Awareness,C,Answered,
SSC_CGL_Tier_1_Question_Paper_2024_36_Shifts_18th_Sept_2024_Shift_2_EN.pdf,3,2,General Awareness,D,Answered,
SSC_CGL_Tier_1_Question_Paper_2024_36_Shifts_18th_Sept_2024_Shift_2_EN.pdf,4,2,General Awareness,,Not Answered,
SSC_CGL_Tier_1_Question_Paper_2024_36_Shifts_18th_Sept_2024_Shift_2_EN.pdf,5,2,General Awareness,C,Answered,
SSC_CGL_Tier_1_Question_Paper_2024_36_Shifts_18th_Sept_2024_Shift_2_EN.pdf,6,2,General Awareness,,Not Answered,
SSC_CGL_Tier_1_Question_Paper_2024_36_Shifts_18th_Sept_2024_Shift_2_EN.pdf,7,2,General Awareness,A,Answered,
SSC_CGL_Tier_1_Question_Paper_2024_36_Shifts_18th_Sept_2024_Shift_2_EN.pdf,8,2,General Awareness,C,Answered,
SSC_CGL_Tier_1_Question_Paper_2024_36_Shifts_18th_Sept_2024_Shift_2_EN.pdf,9,2,General Awareness,C,Answered,
SSC_CGL_Tier_1_Question_Paper_2024_36_Shifts_18th_Sept_2024_Shift_2_EN.pdf,10,2,General Awareness,,Not Answered,
SSC_CGL_Tier_1_Question_Paper_2024_36_Shifts_18th_Sept_2024_Shift_2_EN.pdf,11,2,General Awareness,B,Answered,
SSC_CGL_Tier_1_Question_Paper_2024_36_Shifts_18th_Sept_2024_Shift_2_EN.pdf,12,2,General Awareness,,Not Answered,
SSC_CGL_Tier_1_Question_Paper_2024_36_Shifts_18th_Sept_2024_Shift_2_EN.pdf,13,2,General Awareness,C,Answered,
SSC_CGL_Tier_1_Question_Paper_2024_36_Shifts_18th_Sept_2024_Shift_2_EN.pdf,14,2,General Awareness,,Not Answered,
SSC_CGL_Tier_1_Question_Paper_2024_36_Shifts_18th_Sept_2024_Shift_2_EN.pdf,15,2,General Awareness,,Not Answered,
SSC_CGL_Tier_1_Question_Paper_2024_36_Shifts_18th_Sept_2024_Shift_2_EN.pdf,16,2,General Awareness,D,Answered,
SSC_CGL_Tier_1_Question_Paper_2024_36_Shifts_18th_Sept_2024_Shift_2_EN.pdf,17,2,General Awareness,A,Answered,
SSC_CGL_Tier_1_Question_Paper_2024_36_Shifts_18th_Sept_2024_Shift_2_EN.pdf,18,2,General Awareness,B,Answered,
SSC_CGL_Tier_1_Question_Paper_2024_36_Shifts_18th_Sept_2024_Shift_2_EN.pdf,19,2,General Awareness,B,Answered,
SSC_CGL_Tier_1_Question_Paper_2024_36_Shifts_18th_Sept_2024_Shift_2_EN.pdf,20,2,General Awareness,B,Answered,
SSC_CGL_Tier_1_Question_Paper_2024_36_Shifts_18th_Sept_2024_Shift_2_EN.pdf,21,2,General Awareness,B,Answered,
SSC_CGL_Tier_1_Question_Paper_2024_36_Shifts_18th_Sept_2024_Shift_2_EN.pdf,22,2,General Awareness,A,Answered,
SSC_CGL_Tier_1_Question_Paper_2024_36_Shifts_18th_Sept_2024_Shift_2_EN.pdf,23,2,General Awareness,C,Answered,
SSC_CGL_Tier_1_Question_Paper_2024_36_Shifts_18th_Sept_2024_Shift_2_EN.pdf,24,2,General Awareness,D,Answered,
SSC_CGL_Tier_1_Question_Paper_2024_36_Shifts_18th_Sept_2024_Shift_2_EN.pdf,25,2,General Awareness,D,Answered,
SSC_CGL_Tier_1_Question_Paper_2024_36_Shifts_18th_Sept_2024_Shift_2_EN.pdf,1,3,Quantitative Aptitude,D,Answered,
SSC_CGL_Tier_1_Question_Paper_2024_36_Shifts_18th_Sept_2024_Shift_2_EN.pdf,2,3,Quantitative Aptitude,B,Answered,
SSC_CGL_Tier_1_Question_Paper_2024_36_Shifts_18th_Sept_2024_Shift_2_EN.pdf,3,3,Quantitative Aptitude,B,Answered,
SSC_CGL_Tier_1_Question_Paper_2024_36_Shifts_18th_Sept_2024_Shift_2_EN.pdf,4,3,Quantitative Aptitude,D,Answered,
SSC_CGL_Tier_1_Question_Paper_2024_36_Shifts_18th_Sept_2024_Shift_2_EN.pdf,5,3,Quantitative Aptitude,A,Answered,
SSC_CGL_Tier_1_Question_Paper_2024_36_Shifts_18th_Sept_2024_Shift_2_EN.pdf,6,3,Quantitative Aptitude,D,Answered,
SSC_CGL_Tier_1_Question_Paper_2024_36_Shifts_18th_Sept_2024_Shift_2_EN.pdf,7,3,Quantitative Aptitude,C,Answered,
SSC_CGL_Tier_1_Question_Paper_2024_36_Shifts_18th_Sept_2024_Shift_2_EN.pdf,8,3,Quantitative Aptitude,D,Answered,
SSC_CGL_Tier_1_Question_Paper_2024_36_Shifts_18th_Sept_2024_Shift_2_EN.pdf,9,3,Quantitative Aptitude,A,Answered,
SSC_CGL_Tier_1_Question_Paper_2024_36_Shifts_18th_Sept_2024_Shift_2_EN.pdf,10,3,Quantitative Aptitude,A,Answered,
SSC_CGL_Tier_1_Question_Paper_2024_36_Shifts_18th_Sept_2024_Shift_2_EN.pdf,11,3,Quantitative Aptitude,A,Answered,
SSC_CGL_Tier_1_Question_Paper_2024_36_Shifts_18th_Sept_2024_Shift_2_EN.pdf,12,3,Quantitative Aptitude,C,Answered,
SSC_CGL_Tier_1_Question_Paper_2024_36_Shifts_18th_Sept_2024_Shift_2_EN.pdf,13,3,Quantitative Aptitude,A,Answered,
SSC_CGL_Tier_1_Question_Paper_2024_36_Shifts_18th_Sept_2024_Shift_2_EN.pdf,14,3,Quantitative Aptitude,D,Answered,
SSC_CGL_Tier_1_Question_Paper_2024_36_Shifts_18th_Sept_2024_Shift_2_EN.pdf,15,3,Quantitative Aptitude,B,Answered,
SSC_CGL_Tier_1_Question_Paper_2024_36_Shifts_18th_Sept_2024_Shift_2_EN.pdf,16,3,Quantitative Aptitude,D,Answered,
SSC_CGL_Tier_1_Question_Paper_2024_36_Shifts_18th_Sept_2024_Shift_2_EN.pdf,17,3,Quantitative Aptitude,B,Answered,
SSC_CGL_Tier_1_Question_Paper_2024_36_Shifts_18th_Sept_2024_Shift_2_EN.pdf,18,3,Quantitative Aptitude,A,Answered,
SSC_CGL_Tier_1_Question_Paper_2024_36_Shifts_18th_Sept_2024_Shift_2_EN.pdf,19,3,Quantitative Aptitude,B,Answered,
SSC_CGL_Tier_1_Question_Paper_2024_36_Shifts_18th_Sept_2024_Shift_2_EN.pdf,20,3,Quantitative Aptitude,A,Answered,
SSC_CGL_Tier_1_Question_Paper_2024_36_Shifts_18th_Sept_2024_Shift_2_EN.pdf,21,3,Quantitative Aptitude,D,Answered,
SSC_CGL_Tier_1_Question_Paper_2024_36_Shifts_18th_Sept_2024_Shift_2_EN.pdf,22,3,Quantitative Aptitude,C,Answered,
SSC_CGL_Tier_1_Question_Paper_2024_36_Shifts_18th_Sept_2024_Shift_2_EN.pdf,23,3,Quantitative Aptitude,C,Answered,
SSC_CGL_Tier_1_Question_Paper_2024_36_Shifts_18th_Sept_2024_Shift_2_EN.pdf,24,3,Quantitative Aptitude,D,Answered,
SSC_CGL_Tier_1_Question_Paper_2024_36_Shifts_18th_Sept_2024_Shift_2_EN.pdf,25,3,Quantitative Aptitude,,Not Answered,
SSC_CGL_Tier_1_Question_Paper_2024_36_Shifts_18th_Sept_2024_Shift_2_EN.pdf,1,4,English Comprehension,A,Answered,
SSC_CGL_Tier_1_Question_Paper_2024_36_Shifts_18th_Sept_2024_Shift_2_EN.pdf,2,4,English Comprehension,A,Answered,
SSC_CGL_Tier_1_Question_Paper_2024_36_Shifts_18th_Sept_2024_Shift_2_EN.pdf,3,4,English Comprehension,B,Answered,
SSC_CGL_Tier_1_Question_Paper_2024_36_Shifts_18th_Sept_2024_Shift_2_EN.pdf,4,4,English Comprehension,C,Answered,
SSC_CGL_Tier_1_Question_Paper_2024_36_Shifts_18th_Sept_2024_Shift_2_EN.pdf,5,4,English Comprehension,C,Answered,
SSC_CGL_Tier_1_Question_Paper_2024_36_Shifts_18th_Sept_2024_Shift_2_EN.pdf,6,4,English Comprehension,D,Answered,
SSC_CGL_Tier_1_Question_Paper_2024_36_Shifts_18th_Sept_2024_Shift_2_EN.pdf,7,4,English Comprehension,A,Answered,
SSC_CGL_Tier_1_Question_Paper_2024_36_Shifts_18th_Sept_2024_Shift_2_EN.pdf,8,4,English Comprehension,D,Answered,
SSC_CGL_Tier_1_Question_Paper_2024_36_Shifts_18th_Sept_2024_Shift_2_EN.pdf,9,4,English Comprehension,D,Answered,
SSC_CGL_Tier_1_Question_Paper_2024_36_Shifts_18th_Sept_2024_Shift_2_EN.pdf,10,4,English Comprehension,A,Answered,
SSC_CGL_Tier_1_Question_Paper_2024_36_Shifts_18th_Sept_2024_Shift_2_EN.pdf,11,4,English Comprehension,D,Answered,
SSC_CGL_Tier_1_Question_Paper_2024_36_Shifts_18th_Sept_2024_Shift_2_EN.pdf,12,4,English Comprehension,C,Answered,
SSC_CGL_Tier_1_Question_Paper_2024_36_Shifts_18th_Sept_2024_Shift_2_EN.pdf,13,4,English Comprehension,B,Answered,
SSC_CGL_Tier_1_Question_Paper_2024_36_Shifts_18th_Sept_2024_Shift_2_EN.pdf,14,4,English Comprehension,B,Answered,
SSC_CGL_Tier_1_Question_Paper_2024_36_Shifts_18th_Sept_2024_Shift_2_EN.pdf,15,4,English Comprehension,A,Answered,
SSC_CGL_Tier_1_Question_Paper_2024_36_Shifts_18th_Sept_2024_Shift_2_EN.pdf,16,4,English Comprehension,B,Answered,
SSC_CGL_Tier_1_Question_Paper_2024_36_Shifts_18th_Sept_2024_Shift_2_EN.pdf,17,4,English Comprehension,,Not Answered,
SSC_CGL_Tier_1_Question_Paper_2024_36_Shifts_18th_Sept_2024_Shift_2_EN.pdf,18,4,English Comprehension,C,Answered,
SSC_CGL_Tier_1_Question_Paper_2024_36_Shifts_18th_Sept_2024_Shift_2_EN.pdf,19,4,English Comprehension,B,Answered,
SSC_CGL_Tier_1_Question_Paper_2024_36_Shifts_18th_Sept_2024_Shift_2_EN.pdf,20,4,English Comprehension,D,Answered,
SSC_CGL_Tier_1_Question_Paper_2024_36_Shifts_18th_Sept_2024_Shift_2_EN.pdf,21,4,English Comprehension,D,Answered,
SSC_CGL_Tier_1_Question_Paper_2024_36_Shifts_18th_Sept_2024_Shift_2_EN.pdf,22,4,English Comprehension,D,Answered,
SSC_CGL_Tier_1_Question_Paper_2024_36_Shifts_18th_Sept_2024_Shift_2_EN.pdf,23,4,English Comprehension,A,Answered,
SSC_CGL_Tier_1_Question_Paper_2024_36_Shifts_18th_Sept_2024_Shift_2_EN.pdf,24,4,English Comprehension,C,Answered,
SSC_CGL_Tier_1_Question_Paper_2024_36_Shifts_18th_Sept_2024_Shift_2_EN.pdf,25,4,English Comprehension,D,Answered,
SSC_CGL_Tier_1_Question_Paper_2024_36_Shifts_18th_Sept_2024_Shift_3_EN.pdf,1,1,General Intelligence and Reasoning,C,Answered,
SSC_CGL_Tier_1_Question_Paper_2024_36_Shifts_18th_Sept_2024_Shift_3_EN.pdf,2,1,General Intelligence and Reasoning,,,
SSC_CGL_Tier_1_Question_Paper_2024_36_Shifts_18th_Sept_2024_Shift_3_EN.pdf,3,1,General Intelligence and Reasoning,B,Answered,
SSC_CGL_Tier_1_Question_Paper_2024_36_Shifts_18th_Sept_2024_Shift_3_EN.pdf,4,1,General Intelligence and Reasoning,B,Answered,
SSC_CGL_Tier_1_Question_Paper_2024_36_Shifts_18th_Sept_2024_Shift_3_EN.pdf,5,1,General Intelligence and Reasoning,A,Answered,
SSC_CGL_Tier_1_Question_Paper_2024_36_Shifts_18th_Sept_2024_Shift_3_EN.pdf,6,1,General Intelligence and Reasoning,B,Answered,
SSC_CGL_Tier_1_Question_Paper_2024_36_Shifts_18th_Sept_2024_Shift_3_EN.pdf,7,1,General Intelligence and Reasoning,A,Answered,
SSC_CGL_Tier_1_Question_Paper_2024_36_Shifts_18th_Sept_2024_Shift_3_EN.pdf,8,1,General Intelligence and Reasoning,B,Answered,
SSC_CGL_Tier_1_Question_Paper_2024_36_Shifts_18th_Sept_2024_Shift_3_EN.pdf,9,1,General Intelligence and Reasoning,D,Answered,
SSC_CGL_Tier_1_Question_Paper_2024_36_Shifts_18th_Sept_2024_Shift_3_EN.pdf,10,1,General Intelligence and Reasoning,D,Answered,
SSC_CGL_Tier_1_Question_Paper_2024_36_Shifts_18th_Sept_2024_Shift_3_EN.pdf,11,1,General Intelligence and Reasoning,A,Answered,
SSC_CGL_Tier_1_Question_Paper_2024_36_Shifts_18th_Sept_2024_Shift_3_EN.pdf,12,1,General Intelligence and Reasoning,A,Answered,
SSC_CGL_Tier_1_Question_Paper_2024_36_Shifts_18th_Sept_2024_Shift_3_EN.pdf,13,1,General Intelligence and Reasoning,A,Answered,
SSC_CGL_Tier_1_Question_Paper_2024_36_Shifts_18th_Sept_2024_Shift_3_EN.pdf,14,1,General Intelligence and Reasoning,C,Answered,
SSC_CGL_Tier_1_Question_Paper_2024_36_Shifts_18th_Sept_2024_Shift_3_EN.pdf,15,1,General Intelligence and Reasoning,A,Answered,
SSC_CGL_Tier_1_Question_Paper_2024_36_Shifts_18th_Sept_2024_Shift_3_EN.pdf,16,1,General Intelligence and Reasoning,A,Answered,
SSC_CGL_Tier_1_Question_Paper_2024_36_Shifts_18th_Sept_2024_Shift_3_EN.pdf,17,1,General Intelligence and Reasoning,,,
SSC_CGL_Tier_1_Question_Paper_2024_36_Shifts_18th_Sept_2024_Shift_3_EN.pdf,18,1,General Intelligence and Reasoning,A,Answered,
SSC_CGL_Tier_1_Question_Paper_2024_36_Shifts_18th_Sept_2024_Shift_3_EN.pdf,19,1,General Intelligence and Reasoning,C,Answered,
SSC_CGL_Tier_1_Question_Paper_2024_36_Shifts_18th_Sept_2024_Shift_3_EN.pdf,20,1,General Intelligence and Reasoning,D,Answered,
SSC_CGL_Tier_1_Question_Paper_2024_36_Shifts_18th_Sept_2024_Shift_3_EN.pdf,21,1,General Intelligence and Reasoning,C,Answered,
SSC_CGL_Tier_1_Question_Paper_2024_36_Shifts_18th_Sept_2024_Shift_3_EN.pdf,22,1,General Intelligence and Reasoning,B,Answered,
SSC_CGL_Tier_1_Question_Paper_2024_36_Shifts_18th_Sept_2024_Shift_3_EN.pdf,23,1,General Intelligence and Reasoning,D,Answered,
SSC_CGL_Tier_1_Question_Paper_2024_36_Shifts_18th_Sept_2024_Shift_3_EN.pdf,24,1,General Intelligence and Reasoning,D,Answered,
SSC_CGL_Tier_1_Question_Paper_2024_36_Shifts_18th_Sept_2024_Shift_3_EN.pdf,25,1,General Intelligence and Reasoning,D,Answered,
SSC_CGL_Tier_1_Question_Paper_2024_36_Shifts_18th_Sept_2024_Shift_3_EN.pdf,1,2,General Awareness,B,Answered,
SSC_CGL_Tier_1_Question_Paper_2024_36_Shifts_18th_Sept_2024_Shift_3_EN.pdf,2,2,General Awareness,,Not Answered,
SSC_CGL_Tier_1_Question_Paper_2024_36_Shifts_18th_Sept_2024_Shift_3_EN.pdf,3,2,General Awareness,B,Answered,
SSC_CGL_Tier_1_Question_Paper_2024_36_Shifts_18th_Sept_2024_Shift_3_EN.pdf,4,2,General Awareness,A,Answered,
SSC_CGL_Tier_1_Question_Paper_2024_36_Shifts_18th_Sept_2024_Shift_3_EN.pdf,5,2,General Awareness,C,Answered,
SSC_CGL_Tier_1_Question_Paper_2024_36_Shifts_18th_Sept_2024_Shift_3_EN.pdf,6,2,General Awareness,C,Answered,
SSC_CGL_Tier_1_Question_Paper_2024_36_Shifts_18th_Sept_2024_Shift_3_EN.pdf,7,2,General Awareness,D,Answered,
SSC_CGL_Tier_1_Question_Paper_2024_36_Shifts_18th_Sept_2024_Shift_3_EN.pdf,8,2,General Awareness,A,Answered,
SSC_CGL_Tier_1_Question_Paper_2024_36_Shifts_18th_Sept_2024_Shift_3_EN.pdf,9,2,General Awareness,,,
SSC_CGL_Tier_1_Question_Paper_2024_36_Shifts_18th_Sept_2024_Shift_3_EN.pdf,10,2,General Awareness,C,Answered,
SSC_CGL_Tier_1_Question_Paper_2024_36_Shifts_18th_Sept_2024_Shift_3_EN.pdf,11,2,General Awareness,,Not Answered,
SSC_CGL_Tier_1_Question_Paper_2024_36_Shifts_18th_Sept_2024_Shift_3_EN.pdf,12,2,General Awareness,B,Answered,
SSC_CGL_Tier_1_Question_Paper_2024_36_Shifts_18th_Sept_2024_Shift_3_EN.pdf,13,2,General Awareness,,Not Answered,
SSC_CGL_Tier_1_Question_Paper_2024_36_Shifts_18th_Sept_2024_Shift_3_EN.pdf,14,2,General Awareness,D,Answered,
SSC_CGL_Tier_1_Question_Paper_2024_36_Shifts_18th_Sept_2024_Shift_3_EN.pdf,15,2,General Awareness,,Not Answered,
SSC_CGL_Tier_1_Question_Paper_2024_36_Shifts_18th_Sept_2024_Shift_3_EN.pdf,16,2,General Awareness,,Not Answered,
SSC_CGL_Tier_1_Question_Paper_2024_36_Shifts_18th_Sept_2024_Shift_3_EN.pdf,17,2,General Awareness,,Not Answered,
SSC_CGL_Tier_1_Question_Paper_2024_36_Shifts_18th_Sept_2024_Shift_3_EN.pdf,18,2,General Awareness,,,
SSC_CGL_Tier_1_Question_Paper_2024_36_Shifts_18th_Sept_2024_Shift_3_EN.pdf,19,2,General Awareness,,,
SSC_CGL_Tier_1_Question_Paper_2024_36_Shifts_18th_Sept_2024_Shift_3_EN.pdf,20,2,General Awareness,B,Answered,
SSC_CGL_Tier_1_Question_Paper_2024_36_Shifts_18th_Sept_2024_Shift_3_EN.pdf,21,2,General Awareness,,Not Answered,
SSC_CGL_Tier_1_Question_Paper_2024_36_Shifts_18th_Sept_2024_Shift_3_EN.pdf,22,2,General Awareness,D,Answered,
SSC_CGL_Tier_1_Question_Paper_2024_36_Shifts_18th_Sept_2024_Shift_3_EN.pdf,23,2,General Awareness,D,Answered,
SSC_CGL_Tier_1_Question_Paper_2024_36_Shifts_18th_Sept_2024_Shift_3_EN.pdf,24,2,General Awareness,C,Answered,
SSC_CGL_Tier_1_Question_Paper_2024_36_Shifts_18th_Sept_2024_Shift_3_EN.pdf,25,2,General Awareness,D,Answered,
SSC_CGL_Tier_1_Question_Paper_2024_36_Shifts_18th_Sept_2024_Shift_3_EN.pdf,1,3,Quantitative Aptitude,,Not Answered,
SSC_CGL_Tier_1_Question_Paper_2024_36_Shifts_18th_Sept_2024_Shift_3_EN.pdf,2,3,Quantitative Aptitude,,Not Answered,
SSC_CGL_Tier_1_Question_Paper_2024_36_Shifts_18th_Sept_2024_Shift_3_EN.pdf,3,3,Quantitative Aptitude,C,Answered,
SSC_CGL_Tier_1_Question_Paper_2024_36_Shifts_18th_Sept_2024_Shift_3_EN.pdf,4,3,Quantitative Aptitude,D,Answered,
SSC_CGL_Tier_1_Question_Paper_2024_36_Shifts_18th_Sept_2024_Shift_3_EN.pdf,5,3,Quantitative Aptitude,A,Answered,
SSC_CGL_Tier_1_Question_Paper_2024_36_Shifts_18th_Sept_2024_Shift_3_EN.pdf,6,3,Quantitative Aptitude,B,Answered,
SSC_CGL_Tier_1_Question_Paper_2024_36_Shifts_18th_Sept_2024_Shift_3_EN.pdf,7,3,Quantitative Aptitude,A,Answered,
SSC_CGL_Tier_1_Question_Paper_2024_36_Shifts_18th_Sept_2024_Shift_3_EN.pdf,8,3,Quantitative Aptitude,B,Answered,
SSC_CGL_Tier_1_Question_Paper_2024_36_Shifts_18th_Sept_2024_Shift_3_EN.pdf,9,3,Quantitative Aptitude,D,Answered,
SSC_CGL_Tier_1_Question_Paper_2024_36_Shifts_18th_Sept_2024_Shift_3_EN.pdf,10,3,Quantitative Aptitude,A,Answered,
SSC_CGL_Tier_1_Question_Paper_2024_36_Shifts_18th_Sept_2024_Shift_3_EN.pdf,11,3,Quantitative Aptitude,A,Answered,
SSC_CGL_Tier_1_Question_Paper_2024_36_Shifts_18th_Sept_2024_Shift_3_EN.pdf,12,3,Quantitative Aptitude,A,Answered,
SSC_CGL_Tier_1_Question_Paper_2024_36_Shifts_18th_Sept_2024_Shift_3_EN.pdf,13,3,Quantitative Aptitude,C,Answered,
SSC_CGL_Tier_1_Question_Paper_2024_36_Shifts_18th_Sept_2024_Shift_3_EN.pdf,14,3,Quantitative Aptitude,A,Answered,
SSC_CGL_Tier_1_Question_Paper_2024_36_Shifts_18th_Sept_2024_Shift_3_EN.pdf,15,3,Quantitative Aptitude,B,Answered,
SSC_CGL_Tier_1_Question_Paper_2024_36_Shifts_18th_Sept_2024_Shift_3_EN.pdf,16,3,Quantitative Aptitude,B,Answered,
SSC_CGL_Tier_1_Question_Paper_2024_36_Shifts_18th_Sept_2024_Shift_3_EN.pdf,17,3,Quantitative Aptitude,C,Answered,
SSC_CGL_Tier_1_Question_Paper_2024_36_Shifts_18th_Sept_2024_Shift_3_EN.pdf,18,3,Quantitative Aptitude,D,Answered,
SSC_CGL_Tier_1_Question_Paper_2024_36_Shifts_18th_Sept_2024_Shift_3_EN.pdf,19,3,Quantitative Aptitude,B,Answered,
SSC_CGL_Tier_1_Question_Paper_2024_36_Shifts_18th_Sept_2024_Shift_3_EN.pdf,20,3,Quantitative Aptitude,A,Answered,
SSC_CGL_Tier_1_Question_Paper_2024_36_Shifts_18th_Sept_2024_Shift_3_EN.pdf,21,3,Quantitative Aptitude,A,Answered,
SSC_CGL_Tier_1_Question_Paper_2024_36_Shifts_18th_Sept_2024_Shift_3_EN.pdf,22,3,Quantitative Aptitude,,Not Answered,
SSC_CGL_Tier_1_Question_Paper_2024_36_Shifts_18th_Sept_2024_Shift_3_EN.pdf,23,3,Quantitative Aptitude,C,Answered,
SSC_CGL_Tier_1_Question_Paper_2024_36_Shifts_18th_Sept_2024_Shift_3_EN.pdf,24,3,Quantitative Aptitude,A,Answered,
SSC_CGL_Tier_1_Question_Paper_2024_36_Shifts_18th_Sept_2024_Shift_3_EN.pdf,25,3,Quantitative Aptitude,,Not Answered,
SSC_CGL_Tier_1_Question_Paper_2024_36_Shifts_18th_Sept_2024_Shift_3_EN.pdf,1,4,English Comprehension,B,Answered,
SSC_CGL_Tier_1_Question_Paper_2024_36_Shifts_18th_Sept_2024_Shift_3_EN.pdf,2,4,English Comprehension,B,Answered,
SSC_CGL_Tier_1_Question_Paper_2024_36_Shifts_18th_Sept_2024_Shift_3_EN.pdf,3,4,English Comprehension,D,Answered,
SSC_CGL_Tier_1_Question_Paper_2024_36_Shifts_18th_Sept_2024_Shift_3_EN.pdf,4,4,English Comprehension,D,Answered,
SSC_CGL_Tier_1_Question_Paper_2024_36_Shifts_18th_Sept_2024_Shift_3_EN.pdf,5,4,English Comprehension,C,Answered,
SSC_CGL_Tier_1_Question_Paper_2024_36_Shifts_18th_Sept_2024_Shift_3_EN.pdf,6,4,English Comprehension,B,Answered,
SSC_CGL_Tier_1_Question_Paper_2024_36_Shifts_18th_Sept_2024_Shift_3_EN.pdf,7,4,English Comprehension,D,Answered,
SSC_CGL_Tier_1_Question_Paper_2024_36_Shifts_18th_Sept_2024_Shift_3_EN.pdf,8,4,English Comprehension,A,Answered,
SSC_CGL_Tier_1_Question_Paper_2024_36_Shifts_18th_Sept_2024_Shift_3_EN.pdf,9,4,English Comprehension,D,Answered,
SSC_CGL_Tier_1_Question_Paper_2024_36_Shifts_18th_Sept_2024_Shift_3_EN.pdf,10,4,English Comprehension,C,Answered,
SSC_CGL_Tier_1_Question_Paper_2024_36_Shifts_18th_Sept_2024_Shift_3_EN.pdf,11,4,English Comprehension,A,Answered,
SSC_CGL_Tier_1_Question_Paper_2024_36_Shifts_18th_Sept_2024_Shift_3_EN.pdf,12,4,English Comprehension,D,Answered,
SSC_CGL_Tier_1_Question_Paper_2024_36_Shifts_18th_Sept_2024_Shift_3_EN.pdf,13,4,English Comprehension,A,Answered,
SSC_CGL_Tier_1_Question_Paper_2024_36_Shifts_18th_Sept_2024_Shift_3_EN.pdf,14,4,English Comprehension,C,Answered,
SSC_CGL_Tier_1_Question_Paper_2024_36_Shifts_18th_Sept_2024_Shift_3_EN.pdf,15,4,English Comprehension,D,Answered,
SSC_CGL_Tier_1_Question_Paper_2024_36_Shifts_18th_Sept_2024_Shift_3_EN.pdf,16,4,English Comprehension,B,Answered,
SSC_CGL_Tier_1_Question_Paper_2024_36_Shifts_18th_Sept_2024_Shift_3_EN.pdf,17,4,English Comprehension,C,Answered,
SSC_CGL_Tier_1_Question_Paper_2024_36_Shifts_18th_Sept_2024_Shift_3_EN.pdf,18,4,English Comprehension,C,Answered,
SSC_CGL_Tier_1_Question_Paper_2024_36_Shifts_18th_Sept_2024_Shift_3_EN.pdf,19,4,English Comprehension,A,Answered,
SSC_CGL_Tier_1_Question_Paper_2024_36_Shifts_18th_Sept_2024_Shift_3_EN.pdf,20,4,English Comprehension,B,Answered,
SSC_CGL_Tier_1_Question_Paper_2024_36_Shifts_18th_Sept_2024_Shift_3_EN.pdf,21,4,English Comprehension,C,Answered,
SSC_CGL_Tier_1_Question_Paper_2024_36_Shifts_18th_Sept_2024_Shift_3_EN.pdf,22,4,English Comprehension,B,Answered,
SSC_CGL_Tier_1_Question_Paper_2024_36_Shifts_18th_Sept_2024_Shift_3_EN.pdf,23,4,English Comprehension,C,Answered,
SSC_CGL_Tier_1_Question_Paper_2024_36_Shifts_18th_Sept_2024_Shift_3_EN.pdf,24,4,English Comprehension,B,Answered,
SSC_CGL_Tier_1_Question_Paper_2024_36_Shifts_18th_Sept_2024_Shift_3_EN.pdf,25,4,English Comprehension,D,Answered,
SSC_CGL_Tier_1_Question_Paper_2024_36_Shifts_19th_Sept_2024_Shift_1_EN.pdf,1,1,General Intelligence and Reasoning,C,Answered,
SSC_CGL_Tier_1_Question_Paper_2024_36_Shifts_19th_Sept_2024_Shift_1_EN.pdf,2,1,General Intelligence and Reasoning,C,Answered,
SSC_CGL_Tier_1_Question_Paper_2024_36_Shifts_19th_Sept_2024_Shift_1_EN.pdf,3,1,General Intelligence and Reasoning,A,Answered,
SSC_CGL_Tier_1_Question_Paper_2024_36_Shifts_19th_Sept_2024_Shift_1_EN.pdf,4,1,General Intelligence and Reasoning,C,Answered,
SSC_CGL_Tier_1_Question_Paper_2024_36_Shifts_19th_Sept_2024_Shift_1_EN.pdf,5,1,General Intelligence and Reasoning,D,Answered,
SSC_CGL_Tier_1_Question_Paper_2024_36_Shifts_19th_Sept_2024_Shift_1_EN.pdf,6,1,General Intelligence and Reasoning,D,Answered,
SSC_CGL_Tier_1_Question_Paper_2024_36_Shifts_19th_Sept_2024_Shift_1_EN.pdf,7,1,General Intelligence and Reasoning,B,Answered,
SSC_CGL_Tier_1_Question_Paper_2024_36_Shifts_19th_Sept_2024_Shift_1_EN.pdf,8,1,General Intelligence and Reasoning,A,Answered,
SSC_CGL_Tier_1_Question_Paper_2024_36_Shifts_19th_Sept_2024_Shift_1_EN.pdf,9,1,General Intelligence and Reasoning,,,
SSC_CGL_Tier_1_Question_Paper_2024_36_Shifts_19th_Sept_2024_Shift_1_EN.pdf,10,1,General Intelligence and Reasoning,D,Answered,
SSC_CGL_Tier_1_Question_Paper_2024_36_Shifts_19th_Sept_2024_Shift_1_EN.pdf,11,1,General Intelligence and Reasoning,B,Answered,
SSC_CGL_Tier_1_Question_Paper_2024_36_Shifts_19th_Sept_2024_Shift_1_EN.pdf,12,1,General Intelligence and Reasoning,B,Answered,
SSC_CGL_Tier_1_Question_Paper_2024_36_Shifts_19th_Sept_2024_Shift_1_EN.pdf,13,1,General Intelligence and Reasoning,C,Answered,
SSC_CGL_Tier_1_Question_Paper_2024_36_Shifts_19th_Sept_2024_Shift_1_EN.pdf,14,1,General Intelligence and Reasoning,B,Answered,
SSC_CGL_Tier_1_Question_Paper_2024_36_Shifts_19th_Sept_2024_Shift_1_EN.pdf,15,1,General Intelligence and Reasoning,B,Answered,
SSC_CGL_Tier_1_Question_Paper_2024_36_Shifts_19th_Sept_2024_Shift_1_EN.pdf,16,1,General Intelligence and Reasoning,B,Answered,
SSC_CGL_Tier_1_Question_Paper_2024_36_Shifts_19th_Sept_2024_Shift_1_EN.pdf,17,1,General Intelligence and Reasoning,D,Answered,
SSC_CGL_Tier_1_Question_Paper_2024_36_Shifts_19th_Sept_2024_Shift_1_EN.pdf,18,1,General Intelligence and Reasoning,A,Answered,
SSC_CGL_Tier_1_Question_Paper_2024_36_Shifts_19th_Sept_2024_Shift_1_EN.pdf,19,1,General Intelligence and Reasoning,C,Answered,
SSC_CGL_Tier_1_Question_Paper_2024_36_Shifts_19th_Sept_2024_Shift_1_EN.pdf,20,1,General Intelligence and Reasoning,,,
SSC_CGL_Tier_1_Question_Paper_2024_36_Shifts_19th_Sept_2024_Shift_1_EN.pdf,21,1,General Intelligence and Reasoning,,,
SSC_CGL_Tier_1_Question_Paper_2024_36_Shifts_19th_Sept_2024_Shift_1_EN.pdf,22,1,General Intelligence and Reasoning,A,Answered,
SSC_CGL_Tier_1_Question_Paper_2024_36_Shifts_19th_Sept_2024_Shift_1_EN.pdf,23,1,General Intelligence and Reasoning,A,Answered,
SSC_CGL_Tier_1_Question_Paper_2024_36_Shifts_19th_Sept_2024_Shift_1_EN.pdf,24,1,General Intelligence and Reasoning,C,Answered,
SSC_CGL_Tier_1_Question_Paper_2024_36_Shifts_19th_Sept_2024_Shift_1_EN.pdf,25,1,General Intelligence and Reasoning,C,Answered,
SSC_CGL_Tier_1_Question_Paper_2024_36_Shifts_19th_Sept_2024_Shift_1_EN.pdf,1,2,General Awareness,,Not Answered,
SSC_CGL_Tier_1_Question_Paper_2024_36_Shifts_19th_Sept_2024_Shift_1_EN.pdf,2,2,General Awareness,,Not Answered,
SSC_CGL_Tier_1_Question_Paper_2024_36_Shifts_19th_Sept_2024_Shift_1_EN.pdf,3,2,General Awareness,A,Answered,
SSC_CGL_Tier_1_Question_Paper_2024_36_Shifts_19th_Sept_2024_Shift_1_EN.pdf,4,2,General Awareness,C,Answered,
SSC_CGL_Tier_1_Question_Paper_2024_36_Shifts_19th_Sept_2024_Shift_1_EN.pdf,5,2,General Awareness,D,Answered,
SSC_CGL_Tier_1_Question_Paper_2024_36_Shifts_19th_Sept_2024_Shift_1_EN.pdf,6,2,General Awareness,,,
SSC_CGL_Tier_1_Question_Paper_2024_36_Shifts_19th_Sept_2024_Shift_1_EN.pdf,7,2,General Awareness,,,
SSC_CGL_Tier_1_Question_Paper_2024_36_Shifts_19th_Sept_2024_Shift_1_EN.pdf,8,2,General Awareness,A,Answered,
SSC_CGL_Tier_1_Question_Paper_2024_36_Shifts_19th_Sept_2024_Shift_1_EN.pdf,9,2,General Awareness,,,
SSC_CGL_Tier_1_Question_Paper_2024_36_Shifts_19th_Sept_2024_Shift_1_EN.pdf,10,2,General Awareness,D,Answered,
SSC_CGL_Tier_1_Question_Paper_2024_36_Shifts_19th_Sept_2024_Shift_1_EN.pdf,11,2,General Awareness,,Not Answered,
SSC_CGL_Tier_1_Question_Paper_2024_36_Shifts_19th_Sept_2024_Shift_1_EN.pdf,12,2,General Awareness,D,Answered,
SSC_CGL_Tier_1_Question_Paper_2024_36_Shifts_19th_Sept_2024_Shift_1_EN.pdf,13,2,General Awareness,,Not Answered,
SSC_CGL_Tier_1_Question_Paper_2024_36_Shifts_19th_Sept_2024_Shift_1_EN.pdf,14,2,General Awareness,,Not Answered,
SSC_CGL_Tier_1_Question_Paper_2024_36_Shifts_19th_Sept_2024_Shift_1_EN.pdf,15,2,General Awareness,D,Answered,
SSC_CGL_Tier_1_Question_Paper_2024_36_Shifts_19th_Sept_2024_Shift_1_EN.pdf,16,2,General Awareness,C,Answered,
SSC_CGL_Tier_1_Question_Paper_2024_36_Shifts_19th_Sept_2024_Shift_1_EN.pdf,17,2,General Awareness,,Not Answered,
SSC_CGL_Tier_1_Question_Paper_2024_36_Shifts_19th_Sept_2024_Shift_1_EN.pdf,18,2,General Awareness,,Not Answered,
SSC_CGL_Tier_1_Question_Paper_2024_36_Shifts_19th_Sept_2024_Shift_1_EN.pdf,19,2,General Awareness,,,
SSC_CGL_Tier_1_Question_Paper_2024_36_Shifts_19th_Sept_2024_Shift_1_EN.pdf,20,2,General Awareness,A,Answered,
SSC_CGL_Tier_1_Question_Paper_2024_36_Shifts_19th_Sept_2024_Shift_1_EN.pdf,21,2,General Awareness,B,Answered,
SSC_CGL_Tier_1_Question_Paper_2024_36_Shifts_19th_Sept_2024_Shift_1_EN.pdf,22,2,General Awareness,A,Answered,
SSC_CGL_Tier_1_Question_Paper_2024_36_Shifts_19th_Sept_2024_Shift_1_EN.pdf,23,2,General Awareness,,Not Answered,
SSC_CGL_Tier_1_Question_Paper_2024_36_Shifts_19th_Sept_2024_Shift_1_EN.pdf,24,2,General Awareness,,,
SSC_CGL_Tier_1_Question_Paper_2024_36_Shifts_19th_Sept_2024_Shift_1_EN.pdf,25,2,General Awareness,,Not Answered,
SSC_CGL_Tier_1_Question_Paper_2024_36_Shifts_19th_Sept_2024_Shift_1_EN.pdf,1,3,Quantitative Aptitude,D,Answered,
SSC_CGL_Tier_1_Question_Paper_2024_36_Shifts_19th_Sept_2024_Shift_1_EN.pdf,2,3,Quantitative Aptitude,A,Answered,
SSC_CGL_Tier_1_Question_Paper_2024_36_Shifts_19th_Sept_2024_Shift_1_EN.pdf,3,3,Quantitative Aptitude,,,
SSC_CGL_Tier_1_Question_Paper_2024_36_Shifts_19th_Sept_2024_Shift_1_EN.pdf,4,3,Quantitative Aptitude,B,Answered,
SSC_CGL_Tier_1_Question_Paper_2024_36_Shifts_19th_Sept_2024_Shift_1_EN.pdf,5,3,Quantitative Aptitude,,,
SSC_CGL_Tier_1_Question_Paper_2024_36_Shifts_19th_Sept_2024_Shift_1_EN.pdf,6,3,Quantitative Aptitude,A,Answered,
SSC_CGL_Tier_1_Question_Paper_2024_36_Shifts_19th_Sept_2024_Shift_1_EN.pdf,7,3,Quantitative Aptitude,,,
SSC_CGL_Tier_1_Question_Paper_2024_36_Shifts_19th_Sept_2024_Shift_1_EN.pdf,8,3,Quantitative Aptitude,C,Answered,
SSC_CGL_Tier_1_Question_Paper_2024_36_Shifts_19th_Sept_2024_Shift_1_EN.pdf,9,3,Quantitative Aptitude,C,Answered,
SSC_CGL_Tier_1_Question_Paper_2024_36_Shifts_19th_Sept_2024_Shift_1_EN.pdf,10,3,Quantitative Aptitude,D,Answered,
SSC_CGL_Tier_1_Question_Paper_2024_36_Shifts_19th_Sept_2024_Shift_1_EN.pdf,11,3,Quantitative Aptitude,B,Answered,
SSC_CGL_Tier_1_Question_Paper_2024_36_Shifts_19th_Sept_2024_Shift_1_EN.pdf,12,3,Quantitative Aptitude,A,Answered,
SSC_CGL_Tier_1_Question_Paper_2024_36_Shifts_19th_Sept_2024_Shift_1_EN.pdf,13,3,Quantitative Aptitude,B,Answered,
SSC_CGL_Tier_1_Question_Paper_2024_36_Shifts_19th_Sept_2024_Shift_1_EN.pdf,14,3,Quantitative Aptitude,D,Answered,
SSC_CGL_Tier_1_Question_Paper_2024_36_Shifts_19th_Sept_2024_Shift_1_EN.pdf,15,3,Quantitative Aptitude,,,
SSC_CGL_Tier_1_Question_Paper_2024_36_Shifts_19th_Sept_2024_Shift_1_EN.pdf,16,3,Quantitative Aptitude,A,Answered,
SSC_CGL_Tier_1_Question_Paper_2024_36_Shifts_19th_Sept_2024_Shift_1_EN.pdf,17,3,Quantitative Aptitude,B,Answered,
SSC_CGL_Tier_1_Question_Paper_2024_36_Shifts_19th_Sept_2024_Shift_1_EN.pdf,18,3,Quantitative Aptitude,A,Answered,
SSC_CGL_Tier_1_Question_Paper_2024_36_Shifts_19th_Sept_2024_Shift_1_EN.pdf,19,3,Quantitative Aptitude,D,Answered,
SSC_CGL_Tier_1_Question_Paper_2024_36_Shifts_19th_Sept_2024_Shift_1_EN.pdf,20,3,Quantitative Aptitude,C,Answered,
SSC_CGL_Tier_1_Question_Paper_2024_36_Shifts_19th_Sept_2024_Shift_1_EN.pdf,21,3,Quantitative Aptitude,B,Answered,
SSC_CGL_Tier_1_Question_Paper_2024_36_Shifts_19th_Sept_2024_Shift_1_EN.pdf,22,3,Quantitative Aptitude,C,Answered,
SSC_CGL_Tier_1_Question_Paper_2024_36_Shifts_19th_Sept_2024_Shift_1_EN.pdf,23,3,Quantitative Aptitude,B,Answered,
SSC_CGL_Tier_1_Question_Paper_2024_36_Shifts_19th_Sept_2024_Shift_1_EN.pdf,24,3,Quantitative Aptitude,C,Answered,
SSC_CGL_Tier_1_Question_Paper_2024_36_Shifts_19th_Sept_2024_Shift_1_EN.pdf,25,3,Quantitative Aptitude,D,Answered,
SSC_CGL_Tier_1_Question_Paper_2024_36_Shifts_19th_Sept_2024_Shift_1_EN.pdf,1,4,English Comprehension,B,Answered,
SSC_CGL_Tier_1_Question_Paper_2024_36_Shifts_19th_Sept_2024_Shift_1_EN.pdf,2,4,English Comprehension,C,Answered,
SSC_CGL_Tier_1_Question_Paper_2024_36_Shifts_19th_Sept_2024_Shift_1_EN.pdf,3,4,English Comprehension,A,Answered,
SSC_CGL_Tier_1_Question_Paper_2024_36_Shifts_19th_Sept_2024_Shift_1_EN.pdf,4,4,English Comprehension,D,Answered,
SSC_CGL_Tier_1_Question_Paper_2024_36_Shifts_19th_Sept_2024_Shift_1_EN.pdf,5,4,English Comprehension,C,Answered,
SSC_CGL_Tier_1_Question_Paper_2024_36_Shifts_19th_Sept_2024_Shift_1_EN.pdf,6,4,English Comprehension,,,
SSC_CGL_Tier_1_Question_Paper_2024_36_Shifts_19th_Sept_2024_Shift_1_EN.pdf,7,4,English Comprehension,C,Answered,
SSC_CGL_Tier_1_Question_Paper_2024_36_Shifts_19th_Sept_2024_Shift_1_EN.pdf,8,4,English Comprehension,B,Answered,
SSC_CGL_Tier_1_Question_Paper_2024_36_Shifts_19th_Sept_2024_Shift_1_EN.pdf,9,4,English Comprehension,C,Answered,
SSC_CGL_Tier_1_Question_Paper_2024_36_Shifts_19th_Sept_2024_Shift_1_EN.pdf,10,4,English Comprehension,B,Answered,
SSC_CGL_Tier_1_Question_Paper_2024_36_Shifts_19th_Sept_2024_Shift_1_EN.pdf,11,4,English Comprehension,,,
SSC_CGL_Tier_1_Question_Paper_2024_36_Shifts_19th_Sept_2024_Shift_1_EN.pdf,12,4,English Comprehension,A,Answered,
SSC_CGL_Tier_1_Question_Paper_2024_36_Shifts_19th_Sept_2024_Shift_1_EN.pdf,13,4,English Comprehension,A,Answered,
SSC_CGL_Tier_1_Question_Paper_2024_36_Shifts_19th_Sept_2024_Shift_1_EN.pdf,14,4,English Comprehension,B,Answered,
SSC_CGL_Tier_1_Question_Paper_2024_36_Shifts_19th_Sept_2024_Shift_1_EN.pdf,15,4,English Comprehension,D,Answered,
SSC_CGL_Tier_1_Question_Paper_2024_36_Shifts_19th_Sept_2024_Shift_1_EN.pdf,16,4,English Comprehension,A,Answered,
SSC_CGL_Tier_1_Question_Paper_2024_36_Shifts_19th_Sept_2024_Shift_1_EN.pdf,17,4,English Comprehension,B,,
SSC_CGL_Tier_1_Question_Paper_2024_36_Shifts_19th_Sept_2024_Shift_1_EN.pdf,18,4,English Comprehension,C,Answered,
SSC_CGL_Tier_1_Question_Paper_2024_36_Shifts_19th_Sept_2024_Shift_1_EN.pdf,19,4,English Comprehension,,,
SSC_CGL_Tier_1_Question_Paper_2024_36_Shifts_19th_Sept_2024_Shift_1_EN.pdf,20,4,English Comprehension,C,Answered,
SSC_CGL_Tier_1_Question_Paper_2024_36_Shifts_19th_Sept_2024_Shift_1_EN.pdf,21,4,English Comprehension,B,Answered,
SSC_CGL_Tier_1_Question_Paper_2024_36_Shifts_19th_Sept_2024_Shift_1_EN.pdf,22,4,English Comprehension,C,Answered,
SSC_CGL_Tier_1_Question_Paper_2024_36_Shifts_19th_Sept_2024_Shift_1_EN.pdf,23,4,English Comprehension,A,Answered,
SSC_CGL_Tier_1_Question_Paper_2024_36_Shifts_19th_Sept_2024_Shift_1_EN.pdf,24,4,English Comprehension,B,Answered,
SSC_CGL_Tier_1_Question_Paper_2024_36_Shifts_19th_Sept_2024_Shift_1_EN.pdf,25,4,English Comprehension,A,Answered,
SSC_CGL_Tier_1_Question_Paper_2024_36_Shifts_19th_Sept_2024_Shift_2_EN.pdf,1,1,General Intelligence and Reasoning,A,Answered,
SSC_CGL_Tier_1_Question_Paper_2024_36_Shifts_19th_Sept_2024_Shift_2_EN.pdf,2,1,General Intelligence and Reasoning,B,Answered,
SSC_CGL_Tier_1_Question_Paper_2024_36_Shifts_19th_Sept_2024_Shift_2_EN.pdf,3,1,General Intelligence and Reasoning,D,Answered,
SSC_CGL_Tier_1_Question_Paper_2024_36_Shifts_19th_Sept_2024_Shift_2_EN.pdf,4,1,General Intelligence and Reasoning,A,Answered,
SSC_CGL_Tier_1_Question_Paper_2024_36_Shifts_19th_Sept_2024_Shift_2_EN.pdf,5,1,General Intelligence and Reasoning,A,Answered,
SSC_CGL_Tier_1_Question_Paper_2024_36_Shifts_19th_Sept_2024_Shift_2_EN.pdf,6,1,General Intelligence and Reasoning,A,Answered,
SSC_CGL_Tier_1_Question_Paper_2024_36_Shifts_19th_Sept_2024_Shift_2_EN.pdf,7,1,General Intelligence and Reasoning,D,Answered,
SSC_CGL_Tier_1_Question_Paper_2024_36_Shifts_19th_Sept_2024_Shift_2_EN.pdf,8,1,General Intelligence and Reasoning,A,Answered,
SSC_CGL_Tier_1_Question_Paper_2024_36_Shifts_19th_Sept_2024_Shift_2_EN.pdf,9,1,General Intelligence and Reasoning,C,Answered,
SSC_CGL_Tier_1_Question_Paper_2024_36_Shifts_19th_Sept_2024_Shift_2_EN.pdf,10,1,General Intelligence and Reasoning,C,Answered,
SSC_CGL_Tier_1_Question_Paper_2024_36_Shifts_19th_Sept_2024_Shift_2_EN.pdf,11,1,General Intelligence and Reasoning,B,Answered,
SSC_CGL_Tier_1_Question_Paper_2024_36_Shifts_19th_Sept_2024_Shift_2_EN.pdf,12,1,General Intelligence and Reasoning,C,Answered,
SSC_CGL_Tier_1_Question_Paper_2024_36_Shifts_19th_Sept_2024_Shift_2_EN.pdf,13,1,General Intelligence and Reasoning,D,Answered,
SSC_CGL_Tier_1_Question_Paper_2024_36_Shifts_19th_Sept_2024_Shift_2_EN.pdf,14,1,General Intelligence and Reasoning,,Not Answered,
SSC_CGL_Tier_1_Question_Paper_2024_36_Shifts_19th_Sept_2024_Shift_2_EN.pdf,15,1,General Intelligence and Reasoning,B,Answered,
SSC_CGL_Tier_1_Question_Paper_2024_36_Shifts_19th_Sept_2024_Shift_2_EN.pdf,16,1,General Intelligence and Reasoning,D,Answered,
SSC_CGL_Tier_1_Question_Paper_2024_36_Shifts_19th_Sept_2024_Shift_2_EN.pdf,17,1,General Intelligence and Reasoning,B,Answered,
SSC_CGL_Tier_1_Question_Paper_2024_36_Shifts_19th_Sept_2024_Shift_2_EN.pdf,18,1,General Intelligence and Reasoning,D,Answered,
SSC_CGL_Tier_1_Question_Paper_2024_36_Shifts_19th_Sept_2024_Shift_2_EN.pdf,19,1,General Intelligence and Reasoning,D,Answered,
SSC_CGL_Tier_1_Question_Paper_2024_36_Shifts_19th_Sept_2024_Shift_2_EN.pdf,20,1,General Intelligence and Reasoning,C,Answered,
SSC_CGL_Tier_1_Question_Paper_2024_36_Shifts_19th_Sept_2024_Shift_2_EN.pdf,21,1,General Intelligence and Reasoning,D,Answered,
SSC_CGL_Tier_1_Question_Paper_2024_36_Shifts_19th_Sept_2024_Shift_2_EN.pdf,22,1,General Intelligence and Reasoning,D,Answered,
SSC_CGL_Tier_1_Question_Paper_2024_36_Shifts_19th_Sept_2024_Shift_2_EN.pdf,23,1,General Intelligence and Reasoning,D,Answered,
SSC_CGL_Tier_1_Question_Paper_2024_36_Shifts_19th_Sept_2024_Shift_2_EN.pdf,24,1,General Intelligence and Reasoning,,Not Answered,
SSC_CGL_Tier_1_Question_Paper_2024_36_Shifts_19th_Sept_2024_Shift_2_EN.pdf,25,1,General Intelligence and Reasoning,A,Answered,
SSC_CGL_Tier_1_Question_Paper_2024_36_Shifts_19th_Sept_2024_Shift_2_EN.pdf,1,2,General Awareness,,,
SSC_CGL_Tier_1_Question_Paper_2024_36_Shifts_19th_Sept_2024_Shift_2_EN.pdf,2,2,General Awareness,,Not Answered,
SSC_CGL_Tier_1_Question_Paper_2024_36_Shifts_19th_Sept_2024_Shift_2_EN.pdf,3,2,General Awareness,,Not Answered,
SSC_CGL_Tier_1_Question_Paper_2024_36_Shifts_19th_Sept_2024_Shift_2_EN.pdf,4,2,General Awareness,,Not Answered,
SSC_CGL_Tier_1_Question_Paper_2024_36_Shifts_19th_Sept_2024_Shift_2_EN.pdf,5,2,General Awareness,,Not Answered,
SSC_CGL_Tier_1_Question_Paper_2024_36_Shifts_19th_Sept_2024_Shift_2_EN.pdf,6,2,General Awareness,,,
SSC_CGL_Tier_1_Question_Paper_2024_36_Shifts_19th_Sept_2024_Shift_2_EN.pdf,7,2,General Awareness,,Not Answered,
SSC_CGL_Tier_1_Question_Paper_2024_36_Shifts_19th_Sept_2024_Shift_2_EN.pdf,8,2,General Awareness,B,Answered,
SSC_CGL_Tier_1_Question_Paper_2024_36_Shifts_19th_Sept_2024_Shift_2_EN.pdf,9,2,General Awareness,C,Answered,
SSC_CGL_Tier_1_Question_Paper_2024_36_Shifts_19th_Sept_2024_Shift_2_EN.pdf,10,2,General Awareness,C,,
SSC_CGL_Tier_1_Question_Paper_2024_36_Shifts_19th_Sept_2024_Shift_2_EN.pdf,11,2,General Awareness,A,,
SSC_CGL_Tier_1_Question_Paper_2024_36_Shifts_19th_Sept_2024_Shift_2_EN.pdf,12,2,General Awareness,A,Answered,
SSC_CGL_Tier_1_Question_Paper_2024_36_Shifts_19th_Sept_2024_Shift_2_EN.pdf,13,2,General Awareness,B,Answered,
SSC_CGL_Tier_1_Question_Paper_2024_36_Shifts_19th_Sept_2024_Shift_2_EN.pdf,14,2,General Awareness,B,,
SSC_CGL_Tier_1_Question_Paper_2024_36_Shifts_19th_Sept_2024_Shift_2_EN.pdf,15,2,General Awareness,,Not Answered,
SSC_CGL_Tier_1_Question_Paper_2024_36_Shifts_19th_Sept_2024_Shift_2_EN.pdf,16,2,General Awareness,D,Answered,
SSC_CGL_Tier_1_Question_Paper_2024_36_Shifts_19th_Sept_2024_Shift_2_EN.pdf,17,2,General Awareness,B,Answered,
SSC_CGL_Tier_1_Question_Paper_2024_36_Shifts_19th_Sept_2024_Shift_2_EN.pdf,18,2,General Awareness,,Not Answered,
SSC_CGL_Tier_1_Question_Paper_2024_36_Shifts_19th_Sept_2024_Shift_2_EN.pdf,19,2,General Awareness,D,Answered,
SSC_CGL_Tier_1_Question_Paper_2024_36_Shifts_19th_Sept_2024_Shift_2_EN.pdf,20,2,General Awareness,D,,
SSC_CGL_Tier_1_Question_Paper_2024_36_Shifts_19th_Sept_2024_Shift_2_EN.pdf,21,2,General Awareness,,Not Answered,
SSC_CGL_Tier_1_Question_Paper_2024_36_Shifts_19th_Sept_2024_Shift_2_EN.pdf,22,2,General Awareness,B,,
SSC_CGL_Tier_1_Question_Paper_2024_36_Shifts_19th_Sept_2024_Shift_2_EN.pdf,23,2,General Awareness,B,Answered,
SSC_CGL_Tier_1_Question_Paper_2024_36_Shifts_19th_Sept_2024_Shift_2_EN.pdf,24,2,General Awareness,,Not Answered,
SSC_CGL_Tier_1_Question_Paper_2024_36_Shifts_19th_Sept_2024_Shift_2_EN.pdf,25,2,General Awareness,,Not Answered,
SSC_CGL_Tier_1_Question_Paper_2024_36_Shifts_19th_Sept_2024_Shift_2_EN.pdf,1,3,Quantitative Aptitude,A,Answered,
SSC_CGL_Tier_1_Question_Paper_2024_36_Shifts_19th_Sept_2024_Shift_2_EN.pdf,2,3,Quantitative Aptitude,D,Answered,
SSC_CGL_Tier_1_Question_Paper_2024_36_Shifts_19th_Sept_2024_Shift_2_EN.pdf,3,3,Quantitative Aptitude,C,Answered,
SSC_CGL_Tier_1_Question_Paper_2024_36_Shifts_19th_Sept_2024_Shift_2_EN.pdf,4,3,Quantitative Aptitude,D,Answered,
SSC_CGL_Tier_1_Question_Paper_2024_36_Shifts_19th_Sept_2024_Shift_2_EN.pdf,5,3,Quantitative Aptitude,D,Answered,
SSC_CGL_Tier_1_Question_Paper_2024_36_Shifts_19th_Sept_2024_Shift_2_EN.pdf,6,3,Quantitative Aptitude,,Not Answered,
SSC_CGL_Tier_1_Question_Paper_2024_36_Shifts_19th_Sept_2024_Shift_2_EN.pdf,7,3,Quantitative Aptitude,A,Answered,
SSC_CGL_Tier_1_Question_Paper_2024_36_Shifts_19th_Sept_2024_Shift_2_EN.pdf,8,3,Quantitative Aptitude,B,Answered,
SSC_CGL_Tier_1_Question_Paper_2024_36_Shifts_19th_Sept_2024_Shift_2_EN.pdf,9,3,Quantitative Aptitude,B,Answered,
SSC_CGL_Tier_1_Question_Paper_2024_36_Shifts_19th_Sept_2024_Shift_2_EN.pdf,10,3,Quantitative Aptitude,D,Answered,
SSC_CGL_Tier_1_Question_Paper_2024_36_Shifts_19th_Sept_2024_Shift_2_EN.pdf,11,3,Quantitative Aptitude,A,Answered,
SSC_CGL_Tier_1_Question_Paper_2024_36_Shifts_19th_Sept_2024_Shift_2_EN.pdf,12,3,Quantitative Aptitude,,Not Answered,
SSC_CGL_Tier_1_Question_Paper_2024_36_Shifts_19th_Sept_2024_Shift_2_EN.pdf,13,3,Quantitative Aptitude,B,Answered,
SSC_CGL_Tier_1_Question_Paper_2024_36_Shifts_19th_Sept_2024_Shift_2_EN.pdf,14,3,Quantitative Aptitude,D,Answered,
SSC_CGL_Tier_1_Question_Paper_2024_36_Shifts_19th_Sept_2024_Shift_2_EN.pdf,15,3,Quantitative Aptitude,C,Answered,
SSC_CGL_Tier_1_Question_Paper_2024_36_Shifts_19th_Sept_2024_Shift_2_EN.pdf,16,3,Quantitative Aptitude,C,Answered,
SSC_CGL_Tier_1_Question_Paper_2024_36_Shifts_19th_Sept_2024_Shift_2_EN.pdf,17,3,Quantitative Aptitude,B,Answered,
SSC_CGL_Tier_1_Question_Paper_2024_36_Shifts_19th_Sept_2024_Shift_2_EN.pdf,18,3,Quantitative Aptitude,A,Answered,
SSC_CGL_Tier_1_Question_Paper_2024_36_Shifts_19th_Sept_2024_Shift_2_EN.pdf,19,3,Quantitative Aptitude,A,Answered,
SSC_CGL_Tier_1_Question_Paper_2024_36_Shifts_19th_Sept_2024_Shift_2_EN.pdf,20,3,Quantitative Aptitude,B,Answered,
SSC_CGL_Tier_1_Question_Paper_2024_36_Shifts_19th_Sept_2024_Shift_2_EN.pdf,21,3,Quantitative Aptitude,D,Answered,
SSC_CGL_Tier_1_Question_Paper_2024_36_Shifts_19th_Sept_2024_Shift_2_EN.pdf,22,3,Quantitative Aptitude,A,Answered,
SSC_CGL_Tier_1_Question_Paper_2024_36_Shifts_19th_Sept_2024_Shift_2_EN.pdf,23,3,Quantitative Aptitude,D,Answered,
SSC_CGL_Tier_1_Question_Paper_2024_36_Shifts_19th_Sept_2024_Shift_2_EN.pdf,24,3,Quantitative Aptitude,B,Answered,
SSC_CGL_Tier_1_Question_Paper_2024_36_Shifts_19th_Sept_2024_Shift_2_EN.pdf,25,3,Quantitative Aptitude,B,Answered,
SSC_CGL_Tier_1_Question_Paper_2024_36_Shifts_19th_Sept_2024_Shift_2_EN.pdf,1,4,English Comprehension,C,Answered,
SSC_CGL_Tier_1_Question_Paper_2024_36_Shifts_19th_Sept_2024_Shift_2_EN.pdf,2,4,English Comprehension,B,Answered,
SSC_CGL_Tier_1_Question_Paper_2024_36_Shifts_19th_Sept_2024_Shift_2_EN.pdf,3,4,English Comprehension,A,Answered,
SSC_CGL_Tier_1_Question_Paper_2024_36_Shifts_19th_Sept_2024_Shift_2_EN.pdf,4,4,English Comprehension,A,Answered,
SSC_CGL_Tier_1_Question_Paper_2024_36_Shifts_19th_Sept_2024_Shift_2_EN.pdf,5,4,English Comprehension,D,Answered,
SSC_CGL_Tier_1_Question_Paper_2024_36_Shifts_19th_Sept_2024_Shift_2_EN.pdf,6,4,English Comprehension,A,Answered,
SSC_CGL_Tier_1_Question_Paper_2024_36_Shifts_19th_Sept_2024_Shift_2_EN.pdf,7,4,English Comprehension,A,Answered,
SSC_CGL_Tier_1_Question_Paper_2024_36_Shifts_19th_Sept_2024_Shift_2_EN.pdf,8,4,English Comprehension,B,Answered,
SSC_CGL_Tier_1_Question_Paper_2024_36_Shifts_19th_Sept_2024_Shift_2_EN.pdf,9,4,English Comprehension,C,Answered,
SSC_CGL_Tier_1_Question_Paper_2024_36_Shifts_19th_Sept_2024_Shift_2_EN.pdf,10,4,English Comprehension,D,Answered,
SSC_CGL_Tier_1_Question_Paper_2024_36_Shifts_19th_Sept_2024_Shift_2_EN.pdf,11,4,English Comprehension,D,Answered,
SSC_CGL_Tier_1_Question_Paper_2024_36_Shifts_19th_Sept_2024_Shift_2_EN.pdf,12,4,English Comprehension,C,Answered,
SSC_CGL_Tier_1_Question_Paper_2024_36_Shifts_19th_Sept_2024_Shift_2_EN.pdf,13,4,English Comprehension,A,Answered,
SSC_CGL_Tier_1_Question_Paper_2024_36_Shifts_19th_Sept_2024_Shift_2_EN.pdf,14,4,English Comprehension,A,Answered,
SSC_CGL_Tier_1_Question_Paper_2024_36_Shifts_19th_Sept_2024_Shift_2_EN.pdf,15,4,English Comprehension,B,Answered,
SSC_CGL_Tier_1_Question_Paper_2024_36_Shifts_19th_Sept_2024_Shift_2_EN.pdf,16,4,English Comprehension,B,Answered,
SSC_CGL_Tier_1_Question_Paper_2024_36_Shifts_19th_Sept_2024_Shift_2_EN.pdf,17,4,English Comprehension,A,Answered,
SSC_CGL_Tier_1_Question_Paper_2024_36_Shifts_19th_Sept_2024_Shift_2_EN.pdf,18,4,English Comprehension,A,Answered,
SSC_CGL_Tier_1_Question_Paper_2024_36_Shifts_19th_Sept_2024_Shift_2_EN.pdf,19,4,English Comprehension,C,Answered,
SSC_CGL_Tier_1_Question_Paper_2024_36_Shifts_19th_Sept_2024_Shift_2_EN.pdf,20,4,English Comprehension,C,Answered,
SSC_CGL_Tier_1_Question_Paper_2024_36_Shifts_19th_Sept_2024_Shift_2_EN.pdf,21,4,English Comprehension,A,Answered,
SSC_CGL_Tier_1_Question_Paper_2024_36_Shifts_19th_Sept_2024_Shift_2_EN.pdf,22,4,English Comprehension,D,Answered,
SSC_CGL_Tier_1_Question_Paper_2024_36_Shifts_19th_Sept_2024_Shift_2_EN.pdf,23,4,English Comprehension,C,,
SSC_CGL_Tier_1_Question_Paper_2024_36_Shifts_19th_Sept_2024_Shift_2_EN.pdf,24,4,English Comprehension,A,Answered,
SSC_CGL_Tier_1_Question_Paper_2024_36_Shifts_19th_Sept_2024_Shift_2_EN.pdf,25,4,English Comprehension,D,Answered,
SSC_CGL_Tier_1_Question_Paper_2024_36_Shifts_19th_Sept_2024_Shift_3_EN.pdf,1,1,General Intelligence and Reasoning,B,Answered,
SSC_CGL_Tier_1_Question_Paper_2024_36_Shifts_19th_Sept_2024_Shift_3_EN.pdf,2,1,General Intelligence and Reasoning,A,Answered,
SSC_CGL_Tier_1_Question_Paper_2024_36_Shifts_19th_Sept_2024_Shift_3_EN.pdf,3,1,General Intelligence and Reasoning,C,Answered,
SSC_CGL_Tier_1_Question_Paper_2024_36_Shifts_19th_Sept_2024_Shift_3_EN.pdf,4,1,General Intelligence and Reasoning,D,Answered,
SSC_CGL_Tier_1_Question_Paper_2024_36_Shifts_19th_Sept_2024_Shift_3_EN.pdf,5,1,General Intelligence and Reasoning,D,Answered,
SSC_CGL_Tier_1_Question_Paper_2024_36_Shifts_19th_Sept_2024_Shift_3_EN.pdf,6,1,General Intelligence and Reasoning,D,Answered,
SSC_CGL_Tier_1_Question_Paper_2024_36_Shifts_19th_Sept_2024_Shift_3_EN.pdf,7,1,General Intelligence and Reasoning,D,Answered,
SSC_CGL_Tier_1_Question_Paper_2024_36_Shifts_19th_Sept_2024_Shift_3_EN.pdf,8,1,General Intelligence and Reasoning,A,Answered,
SSC_CGL_Tier_1_Question_Paper_2024_36_Shifts_19th_Sept_2024_Shift_3_EN.pdf,9,1,General Intelligence and Reasoning,C,Answered,
SSC_CGL_Tier_1_Question_Paper_2024_36_Shifts_19th_Sept_2024_Shift_3_EN.pdf,10,1,General Intelligence and Reasoning,B,Answered,
SSC_CGL_Tier_1_Question_Paper_2024_36_Shifts_19th_Sept_2024_Shift_3_EN.pdf,11,1,General Intelligence and Reasoning,A,Answered,
SSC_CGL_Tier_1_Question_Paper_2024_36_Shifts_19th_Sept_2024_Shift_3_EN.pdf,12,1,General Intelligence and Reasoning,A,Answered,
SSC_CGL_Tier_1_Question_Paper_2024_36_Shifts_19th_Sept_2024_Shift_3_EN.pdf,13,1,General Intelligence and Reasoning,C,Answered,
SSC_CGL_Tier_1_Question_Paper_2024_36_Shifts_19th_Sept_2024_Shift_3_EN.pdf,14,1,General Intelligence and Reasoning,B,Answered,
SSC_CGL_Tier_1_Question_Paper_2024_36_Shifts_19th_Sept_2024_Shift_3_EN.pdf,15,1,General Intelligence and Reasoning,,Not Answered,
SSC_CGL_Tier_1_Question_Paper_2024_36_Shifts_19th_Sept_2024_Shift_3_EN.pdf,16,1,General Intelligence and Reasoning,B,Answered,
SSC_CGL_Tier_1_Question_Paper_2024_36_Shifts_19th_Sept_2024_Shift_3_EN.pdf,17,1,General Intelligence and Reasoning,A,Answered,
SSC_CGL_Tier_1_Question_Paper_2024_36_Shifts_19th_Sept_2024_Shift_3_EN.pdf,18,1,General Intelligence and Reasoning,A,Answered,
SSC_CGL_Tier_1_Question_Paper_2024_36_Shifts_19th_Sept_2024_Shift_3_EN.pdf,19,1,General Intelligence and Reasoning,A,Answered,
SSC_CGL_Tier_1_Question_Paper_2024_36_Shifts_19th_Sept_2024_Shift_3_EN.pdf,20,1,General Intelligence and Reasoning,D,Answered,
SSC_CGL_Tier_1_Question_Paper_2024_36_Shifts_19th_Sept_2024_Shift_3_EN.pdf,21,1,General Intelligence and Reasoning,B,Answered,
SSC_CGL_Tier_1_Question_Paper_2024_36_Shifts_19th_Sept_2024_Shift_3_EN.pdf,22,1,General Intelligence and Reasoning,B,Answered,
SSC_CGL_Tier_1_Question_Paper_2024_36_Shifts_19th_Sept_2024_Shift_3_EN.pdf,23,1,General Intelligence and Reasoning,A,Answered,
SSC_CGL_Tier_1_Question_Paper_2024_36_Shifts_19th_Sept_2024_Shift_3_EN.pdf,24,1,General Intelligence and Reasoning,A,Answered,
SSC_CGL_Tier_1_Question_Paper_2024_36_Shifts_19th_Sept_2024_Shift_3_EN.pdf,25,1,General Intelligence and Reasoning,A,Answered,
SSC_CGL_Tier_1_Question_Paper_2024_36_Shifts_19th_Sept_2024_Shift_3_EN.pdf,1,2,General Awareness,B,Answered,
SSC_CGL_Tier_1_Question_Paper_2024_36_Shifts_19th_Sept_2024_Shift_3_EN.pdf,2,2,General Awareness,,Not Answered,
SSC_CGL_Tier_1_Question_Paper_2024_36_Shifts_19th_Sept_2024_Shift_3_EN.pdf,3,2,General Awareness,A,Answered,
SSC_CGL_Tier_1_Question_Paper_2024_36_Shifts_19th_Sept_2024_Shift_3_EN.pdf,4,2,General Awareness,A,,
SSC_CGL_Tier_1_Question_Paper_2024_36_Shifts_19th_Sept_2024_Shift_3_EN.pdf,5,2,General Awareness,,Not Answered,
SSC_CGL_Tier_1_Question_Paper_2024_36_Shifts_19th_Sept_2024_Shift_3_EN.pdf,6,2,General Awareness,,Not Answered,
SSC_CGL_Tier_1_Question_Paper_2024_36_Shifts_19th_Sept_2024_Shift_3_EN.pdf,7,2,General Awareness,C,Answered,
SSC_CGL_Tier_1_Question_Paper_2024_36_Shifts_19th_Sept_2024_Shift_3_EN.pdf,8,2,General Awareness,B,Answered,
SSC_CGL_Tier_1_Question_Paper_2024_36_Shifts_19th_Sept_2024_Shift_3_EN.pdf,9,2,General Awareness,,Not Answered,
SSC_CGL_Tier_1_Question_Paper_2024_36_Shifts_19th_Sept_2024_Shift_3_EN.pdf,10,2,General Awareness,C,Answered,
SSC_CGL_Tier_1_Question_Paper_2024_36_Shifts_19th_Sept_2024_Shift_3_EN.pdf,11,2,General Awareness,D,Answered,
SSC_CGL_Tier_1_Question_Paper_2024_36_Shifts_19th_Sept_2024_Shift_3_EN.pdf,12,2,General Awareness,D,,
SSC_CGL_Tier_1_Question_Paper_2024_36_Shifts_19th_Sept_2024_Shift_3_EN.pdf,13,2,General Awareness,A,Answered,
SSC_CGL_Tier_1_Question_Paper_2024_36_Shifts_19th_Sept_2024_Shift_3_EN.pdf,14,2,General Awareness,A,Answered,
SSC_CGL_Tier_1_Question_Paper_2024_36_Shifts_19th_Sept_2024_Shift_3_EN.pdf,15,2,General Awareness,D,,
SSC_CGL_Tier_1_Question_Paper_2024_36_Shifts_19th_Sept_2024_Shift_3_EN.pdf,16,2,General Awareness,,Not Answered,
SSC_CGL_Tier_1_Question_Paper_2024_36_Shifts_19th_Sept_2024_Shift_3_EN.pdf,17,2,General Awareness,C,Answered,
SSC_CGL_Tier_1_Question_Paper_2024_36_Shifts_19th_Sept_2024_Shift_3_EN.pdf,18,2,General Awareness,,Not Answered,
SSC_CGL_Tier_1_Question_Paper_2024_36_Shifts_19th_Sept_2024_Shift_3_EN.pdf,19,2,General Awareness,C,,
SSC_CGL_Tier_1_Question_Paper_2024_36_Shifts_19th_Sept_2024_Shift_3_EN.pdf,20,2,General Awareness,A,Answered,
SSC_CGL_Tier_1_Question_Paper_2024_36_Shifts_19th_Sept_2024_Shift_3_EN.pdf,21,2,General Awareness,C,,
SSC_CGL_Tier_1_Question_Paper_2024_36_Shifts_19th_Sept_2024_Shift_3_EN.pdf,22,2,General Awareness,B,Answered,
SSC_CGL_Tier_1_Question_Paper_2024_36_Shifts_19th_Sept_2024_Shift_3_EN.pdf,23,2,General Awareness,C,,
SSC_CGL_Tier_1_Question_Paper_2024_36_Shifts_19th_Sept_2024_Shift_3_EN.pdf,24,2,General Awareness,B,Answered,
SSC_CGL_Tier_1_Question_Paper_2024_36_Shifts_19th_Sept_2024_Shift_3_EN.pdf,25,2,General Awareness,,Not Answered,
SSC_CGL_Tier_1_Question_Paper_2024_36_Shifts_19th_Sept_2024_Shift_3_EN.pdf,1,3,Quantitative Aptitude,A,Answered,
SSC_CGL_Tier_1_Question_Paper_2024_36_Shifts_19th_Sept_2024_Shift_3_EN.pdf,2,3,Quantitative Aptitude,A,Answered,
SSC_CGL_Tier_1_Question_Paper_2024_36_Shifts_19th_Sept_2024_Shift_3_EN.pdf,3,3,Quantitative Aptitude,C,Answered,
SSC_CGL_Tier_1_Question_Paper_2024_36_Shifts_19th_Sept_2024_Shift_3_EN.pdf,4,3,Quantitative Aptitude,D,Answered,
SSC_CGL_Tier_1_Question_Paper_2024_36_Shifts_19th_Sept_2024_Shift_3_EN.pdf,5,3,Quantitative Aptitude,D,Answered,
SSC_CGL_Tier_1_Question_Paper_2024_36_Shifts_19th_Sept_2024_Shift_3_EN.pdf,6,3,Quantitative Aptitude,A,Answered,
SSC_CGL_Tier_1_Question_Paper_2024_36_Shifts_19th_Sept_2024_Shift_3_EN.pdf,7,3,Quantitative Aptitude,C,Answered,
SSC_CGL_Tier_1_Question_Paper_2024_36_Shifts_19th_Sept_2024_Shift_3_EN.pdf,8,3,Quantitative Aptitude,D,Answered,
SSC_CGL_Tier_1_Question_Paper_2024_36_Shifts_19th_Sept_2024_Shift_3_EN.pdf,9,3,Quantitative Aptitude,A,Answered,
SSC_CGL_Tier_1_Question_Paper_2024_36_Shifts_19th_Sept_2024_Shift_3_EN.pdf,10,3,Quantitative Aptitude,C,Answered,
SSC_CGL_Tier_1_Question_Paper_2024_36_Shifts_19th_Sept_2024_Shift_3_EN.pdf,11,3,Quantitative Aptitude,D,Answered,
SSC_CGL_Tier_1_Question_Paper_2024_36_Shifts_19th_Sept_2024_Shift_3_EN.pdf,12,3,Quantitative Aptitude,B,Answered,
SSC_CGL_Tier_1_Question_Paper_2024_36_Shifts_19th_Sept_2024_Shift_3_EN.pdf,13,3,Quantitative Aptitude,,Not Answered,
SSC_CGL_Tier_1_Question_Paper_2024_36_Shifts_19th_Sept_2024_Shift_3_EN.pdf,14,3,Quantitative Aptitude,C,Answered,
SSC_CGL_Tier_1_Question_Paper_2024_36_Shifts_19th_Sept_2024_Shift_3_EN.pdf,15,3,Quantitative Aptitude,A,Answered,
SSC_CGL_Tier_1_Question_Paper_2024_36_Shifts_19th_Sept_2024_Shift_3_EN.pdf,16,3,Quantitative Aptitude,C,Answered,
SSC_CGL_Tier_1_Question_Paper_2024_36_Shifts_19th_Sept_2024_Shift_3_EN.pdf,17,3,Quantitative Aptitude,C,Answered,
SSC_CGL_Tier_1_Question_Paper_2024_36_Shifts_19th_Sept_2024_Shift_3_EN.pdf,18,3,Quantitative Aptitude,A,Answered,
SSC_CGL_Tier_1_Question_Paper_2024_36_Shifts_19th_Sept_2024_Shift_3_EN.pdf,19,3,Quantitative Aptitude,D,Answered,
SSC_CGL_Tier_1_Question_Paper_2024_36_Shifts_19th_Sept_2024_Shift_3_EN.pdf,20,3,Quantitative Aptitude,C,Answered,
SSC_CGL_Tier_1_Question_Paper_2024_36_Shifts_19th_Sept_2024_Shift_3_EN.pdf,21,3,Quantitative Aptitude,A,Answered,
SSC_CGL_Tier_1_Question_Paper_2024_36_Shifts_19th_Sept_2024_Shift_3_EN.pdf,22,3,Quantitative Aptitude,B,Answered,
SSC_CGL_Tier_1_Question_Paper_2024_36_Shifts_19th_Sept_2024_Shift_3_EN.pdf,23,3,Quantitative Aptitude,,Not Answered,
SSC_CGL_Tier_1_Question_Paper_2024_36_Shifts_19th_Sept_2024_Shift_3_EN.pdf,24,3,Quantitative Aptitude,A,Answered,
SSC_CGL_Tier_1_Question_Paper_2024_36_Shifts_19th_Sept_2024_Shift_3_EN.pdf,25,3,Quantitative Aptitude,D,Answered,
SSC_CGL_Tier_1_Question_Paper_2024_36_Shifts_19th_Sept_2024_Shift_3_EN.pdf,1,4,English Comprehension,B,Answered,
SSC_CGL_Tier_1_Question_Paper_2024_36_Shifts_19th_Sept_2024_Shift_3_EN.pdf,2,4,English Comprehension,A,Answered,
SSC_CGL_Tier_1_Question_Paper_2024_36_Shifts_19th_Sept_2024_Shift_3_EN.pdf,3,4,English Comprehension,C,Answered,
SSC_CGL_Tier_1_Question_Paper_2024_36_Shifts_19th_Sept_2024_Shift_3_EN.pdf,4,4,English Comprehension,C,Answered,
SSC_CGL_Tier_1_Question_Paper_2024_36_Shifts_19th_Sept_2024_Shift_3_EN.pdf,5,4,English Comprehension,C,Answered,
SSC_CGL_Tier_1_Question_Paper_2024_36_Shifts_19th_Sept_2024_Shift_3_EN.pdf,6,4,English Comprehension,A,Answered,
SSC_CGL_Tier_1_Question_Paper_2024_36_Shifts_19th_Sept_2024_Shift_3_EN.pdf,7,4,English Comprehension,C,Answered,
SSC_CGL_Tier_1_Question_Paper_2024_36_Shifts_19th_Sept_2024_Shift_3_EN.pdf,8,4,English Comprehension,D,Answered,
SSC_CGL_Tier_1_Question_Paper_2024_36_Shifts_19th_Sept_2024_Shift_3_EN.pdf,9,4,English Comprehension,B,Answered,
SSC_CGL_Tier_1_Question_Paper_2024_36_Shifts_19th_Sept_2024_Shift_3_EN.pdf,10,4,English Comprehension,A,Answered,
SSC_CGL_Tier_1_Question_Paper_2024_36_Shifts_19th_Sept_2024_Shift_3_EN.pdf,11,4,English Comprehension,C,Answered,
SSC_CGL_Tier_1_Question_Paper_2024_36_Shifts_19th_Sept_2024_Shift_3_EN.pdf,12,4,English Comprehension,A,Answered,
SSC_CGL_Tier_1_Question_Paper_2024_36_Shifts_19th_Sept_2024_Shift_3_EN.pdf,13,4,English Comprehension,A,Answered,
SSC_CGL_Tier_1_Question_Paper_2024_36_Shifts_19th_Sept_2024_Shift_3_EN.pdf,14,4,English Comprehension,C,Answered,
SSC_CGL_Tier_1_Question_Paper_2024_36_Shifts_19th_Sept_2024_Shift_3_EN.pdf,15,4,English Comprehension,C,Answered,
SSC_CGL_Tier_1_Question_Paper_2024_36_Shifts_19th_Sept_2024_Shift_3_EN.pdf,16,4,English Comprehension,C,Answered,
SSC_CGL_Tier_1_Question_Paper_2024_36_Shifts_19th_Sept_2024_Shift_3_EN.pdf,17,4,English Comprehension,B,Answered,
SSC_CGL_Tier_1_Question_Paper_2024_36_Shifts_19th_Sept_2024_Shift_3_EN.pdf,18,4,English Comprehension,C,Answered,
SSC_CGL_Tier_1_Question_Paper_2024_36_Shifts_19th_Sept_2024_Shift_3_EN.pdf,19,4,English Comprehension,B,Answered,
SSC_CGL_Tier_1_Question_Paper_2024_36_Shifts_19th_Sept_2024_Shift_3_EN.pdf,20,4,English Comprehension,D,Answered,
SSC_CGL_Tier_1_Question_Paper_2024_36_Shifts_19th_Sept_2024_Shift_3_EN.pdf,21,4,English Comprehension,B,Answered,
SSC_CGL_Tier_1_Question_Paper_2024_36_Shifts_19th_Sept_2024_Shift_3_EN.pdf,22,4,English Comprehension,B,Answered,
SSC_CGL_Tier_1_Question_Paper_2024_36_Shifts_19th_Sept_2024_Shift_3_EN.pdf,23,4,English Comprehension,A,Answered,
SSC_CGL_Tier_1_Question_Paper_2024_36_Shifts_19th_Sept_2024_Shift_3_EN.pdf,24,4,English Comprehension,A,Answered,
SSC_CGL_Tier_1_Question_Paper_2024_36_Shifts_19th_Sept_2024_Shift_3_EN.pdf,25,4,English Comprehension,A,Answered,
SSC_CGL_Tier_1_Question_Paper_2024_36_Shifts_23rd_Sept_2024_Shift_1_EN.pdf,1,1,General Intelligence and Reasoning,A,Answered,
SSC_CGL_Tier_1_Question_Paper_2024_36_Shifts_23rd_Sept_2024_Shift_1_EN.pdf,2,1,General Intelligence and Reasoning,D,Answered,
SSC_CGL_Tier_1_Question_Paper_2024_36_Shifts_23rd_Sept_2024_Shift_1_EN.pdf,3,1,General Intelligence and Reasoning,D,Answered,
SSC_CGL_Tier_1_Question_Paper_2024_36_Shifts_23rd_Sept_2024_Shift_1_EN.pdf,4,1,General Intelligence and Reasoning,A,Answered,
SSC_CGL_Tier_1_Question_Paper_2024_36_Shifts_23rd_Sept_2024_Shift_1_EN.pdf,5,1,General Intelligence and Reasoning,A,Answered,
SSC_CGL_Tier_1_Question_Paper_2024_36_Shifts_23rd_Sept_2024_Shift_1_EN.pdf,6,1,General Intelligence and Reasoning,C,Answered,
SSC_CGL_Tier_1_Question_Paper_2024_36_Shifts_23rd_Sept_2024_Shift_1_EN.pdf,7,1,General Intelligence and Reasoning,B,,
SSC_CGL_Tier_1_Question_Paper_2024_36_Shifts_23rd_Sept_2024_Shift_1_EN.pdf,8,1,General Intelligence and Reasoning,C,Answered,
SSC_CGL_Tier_1_Question_Paper_2024_36_Shifts_23rd_Sept_2024_Shift_1_EN.pdf,9,1,General Intelligence and Reasoning,B,Answered,
SSC_CGL_Tier_1_Question_Paper_2024_36_Shifts_23rd_Sept_2024_Shift_1_EN.pdf,10,1,General Intelligence and Reasoning,C,Answered,
SSC_CGL_Tier_1_Question_Paper_2024_36_Shifts_23rd_Sept_2024_Shift_1_EN.pdf,11,1,General Intelligence and Reasoning,C,Answered,
SSC_CGL_Tier_1_Question_Paper_2024_36_Shifts_23rd_Sept_2024_Shift_1_EN.pdf,12,1,General Intelligence and Reasoning,A,Answered,
SSC_CGL_Tier_1_Question_Paper_2024_36_Shifts_23rd_Sept_2024_Shift_1_EN.pdf,13,1,General Intelligence and Reasoning,D,Answered,
SSC_CGL_Tier_1_Question_Paper_2024_36_Shifts_23rd_Sept_2024_Shift_1_EN.pdf,14,1,General Intelligence and Reasoning,C,Answered,
SSC_CGL_Tier_1_Question_Paper_2024_36_Shifts_23rd_Sept_2024_Shift_1_EN.pdf,15,1,General Intelligence and Reasoning,,Not Answered,
SSC_CGL_Tier_1_Question_Paper_2024_36_Shifts_23rd_Sept_2024_Shift_1_EN.pdf,16,1,General Intelligence and Reasoning,A,Answered,
SSC_CGL_Tier_1_Question_Paper_2024_36_Shifts_23rd_Sept_2024_Shift_1_EN.pdf,17,1,General Intelligence and Reasoning,C,Answered,
SSC_CGL_Tier_1_Question_Paper_2024_36_Shifts_23rd_Sept_2024_Shift_1_EN.pdf,18,1,General Intelligence and Reasoning,D,Answered,
SSC_CGL_Tier_1_Question_Paper_2024_36_Shifts_23rd_Sept_2024_Shift_1_EN.pdf,19,1,General Intelligence and Reasoning,A,Answered,
SSC_CGL_Tier_1_Question_Paper_2024_36_Shifts_23rd_Sept_2024_Shift_1_EN.pdf,20,1,General Intelligence and Reasoning,B,Answered,
SSC_CGL_Tier_1_Question_Paper_2024_36_Shifts_23rd_Sept_2024_Shift_1_EN.pdf,21,1,General Intelligence and Reasoning,A,Answered,
SSC_CGL_Tier_1_Question_Paper_2024_36_Shifts_23rd_Sept_2024_Shift_1_EN.pdf,22,1,General Intelligence and Reasoning,B,Answered,
SSC_CGL_Tier_1_Question_Paper_2024_36_Shifts_23rd_Sept_2024_Shift_1_EN.pdf,23,1,General Intelligence and Reasoning,C,Answered,
SSC_CGL_Tier_1_Question_Paper_2024_36_Shifts_23rd_Sept_2024_Shift_1_EN.pdf,24,1,General Intelligence and Reasoning,,Not Answered,
SSC_CGL_Tier_1_Question_Paper_2024_36_Shifts_23rd_Sept_2024_Shift_1_EN.pdf,25,1,General Intelligence and Reasoning,D,Answered,
SSC_CGL_Tier_1_Question_Paper_2024_36_Shifts_23rd_Sept_2024_Shift_1_EN.pdf,1,2,General Awareness,,Not Answered,
SSC_CGL_Tier_1_Question_Paper_2024_36_Shifts_23rd_Sept_2024_Shift_1_EN.pdf,2,2,General Awareness,D,Answered,
SSC_CGL_Tier_1_Question_Paper_2024_36_Shifts_23rd_Sept_2024_Shift_1_EN.pdf,3,2,General Awareness,A,Answered,
SSC_CGL_Tier_1_Question_Paper_2024_36_Shifts_23rd_Sept_2024_Shift_1_EN.pdf,4,2,General Awareness,D,Answered,
SSC_CGL_Tier_1_Question_Paper_2024_36_Shifts_23rd_Sept_2024_Shift_1_EN.pdf,5,2,General Awareness,C,Answered,
SSC_CGL_Tier_1_Question_Paper_2024_36_Shifts_23rd_Sept_2024_Shift_1_EN.pdf,6,2,General Awareness,,Not Answered,
SSC_CGL_Tier_1_Question_Paper_2024_36_Shifts_23rd_Sept_2024_Shift_1_EN.pdf,7,2,General Awareness,C,Answered,
SSC_CGL_Tier_1_Question_Paper_2024_36_Shifts_23rd_Sept_2024_Shift_1_EN.pdf,8,2,General Awareness,D,Answered,
SSC_CGL_Tier_1_Question_Paper_2024_36_Shifts_23rd_Sept_2024_Shift_1_EN.pdf,9,2,General Awareness,,Not Answered,
SSC_CGL_Tier_1_Question_Paper_2024_36_Shifts_23rd_Sept_2024_Shift_1_EN.pdf,10,2,General Awareness,,Not Answered,
SSC_CGL_Tier_1_Question_Paper_2024_36_Shifts_23rd_Sept_2024_Shift_1_EN.pdf,11,2,General Awareness,B,Answered,
SSC_CGL_Tier_1_Question_Paper_2024_36_Shifts_23rd_Sept_2024_Shift_1_EN.pdf,12,2,General Awareness,B,Answered,
SSC_CGL_Tier_1_Question_Paper_2024_36_Shifts_23rd_Sept_2024_Shift_1_EN.pdf,13,2,General Awareness,,Not Answered,
SSC_CGL_Tier_1_Question_Paper_2024_36_Shifts_23rd_Sept_2024_Shift_1_EN.pdf,14,2,General Awareness,,Not Answered,
SSC_CGL_Tier_1_Question_Paper_2024_36_Shifts_23rd_Sept_2024_Shift_1_EN.pdf,15,2,General Awareness,,Not Answered,
SSC_CGL_Tier_1_Question_Paper_2024_36_Shifts_23rd_Sept_2024_Shift_1_EN.pdf,16,2,General Awareness,,Not Answered,
SSC_CGL_Tier_1_Question_Paper_2024_36_Shifts_23rd_Sept_2024_Shift_1_EN.pdf,17,2,General Awareness,A,Answered,
SSC_CGL_Tier_1_Question_Paper_2024_36_Shifts_23rd_Sept_2024_Shift_1_EN.pdf,18,2,General Awareness,,Not Answered,
SSC_CGL_Tier_1_Question_Paper_2024_36_Shifts_23rd_Sept_2024_Shift_1_EN.pdf,19,2,General Awareness,C,Answered,
SSC_CGL_Tier_1_Question_Paper_2024_36_Shifts_23rd_Sept_2024_Shift_1_EN.pdf,20,2,General Awareness,A,Answered,
SSC_CGL_Tier_1_Question_Paper_2024_36_Shifts_23rd_Sept_2024_Shift_1_EN.pdf,21,2,General Awareness,D,Answered,
SSC_CGL_Tier_1_Question_Paper_2024_36_Shifts_23rd_Sept_2024_Shift_1_EN.pdf,22,2,General Awareness,,Not Answered,
SSC_CGL_Tier_1_Question_Paper_2024_36_Shifts_23rd_Sept_2024_Shift_1_EN.pdf,23,2,General Awareness,C,Answered,
SSC_CGL_Tier_1_Question_Paper_2024_36_Shifts_23rd_Sept_2024_Shift_1_EN.pdf,24,2,General Awareness,,Not Answered,
SSC_CGL_Tier_1_Question_Paper_2024_36_Shifts_23rd_Sept_2024_Shift_1_EN.pdf,25,2,General Awareness,,Not Answered,
SSC_CGL_Tier_1_Question_Paper_2024_36_Shifts_23rd_Sept_2024_Shift_1_EN.pdf,1,3,Quantitative Aptitude,C,Answered,
SSC_CGL_Tier_1_Question_Paper_2024_36_Shifts_23rd_Sept_2024_Shift_1_EN.pdf,2,3,Quantitative Aptitude,D,Answered,
SSC_CGL_Tier_1_Question_Paper_2024_36_Shifts_23rd_Sept_2024_Shift_1_EN.pdf,3,3,Quantitative Aptitude,,Not Answered,
SSC_CGL_Tier_1_Question_Paper_2024_36_Shifts_23rd_Sept_2024_Shift_1_EN.pdf,4,3,Quantitative Aptitude,,,
SSC_CGL_Tier_1_Question_Paper_2024_36_Shifts_23rd_Sept_2024_Shift_1_EN.pdf,5,3,Quantitative Aptitude,A,Answered,
SSC_CGL_Tier_1_Question_Paper_2024_36_Shifts_23rd_Sept_2024_Shift_1_EN.pdf,6,3,Quantitative Aptitude,C,Answered,
SSC_CGL_Tier_1_Question_Paper_2024_36_Shifts_23rd_Sept_2024_Shift_1_EN.pdf,7,3,Quantitative Aptitude,B,Answered,
SSC_CGL_Tier_1_Question_Paper_2024_36_Shifts_23rd_Sept_2024_Shift_1_EN.pdf,8,3,Quantitative Aptitude,B,Answered,
SSC_CGL_Tier_1_Question_Paper_2024_36_Shifts_23rd_Sept_2024_Shift_1_EN.pdf,9,3,Quantitative Aptitude,,Not Answered,
SSC_CGL_Tier_1_Question_Paper_2024_36_Shifts_23rd_Sept_2024_Shift_1_EN.pdf,10,3,Quantitative Aptitude,B,Answered,
SSC_CGL_Tier_1_Question_Paper_2024_36_Shifts_23rd_Sept_2024_Shift_1_EN.pdf,11,3,Quantitative Aptitude,,Not Answered,
SSC_CGL_Tier_1_Question_Paper_2024_36_Shifts_23rd_Sept_2024_Shift_1_EN.pdf,12,3,Quantitative Aptitude,C,Answered,
SSC_CGL_Tier_1_Question_Paper_2024_36_Shifts_23rd_Sept_2024_Shift_1_EN.pdf,13,3,Quantitative Aptitude,,Not Answered,
SSC_CGL_Tier_1_Question_Paper_2024_36_Shifts_23rd_Sept_2024_Shift_1_EN.pdf,14,3,Quantitative Aptitude,,Not Answered,
SSC_CGL_Tier_1_Question_Paper_2024_36_Shifts_23rd_Sept_2024_Shift_1_EN.pdf,15,3,Quantitative Aptitude,C,Answered,
SSC_CGL_Tier_1_Question_Paper_2024_36_Shifts_23rd_Sept_2024_Shift_1_EN.pdf,16,3,Quantitative Aptitude,,Not Answered,
SSC_CGL_Tier_1_Question_Paper_2024_36_Shifts_23rd_Sept_2024_Shift_1_EN.pdf,17,3,Quantitative Aptitude,A,Answered,
SSC_CGL_Tier_1_Question_Paper_2024_36_Shifts_23rd_Sept_2024_Shift_1_EN.pdf,18,3,Quantitative Aptitude,,Not Answered,
SSC_CGL_Tier_1_Question_Paper_2024_36_Shifts_23rd_Sept_2024_Shift_1_EN.pdf,19,3,Quantitative Aptitude,,Not Answered,
SSC_CGL_Tier_1_Question_Paper_2024_36_Shifts_23rd_Sept_2024_Shift_1_EN.pdf,20,3,Quantitative Aptitude,B,Answered,
SSC_CGL_Tier_1_Question_Paper_2024_36_Shifts_23rd_Sept_2024_Shift_1_EN.pdf,21,3,Quantitative Aptitude,,Not Answered,
SSC_CGL_Tier_1_Question_Paper_2024_36_Shifts_23rd_Sept_2024_Shift_1_EN.pdf,22,3,Quantitative Aptitude,,Not Answered,
SSC_CGL_Tier_1_Question_Paper_2024_36_Shifts_23rd_Sept_2024_Shift_1_EN.pdf,23,3,Quantitative Aptitude,B,Answered,
SSC_CGL_Tier_1_Question_Paper_2024_36_Shifts_23rd_Sept_2024_Shift_1_EN.pdf,24,3,Quantitative Aptitude,,Not Answered,
SSC_CGL_Tier_1_Question_Paper_2024_36_Shifts_23rd_Sept_2024_Shift_1_EN.pdf,25,3,Quantitative Aptitude,C,Answered,
SSC_CGL_Tier_1_Question_Paper_2024_36_Shifts_23rd_Sept_2024_Shift_1_EN.pdf,1,4,English Comprehension,A,Answered,
SSC_CGL_Tier_1_Question_Paper_2024_36_Shifts_23rd_Sept_2024_Shift_1_EN.pdf,2,4,English Comprehension,A,Answered,
SSC_CGL_Tier_1_Question_Paper_2024_36_Shifts_23rd_Sept_2024_Shift_1_EN.pdf,3,4,English Comprehension,B,Answered,
SSC_CGL_Tier_1_Question_Paper_2024_36_Shifts_23rd_Sept_2024_Shift_1_EN.pdf,4,4,English Comprehension,C,Answered,
SSC_CGL_Tier_1_Question_Paper_2024_36_Shifts_23rd_Sept_2024_Shift_1_EN.pdf,5,4,English Comprehension,C,Answered,
SSC_CGL_Tier_1_Question_Paper_2024_36_Shifts_23rd_Sept_2024_Shift_1_EN.pdf,6,4,English Comprehension,C,Answered,
SSC_CGL_Tier_1_Question_Paper_2024_36_Shifts_23rd_Sept_2024_Shift_1_EN.pdf,7,4,English Comprehension,D,Answered,
SSC_CGL_Tier_1_Question_Paper_2024_36_Shifts_23rd_Sept_2024_Shift_1_EN.pdf,8,4,English Comprehension,A,Answered,
SSC_CGL_Tier_1_Question_Paper_2024_36_Shifts_23rd_Sept_2024_Shift_1_EN.pdf,9,4,English Comprehension,A,Answered,
SSC_CGL_Tier_1_Question_Paper_2024_36_Shifts_23rd_Sept_2024_Shift_1_EN.pdf,10,4,English Comprehension,A,Answered,
SSC_CGL_Tier_1_Question_Paper_2024_36_Shifts_23rd_Sept_2024_Shift_1_EN.pdf,11,4,English Comprehension,B,Answered,
SSC_CGL_Tier_1_Question_Paper_2024_36_Shifts_23rd_Sept_2024_Shift_1_EN.pdf,12,4,English Comprehension,C,Answered,
SSC_CGL_Tier_1_Question_Paper_2024_36_Shifts_23rd_Sept_2024_Shift_1_EN.pdf,13,4,English Comprehension,B,Answered,
SSC_CGL_Tier_1_Question_Paper_2024_36_Shifts_23rd_Sept_2024_Shift_1_EN.pdf,14,4,English Comprehension,B,Answered,
SSC_CGL_Tier_1_Question_Paper_2024_36_Shifts_23rd_Sept_2024_Shift_1_EN.pdf,15,4,English Comprehension,D,Answered,
SSC_CGL_Tier_1_Question_Paper_2024_36_Shifts_23rd_Sept_2024_Shift_1_EN.pdf,16,4,English Comprehension,D,Answered,
SSC_CGL_Tier_1_Question_Paper_2024_36_Shifts_23rd_Sept_2024_Shift_1_EN.pdf,17,4,English Comprehension,B,Answered,
SSC_CGL_Tier_1_Question_Paper_2024_36_Shifts_23rd_Sept_2024_Shift_1_EN.pdf,18,4,English Comprehension,C,Answered,
SSC_CGL_Tier_1_Question_Paper_2024_36_Shifts_23rd_Sept_2024_Shift_1_EN.pdf,19,4,English Comprehension,B,Answered,
SSC_CGL_Tier_1_Question_Paper_2024_36_Shifts_23rd_Sept_2024_Shift_1_EN.pdf,20,4,English Comprehension,C,Answered,
SSC_CGL_Tier_1_Question_Paper_2024_36_Shifts_23rd_Sept_2024_Shift_1_EN.pdf,21,4,English Comprehension,A,Answered,
SSC_CGL_Tier_1_Question_Paper_2024_36_Shifts_23rd_Sept_2024_Shift_1_EN.pdf,22,4,English Comprehension,D,Answered,
SSC_CGL_Tier_1_Question_Paper_2024_36_Shifts_23rd_Sept_2024_Shift_1_EN.pdf,23,4,English Comprehension,A,Answered,
SSC_CGL_Tier_1_Question_Paper_2024_36_Shifts_23rd_Sept_2024_Shift_1_EN.pdf,24,4,English Comprehension,A,Answered,
SSC_CGL_Tier_1_Question_Paper_2024_36_Shifts_23rd_Sept_2024_Shift_1_EN.pdf,25,4,English Comprehension,,Not Answered,
SSC_CGL_Tier_1_Question_Paper_2024_36_Shifts_23rd_Sept_2024_Shift_2_EN.pdf,1,1,General Intelligence and Reasoning,C,Answered,
SSC_CGL_Tier_1_Question_Paper_2024_36_Shifts_23rd_Sept_2024_Shift_2_EN.pdf,2,1,General Intelligence and Reasoning,D,Answered,
SSC_CGL_Tier_1_Question_Paper_2024_36_Shifts_23rd_Sept_2024_Shift_2_EN.pdf,3,1,General Intelligence and Reasoning,A,Answered,
SSC_CGL_Tier_1_Question_Paper_2024_36_Shifts_23rd_Sept_2024_Shift_2_EN.pdf,4,1,General Intelligence and Reasoning,D,Answered,
SSC_CGL_Tier_1_Question_Paper_2024_36_Shifts_23rd_Sept_2024_Shift_2_EN.pdf,5,1,General Intelligence and Reasoning,B,Answered,
SSC_CGL_Tier_1_Question_Paper_2024_36_Shifts_23rd_Sept_2024_Shift_2_EN.pdf,6,1,General Intelligence and Reasoning,A,Answered,
SSC_CGL_Tier_1_Question_Paper_2024_36_Shifts_23rd_Sept_2024_Shift_2_EN.pdf,7,1,General Intelligence and Reasoning,D,Answered,
SSC_CGL_Tier_1_Question_Paper_2024_36_Shifts_23rd_Sept_2024_Shift_2_EN.pdf,8,1,General Intelligence and Reasoning,D,Answered,
SSC_CGL_Tier_1_Question_Paper_2024_36_Shifts_23rd_Sept_2024_Shift_2_EN.pdf,9,1,General Intelligence and Reasoning,D,Answered,
SSC_CGL_Tier_1_Question_Paper_2024_36_Shifts_23rd_Sept_2024_Shift_2_EN.pdf,10,1,General Intelligence and Reasoning,D,Answered,
SSC_CGL_Tier_1_Question_Paper_2024_36_Shifts_23rd_Sept_2024_Shift_2_EN.pdf,11,1,General Intelligence and Reasoning,C,Answered,
SSC_CGL_Tier_1_Question_Paper_2024_36_Shifts_23rd_Sept_2024_Shift_2_EN.pdf,12,1,General Intelligence and Reasoning,C,Answered,
SSC_CGL_Tier_1_Question_Paper_2024_36_Shifts_23rd_Sept_2024_Shift_2_EN.pdf,13,1,General Intelligence and Reasoning,B,Answered,
SSC_CGL_Tier_1_Question_Paper_2024_36_Shifts_23rd_Sept_2024_Shift_2_EN.pdf,14,1,General Intelligence and Reasoning,B,Answered,
SSC_CGL_Tier_1_Question_Paper_2024_36_Shifts_23rd_Sept_2024_Shift_2_EN.pdf,15,1,General Intelligence and Reasoning,B,Answered,
SSC_CGL_Tier_1_Question_Paper_2024_36_Shifts_23rd_Sept_2024_Shift_2_EN.pdf,16,1,General Intelligence and Reasoning,B,Answered,
SSC_CGL_Tier_1_Question_Paper_2024_36_Shifts_23rd_Sept_2024_Shift_2_EN.pdf,17,1,General Intelligence and Reasoning,B,Answered,
SSC_CGL_Tier_1_Question_Paper_2024_36_Shifts_23rd_Sept_2024_Shift_2_EN.pdf,18,1,General Intelligence and Reasoning,C,Answered,
SSC_CGL_Tier_1_Question_Paper_2024_36_Shifts_23rd_Sept_2024_Shift_2_EN.pdf,19,1,General Intelligence and Reasoning,D,Answered,
SSC_CGL_Tier_1_Question_Paper_2024_36_Shifts_23rd_Sept_2024_Shift_2_EN.pdf,20,1,General Intelligence and Reasoning,D,Answered,
SSC_CGL_Tier_1_Question_Paper_2024_36_Shifts_23rd_Sept_2024_Shift_2_EN.pdf,21,1,General Intelligence and Reasoning,,Not Answered,
SSC_CGL_Tier_1_Question_Paper_2024_36_Shifts_23rd_Sept_2024_Shift_2_EN.pdf,22,1,General Intelligence and Reasoning,A,Answered,
SSC_CGL_Tier_1_Question_Paper_2024_36_Shifts_23rd_Sept_2024_Shift_2_EN.pdf,23,1,General Intelligence and Reasoning,C,Answered,
SSC_CGL_Tier_1_Question_Paper_2024_36_Shifts_23rd_Sept_2024_Shift_2_EN.pdf,24,1,General Intelligence and Reasoning,B,Answered,
SSC_CGL_Tier_1_Question_Paper_2024_36_Shifts_23rd_Sept_2024_Shift_2_EN.pdf,25,1,General Intelligence and Reasoning,C,Answered,
SSC_CGL_Tier_1_Question_Paper_2024_36_Shifts_23rd_Sept_2024_Shift_2_EN.pdf,1,2,General Awareness,,Not Answered,
SSC_CGL_Tier_1_Question_Paper_2024_36_Shifts_23rd_Sept_2024_Shift_2_EN.pdf,2,2,General Awareness,B,Answered,
SSC_CGL_Tier_1_Question_Paper_2024_36_Shifts_23rd_Sept_2024_Shift_2_EN.pdf,3,2,General Awareness,D,Answered,
SSC_CGL_Tier_1_Question_Paper_2024_36_Shifts_23rd_Sept_2024_Shift_2_EN.pdf,4,2,General Awareness,,Not Answered,
SSC_CGL_Tier_1_Question_Paper_2024_36_Shifts_23rd_Sept_2024_Shift_2_EN.pdf,5,2,General Awareness,,Not Answered,
SSC_CGL_Tier_1_Question_Paper_2024_36_Shifts_23rd_Sept_2024_Shift_2_EN.pdf,6,2,General Awareness,,Not Answered,
SSC_CGL_Tier_1_Question_Paper_2024_36_Shifts_23rd_Sept_2024_Shift_2_EN.pdf,7,2,General Awareness,,Not Answered,
SSC_CGL_Tier_1_Question_Paper_2024_36_Shifts_23rd_Sept_2024_Shift_2_EN.pdf,8,2,General Awareness,,Not Answered,
SSC_CGL_Tier_1_Question_Paper_2024_36_Shifts_23rd_Sept_2024_Shift_2_EN.pdf,9,2,General Awareness,B,Answered,
SSC_CGL_Tier_1_Question_Paper_2024_36_Shifts_23rd_Sept_2024_Shift_2_EN.pdf,10,2,General Awareness,,Not Answered,
SSC_CGL_Tier_1_Question_Paper_2024_36_Shifts_23rd_Sept_2024_Shift_2_EN.pdf,11,2,General Awareness,,Not Answered,
SSC_CGL_Tier_1_Question_Paper_2024_36_Shifts_23rd_Sept_2024_Shift_2_EN.pdf,12,2,General Awareness,A,Answered,
SSC_CGL_Tier_1_Question_Paper_2024_36_Shifts_23rd_Sept_2024_Shift_2_EN.pdf,13,2,General Awareness,A,Answered,
SSC_CGL_Tier_1_Question_Paper_2024_36_Shifts_23rd_Sept_2024_Shift_2_EN.pdf,14,2,General Awareness,A,Answered,
SSC_CGL_Tier_1_Question_Paper_2024_36_Shifts_23rd_Sept_2024_Shift_2_EN.pdf,15,2,General Awareness,A,Answered,
SSC_CGL_Tier_1_Question_Paper_2024_36_Shifts_23rd_Sept_2024_Shift_2_EN.pdf,16,2,General Awareness,C,Answered,
SSC_CGL_Tier_1_Question_Paper_2024_36_Shifts_23rd_Sept_2024_Shift_2_EN.pdf,17,2,General Awareness,C,Answered,
SSC_CGL_Tier_1_Question_Paper_2024_36_Shifts_23rd_Sept_2024_Shift_2_EN.pdf,18,2,General Awareness,,Not Answered,
SSC_CGL_Tier_1_Question_Paper_2024_36_Shifts_23rd_Sept_2024_Shift_2_EN.pdf,19,2,General Awareness,,Not Answered,
SSC_CGL_Tier_1_Question_Paper_2024_36_Shifts_23rd_Sept_2024_Shift_2_EN.pdf,20,2,General Awareness,,Not Answered,
SSC_CGL_Tier_1_Question_Paper_2024_36_Shifts_23rd_Sept_2024_Shift_2_EN.pdf,21,2,General Awareness,,Not Answered,
SSC_CGL_Tier_1_Question_Paper_2024_36_Shifts_23rd_Sept_2024_Shift_2_EN.pdf,22,2,General Awareness,,Not Answered,
SSC_CGL_Tier_1_Question_Paper_2024_36_Shifts_23rd_Sept_2024_Shift_2_EN.pdf,23,2,General Awareness,D,Answered,
SSC_CGL_Tier_1_Question_Paper_2024_36_Shifts_23rd_Sept_2024_Shift_2_EN.pdf,24,2,General Awareness,A,Answered,
SSC_CGL_Tier_1_Question_Paper_2024_36_Shifts_23rd_Sept_2024_Shift_2_EN.pdf,25,2,General Awareness,,Not Answered,
SSC_CGL_Tier_1_Question_Paper_2024_36_Shifts_23rd_Sept_2024_Shift_2_EN.pdf,1,3,Quantitative Aptitude,B,Answered,
SSC_CGL_Tier_1_Question_Paper_2024_36_Shifts_23rd_Sept_2024_Shift_2_EN.pdf,2,3,Quantitative Aptitude,,Not Answered,
SSC_CGL_Tier_1_Question_Paper_2024_36_Shifts_23rd_Sept_2024_Shift_2_EN.pdf,3,3,Quantitative Aptitude,A,Answered,
SSC_CGL_Tier_1_Question_Paper_2024_36_Shifts_23rd_Sept_2024_Shift_2_EN.pdf,4,3,Quantitative Aptitude,A,Answered,
SSC_CGL_Tier_1_Question_Paper_2024_36_Shifts_23rd_Sept_2024_Shift_2_EN.pdf,5,3,Quantitative Aptitude,,Not Answered,
SSC_CGL_Tier_1_Question_Paper_2024_36_Shifts_23rd_Sept_2024_Shift_2_EN.pdf,6,3,Quantitative Aptitude,D,Answered,
SSC_CGL_Tier_1_Question_Paper_2024_36_Shifts_23rd_Sept_2024_Shift_2_EN.pdf,7,3,Quantitative Aptitude,,Not Answered,
SSC_CGL_Tier_1_Question_Paper_2024_36_Shifts_23rd_Sept_2024_Shift_2_EN.pdf,8,3,Quantitative Aptitude,,Not Answered,
SSC_CGL_Tier_1_Question_Paper_2024_36_Shifts_23rd_Sept_2024_Shift_2_EN.pdf,9,3,Quantitative Aptitude,,Not Answered,
SSC_CGL_Tier_1_Question_Paper_2024_36_Shifts_23rd_Sept_2024_Shift_2_EN.pdf,10,3,Quantitative Aptitude,B,Answered,
SSC_CGL_Tier_1_Question_Paper_2024_36_Shifts_23rd_Sept_2024_Shift_2_EN.pdf,11,3,Quantitative Aptitude,A,Answered,
SSC_CGL_Tier_1_Question_Paper_2024_36_Shifts_23rd_Sept_2024_Shift_2_EN.pdf,12,3,Quantitative Aptitude,A,Answered,
SSC_CGL_Tier_1_Question_Paper_2024_36_Shifts_23rd_Sept_2024_Shift_2_EN.pdf,13,3,Quantitative Aptitude,D,Answered,
SSC_CGL_Tier_1_Question_Paper_2024_36_Shifts_23rd_Sept_2024_Shift_2_EN.pdf,14,3,Quantitative Aptitude,A,Answered,
SSC_CGL_Tier_1_Question_Paper_2024_36_Shifts_23rd_Sept_2024_Shift_2_EN.pdf,15,3,Quantitative Aptitude,,Not Answered,
SSC_CGL_Tier_1_Question_Paper_2024_36_Shifts_23rd_Sept_2024_Shift_2_EN.pdf,16,3,Quantitative Aptitude,B,Answered,
SSC_CGL_Tier_1_Question_Paper_2024_36_Shifts_23rd_Sept_2024_Shift_2_EN.pdf,17,3,Quantitative Aptitude,D,Answered,
SSC_CGL_Tier_1_Question_Paper_2024_36_Shifts_23rd_Sept_2024_Shift_2_EN.pdf,18,3,Quantitative Aptitude,B,Answered,
SSC_CGL_Tier_1_Question_Paper_2024_36_Shifts_23rd_Sept_2024_Shift_2_EN.pdf,19,3,Quantitative Aptitude,,Not Answered,
SSC_CGL_Tier_1_Question_Paper_2024_36_Shifts_23rd_Sept_2024_Shift_2_EN.pdf,20,3,Quantitative Aptitude,A,Answered,
SSC_CGL_Tier_1_Question_Paper_2024_36_Shifts_23rd_Sept_2024_Shift_2_EN.pdf,21,3,Quantitative Aptitude,,Not Answered,
SSC_CGL_Tier_1_Question_Paper_2024_36_Shifts_23rd_Sept_2024_Shift_2_EN.pdf,22,3,Quantitative Aptitude,A,Answered,
SSC_CGL_Tier_1_Question_Paper_2024_36_Shifts_23rd_Sept_2024_Shift_2_EN.pdf,23,3,Quantitative Aptitude,A,Answered,
SSC_CGL_Tier_1_Question_Paper_2024_36_Shifts_23rd_Sept_2024_Shift_2_EN.pdf,24,3,Quantitative Aptitude,,Not Answered,
SSC_CGL_Tier_1_Question_Paper_2024_36_Shifts_23rd_Sept_2024_Shift_2_EN.pdf,25,3,Quantitative Aptitude,,Not Answered,
SSC_CGL_Tier_1_Question_Paper_2024_36_Shifts_23rd_Sept_2024_Shift_2_EN.pdf,1,4,English Comprehension,,Not Answered,
SSC_CGL_Tier_1_Question_Paper_2024_36_Shifts_23rd_Sept_2024_Shift_2_EN.pdf,2,4,English Comprehension,B,Answered,
SSC_CGL_Tier_1_Question_Paper_2024_36_Shifts_23rd_Sept_2024_Shift_2_EN.pdf,3,4,English Comprehension,C,Answered,
SSC_CGL_Tier_1_Question_Paper_2024_36_Shifts_23rd_Sept_2024_Shift_2_EN.pdf,4,4,English Comprehension,A,Answered,
SSC_CGL_Tier_1_Question_Paper_2024_36_Shifts_23rd_Sept_2024_Shift_2_EN.pdf,5,4,English Comprehension,B,Answered,
SSC_CGL_Tier_1_Question_Paper_2024_36_Shifts_23rd_Sept_2024_Shift_2_EN.pdf,6,4,English Comprehension,D,Answered,
SSC_CGL_Tier_1_Question_Paper_2024_36_Shifts_23rd_Sept_2024_Shift_2_EN.pdf,7,4,English Comprehension,D,Answered,
SSC_CGL_Tier_1_Question_Paper_2024_36_Shifts_23rd_Sept_2024_Shift_2_EN.pdf,8,4,English Comprehension,D,Answered,
SSC_CGL_Tier_1_Question_Paper_2024_36_Shifts_23rd_Sept_2024_Shift_2_EN.pdf,9,4,English Comprehension,B,Answered,
SSC_CGL_Tier_1_Question_Paper_2024_36_Shifts_23rd_Sept_2024_Shift_2_EN.pdf,10,4,English Comprehension,A,Answered,
SSC_CGL_Tier_1_Question_Paper_2024_36_Shifts_23rd_Sept_2024_Shift_2_EN.pdf,11,4,English Comprehension,A,Answered,
SSC_CGL_Tier_1_Question_Paper_2024_36_Shifts_23rd_Sept_2024_Shift_2_EN.pdf,12,4,English Comprehension,D,Answered,
SSC_CGL_Tier_1_Question_Paper_2024_36_Shifts_23rd_Sept_2024_Shift_2_EN.pdf,13,4,English Comprehension,C,Answered,
SSC_CGL_Tier_1_Question_Paper_2024_36_Shifts_23rd_Sept_2024_Shift_2_EN.pdf,14,4,English Comprehension,A,Answered,
SSC_CGL_Tier_1_Question_Paper_2024_36_Shifts_23rd_Sept_2024_Shift_2_EN.pdf,15,4,English Comprehension,D,Answered,
SSC_CGL_Tier_1_Question_Paper_2024_36_Shifts_23rd_Sept_2024_Shift_2_EN.pdf,16,4,English Comprehension,D,Answered,
SSC_CGL_Tier_1_Question_Paper_2024_36_Shifts_23rd_Sept_2024_Shift_2_EN.pdf,17,4,English Comprehension,C,Answered,
SSC_CGL_Tier_1_Question_Paper_2024_36_Shifts_23rd_Sept_2024_Shift_2_EN.pdf,18,4,English Comprehension,D,Answered,
SSC_CGL_Tier_1_Question_Paper_2024_36_Shifts_23rd_Sept_2024_Shift_2_EN.pdf,19,4,English Comprehension,C,Answered,
SSC_CGL_Tier_1_Question_Paper_2024_36_Shifts_23rd_Sept_2024_Shift_2_EN.pdf,20,4,English Comprehension,A,Answered,
SSC_CGL_Tier_1_Question_Paper_2024_36_Shifts_23rd_Sept_2024_Shift_2_EN.pdf,21,4,English Comprehension,A,Answered,
SSC_CGL_Tier_1_Question_Paper_2024_36_Shifts_23rd_Sept_2024_Shift_2_EN.pdf,22,4,English Comprehension,A,Answered,
SSC_CGL_Tier_1_Question_Paper_2024_36_Shifts_23rd_Sept_2024_Shift_2_EN.pdf,23,4,English Comprehension,,Not Answered,
SSC_CGL_Tier_1_Question_Paper_2024_36_Shifts_23rd_Sept_2024_Shift_2_EN.pdf,24,4,English Comprehension,D,Answered,
SSC_CGL_Tier_1_Question_Paper_2024_36_Shifts_23rd_Sept_2024_Shift_2_EN.pdf,25,4,English Comprehension,,Not Answered,
SSC_CGL_Tier_1_Question_Paper_2024_36_Shifts_23rd_Sept_2024_Shift_3_EN.pdf,1,1,General Intelligence and Reasoning,D,Answered,
SSC_CGL_Tier_1_Question_Paper_2024_36_Shifts_23rd_Sept_2024_Shift_3_EN.pdf,2,1,General Intelligence and Reasoning,D,Answered,
SSC_CGL_Tier_1_Question_Paper_2024_36_Shifts_23rd_Sept_2024_Shift_3_EN.pdf,3,1,General Intelligence and Reasoning,D,Answered,
SSC_CGL_Tier_1_Question_Paper_2024_36_Shifts_23rd_Sept_2024_Shift_3_EN.pdf,4,1,General Intelligence and Reasoning,A,Answered,
SSC_CGL_Tier_1_Question_Paper_2024_36_Shifts_23rd_Sept_2024_Shift_3_EN.pdf,5,1,General Intelligence and Reasoning,B,Answered,
SSC_CGL_Tier_1_Question_Paper_2024_36_Shifts_23rd_Sept_2024_Shift_3_EN.pdf,6,1,General Intelligence and Reasoning,,,
SSC_CGL_Tier_1_Question_Paper_2024_36_Shifts_23rd_Sept_2024_Shift_3_EN.pdf,7,1,General Intelligence and Reasoning,D,Answered,
SSC_CGL_Tier_1_Question_Paper_2024_36_Shifts_23rd_Sept_2024_Shift_3_EN.pdf,8,1,General Intelligence and Reasoning,,Not Answered,
SSC_CGL_Tier_1_Question_Paper_2024_36_Shifts_23rd_Sept_2024_Shift_3_EN.pdf,9,1,General Intelligence and Reasoning,D,Answered,
SSC_CGL_Tier_1_Question_Paper_2024_36_Shifts_23rd_Sept_2024_Shift_3_EN.pdf,10,1,General Intelligence and Reasoning,,Not Answered,
SSC_CGL_Tier_1_Question_Paper_2024_36_Shifts_23rd_Sept_2024_Shift_3_EN.pdf,11,1,General Intelligence and Reasoning,C,,
SSC_CGL_Tier_1_Question_Paper_2024_36_Shifts_23rd_Sept_2024_Shift_3_EN.pdf,12,1,General Intelligence and Reasoning,A,Answered,
SSC_CGL_Tier_1_Question_Paper_2024_36_Shifts_23rd_Sept_2024_Shift_3_EN.pdf,13,1,General Intelligence and Reasoning,A,Answered,
SSC_CGL_Tier_1_Question_Paper_2024_36_Shifts_23rd_Sept_2024_Shift_3_EN.pdf,14,1,General Intelligence and Reasoning,C,Answered,
SSC_CGL_Tier_1_Question_Paper_2024_36_Shifts_23rd_Sept_2024_Shift_3_EN.pdf,15,1,General Intelligence and Reasoning,C,Answered,
SSC_CGL_Tier_1_Question_Paper_2024_36_Shifts_23rd_Sept_2024_Shift_3_EN.pdf,16,1,General Intelligence and Reasoning,,Not Answered,
SSC_CGL_Tier_1_Question_Paper_2024_36_Shifts_23rd_Sept_2024_Shift_3_EN.pdf,17,1,General Intelligence and Reasoning,,Not Answered,
SSC_CGL_Tier_1_Question_Paper_2024_36_Shifts_23rd_Sept_2024_Shift_3_EN.pdf,18,1,General Intelligence and Reasoning,A,Answered,
SSC_CGL_Tier_1_Question_Paper_2024_36_Shifts_23rd_Sept_2024_Shift_3_EN.pdf,19,1,General Intelligence and Reasoning,D,Answered,
SSC_CGL_Tier_1_Question_Paper_2024_36_Shifts_23rd_Sept_2024_Shift_3_EN.pdf,20,1,General Intelligence and Reasoning,D,Answered,
SSC_CGL_Tier_1_Question_Paper_2024_36_Shifts_23rd_Sept_2024_Shift_3_EN.pdf,21,1,General Intelligence and Reasoning,A,Answered,
SSC_CGL_Tier_1_Question_Paper_2024_36_Shifts_23rd_Sept_2024_Shift_3_EN.pdf,22,1,General Intelligence and Reasoning,B,Answered,
SSC_CGL_Tier_1_Question_Paper_2024_36_Shifts_23rd_Sept_2024_Shift_3_EN.pdf,23,1,General Intelligence and Reasoning,D,Answered,
SSC_CGL_Tier_1_Question_Paper_2024_36_Shifts_23rd_Sept_2024_Shift_3_EN.pdf,24,1,General Intelligence and Reasoning,,Not Answered,
SSC_CGL_Tier_1_Question_Paper_2024_36_Shifts_23rd_Sept_2024_Shift_3_EN.pdf,25,1,General Intelligence and Reasoning,B,Answered,
SSC_CGL_Tier_1_Question_Paper_2024_36_Shifts_23rd_Sept_2024_Shift_3_EN.pdf,1,2,General Awareness,D,Answered,
SSC_CGL_Tier_1_Question_Paper_2024_36_Shifts_23rd_Sept_2024_Shift_3_EN.pdf,2,2,General Awareness,A,Answered,
SSC_CGL_Tier_1_Question_Paper_2024_36_Shifts_23rd_Sept_2024_Shift_3_EN.pdf,3,2,General Awareness,D,Answered,
SSC_CGL_Tier_1_Question_Paper_2024_36_Shifts_23rd_Sept_2024_Shift_3_EN.pdf,4,2,General Awareness,C,Answered,
SSC_CGL_Tier_1_Question_Paper_2024_36_Shifts_23rd_Sept_2024_Shift_3_EN.pdf,5,2,General Awareness,B,Answered,
SSC_CGL_Tier_1_Question_Paper_2024_36_Shifts_23rd_Sept_2024_Shift_3_EN.pdf,6,2,General Awareness,C,Answered,
SSC_CGL_Tier_1_Question_Paper_2024_36_Shifts_23rd_Sept_2024_Shift_3_EN.pdf,7,2,General Awareness,,,
SSC_CGL_Tier_1_Question_Paper_2024_36_Shifts_23rd_Sept_2024_Shift_3_EN.pdf,8,2,General Awareness,,,
SSC_CGL_Tier_1_Question_Paper_2024_36_Shifts_23rd_Sept_2024_Shift_3_EN.pdf,9,2,General Awareness,,,
SSC_CGL_Tier_1_Question_Paper_2024_36_Shifts_23rd_Sept_2024_Shift_3_EN.pdf,10,2,General Awareness,,,
SSC_CGL_Tier_1_Question_Paper_2024_36_Shifts_23rd_Sept_2024_Shift_3_EN.pdf,11,2,General Awareness,,,
SSC_CGL_Tier_1_Question_Paper_2024_36_Shifts_23rd_Sept_2024_Shift_3_EN.pdf,12,2,General Awareness,,,
SSC_CGL_Tier_1_Question_Paper_2024_36_Shifts_23rd_Sept_2024_Shift_3_EN.pdf,13,2,General Awareness,B,Answered,
SSC_CGL_Tier_1_Question_Paper_2024_36_Shifts_23rd_Sept_2024_Shift_3_EN.pdf,14,2,General Awareness,D,Answered,
SSC_CGL_Tier_1_Question_Paper_2024_36_Shifts_23rd_Sept_2024_Shift_3_EN.pdf,15,2,General Awareness,B,Answered,
SSC_CGL_Tier_1_Question_Paper_2024_36_Shifts_23rd_Sept_2024_Shift_3_EN.pdf,16,2,General Awareness,,,
SSC_CGL_Tier_1_Question_Paper_2024_36_Shifts_23rd_Sept_2024_Shift_3_EN.pdf,17,2,General Awareness,B,Answered,
SSC_CGL_Tier_1_Question_Paper_2024_36_Shifts_23rd_Sept_2024_Shift_3_EN.pdf,18,2,General Awareness,,Not Answered,
SSC_CGL_Tier_1_Question_Paper_2024_36_Shifts_23rd_Sept_2024_Shift_3_EN.pdf,19,2,General Awareness,A,Answered,
SSC_CGL_Tier_1_Question_Paper_2024_36_Shifts_23rd_Sept_2024_Shift_3_EN.pdf,20,2,General Awareness,B,,
SSC_CGL_Tier_1_Question_Paper_2024_36_Shifts_23rd_Sept_2024_Shift_3_EN.pdf,21,2,General Awareness,C,Answered,
SSC_CGL_Tier_1_Question_Paper_2024_36_Shifts_23rd_Sept_2024_Shift_3_EN.pdf,22,2,General Awareness,,Not Answered,
SSC_CGL_Tier_1_Question_Paper_2024_36_Shifts_23rd_Sept_2024_Shift_3_EN.pdf,23,2,General Awareness,,,
SSC_CGL_Tier_1_Question_Paper_2024_36_Shifts_23rd_Sept_2024_Shift_3_EN.pdf,24,2,General Awareness,,Not Answered,
SSC_CGL_Tier_1_Question_Paper_2024_36_Shifts_23rd_Sept_2024_Shift_3_EN.pdf,25,2,General Awareness,B,Answered,
SSC_CGL_Tier_1_Question_Paper_2024_36_Shifts_23rd_Sept_2024_Shift_3_EN.pdf,1,3,Quantitative Aptitude,,Not Answered,
SSC_CGL_Tier_1_Question_Paper_2024_36_Shifts_23rd_Sept_2024_Shift_3_EN.pdf,2,3,Quantitative Aptitude,B,Answered,
SSC_CGL_Tier_1_Question_Paper_2024_36_Shifts_23rd_Sept_2024_Shift_3_EN.pdf,3,3,Quantitative Aptitude,B,Answered,
SSC_CGL_Tier_1_Question_Paper_2024_36_Shifts_23rd_Sept_2024_Shift_3_EN.pdf,4,3,Quantitative Aptitude,D,Answered,
SSC_CGL_Tier_1_Question_Paper_2024_36_Shifts_23rd_Sept_2024_Shift_3_EN.pdf,5,3,Quantitative Aptitude,D,Answered,
SSC_CGL_Tier_1_Question_Paper_2024_36_Shifts_23rd_Sept_2024_Shift_3_EN.pdf,6,3,Quantitative Aptitude,,Not Answered,
SSC_CGL_Tier_1_Question_Paper_2024_36_Shifts_23rd_Sept_2024_Shift_3_EN.pdf,7,3,Quantitative Aptitude,,Not Answered,
SSC_CGL_Tier_1_Question_Paper_2024_36_Shifts_23rd_Sept_2024_Shift_3_EN.pdf,8,3,Quantitative Aptitude,,,
SSC_CGL_Tier_1_Question_Paper_2024_36_Shifts_23rd_Sept_2024_Shift_3_EN.pdf,9,3,Quantitative Aptitude,,Not Answered,
SSC_CGL_Tier_1_Question_Paper_2024_36_Shifts_23rd_Sept_2024_Shift_3_EN.pdf,10,3,Quantitative Aptitude,A,Answered,
SSC_CGL_Tier_1_Question_Paper_2024_36_Shifts_23rd_Sept_2024_Shift_3_EN.pdf,11,3,Quantitative Aptitude,,Not Answered,
SSC_CGL_Tier_1_Question_Paper_2024_36_Shifts_23rd_Sept_2024_Shift_3_EN.pdf,12,3,Quantitative Aptitude,,Not Answered,
SSC_CGL_Tier_1_Question_Paper_2024_36_Shifts_23rd_Sept_2024_Shift_3_EN.pdf,13,3,Quantitative Aptitude,A,Answered,
SSC_CGL_Tier_1_Question_Paper_2024_36_Shifts_23rd_Sept_2024_Shift_3_EN.pdf,14,3,Quantitative Aptitude,,Not Answered,
SSC_CGL_Tier_1_Question_Paper_2024_36_Shifts_23rd_Sept_2024_Shift_3_EN.pdf,15,3,Quantitative Aptitude,A,Answered,
SSC_CGL_Tier_1_Question_Paper_2024_36_Shifts_23rd_Sept_2024_Shift_3_EN.pdf,16,3,Quantitative Aptitude,,Not Answered,
SSC_CGL_Tier_1_Question_Paper_2024_36_Shifts_23rd_Sept_2024_Shift_3_EN.pdf,17,3,Quantitative Aptitude,B,Answered,
SSC_CGL_Tier_1_Question_Paper_2024_36_Shifts_23rd_Sept_2024_Shift_3_EN.pdf,18,3,Quantitative Aptitude,C,Answered,
SSC_CGL_Tier_1_Question_Paper_2024_36_Shifts_23rd_Sept_2024_Shift_3_EN.pdf,19,3,Quantitative Aptitude,,,
SSC_CGL_Tier_1_Question_Paper_2024_36_Shifts_23rd_Sept_2024_Shift_3_EN.pdf,20,3,Quantitative Aptitude,B,,
SSC_CGL_Tier_1_Question_Paper_2024_36_Shifts_23rd_Sept_2024_Shift_3_EN.pdf,21,3,Quantitative Aptitude,,,
SSC_CGL_Tier_1_Question_Paper_2024_36_Shifts_23rd_Sept_2024_Shift_3_EN.pdf,22,3,Quantitative Aptitude,D,Answered,
SSC_CGL_Tier_1_Question_Paper_2024_36_Shifts_23rd_Sept_2024_Shift_3_EN.pdf,23,3,Quantitative Aptitude,,Not Answered,
SSC_CGL_Tier_1_Question_Paper_2024_36_Shifts_23rd_Sept_2024_Shift_3_EN.pdf,24,3,Quantitative Aptitude,,Not Answered,
SSC_CGL_Tier_1_Question_Paper_2024_36_Shifts_23rd_Sept_2024_Shift_3_EN.pdf,25,3,Quantitative Aptitude,,Not Answered,
SSC_CGL_Tier_1_Question_Paper_2024_36_Shifts_23rd_Sept_2024_Shift_3_EN.pdf,1,4,English Comprehension,C,Answered,
SSC_CGL_Tier_1_Question_Paper_2024_36_Shifts_23rd_Sept_2024_Shift_3_EN.pdf,2,4,English Comprehension,B,Answered,
SSC_CGL_Tier_1_Question_Paper_2024_36_Shifts_23rd_Sept_2024_Shift_3_EN.pdf,3,4,English Comprehension,A,Answered,
SSC_CGL_Tier_1_Question_Paper_2024_36_Shifts_23rd_Sept_2024_Shift_3_EN.pdf,4,4,English Comprehension,C,Answered,
SSC_CGL_Tier_1_Question_Paper_2024_36_Shifts_23rd_Sept_2024_Shift_3_EN.pdf,5,4,English Comprehension,B,Answered,
SSC_CGL_Tier_1_Question_Paper_2024_36_Shifts_23rd_Sept_2024_Shift_3_EN.pdf,6,4,English Comprehension,A,Answered,
SSC_CGL_Tier_1_Question_Paper_2024_36_Shifts_23rd_Sept_2024_Shift_3_EN.pdf,7,4,English Comprehension,C,Answered,
SSC_CGL_Tier_1_Question_Paper_2024_36_Shifts_23rd_Sept_2024_Shift_3_EN.pdf,8,4,English Comprehension,D,Answered,
SSC_CGL_Tier_1_Question_Paper_2024_36_Shifts_23rd_Sept_2024_Shift_3_EN.pdf,9,4,English Comprehension,B,Answered,
SSC_CGL_Tier_1_Question_Paper_2024_36_Shifts_23rd_Sept_2024_Shift_3_EN.pdf,10,4,English Comprehension,A,Answered,
SSC_CGL_Tier_1_Question_Paper_2024_36_Shifts_23rd_Sept_2024_Shift_3_EN.pdf,11,4,English Comprehension,C,Answered,
SSC_CGL_Tier_1_Question_Paper_2024_36_Shifts_23rd_Sept_2024_Shift_3_EN.pdf,12,4,English Comprehension,A,Answered,
SSC_CGL_Tier_1_Question_Paper_2024_36_Shifts_23rd_Sept_2024_Shift_3_EN.pdf,13,4,English Comprehension,A,Answered,
SSC_CGL_Tier_1_Question_Paper_2024_36_Shifts_23rd_Sept_2024_Shift_3_EN.pdf,14,4,English Comprehension,B,Answered,
SSC_CGL_Tier_1_Question_Paper_2024_36_Shifts_23rd_Sept_2024_Shift_3_EN.pdf,15,4,English Comprehension,A,Answered,
SSC_CGL_Tier_1_Question_Paper_2024_36_Shifts_23rd_Sept_2024_Shift_3_EN.pdf,16,4,English Comprehension,A,Answered,
SSC_CGL_Tier_1_Question_Paper_2024_36_Shifts_23rd_Sept_2024_Shift_3_EN.pdf,17,4,English Comprehension,D,Answered,
SSC_CGL_Tier_1_Question_Paper_2024_36_Shifts_23rd_Sept_2024_Shift_3_EN.pdf,18,4,English Comprehension,C,Answered,
SSC_CGL_Tier_1_Question_Paper_2024_36_Shifts_23rd_Sept_2024_Shift_3_EN.pdf,19,4,English Comprehension,A,Answered,
SSC_CGL_Tier_1_Question_Paper_2024_36_Shifts_23rd_Sept_2024_Shift_3_EN.pdf,20,4,English Comprehension,A,Answered,
SSC_CGL_Tier_1_Question_Paper_2024_36_Shifts_23rd_Sept_2024_Shift_3_EN.pdf,21,4,English Comprehension,C,Answered,
SSC_CGL_Tier_1_Question_Paper_2024_36_Shifts_23rd_Sept_2024_Shift_3_EN.pdf,22,4,English Comprehension,A,Answered,
SSC_CGL_Tier_1_Question_Paper_2024_36_Shifts_23rd_Sept_2024_Shift_3_EN.pdf,23,4,English Comprehension,B,Answered,
SSC_CGL_Tier_1_Question_Paper_2024_36_Shifts_23rd_Sept_2024_Shift_3_EN.pdf,24,4,English Comprehension,B,Answered,
SSC_CGL_Tier_1_Question_Paper_2024_36_Shifts_23rd_Sept_2024_Shift_3_EN.pdf,25,4,English Comprehension,C,Answered,
SSC_CGL_Tier_1_Question_Paper_2024_36_Shifts_24th_Sept_2024_Shift_1_EN.pdf,1,1,General Intelligence and Reasoning,A,,
SSC_CGL_Tier_1_Question_Paper_2024_36_Shifts_24th_Sept_2024_Shift_1_EN.pdf,2,1,General Intelligence and Reasoning,,,
SSC_CGL_Tier_1_Question_Paper_2024_36_Shifts_24th_Sept_2024_Shift_1_EN.pdf,3,1,General Intelligence and Reasoning,B,Answered,
SSC_CGL_Tier_1_Question_Paper_2024_36_Shifts_24th_Sept_2024_Shift_1_EN.pdf,4,1,General Intelligence and Reasoning,,,
SSC_CGL_Tier_1_Question_Paper_2024_36_Shifts_24th_Sept_2024_Shift_1_EN.pdf,5,1,General Intelligence and Reasoning,,,
SSC_CGL_Tier_1_Question_Paper_2024_36_Shifts_24th_Sept_2024_Shift_1_EN.pdf,6,1,General Intelligence and Reasoning,C,Answered,
SSC_CGL_Tier_1_Question_Paper_2024_36_Shifts_24th_Sept_2024_Shift_1_EN.pdf,7,1,General Intelligence and Reasoning,B,Answered,
SSC_CGL_Tier_1_Question_Paper_2024_36_Shifts_24th_Sept_2024_Shift_1_EN.pdf,8,1,General Intelligence and Reasoning,D,Answered,
SSC_CGL_Tier_1_Question_Paper_2024_36_Shifts_24th_Sept_2024_Shift_1_EN.pdf,9,1,General Intelligence and Reasoning,B,Answered,
SSC_CGL_Tier_1_Question_Paper_2024_36_Shifts_24th_Sept_2024_Shift_1_EN.pdf,10,1,General Intelligence and Reasoning,C,Answered,
SSC_CGL_Tier_1_Question_Paper_2024_36_Shifts_24th_Sept_2024_Shift_1_EN.pdf,11,1,General Intelligence and Reasoning,D,Answered,
SSC_CGL_Tier_1_Question_Paper_2024_36_Shifts_24th_Sept_2024_Shift_1_EN.pdf,12,1,General Intelligence and Reasoning,D,Answered,
SSC_CGL_Tier_1_Question_Paper_2024_36_Shifts_24th_Sept_2024_Shift_1_EN.pdf,13,1,General Intelligence and Reasoning,,,
SSC_CGL_Tier_1_Question_Paper_2024_36_Shifts_24th_Sept_2024_Shift_1_EN.pdf,14,1,General Intelligence and Reasoning,A,Answered,
SSC_CGL_Tier_1_Question_Paper_2024_36_Shifts_24th_Sept_2024_Shift_1_EN.pdf,15,1,General Intelligence and Reasoning,B,,
SSC_CGL_Tier_1_Question_Paper_2024_36_Shifts_24th_Sept_2024_Shift_1_EN.pdf,16,1,General Intelligence and Reasoning,D,Answered,
SSC_CGL_Tier_1_Question_Paper_2024_36_Shifts_24th_Sept_2024_Shift_1_EN.pdf,17,1,General Intelligence and Reasoning,C,Answered,
SSC_CGL_Tier_1_Question_Paper_2024_36_Shifts_24th_Sept_2024_Shift_1_EN.pdf,18,1,General Intelligence and Reasoning,A,Answered,
SSC_CGL_Tier_1_Question_Paper_2024_36_Shifts_24th_Sept_2024_Shift_1_EN.pdf,19,1,General Intelligence and Reasoning,C,Answered,
SSC_CGL_Tier_1_Question_Paper_2024_36_Shifts_24th_Sept_2024_Shift_1_EN.pdf,20,1,General Intelligence and Reasoning,B,Answered,
SSC_CGL_Tier_1_Question_Paper_2024_36_Shifts_24th_Sept_2024_Shift_1_EN.pdf,21,1,General Intelligence and Reasoning,C,,
SSC_CGL_Tier_1_Question_Paper_2024_36_Shifts_24th_Sept_2024_Shift_1_EN.pdf,22,1,General Intelligence and Reasoning,D,Answered,
SSC_CGL_Tier_1_Question_Paper_2024_36_Shifts_24th_Sept_2024_Shift_1_EN.pdf,23,1,General Intelligence and Reasoning,B,Answered,
SSC_CGL_Tier_1_Question_Paper_2024_36_Shifts_24th_Sept_2024_Shift_1_EN.pdf,24,1,General Intelligence and Reasoning,B,Answered,
SSC_CGL_Tier_1_Question_Paper_2024_36_Shifts_24th_Sept_2024_Shift_1_EN.pdf,25,1,General Intelligence and Reasoning,A,Answered,
SSC_CGL_Tier_1_Question_Paper_2024_36_Shifts_24th_Sept_2024_Shift_1_EN.pdf,1,2,General Awareness,B,Answered,
SSC_CGL_Tier_1_Question_Paper_2024_36_Shifts_24th_Sept_2024_Shift_1_EN.pdf,2,2,General Awareness,D,Answered,
SSC_CGL_Tier_1_Question_Paper_2024_36_Shifts_24th_Sept_2024_Shift_1_EN.pdf,3,2,General Awareness,D,,
SSC_CGL_Tier_1_Question_Paper_2024_36_Shifts_24th_Sept_2024_Shift_1_EN.pdf,4,2,General Awareness,A,,
SSC_CGL_Tier_1_Question_Paper_2024_36_Shifts_24th_Sept_2024_Shift_1_EN.pdf,5,2,General Awareness,C,Answered,
SSC_CGL_Tier_1_Question_Paper_2024_36_Shifts_24th_Sept_2024_Shift_1_EN.pdf,6,2,General Awareness,D,,
SSC_CGL_Tier_1_Question_Paper_2024_36_Shifts_24th_Sept_2024_Shift_1_EN.pdf,7,2,General Awareness,A,Answered,
SSC_CGL_Tier_1_Question_Paper_2024_36_Shifts_24th_Sept_2024_Shift_1_EN.pdf,8,2,General Awareness,,Not Answered,
SSC_CGL_Tier_1_Question_Paper_2024_36_Shifts_24th_Sept_2024_Shift_1_EN.pdf,9,2,General Awareness,,Not Answered,
SSC_CGL_Tier_1_Question_Paper_2024_36_Shifts_24th_Sept_2024_Shift_1_EN.pdf,10,2,General Awareness,A,,
SSC_CGL_Tier_1_Question_Paper_2024_36_Shifts_24th_Sept_2024_Shift_1_EN.pdf,11,2,General Awareness,,Not Answered,
SSC_CGL_Tier_1_Question_Paper_2024_36_Shifts_24th_Sept_2024_Shift_1_EN.pdf,12,2,General Awareness,A,Answered,
SSC_CGL_Tier_1_Question_Paper_2024_36_Shifts_24th_Sept_2024_Shift_1_EN.pdf,13,2,General Awareness,C,Answered,
SSC_CGL_Tier_1_Question_Paper_2024_36_Shifts_24th_Sept_2024_Shift_1_EN.pdf,14,2,General Awareness,B,Answered,
SSC_CGL_Tier_1_Question_Paper_2024_36_Shifts_24th_Sept_2024_Shift_1_EN.pdf,15,2,General Awareness,B,Answered,
SSC_CGL_Tier_1_Question_Paper_2024_36_Shifts_24th_Sept_2024_Shift_1_EN.pdf,16,2,General Awareness,D,Answered,
SSC_CGL_Tier_1_Question_Paper_2024_36_Shifts_24th_Sept_2024_Shift_1_EN.pdf,17,2,General Awareness,B,Answered,
SSC_CGL_Tier_1_Question_Paper_2024_36_Shifts_24th_Sept_2024_Shift_1_EN.pdf,18,2,General Awareness,C,Answered,
SSC_CGL_Tier_1_Question_Paper_2024_36_Shifts_24th_Sept_2024_Shift_1_EN.pdf,19,2,General Awareness,,Not Answered,
SSC_CGL_Tier_1_Question_Paper_2024_36_Shifts_24th_Sept_2024_Shift_1_EN.pdf,20,2,General Awareness,C,Answered,
SSC_CGL_Tier_1_Question_Paper_2024_36_Shifts_24th_Sept_2024_Shift_1_EN.pdf,21,2,General Awareness,,Not Answered,
SSC_CGL_Tier_1_Question_Paper_2024_36_Shifts_24th_Sept_2024_Shift_1_EN.pdf,22,2,General Awareness,D,Answered,
SSC_CGL_Tier_1_Question_Paper_2024_36_Shifts_24th_Sept_2024_Shift_1_EN.pdf,23,2,General Awareness,,Not Answered,
SSC_CGL_Tier_1_Question_Paper_2024_36_Shifts_24th_Sept_2024_Shift_1_EN.pdf,24,2,General Awareness,,Not Answered,
SSC_CGL_Tier_1_Question_Paper_2024_36_Shifts_24th_Sept_2024_Shift_1_EN.pdf,25,2,General Awareness,B,Answered,
SSC_CGL_Tier_1_Question_Paper_2024_36_Shifts_24th_Sept_2024_Shift_1_EN.pdf,1,3,Quantitative Aptitude,D,Answered,
SSC_CGL_Tier_1_Question_Paper_2024_36_Shifts_24th_Sept_2024_Shift_1_EN.pdf,2,3,Quantitative Aptitude,D,Answered,
SSC_CGL_Tier_1_Question_Paper_2024_36_Shifts_24th_Sept_2024_Shift_1_EN.pdf,3,3,Quantitative Aptitude,D,Answered,
SSC_CGL_Tier_1_Question_Paper_2024_36_Shifts_24th_Sept_2024_Shift_1_EN.pdf,4,3,Quantitative Aptitude,C,Answered,
SSC_CGL_Tier_1_Question_Paper_2024_36_Shifts_24th_Sept_2024_Shift_1_EN.pdf,5,3,Quantitative Aptitude,C,Answered,
SSC_CGL_Tier_1_Question_Paper_2024_36_Shifts_24th_Sept_2024_Shift_1_EN.pdf,6,3,Quantitative Aptitude,C,Answered,
SSC_CGL_Tier_1_Question_Paper_2024_36_Shifts_24th_Sept_2024_Shift_1_EN.pdf,7,3,Quantitative Aptitude,A,Answered,
SSC_CGL_Tier_1_Question_Paper_2024_36_Shifts_24th_Sept_2024_Shift_1_EN.pdf,8,3,Quantitative Aptitude,D,Answered,
SSC_CGL_Tier_1_Question_Paper_2024_36_Shifts_24th_Sept_2024_Shift_1_EN.pdf,9,3,Quantitative Aptitude,D,Answered,
SSC_CGL_Tier_1_Question_Paper_2024_36_Shifts_24th_Sept_2024_Shift_1_EN.pdf,10,3,Quantitative Aptitude,C,Answered,
SSC_CGL_Tier_1_Question_Paper_2024_36_Shifts_24th_Sept_2024_Shift_1_EN.pdf,11,3,Quantitative Aptitude,D,Answered,
SSC_CGL_Tier_1_Question_Paper_2024_36_Shifts_24th_Sept_2024_Shift_1_EN.pdf,12,3,Quantitative Aptitude,C,Answered,
SSC_CGL_Tier_1_Question_Paper_2024_36_Shifts_24th_Sept_2024_Shift_1_EN.pdf,13,3,Quantitative Aptitude,B,Answered,
SSC_CGL_Tier_1_Question_Paper_2024_36_Shifts_24th_Sept_2024_Shift_1_EN.pdf,14,3,Quantitative Aptitude,A,Answered,
SSC_CGL_Tier_1_Question_Paper_2024_36_Shifts_24th_Sept_2024_Shift_1_EN.pdf,15,3,Quantitative Aptitude,D,Answered,
SSC_CGL_Tier_1_Question_Paper_2024_36_Shifts_24th_Sept_2024_Shift_1_EN.pdf,16,3,Quantitative Aptitude,D,Answered,
SSC_CGL_Tier_1_Question_Paper_2024_36_Shifts_24th_Sept_2024_Shift_1_EN.pdf,17,3,Quantitative Aptitude,D,Answered,
SSC_CGL_Tier_1_Question_Paper_2024_36_Shifts_24th_Sept_2024_Shift_1_EN.pdf,18,3,Quantitative Aptitude,B,Answered,
SSC_CGL_Tier_1_Question_Paper_2024_36_Shifts_24th_Sept_2024_Shift_1_EN.pdf,19,3,Quantitative Aptitude,A,Answered,
SSC_CGL_Tier_1_Question_Paper_2024_36_Shifts_24th_Sept_2024_Shift_1_EN.pdf,20,3,Quantitative Aptitude,D,Answered,
SSC_CGL_Tier_1_Question_Paper_2024_36_Shifts_24th_Sept_2024_Shift_1_EN.pdf,21,3,Quantitative Aptitude,C,,
SSC_CGL_Tier_1_Question_Paper_2024_36_Shifts_24th_Sept_2024_Shift_1_EN.pdf,22,3,Quantitative Aptitude,,,
SSC_CGL_Tier_1_Question_Paper_2024_36_Shifts_24th_Sept_2024_Shift_1_EN.pdf,23,3,Quantitative Aptitude,B,Answered,
SSC_CGL_Tier_1_Question_Paper_2024_36_Shifts_24th_Sept_2024_Shift_1_EN.pdf,24,3,Quantitative Aptitude,C,Answered,
SSC_CGL_Tier_1_Question_Paper_2024_36_Shifts_24th_Sept_2024_Shift_1_EN.pdf,25,3,Quantitative Aptitude,,Not Answered,
SSC_CGL_Tier_1_Question_Paper_2024_36_Shifts_24th_Sept_2024_Shift_1_EN.pdf,1,4,English Comprehension,C,Answered,
SSC_CGL_Tier_1_Question_Paper_2024_36_Shifts_24th_Sept_2024_Shift_1_EN.pdf,2,4,English Comprehension,C,,
SSC_CGL_Tier_1_Question_Paper_2024_36_Shifts_24th_Sept_2024_Shift_1_EN.pdf,3,4,English Comprehension,D,,
SSC_CGL_Tier_1_Question_Paper_2024_36_Shifts_24th_Sept_2024_Shift_1_EN.pdf,4,4,English Comprehension,D,Answered,
SSC_CGL_Tier_1_Question_Paper_2024_36_Shifts_24th_Sept_2024_Shift_1_EN.pdf,5,4,English Comprehension,D,Answered,
SSC_CGL_Tier_1_Question_Paper_2024_36_Shifts_24th_Sept_2024_Shift_1_EN.pdf,6,4,English Comprehension,B,Answered,
SSC_CGL_Tier_1_Question_Paper_2024_36_Shifts_24th_Sept_2024_Shift_1_EN.pdf,7,4,English Comprehension,A,Answered,
SSC_CGL_Tier_1_Question_Paper_2024_36_Shifts_24th_Sept_2024_Shift_1_EN.pdf,8,4,English Comprehension,,,
SSC_CGL_Tier_1_Question_Paper_2024_36_Shifts_24th_Sept_2024_Shift_1_EN.pdf,9,4,English Comprehension,B,Answered,
SSC_CGL_Tier_1_Question_Paper_2024_36_Shifts_24th_Sept_2024_Shift_1_EN.pdf,10,4,English Comprehension,A,Answered,
SSC_CGL_Tier_1_Question_Paper_2024_36_Shifts_24th_Sept_2024_Shift_1_EN.pdf,11,4,English Comprehension,D,Answered,
SSC_CGL_Tier_1_Question_Paper_2024_36_Shifts_24th_Sept_2024_Shift_1_EN.pdf,12,4,English Comprehension,C,Answered,
SSC_CGL_Tier_1_Question_Paper_2024_36_Shifts_24th_Sept_2024_Shift_1_EN.pdf,13,4,English Comprehension,C,Answered,
SSC_CGL_Tier_1_Question_Paper_2024_36_Shifts_24th_Sept_2024_Shift_1_EN.pdf,14,4,English Comprehension,D,Answered,
SSC_CGL_Tier_1_Question_Paper_2024_36_Shifts_24th_Sept_2024_Shift_1_EN.pdf,15,4,English Comprehension,C,Answered,
SSC_CGL_Tier_1_Question_Paper_2024_36_Shifts_24th_Sept_2024_Shift_1_EN.pdf,16,4,English Comprehension,C,Answered,
SSC_CGL_Tier_1_Question_Paper_2024_36_Shifts_24th_Sept_2024_Shift_1_EN.pdf,17,4,English Comprehension,B,Answered,
SSC_CGL_Tier_1_Question_Paper_2024_36_Shifts_24th_Sept_2024_Shift_1_EN.pdf,18,4,English Comprehension,A,Answered,
SSC_CGL_Tier_1_Question_Paper_2024_36_Shifts_24th_Sept_2024_Shift_1_EN.pdf,19,4,English Comprehension,A,Answered,
SSC_CGL_Tier_1_Question_Paper_2024_36_Shifts_24th_Sept_2024_Shift_1_EN.pdf,20,4,English Comprehension,B,Answered,
SSC_CGL_Tier_1_Question_Paper_2024_36_Shifts_24th_Sept_2024_Shift_1_EN.pdf,21,4,English Comprehension,A,Answered,
SSC_CGL_Tier_1_Question_Paper_2024_36_Shifts_24th_Sept_2024_Shift_1_EN.pdf,22,4,English Comprehension,B,Answered,
SSC_CGL_Tier_1_Question_Paper_2024_36_Shifts_24th_Sept_2024_Shift_1_EN.pdf,23,4,English Comprehension,A,Answered,
SSC_CGL_Tier_1_Question_Paper_2024_36_Shifts_24th_Sept_2024_Shift_1_EN.pdf,24,4,English Comprehension,C,,
SSC_CGL_Tier_1_Question_Paper_2024_36_Shifts_24th_Sept_2024_Shift_1_EN.pdf,25,4,English Comprehension,,,
SSC_CGL_Tier_1_Question_Paper_2024_36_Shifts_24th_Sept_2024_Shift_2_EN.pdf,1,1,General Intelligence and Reasoning,B,Answered,
SSC_CGL_Tier_1_Question_Paper_2024_36_Shifts_24th_Sept_2024_Shift_2_EN.pdf,2,1,General Intelligence and Reasoning,D,Answered,
SSC_CGL_Tier_1_Question_Paper_2024_36_Shifts_24th_Sept_2024_Shift_2_EN.pdf,3,1,General Intelligence and Reasoning,D,Answered,
SSC_CGL_Tier_1_Question_Paper_2024_36_Shifts_24th_Sept_2024_Shift_2_EN.pdf,4,1,General Intelligence and Reasoning,B,Answered,
SSC_CGL_Tier_1_Question_Paper_2024_36_Shifts_24th_Sept_2024_Shift_2_EN.pdf,5,1,General Intelligence and Reasoning,B,Answered,
SSC_CGL_Tier_1_Question_Paper_2024_36_Shifts_24th_Sept_2024_Shift_2_EN.pdf,6,1,General Intelligence and Reasoning,A,Answered,
SSC_CGL_Tier_1_Question_Paper_2024_36_Shifts_24th_Sept_2024_Shift_2_EN.pdf,7,1,General Intelligence and Reasoning,,Not Answered,
SSC_CGL_Tier_1_Question_Paper_2024_36_Shifts_24th_Sept_2024_Shift_2_EN.pdf,8,1,General Intelligence and Reasoning,B,Answered,
SSC_CGL_Tier_1_Question_Paper_2024_36_Shifts_24th_Sept_2024_Shift_2_EN.pdf,9,1,General Intelligence and Reasoning,C,Answered,
SSC_CGL_Tier_1_Question_Paper_2024_36_Shifts_24th_Sept_2024_Shift_2_EN.pdf,10,1,General Intelligence and Reasoning,D,Answered,
SSC_CGL_Tier_1_Question_Paper_2024_36_Shifts_24th_Sept_2024_Shift_2_EN.pdf,11,1,General Intelligence and Reasoning,D,Answered,
SSC_CGL_Tier_1_Question_Paper_2024_36_Shifts_24th_Sept_2024_Shift_2_EN.pdf,12,1,General Intelligence and Reasoning,C,Answered,
SSC_CGL_Tier_1_Question_Paper_2024_36_Shifts_24th_Sept_2024_Shift_2_EN.pdf,13,1,General Intelligence and Reasoning,D,Answered,
SSC_CGL_Tier_1_Question_Paper_2024_36_Shifts_24th_Sept_2024_Shift_2_EN.pdf,14,1,General Intelligence and Reasoning,C,Answered,
SSC_CGL_Tier_1_Question_Paper_2024_36_Shifts_24th_Sept_2024_Shift_2_EN.pdf,15,1,General Intelligence and Reasoning,A,Answered,
SSC_CGL_Tier_1_Question_Paper_2024_36_Shifts_24th_Sept_2024_Shift_2_EN.pdf,16,1,General Intelligence and Reasoning,D,Answered,
SSC_CGL_Tier_1_Question_Paper_2024_36_Shifts_24th_Sept_2024_Shift_2_EN.pdf,17,1,General Intelligence and Reasoning,C,Answered,
SSC_CGL_Tier_1_Question_Paper_2024_36_Shifts_24th_Sept_2024_Shift_2_EN.pdf,18,1,General Intelligence and Reasoning,C,Answered,
SSC_CGL_Tier_1_Question_Paper_2024_36_Shifts_24th_Sept_2024_Shift_2_EN.pdf,19,1,General Intelligence and Reasoning,,Not Answered,
SSC_CGL_Tier_1_Question_Paper_2024_36_Shifts_24th_Sept_2024_Shift_2_EN.pdf,20,1,General Intelligence and Reasoning,C,Answered,
SSC_CGL_Tier_1_Question_Paper_2024_36_Shifts_24th_Sept_2024_Shift_2_EN.pdf,21,1,General Intelligence and Reasoning,C,Answered,
SSC_CGL_Tier_1_Question_Paper_2024_36_Shifts_24th_Sept_2024_Shift_2_EN.pdf,22,1,General Intelligence and Reasoning,A,Answered,
SSC_CGL_Tier_1_Question_Paper_2024_36_Shifts_24th_Sept_2024_Shift_2_EN.pdf,23,1,General Intelligence and Reasoning,A,Answered,
SSC_CGL_Tier_1_Question_Paper_2024_36_Shifts_24th_Sept_2024_Shift_2_EN.pdf,24,1,General Intelligence and Reasoning,B,Answered,
SSC_CGL_Tier_1_Question_Paper_2024_36_Shifts_24th_Sept_2024_Shift_2_EN.pdf,25,1,General Intelligence and Reasoning,D,Answered,
SSC_CGL_Tier_1_Question_Paper_2024_36_Shifts_24th_Sept_2024_Shift_2_EN.pdf,1,2,General Awareness,,Not Answered,
SSC_CGL_Tier_1_Question_Paper_2024_36_Shifts_24th_Sept_2024_Shift_2_EN.pdf,2,2,General Awareness,,Not Answered,
SSC_CGL_Tier_1_Question_Paper_2024_36_Shifts_24th_Sept_2024_Shift_2_EN.pdf,3,2,General Awareness,B,Answered,
SSC_CGL_Tier_1_Question_Paper_2024_36_Shifts_24th_Sept_2024_Shift_2_EN.pdf,4,2,General Awareness,B,Answered,
SSC_CGL_Tier_1_Question_Paper_2024_36_Shifts_24th_Sept_2024_Shift_2_EN.pdf,5,2,General Awareness,,Not Answered,
SSC_CGL_Tier_1_Question_Paper_2024_36_Shifts_24th_Sept_2024_Shift_2_EN.pdf,6,2,General Awareness,,Not Answered,
SSC_CGL_Tier_1_Question_Paper_2024_36_Shifts_24th_Sept_2024_Shift_2_EN.pdf,7,2,General Awareness,,Not Answered,
SSC_CGL_Tier_1_Question_Paper_2024_36_Shifts_24th_Sept_2024_Shift_2_EN.pdf,8,2,General Awareness,,Not Answered,
SSC_CGL_Tier_1_Question_Paper_2024_36_Shifts_24th_Sept_2024_Shift_2_EN.pdf,9,2,General Awareness,B,Answered,
SSC_CGL_Tier_1_Question_Paper_2024_36_Shifts_24th_Sept_2024_Shift_2_EN.pdf,10,2,General Awareness,D,Answered,
SSC_CGL_Tier_1_Question_Paper_2024_36_Shifts_24th_Sept_2024_Shift_2_EN.pdf,11,2,General Awareness,A,Answered,
SSC_CGL_Tier_1_Question_Paper_2024_36_Shifts_24th_Sept_2024_Shift_2_EN.pdf,12,2,General Awareness,,Not Answered,
SSC_CGL_Tier_1_Question_Paper_2024_36_Shifts_24th_Sept_2024_Shift_2_EN.pdf,13,2,General Awareness,D,Answered,
SSC_CGL_Tier_1_Question_Paper_2024_36_Shifts_24th_Sept_2024_Shift_2_EN.pdf,14,2,General Awareness,,Not Answered,
SSC_CGL_Tier_1_Question_Paper_2024_36_Shifts_24th_Sept_2024_Shift_2_EN.pdf,15,2,General Awareness,C,Answered,
SSC_CGL_Tier_1_Question_Paper_2024_36_Shifts_24th_Sept_2024_Shift_2_EN.pdf,16,2,General Awareness,,Not Answered,
SSC_CGL_Tier_1_Question_Paper_2024_36_Shifts_24th_Sept_2024_Shift_2_EN.pdf,17,2,General Awareness,B,Answered,
SSC_CGL_Tier_1_Question_Paper_2024_36_Shifts_24th_Sept_2024_Shift_2_EN.pdf,18,2,General Awareness,D,Answered,
SSC_CGL_Tier_1_Question_Paper_2024_36_Shifts_24th_Sept_2024_Shift_2_EN.pdf,19,2,General Awareness,C,Answered,
SSC_CGL_Tier_1_Question_Paper_2024_36_Shifts_24th_Sept_2024_Shift_2_EN.pdf,20,2,General Awareness,A,Answered,
SSC_CGL_Tier_1_Question_Paper_2024_36_Shifts_24th_Sept_2024_Shift_2_EN.pdf,21,2,General Awareness,,Not Answered,
SSC_CGL_Tier_1_Question_Paper_2024_36_Shifts_24th_Sept_2024_Shift_2_EN.pdf,22,2,General Awareness,D,Answered,
SSC_CGL_Tier_1_Question_Paper_2024_36_Shifts_24th_Sept_2024_Shift_2_EN.pdf,23,2,General Awareness,A,Answered,
SSC_CGL_Tier_1_Question_Paper_2024_36_Shifts_24th_Sept_2024_Shift_2_EN.pdf,24,2,General Awareness,,Not Answered,
SSC_CGL_Tier_1_Question_Paper_2024_36_Shifts_24th_Sept_2024_Shift_2_EN.pdf,25,2,General Awareness,A,Answered,
SSC_CGL_Tier_1_Question_Paper_2024_36_Shifts_24th_Sept_2024_Shift_2_EN.pdf,1,3,Quantitative Aptitude,D,Answered,
SSC_CGL_Tier_1_Question_Paper_2024_36_Shifts_24th_Sept_2024_Shift_2_EN.pdf,2,3,Quantitative Aptitude,B,Answered,
SSC_CGL_Tier_1_Question_Paper_2024_36_Shifts_24th_Sept_2024_Shift_2_EN.pdf,3,3,Quantitative Aptitude,A,Answered,
SSC_CGL_Tier_1_Question_Paper_2024_36_Shifts_24th_Sept_2024_Shift_2_EN.pdf,4,3,Quantitative Aptitude,B,Answered,
SSC_CGL_Tier_1_Question_Paper_2024_36_Shifts_24th_Sept_2024_Shift_2_EN.pdf,5,3,Quantitative Aptitude,A,Answered,
SSC_CGL_Tier_1_Question_Paper_2024_36_Shifts_24th_Sept_2024_Shift_2_EN.pdf,6,3,Quantitative Aptitude,B,Answered,
SSC_CGL_Tier_1_Question_Paper_2024_36_Shifts_24th_Sept_2024_Shift_2_EN.pdf,7,3,Quantitative Aptitude,A,Answered,
SSC_CGL_Tier_1_Question_Paper_2024_36_Shifts_24th_Sept_2024_Shift_2_EN.pdf,8,3,Quantitative Aptitude,B,Answered,
SSC_CGL_Tier_1_Question_Paper_2024_36_Shifts_24th_Sept_2024_Shift_2_EN.pdf,9,3,Quantitative Aptitude,D,Answered,
SSC_CGL_Tier_1_Question_Paper_2024_36_Shifts_24th_Sept_2024_Shift_2_EN.pdf,10,3,Quantitative Aptitude,,Not Answered,
SSC_CGL_Tier_1_Question_Paper_2024_36_Shifts_24th_Sept_2024_Shift_2_EN.pdf,11,3,Quantitative Aptitude,C,Answered,
SSC_CGL_Tier_1_Question_Paper_2024_36_Shifts_24th_Sept_2024_Shift_2_EN.pdf,12,3,Quantitative Aptitude,D,Answered,
SSC_CGL_Tier_1_Question_Paper_2024_36_Shifts_24th_Sept_2024_Shift_2_EN.pdf,13,3,Quantitative Aptitude,B,Answered,
SSC_CGL_Tier_1_Question_Paper_2024_36_Shifts_24th_Sept_2024_Shift_2_EN.pdf,14,3,Quantitative Aptitude,,Not Answered,
SSC_CGL_Tier_1_Question_Paper_2024_36_Shifts_24th_Sept_2024_Shift_2_EN.pdf,15,3,Quantitative Aptitude,B,Answered,
SSC_CGL_Tier_1_Question_Paper_2024_36_Shifts_24th_Sept_2024_Shift_2_EN.pdf,16,3,Quantitative Aptitude,C,Answered,
SSC_CGL_Tier_1_Question_Paper_2024_36_Shifts_24th_Sept_2024_Shift_2_EN.pdf,17,3,Quantitative Aptitude,D,Answered,
SSC_CGL_Tier_1_Question_Paper_2024_36_Shifts_24th_Sept_2024_Shift_2_EN.pdf,18,3,Quantitative Aptitude,,Not Answered,
SSC_CGL_Tier_1_Question_Paper_2024_36_Shifts_24th_Sept_2024_Shift_2_EN.pdf,19,3,Quantitative Aptitude,D,Answered,
SSC_CGL_Tier_1_Question_Paper_2024_36_Shifts_24th_Sept_2024_Shift_2_EN.pdf,20,3,Quantitative Aptitude,A,Answered,
SSC_CGL_Tier_1_Question_Paper_2024_36_Shifts_24th_Sept_2024_Shift_2_EN.pdf,21,3,Quantitative Aptitude,,Not Answered,
SSC_CGL_Tier_1_Question_Paper_2024_36_Shifts_24th_Sept_2024_Shift_2_EN.pdf,22,3,Quantitative Aptitude,,Not Answered,
SSC_CGL_Tier_1_Question_Paper_2024_36_Shifts_24th_Sept_2024_Shift_2_EN.pdf,23,3,Quantitative Aptitude,,Not Answered,
SSC_CGL_Tier_1_Question_Paper_2024_36_Shifts_24th_Sept_2024_Shift_2_EN.pdf,24,3,Quantitative Aptitude,A,Answered,
SSC_CGL_Tier_1_Question_Paper_2024_36_Shifts_24th_Sept_2024_Shift_2_EN.pdf,25,3,Quantitative Aptitude,C,Answered,
SSC_CGL_Tier_1_Question_Paper_2024_36_Shifts_24th_Sept_2024_Shift_2_EN.pdf,1,4,English Comprehension,B,Answered,
SSC_CGL_Tier_1_Question_Paper_2024_36_Shifts_24th_Sept_2024_Shift_2_EN.pdf,2,4,English Comprehension,D,Answered,
SSC_CGL_Tier_1_Question_Paper_2024_36_Shifts_24th_Sept_2024_Shift_2_EN.pdf,3,4,English Comprehension,A,Answered,
SSC_CGL_Tier_1_Question_Paper_2024_36_Shifts_24th_Sept_2024_Shift_2_EN.pdf,4,4,English Comprehension,A,Answered,
SSC_CGL_Tier_1_Question_Paper_2024_36_Shifts_24th_Sept_2024_Shift_2_EN.pdf,5,4,English Comprehension,B,Answered,
SSC_CGL_Tier_1_Question_Paper_2024_36_Shifts_24th_Sept_2024_Shift_2_EN.pdf,6,4,English Comprehension,C,Answered,
SSC_CGL_Tier_1_Question_Paper_2024_36_Shifts_24th_Sept_2024_Shift_2_EN.pdf,7,4,English Comprehension,C,Answered,
SSC_CGL_Tier_1_Question_Paper_2024_36_Shifts_24th_Sept_2024_Shift_2_EN.pdf,8,4,English Comprehension,B,Answered,
SSC_CGL_Tier_1_Question_Paper_2024_36_Shifts_24th_Sept_2024_Shift_2_EN.pdf,9,4,English Comprehension,C,Answered,
SSC_CGL_Tier_1_Question_Paper_2024_36_Shifts_24th_Sept_2024_Shift_2_EN.pdf,10,4,English Comprehension,D,Answered,
SSC_CGL_Tier_1_Question_Paper_2024_36_Shifts_24th_Sept_2024_Shift_2_EN.pdf,11,4,English Comprehension,A,Answered,
SSC_CGL_Tier_1_Question_Paper_2024_36_Shifts_24th_Sept_2024_Shift_2_EN.pdf,12,4,English Comprehension,B,Answered,
SSC_CGL_Tier_1_Question_Paper_2024_36_Shifts_24th_Sept_2024_Shift_2_EN.pdf,13,4,English Comprehension,B,Answered,
SSC_CGL_Tier_1_Question_Paper_2024_36_Shifts_24th_Sept_2024_Shift_2_EN.pdf,14,4,English Comprehension,A,Answered,
SSC_CGL_Tier_1_Question_Paper_2024_36_Shifts_24th_Sept_2024_Shift_2_EN.pdf,15,4,English Comprehension,D,Answered,
SSC_CGL_Tier_1_Question_Paper_2024_36_Shifts_24th_Sept_2024_Shift_2_EN.pdf,16,4,English Comprehension,A,Answered,
SSC_CGL_Tier_1_Question_Paper_2024_36_Shifts_24th_Sept_2024_Shift_2_EN.pdf,17,4,English Comprehension,C,Answered,
SSC_CGL_Tier_1_Question_Paper_2024_36_Shifts_24th_Sept_2024_Shift_2_EN.pdf,18,4,English Comprehension,C,Answered,
SSC_CGL_Tier_1_Question_Paper_2024_36_Shifts_24th_Sept_2024_Shift_2_EN.pdf,19,4,English Comprehension,,Not Answered,
SSC_CGL_Tier_1_Question_Paper_2024_36_Shifts_24th_Sept_2024_Shift_2_EN.pdf,20,4,English Comprehension,A,Answered,
SSC_CGL_Tier_1_Question_Paper_2024_36_Shifts_24th_Sept_2024_Shift_2_EN.pdf,21,4,English Comprehension,C,Answered,
SSC_CGL_Tier_1_Question_Paper_2024_36_Shifts_24th_Sept_2024_Shift_2_EN.pdf,22,4,English Comprehension,B,Answered,
SSC_CGL_Tier_1_Question_Paper_2024_36_Shifts_24th_Sept_2024_Shift_2_EN.pdf,23,4,English Comprehension,B,Answered,
SSC_CGL_Tier_1_Question_Paper_2024_36_Shifts_24th_Sept_2024_Shift_2_EN.pdf,24,4,English Comprehension,,Not Answered,
SSC_CGL_Tier_1_Question_Paper_2024_36_Shifts_24th_Sept_2024_Shift_2_EN.pdf,25,4,English Comprehension,B,Answered,
SSC_CGL_Tier_1_Question_Paper_2024_36_Shifts_24th_Sept_2024_Shift_3_EN.pdf,1,1,General Intelligence and Reasoning,C,Answered,
SSC_CGL_Tier_1_Question_Paper_2024_36_Shifts_24th_Sept_2024_Shift_3_EN.pdf,2,1,General Intelligence and Reasoning,B,Answered,
SSC_CGL_Tier_1_Question_Paper_2024_36_Shifts_24th_Sept_2024_Shift_3_EN.pdf,3,1,General Intelligence and Reasoning,C,Answered,
SSC_CGL_Tier_1_Question_Paper_2024_36_Shifts_24th_Sept_2024_Shift_3_EN.pdf,4,1,General Intelligence and Reasoning,D,Answered,
SSC_CGL_Tier_1_Question_Paper_2024_36_Shifts_24th_Sept_2024_Shift_3_EN.pdf,5,1,General Intelligence and Reasoning,B,Answered,
SSC_CGL_Tier_1_Question_Paper_2024_36_Shifts_24th_Sept_2024_Shift_3_EN.pdf,6,1,General Intelligence and Reasoning,B,Answered,
SSC_CGL_Tier_1_Question_Paper_2024_36_Shifts_24th_Sept_2024_Shift_3_EN.pdf,7,1,General Intelligence and Reasoning,D,Answered,
SSC_CGL_Tier_1_Question_Paper_2024_36_Shifts_24th_Sept_2024_Shift_3_EN.pdf,8,1,General Intelligence and Reasoning,B,Answered,
SSC_CGL_Tier_1_Question_Paper_2024_36_Shifts_24th_Sept_2024_Shift_3_EN.pdf,9,1,General Intelligence and Reasoning,C,Answered,
SSC_CGL_Tier_1_Question_Paper_2024_36_Shifts_24th_Sept_2024_Shift_3_EN.pdf,10,1,General Intelligence and Reasoning,B,Answered,
SSC_CGL_Tier_1_Question_Paper_2024_36_Shifts_24th_Sept_2024_Shift_3_EN.pdf,11,1,General Intelligence and Reasoning,B,Answered,
SSC_CGL_Tier_1_Question_Paper_2024_36_Shifts_24th_Sept_2024_Shift_3_EN.pdf,12,1,General Intelligence and Reasoning,B,Answered,
SSC_CGL_Tier_1_Question_Paper_2024_36_Shifts_24th_Sept_2024_Shift_3_EN.pdf,13,1,General Intelligence and Reasoning,A,Answered,
SSC_CGL_Tier_1_Question_Paper_2024_36_Shifts_24th_Sept_2024_Shift_3_EN.pdf,14,1,General Intelligence and Reasoning,D,Answered,
SSC_CGL_Tier_1_Question_Paper_2024_36_Shifts_24th_Sept_2024_Shift_3_EN.pdf,15,1,General Intelligence and Reasoning,D,Answered,
SSC_CGL_Tier_1_Question_Paper_2024_36_Shifts_24th_Sept_2024_Shift_3_EN.pdf,16,1,General Intelligence and Reasoning,C,Answered,
SSC_CGL_Tier_1_Question_Paper_2024_36_Shifts_24th_Sept_2024_Shift_3_EN.pdf,17,1,General Intelligence and Reasoning,B,Answered,
SSC_CGL_Tier_1_Question_Paper_2024_36_Shifts_24th_Sept_2024_Shift_3_EN.pdf,18,1,General Intelligence and Reasoning,D,Answered,
SSC_CGL_Tier_1_Question_Paper_2024_36_Shifts_24th_Sept_2024_Shift_3_EN.pdf,19,1,General Intelligence and Reasoning,D,Answered,
SSC_CGL_Tier_1_Question_Paper_2024_36_Shifts_24th_Sept_2024_Shift_3_EN.pdf,20,1,General Intelligence and Reasoning,D,Answered,
SSC_CGL_Tier_1_Question_Paper_2024_36_Shifts_24th_Sept_2024_Shift_3_EN.pdf,21,1,General Intelligence and Reasoning,C,Answered,
SSC_CGL_Tier_1_Question_Paper_2024_36_Shifts_24th_Sept_2024_Shift_3_EN.pdf,22,1,General Intelligence and Reasoning,C,Answered,
SSC_CGL_Tier_1_Question_Paper_2024_36_Shifts_24th_Sept_2024_Shift_3_EN.pdf,23,1,General Intelligence and Reasoning,D,Answered,
SSC_CGL_Tier_1_Question_Paper_2024_36_Shifts_24th_Sept_2024_Shift_3_EN.pdf,24,1,General Intelligence and Reasoning,,Not Answered,
SSC_CGL_Tier_1_Question_Paper_2024_36_Shifts_24th_Sept_2024_Shift_3_EN.pdf,25,1,General Intelligence and Reasoning,D,Answered,
SSC_CGL_Tier_1_Question_Paper_2024_36_Shifts_24th_Sept_2024_Shift_3_EN.pdf,1,2,General Awareness,,Not Answered,
SSC_CGL_Tier_1_Question_Paper_2024_36_Shifts_24th_Sept_2024_Shift_3_EN.pdf,2,2,General Awareness,D,Answered,
SSC_CGL_Tier_1_Question_Paper_2024_36_Shifts_24th_Sept_2024_Shift_3_EN.pdf,3,2,General Awareness,D,Answered,
SSC_CGL_Tier_1_Question_Paper_2024_36_Shifts_24th_Sept_2024_Shift_3_EN.pdf,4,2,General Awareness,,Not Answered,
SSC_CGL_Tier_1_Question_Paper_2024_36_Shifts_24th_Sept_2024_Shift_3_EN.pdf,5,2,General Awareness,,Not Answered,
SSC_CGL_Tier_1_Question_Paper_2024_36_Shifts_24th_Sept_2024_Shift_3_EN.pdf,6,2,General Awareness,,Not Answered,
SSC_CGL_Tier_1_Question_Paper_2024_36_Shifts_24th_Sept_2024_Shift_3_EN.pdf,7,2,General Awareness,B,Answered,
SSC_CGL_Tier_1_Question_Paper_2024_36_Shifts_24th_Sept_2024_Shift_3_EN.pdf,8,2,General Awareness,B,Answered,
SSC_CGL_Tier_1_Question_Paper_2024_36_Shifts_24th_Sept_2024_Shift_3_EN.pdf,9,2,General Awareness,C,Answered,
SSC_CGL_Tier_1_Question_Paper_2024_36_Shifts_24th_Sept_2024_Shift_3_EN.pdf,10,2,General Awareness,B,Answered,
SSC_CGL_Tier_1_Question_Paper_2024_36_Shifts_24th_Sept_2024_Shift_3_EN.pdf,11,2,General Awareness,,Not Answered,
SSC_CGL_Tier_1_Question_Paper_2024_36_Shifts_24th_Sept_2024_Shift_3_EN.pdf,12,2,General Awareness,B,Answered,
SSC_CGL_Tier_1_Question_Paper_2024_36_Shifts_24th_Sept_2024_Shift_3_EN.pdf,13,2,General Awareness,,Not Answered,
SSC_CGL_Tier_1_Question_Paper_2024_36_Shifts_24th_Sept_2024_Shift_3_EN.pdf,14,2,General Awareness,,Not Answered,
SSC_CGL_Tier_1_Question_Paper_2024_36_Shifts_24th_Sept_2024_Shift_3_EN.pdf,15,2,General Awareness,D,Answered,
SSC_CGL_Tier_1_Question_Paper_2024_36_Shifts_24th_Sept_2024_Shift_3_EN.pdf,16,2,General Awareness,D,Answered,
SSC_CGL_Tier_1_Question_Paper_2024_36_Shifts_24th_Sept_2024_Shift_3_EN.pdf,17,2,General Awareness,D,Answered,
SSC_CGL_Tier_1_Question_Paper_2024_36_Shifts_24th_Sept_2024_Shift_3_EN.pdf,18,2,General Awareness,,Not Answered,
SSC_CGL_Tier_1_Question_Paper_2024_36_Shifts_24th_Sept_2024_Shift_3_EN.pdf,19,2,General Awareness,,Not Answered,
SSC_CGL_Tier_1_Question_Paper_2024_36_Shifts_24th_Sept_2024_Shift_3_EN.pdf,20,2,General Awareness,D,Answered,
SSC_CGL_Tier_1_Question_Paper_2024_36_Shifts_24th_Sept_2024_Shift_3_EN.pdf,21,2,General Awareness,D,Answered,
SSC_CGL_Tier_1_Question_Paper_2024_36_Shifts_24th_Sept_2024_Shift_3_EN.pdf,22,2,General Awareness,,Not Answered,
SSC_CGL_Tier_1_Question_Paper_2024_36_Shifts_24th_Sept_2024_Shift_3_EN.pdf,23,2,General Awareness,A,Answered,
SSC_CGL_Tier_1_Question_Paper_2024_36_Shifts_24th_Sept_2024_Shift_3_EN.pdf,24,2,General Awareness,D,Answered,
SSC_CGL_Tier_1_Question_Paper_2024_36_Shifts_24th_Sept_2024_Shift_3_EN.pdf,25,2,General Awareness,D,Answered,
SSC_CGL_Tier_1_Question_Paper_2024_36_Shifts_24th_Sept_2024_Shift_3_EN.pdf,1,3,Quantitative Aptitude,,Not Answered,
SSC_CGL_Tier_1_Question_Paper_2024_36_Shifts_24th_Sept_2024_Shift_3_EN.pdf,2,3,Quantitative Aptitude,,Not Answered,
SSC_CGL_Tier_1_Question_Paper_2024_36_Shifts_24th_Sept_2024_Shift_3_EN.pdf,3,3,Quantitative Aptitude,,Not Answered,
SSC_CGL_Tier_1_Question_Paper_2024_36_Shifts_24th_Sept_2024_Shift_3_EN.pdf,4,3,Quantitative Aptitude,,Not Answered,
SSC_CGL_Tier_1_Question_Paper_2024_36_Shifts_24th_Sept_2024_Shift_3_EN.pdf,5,3,Quantitative Aptitude,,Not Answered,
SSC_CGL_Tier_1_Question_Paper_2024_36_Shifts_24th_Sept_2024_Shift_3_EN.pdf,6,3,Quantitative Aptitude,A,Answered,
SSC_CGL_Tier_1_Question_Paper_2024_36_Shifts_24th_Sept_2024_Shift_3_EN.pdf,7,3,Quantitative Aptitude,C,Answered,
SSC_CGL_Tier_1_Question_Paper_2024_36_Shifts_24th_Sept_2024_Shift_3_EN.pdf,8,3,Quantitative Aptitude,,Not Answered,
SSC_CGL_Tier_1_Question_Paper_2024_36_Shifts_24th_Sept_2024_Shift_3_EN.pdf,9,3,Quantitative Aptitude,,Not Answered,
SSC_CGL_Tier_1_Question_Paper_2024_36_Shifts_24th_Sept_2024_Shift_3_EN.pdf,10,3,Quantitative Aptitude,,Not Answered,
SSC_CGL_Tier_1_Question_Paper_2024_36_Shifts_24th_Sept_2024_Shift_3_EN.pdf,11,3,Quantitative Aptitude,,Not Answered,
SSC_CGL_Tier_1_Question_Paper_2024_36_Shifts_24th_Sept_2024_Shift_3_EN.pdf,12,3,Quantitative Aptitude,,Not Answered,
SSC_CGL_Tier_1_Question_Paper_2024_36_Shifts_24th_Sept_2024_Shift_3_EN.pdf,13,3,Quantitative Aptitude,D,Answered,
SSC_CGL_Tier_1_Question_Paper_2024_36_Shifts_24th_Sept_2024_Shift_3_EN.pdf,14,3,Quantitative Aptitude,C,Answered,
SSC_CGL_Tier_1_Question_Paper_2024_36_Shifts_24th_Sept_2024_Shift_3_EN.pdf,15,3,Quantitative Aptitude,,Not Answered,
SSC_CGL_Tier_1_Question_Paper_2024_36_Shifts_24th_Sept_2024_Shift_3_EN.pdf,16,3,Quantitative Aptitude,,Not Answered,
SSC_CGL_Tier_1_Question_Paper_2024_36_Shifts_24th_Sept_2024_Shift_3_EN.pdf,17,3,Quantitative Aptitude,,Not Answered,
SSC_CGL_Tier_1_Question_Paper_2024_36_Shifts_24th_Sept_2024_Shift_3_EN.pdf,18,3,Quantitative Aptitude,B,Answered,
SSC_CGL_Tier_1_Question_Paper_2024_36_Shifts_24th_Sept_2024_Shift_3_EN.pdf,19,3,Quantitative Aptitude,,Not Answered,
SSC_CGL_Tier_1_Question_Paper_2024_36_Shifts_24th_Sept_2024_Shift_3_EN.pdf,20,3,Quantitative Aptitude,,,
SSC_CGL_Tier_1_Question_Paper_2024_36_Shifts_24th_Sept_2024_Shift_3_EN.pdf,21,3,Quantitative Aptitude,,Not Answered,
SSC_CGL_Tier_1_Question_Paper_2024_36_Shifts_24th_Sept_2024_Shift_3_EN.pdf,22,3,Quantitative Aptitude,,Not Answered,
SSC_CGL_Tier_1_Question_Paper_2024_36_Shifts_24th_Sept_2024_Shift_3_EN.pdf,23,3,Quantitative Aptitude,,Not Answered,
SSC_CGL_Tier_1_Question_Paper_2024_36_Shifts_24th_Sept_2024_Shift_3_EN.pdf,24,3,Quantitative Aptitude,,Not Answered,
SSC_CGL_Tier_1_Question_Paper_2024_36_Shifts_24th_Sept_2024_Shift_3_EN.pdf,25,3,Quantitative Aptitude,,Not Answered,
SSC_CGL_Tier_1_Question_Paper_2024_36_Shifts_24th_Sept_2024_Shift_3_EN.pdf,1,4,English Comprehension,C,Answered,
SSC_CGL_Tier_1_Question_Paper_2024_36_Shifts_24th_Sept_2024_Shift_3_EN.pdf,2,4,English Comprehension,,Not Answered,
SSC_CGL_Tier_1_Question_Paper_2024_36_Shifts_24th_Sept_2024_Shift_3_EN.pdf,3,4,English Comprehension,A,Answered,
SSC_CGL_Tier_1_Question_Paper_2024_36_Shifts_24th_Sept_2024_Shift_3_EN.pdf,4,4,English Comprehension,C,Answered,
SSC_CGL_Tier_1_Question_Paper_2024_36_Shifts_24th_Sept_2024_Shift_3_EN.pdf,5,4,English Comprehension,C,Answered,
SSC_CGL_Tier_1_Question_Paper_2024_36_Shifts_24th_Sept_2024_Shift_3_EN.pdf,6,4,English Comprehension,B,Answered,
SSC_CGL_Tier_1_Question_Paper_2024_36_Shifts_24th_Sept_2024_Shift_3_EN.pdf,7,4,English Comprehension,C,Answered,
SSC_CGL_Tier_1_Question_Paper_2024_36_Shifts_24th_Sept_2024_Shift_3_EN.pdf,8,4,English Comprehension,C,Answered,
SSC_CGL_Tier_1_Question_Paper_2024_36_Shifts_24th_Sept_2024_Shift_3_EN.pdf,9,4,English Comprehension,B,Answered,
SSC_CGL_Tier_1_Question_Paper_2024_36_Shifts_24th_Sept_2024_Shift_3_EN.pdf,10,4,English Comprehension,D,Answered,
SSC_CGL_Tier_1_Question_Paper_2024_36_Shifts_24th_Sept_2024_Shift_3_EN.pdf,11,4,English Comprehension,A,Answered,
SSC_CGL_Tier_1_Question_Paper_2024_36_Shifts_24th_Sept_2024_Shift_3_EN.pdf,12,4,English Comprehension,A,Answered,
SSC_CGL_Tier_1_Question_Paper_2024_36_Shifts_24th_Sept_2024_Shift_3_EN.pdf,13,4,English Comprehension,A,Answered,
SSC_CGL_Tier_1_Question_Paper_2024_36_Shifts_24th_Sept_2024_Shift_3_EN.pdf,14,4,English Comprehension,,Not Answered,
SSC_CGL_Tier_1_Question_Paper_2024_36_Shifts_24th_Sept_2024_Shift_3_EN.pdf,15,4,English Comprehension,B,Answered,
SSC_CGL_Tier_1_Question_Paper_2024_36_Shifts_24th_Sept_2024_Shift_3_EN.pdf,16,4,English Comprehension,C,Answered,
SSC_CGL_Tier_1_Question_Paper_2024_36_Shifts_24th_Sept_2024_Shift_3_EN.pdf,17,4,English Comprehension,A,Answered,
SSC_CGL_Tier_1_Question_Paper_2024_36_Shifts_24th_Sept_2024_Shift_3_EN.pdf,18,4,English Comprehension,C,Answered,
SSC_CGL_Tier_1_Question_Paper_2024_36_Shifts_24th_Sept_2024_Shift_3_EN.pdf,19,4,English Comprehension,B,Answered,
SSC_CGL_Tier_1_Question_Paper_2024_36_Shifts_24th_Sept_2024_Shift_3_EN.pdf,20,4,English Comprehension,A,Answered,
SSC_CGL_Tier_1_Question_Paper_2024_36_Shifts_24th_Sept_2024_Shift_3_EN.pdf,21,4,English Comprehension,C,Answered,
SSC_CGL_Tier_1_Question_Paper_2024_36_Shifts_24th_Sept_2024_Shift_3_EN.pdf,22,4,English Comprehension,D,Answered,
SSC_CGL_Tier_1_Question_Paper_2024_36_Shifts_24th_Sept_2024_Shift_3_EN.pdf,23,4,English Comprehension,C,Answered,
SSC_CGL_Tier_1_Question_Paper_2024_36_Shifts_24th_Sept_2024_Shift_3_EN.pdf,24,4,English Comprehension,D,Answered,
SSC_CGL_Tier_1_Question_Paper_2024_36_Shifts_24th_Sept_2024_Shift_3_EN.pdf,25,4,English Comprehension,A,Answered,
SSC_CGL_Tier_1_Question_Paper_2024_36_Shifts_25th_Sept_2024_Shift_1_EN.pdf,1,1,General Intelligence and Reasoning,C,Answered,
SSC_CGL_Tier_1_Question_Paper_2024_36_Shifts_25th_Sept_2024_Shift_1_EN.pdf,2,1,General Intelligence and Reasoning,,Not Answered,
SSC_CGL_Tier_1_Question_Paper_2024_36_Shifts_25th_Sept_2024_Shift_1_EN.pdf,3,1,General Intelligence and Reasoning,D,Answered,
SSC_CGL_Tier_1_Question_Paper_2024_36_Shifts_25th_Sept_2024_Shift_1_EN.pdf,4,1,General Intelligence and Reasoning,A,Answered,
SSC_CGL_Tier_1_Question_Paper_2024_36_Shifts_25th_Sept_2024_Shift_1_EN.pdf,5,1,General Intelligence and Reasoning,A,Answered,
SSC_CGL_Tier_1_Question_Paper_2024_36_Shifts_25th_Sept_2024_Shift_1_EN.pdf,6,1,General Intelligence and Reasoning,B,Answered,
SSC_CGL_Tier_1_Question_Paper_2024_36_Shifts_25th_Sept_2024_Shift_1_EN.pdf,7,1,General Intelligence and Reasoning,D,Answered,
SSC_CGL_Tier_1_Question_Paper_2024_36_Shifts_25th_Sept_2024_Shift_1_EN.pdf,8,1,General Intelligence and Reasoning,B,Answered,
SSC_CGL_Tier_1_Question_Paper_2024_36_Shifts_25th_Sept_2024_Shift_1_EN.pdf,9,1,General Intelligence and Reasoning,A,Answered,
SSC_CGL_Tier_1_Question_Paper_2024_36_Shifts_25th_Sept_2024_Shift_1_EN.pdf,10,1,General Intelligence and Reasoning,B,Answered,
SSC_CGL_Tier_1_Question_Paper_2024_36_Shifts_25th_Sept_2024_Shift_1_EN.pdf,11,1,General Intelligence and Reasoning,D,Answered,
SSC_CGL_Tier_1_Question_Paper_2024_36_Shifts_25th_Sept_2024_Shift_1_EN.pdf,12,1,General Intelligence and Reasoning,C,Answered,
SSC_CGL_Tier_1_Question_Paper_2024_36_Shifts_25th_Sept_2024_Shift_1_EN.pdf,13,1,General Intelligence and Reasoning,A,Answered,
SSC_CGL_Tier_1_Question_Paper_2024_36_Shifts_25th_Sept_2024_Shift_1_EN.pdf,14,1,General Intelligence and Reasoning,D,Answered,
SSC_CGL_Tier_1_Question_Paper_2024_36_Shifts_25th_Sept_2024_Shift_1_EN.pdf,15,1,General Intelligence and Reasoning,B,Answered,
SSC_CGL_Tier_1_Question_Paper_2024_36_Shifts_25th_Sept_2024_Shift_1_EN.pdf,16,1,General Intelligence and Reasoning,A,Answered,
SSC_CGL_Tier_1_Question_Paper_2024_36_Shifts_25th_Sept_2024_Shift_1_EN.pdf,17,1,General Intelligence and Reasoning,A,Answered,
SSC_CGL_Tier_1_Question_Paper_2024_36_Shifts_25th_Sept_2024_Shift_1_EN.pdf,18,1,General Intelligence and Reasoning,B,Answered,
SSC_CGL_Tier_1_Question_Paper_2024_36_Shifts_25th_Sept_2024_Shift_1_EN.pdf,19,1,General Intelligence and Reasoning,D,Answered,
SSC_CGL_Tier_1_Question_Paper_2024_36_Shifts_25th_Sept_2024_Shift_1_EN.pdf,20,1,General Intelligence and Reasoning,A,Answered,
SSC_CGL_Tier_1_Question_Paper_2024_36_Shifts_25th_Sept_2024_Shift_1_EN.pdf,21,1,General Intelligence and Reasoning,D,Answered,
SSC_CGL_Tier_1_Question_Paper_2024_36_Shifts_25th_Sept_2024_Shift_1_EN.pdf,22,1,General Intelligence and Reasoning,D,Answered,
SSC_CGL_Tier_1_Question_Paper_2024_36_Shifts_25th_Sept_2024_Shift_1_EN.pdf,23,1,General Intelligence and Reasoning,B,Answered,
SSC_CGL_Tier_1_Question_Paper_2024_36_Shifts_25th_Sept_2024_Shift_1_EN.pdf,24,1,General Intelligence and Reasoning,C,Answered,
SSC_CGL_Tier_1_Question_Paper_2024_36_Shifts_25th_Sept_2024_Shift_1_EN.pdf,25,1,General Intelligence and Reasoning,C,Answered,
SSC_CGL_Tier_1_Question_Paper_2024_36_Shifts_25th_Sept_2024_Shift_1_EN.pdf,1,2,General Awareness,C,Answered,
SSC_CGL_Tier_1_Question_Paper_2024_36_Shifts_25th_Sept_2024_Shift_1_EN.pdf,2,2,General Awareness,A,Answered,
SSC_CGL_Tier_1_Question_Paper_2024_36_Shifts_25th_Sept_2024_Shift_1_EN.pdf,3,2,General Awareness,,Not Answered,
SSC_CGL_Tier_1_Question_Paper_2024_36_Shifts_25th_Sept_2024_Shift_1_EN.pdf,4,2,General Awareness,,Not Answered,
SSC_CGL_Tier_1_Question_Paper_2024_36_Shifts_25th_Sept_2024_Shift_1_EN.pdf,5,2,General Awareness,,Not Answered,
SSC_CGL_Tier_1_Question_Paper_2024_36_Shifts_25th_Sept_2024_Shift_1_EN.pdf,6,2,General Awareness,,Not Answered,
SSC_CGL_Tier_1_Question_Paper_2024_36_Shifts_25th_Sept_2024_Shift_1_EN.pdf,7,2,General Awareness,,Not Answered,
SSC_CGL_Tier_1_Question_Paper_2024_36_Shifts_25th_Sept_2024_Shift_1_EN.pdf,8,2,General Awareness,,Not Answered,
SSC_CGL_Tier_1_Question_Paper_2024_36_Shifts_25th_Sept_2024_Shift_1_EN.pdf,9,2,General Awareness,C,Answered,
SSC_CGL_Tier_1_Question_Paper_2024_36_Shifts_25th_Sept_2024_Shift_1_EN.pdf,10,2,General Awareness,B,Answered,
SSC_CGL_Tier_1_Question_Paper_2024_36_Shifts_25th_Sept_2024_Shift_1_EN.pdf,11,2,General Awareness,,Not Answered,
SSC_CGL_Tier_1_Question_Paper_2024_36_Shifts_25th_Sept_2024_Shift_1_EN.pdf,12,2,General Awareness,A,Answered,
SSC_CGL_Tier_1_Question_Paper_2024_36_Shifts_25th_Sept_2024_Shift_1_EN.pdf,13,2,General Awareness,B,Answered,
SSC_CGL_Tier_1_Question_Paper_2024_36_Shifts_25th_Sept_2024_Shift_1_EN.pdf,14,2,General Awareness,,Not Answered,
SSC_CGL_Tier_1_Question_Paper_2024_36_Shifts_25th_Sept_2024_Shift_1_EN.pdf,15,2,General Awareness,,Not Answered,
SSC_CGL_Tier_1_Question_Paper_2024_36_Shifts_25th_Sept_2024_Shift_1_EN.pdf,16,2,General Awareness,,Not Answered,
SSC_CGL_Tier_1_Question_Paper_2024_36_Shifts_25th_Sept_2024_Shift_1_EN.pdf,17,2,General Awareness,D,Answered,
SSC_CGL_Tier_1_Question_Paper_2024_36_Shifts_25th_Sept_2024_Shift_1_EN.pdf,18,2,General Awareness,,Not Answered,
SSC_CGL_Tier_1_Question_Paper_2024_36_Shifts_25th_Sept_2024_Shift_1_EN.pdf,19,2,General Awareness,,Not Answered,
SSC_CGL_Tier_1_Question_Paper_2024_36_Shifts_25th_Sept_2024_Shift_1_EN.pdf,20,2,General Awareness,,Not Answered,
SSC_CGL_Tier_1_Question_Paper_2024_36_Shifts_25th_Sept_2024_Shift_1_EN.pdf,21,2,General Awareness,,Not Answered,
SSC_CGL_Tier_1_Question_Paper_2024_36_Shifts_25th_Sept_2024_Shift_1_EN.pdf,22,2,General Awareness,,Not Answered,
SSC_CGL_Tier_1_Question_Paper_2024_36_Shifts_25th_Sept_2024_Shift_1_EN.pdf,23,2,General Awareness,A,Answered,
SSC_CGL_Tier_1_Question_Paper_2024_36_Shifts_25th_Sept_2024_Shift_1_EN.pdf,24,2,General Awareness,,Not Answered,
SSC_CGL_Tier_1_Question_Paper_2024_36_Shifts_25th_Sept_2024_Shift_1_EN.pdf,25,2,General Awareness,,Not Answered,
SSC_CGL_Tier_1_Question_Paper_2024_36_Shifts_25th_Sept_2024_Shift_1_EN.pdf,1,3,Quantitative Aptitude,D,Answered,
SSC_CGL_Tier_1_Question_Paper_2024_36_Shifts_25th_Sept_2024_Shift_1_EN.pdf,2,3,Quantitative Aptitude,,Not Answered,
SSC_CGL_Tier_1_Question_Paper_2024_36_Shifts_25th_Sept_2024_Shift_1_EN.pdf,3,3,Quantitative Aptitude,,Not Answered,
SSC_CGL_Tier_1_Question_Paper_2024_36_Shifts_25th_Sept_2024_Shift_1_EN.pdf,4,3,Quantitative Aptitude,C,Answered,
SSC_CGL_Tier_1_Question_Paper_2024_36_Shifts_25th_Sept_2024_Shift_1_EN.pdf,5,3,Quantitative Aptitude,C,Answered,
SSC_CGL_Tier_1_Question_Paper_2024_36_Shifts_25th_Sept_2024_Shift_1_EN.pdf,6,3,Quantitative Aptitude,A,Answered,
SSC_CGL_Tier_1_Question_Paper_2024_36_Shifts_25th_Sept_2024_Shift_1_EN.pdf,7,3,Quantitative Aptitude,B,Answered,
SSC_CGL_Tier_1_Question_Paper_2024_36_Shifts_25th_Sept_2024_Shift_1_EN.pdf,8,3,Quantitative Aptitude,,Not Answered,
SSC_CGL_Tier_1_Question_Paper_2024_36_Shifts_25th_Sept_2024_Shift_1_EN.pdf,9,3,Quantitative Aptitude,,Not Answered,
SSC_CGL_Tier_1_Question_Paper_2024_36_Shifts_25th_Sept_2024_Shift_1_EN.pdf,10,3,Quantitative Aptitude,,Not Answered,
SSC_CGL_Tier_1_Question_Paper_2024_36_Shifts_25th_Sept_2024_Shift_1_EN.pdf,11,3,Quantitative Aptitude,D,Answered,
SSC_CGL_Tier_1_Question_Paper_2024_36_Shifts_25th_Sept_2024_Shift_1_EN.pdf,12,3,Quantitative Aptitude,A,Answered,
SSC_CGL_Tier_1_Question_Paper_2024_36_Shifts_25th_Sept_2024_Shift_1_EN.pdf,13,3,Quantitative Aptitude,C,Answered,
SSC_CGL_Tier_1_Question_Paper_2024_36_Shifts_25th_Sept_2024_Shift_1_EN.pdf,14,3,Quantitative Aptitude,,Not Answered,
SSC_CGL_Tier_1_Question_Paper_2024_36_Shifts_25th_Sept_2024_Shift_1_EN.pdf,15,3,Quantitative Aptitude,,Not Answered,
SSC_CGL_Tier_1_Question_Paper_2024_36_Shifts_25th_Sept_2024_Shift_1_EN.pdf,16,3,Quantitative Aptitude,,Not Answered,
SSC_CGL_Tier_1_Question_Paper_2024_36_Shifts_25th_Sept_2024_Shift_1_EN.pdf,17,3,Quantitative Aptitude,B,Answered,
SSC_CGL_Tier_1_Question_Paper_2024_36_Shifts_25th_Sept_2024_Shift_1_EN.pdf,18,3,Quantitative Aptitude,,Not Answered,
SSC_CGL_Tier_1_Question_Paper_2024_36_Shifts_25th_Sept_2024_Shift_1_EN.pdf,19,3,Quantitative Aptitude,,Not Answered,
SSC_CGL_Tier_1_Question_Paper_2024_36_Shifts_25th_Sept_2024_Shift_1_EN.pdf,20,3,Quantitative Aptitude,,Not Answered,
SSC_CGL_Tier_1_Question_Paper_2024_36_Shifts_25th_Sept_2024_Shift_1_EN.pdf,21,3,Quantitative Aptitude,,Not Answered,
SSC_CGL_Tier_1_Question_Paper_2024_36_Shifts_25th_Sept_2024_Shift_1_EN.pdf,22,3,Quantitative Aptitude,,Not Answered,
SSC_CGL_Tier_1_Question_Paper_2024_36_Shifts_25th_Sept_2024_Shift_1_EN.pdf,23,3,Quantitative Aptitude,,Not Answered,
SSC_CGL_Tier_1_Question_Paper_2024_36_Shifts_25th_Sept_2024_Shift_1_EN.pdf,24,3,Quantitative Aptitude,,Not Answered,
SSC_CGL_Tier_1_Question_Paper_2024_36_Shifts_25th_Sept_2024_Shift_1_EN.pdf,25,3,Quantitative Aptitude,D,Answered,
SSC_CGL_Tier_1_Question_Paper_2024_36_Shifts_25th_Sept_2024_Shift_1_EN.pdf,1,4,English Comprehension,D,Answered,
SSC_CGL_Tier_1_Question_Paper_2024_36_Shifts_25th_Sept_2024_Shift_1_EN.pdf,2,4,English Comprehension,,Not Answered,
SSC_CGL_Tier_1_Question_Paper_2024_36_Shifts_25th_Sept_2024_Shift_1_EN.pdf,3,4,English Comprehension,C,Answered,
SSC_CGL_Tier_1_Question_Paper_2024_36_Shifts_25th_Sept_2024_Shift_1_EN.pdf,4,4,English Comprehension,A,Answered,
SSC_CGL_Tier_1_Question_Paper_2024_36_Shifts_25th_Sept_2024_Shift_1_EN.pdf,5,4,English Comprehension,,Not Answered,
SSC_CGL_Tier_1_Question_Paper_2024_36_Shifts_25th_Sept_2024_Shift_1_EN.pdf,6,4,English Comprehension,B,Answered,
SSC_CGL_Tier_1_Question_Paper_2024_36_Shifts_25th_Sept_2024_Shift_1_EN.pdf,7,4,English Comprehension,,Not Answered,
SSC_CGL_Tier_1_Question_Paper_2024_36_Shifts_25th_Sept_2024_Shift_1_EN.pdf,8,4,English Comprehension,C,Answered,
SSC_CGL_Tier_1_Question_Paper_2024_36_Shifts_25th_Sept_2024_Shift_1_EN.pdf,9,4,English Comprehension,D,Answered,
SSC_CGL_Tier_1_Question_Paper_2024_36_Shifts_25th_Sept_2024_Shift_1_EN.pdf,10,4,English Comprehension,C,Answered,
SSC_CGL_Tier_1_Question_Paper_2024_36_Shifts_25th_Sept_2024_Shift_1_EN.pdf,11,4,English Comprehension,,Not Answered,
SSC_CGL_Tier_1_Question_Paper_2024_36_Shifts_25th_Sept_2024_Shift_1_EN.pdf,12,4,English Comprehension,,Not Answered,
SSC_CGL_Tier_1_Question_Paper_2024_36_Shifts_25th_Sept_2024_Shift_1_EN.pdf,13,4,English Comprehension,C,Answered,
SSC_CGL_Tier_1_Question_Paper_2024_36_Shifts_25th_Sept_2024_Shift_1_EN.pdf,14,4,English Comprehension,D,Answered,
SSC_CGL_Tier_1_Question_Paper_2024_36_Shifts_25th_Sept_2024_Shift_1_EN.pdf,15,4,English Comprehension,,Not Answered,
SSC_CGL_Tier_1_Question_Paper_2024_36_Shifts_25th_Sept_2024_Shift_1_EN.pdf,16,4,English Comprehension,B,Answered,
SSC_CGL_Tier_1_Question_Paper_2024_36_Shifts_25th_Sept_2024_Shift_1_EN.pdf,17,4,English Comprehension,C,Answered,
SSC_CGL_Tier_1_Question_Paper_2024_36_Shifts_25th_Sept_2024_Shift_1_EN.pdf,18,4,English Comprehension,B,Answered,
SSC_CGL_Tier_1_Question_Paper_2024_36_Shifts_25th_Sept_2024_Shift_1_EN.pdf,19,4,English Comprehension,,Not Answered,
SSC_CGL_Tier_1_Question_Paper_2024_36_Shifts_25th_Sept_2024_Shift_1_EN.pdf,20,4,English Comprehension,,Not Answered,
SSC_CGL_Tier_1_Question_Paper_2024_36_Shifts_25th_Sept_2024_Shift_1_EN.pdf,21,4,English Comprehension,C,Answered,
SSC_CGL_Tier_1_Question_Paper_2024_36_Shifts_25th_Sept_2024_Shift_1_EN.pdf,22,4,English Comprehension,,Not Answered,
SSC_CGL_Tier_1_Question_Paper_2024_36_Shifts_25th_Sept_2024_Shift_1_EN.pdf,23,4,English Comprehension,,Not Answered,
SSC_CGL_Tier_1_Question_Paper_2024_36_Shifts_25th_Sept_2024_Shift_1_EN.pdf,24,4,English Comprehension,C,Answered,
SSC_CGL_Tier_1_Question_Paper_2024_36_Shifts_25th_Sept_2024_Shift_1_EN.pdf,25,4,English Comprehension,,Not Answered,
SSC_CGL_Tier_1_Question_Paper_2024_36_Shifts_25th_Sept_2024_Shift_2_EN.pdf,1,1,General Intelligence and Reasoning,A,Answered,
SSC_CGL_Tier_1_Question_Paper_2024_36_Shifts_25th_Sept_2024_Shift_2_EN.pdf,2,1,General Intelligence and Reasoning,C,Answered,
SSC_CGL_Tier_1_Question_Paper_2024_36_Shifts_25th_Sept_2024_Shift_2_EN.pdf,3,1,General Intelligence and Reasoning,A,Answered,
SSC_CGL_Tier_1_Question_Paper_2024_36_Shifts_25th_Sept_2024_Shift_2_EN.pdf,4,1,General Intelligence and Reasoning,D,Answered,
SSC_CGL_Tier_1_Question_Paper_2024_36_Shifts_25th_Sept_2024_Shift_2_EN.pdf,5,1,General Intelligence and Reasoning,C,Answered,
SSC_CGL_Tier_1_Question_Paper_2024_36_Shifts_25th_Sept_2024_Shift_2_EN.pdf,6,1,General Intelligence and Reasoning,D,Answered,
SSC_CGL_Tier_1_Question_Paper_2024_36_Shifts_25th_Sept_2024_Shift_2_EN.pdf,7,1,General Intelligence and Reasoning,B,Answered,
SSC_CGL_Tier_1_Question_Paper_2024_36_Shifts_25th_Sept_2024_Shift_2_EN.pdf,8,1,General Intelligence and Reasoning,D,Answered,
SSC_CGL_Tier_1_Question_Paper_2024_36_Shifts_25th_Sept_2024_Shift_2_EN.pdf,9,1,General Intelligence and Reasoning,C,Answered,
SSC_CGL_Tier_1_Question_Paper_2024_36_Shifts_25th_Sept_2024_Shift_2_EN.pdf,10,1,General Intelligence and Reasoning,C,Answered,
SSC_CGL_Tier_1_Question_Paper_2024_36_Shifts_25th_Sept_2024_Shift_2_EN.pdf,11,1,General Intelligence and Reasoning,B,Answered,
SSC_CGL_Tier_1_Question_Paper_2024_36_Shifts_25th_Sept_2024_Shift_2_EN.pdf,12,1,General Intelligence and Reasoning,A,Answered,
SSC_CGL_Tier_1_Question_Paper_2024_36_Shifts_25th_Sept_2024_Shift_2_EN.pdf,13,1,General Intelligence and Reasoning,B,Answered,
SSC_CGL_Tier_1_Question_Paper_2024_36_Shifts_25th_Sept_2024_Shift_2_EN.pdf,14,1,General Intelligence and Reasoning,A,Answered,
SSC_CGL_Tier_1_Question_Paper_2024_36_Shifts_25th_Sept_2024_Shift_2_EN.pdf,15,1,General Intelligence and Reasoning,B,Answered,
SSC_CGL_Tier_1_Question_Paper_2024_36_Shifts_25th_Sept_2024_Shift_2_EN.pdf,16,1,General Intelligence and Reasoning,C,Answered,
SSC_CGL_Tier_1_Question_Paper_2024_36_Shifts_25th_Sept_2024_Shift_2_EN.pdf,17,1,General Intelligence and Reasoning,B,Answered,
SSC_CGL_Tier_1_Question_Paper_2024_36_Shifts_25th_Sept_2024_Shift_2_EN.pdf,18,1,General Intelligence and Reasoning,B,Answered,
SSC_CGL_Tier_1_Question_Paper_2024_36_Shifts_25th_Sept_2024_Shift_2_EN.pdf,19,1,General Intelligence and Reasoning,B,Answered,
SSC_CGL_Tier_1_Question_Paper_2024_36_Shifts_25th_Sept_2024_Shift_2_EN.pdf,20,1,General Intelligence and Reasoning,D,Answered,
SSC_CGL_Tier_1_Question_Paper_2024_36_Shifts_25th_Sept_2024_Shift_2_EN.pdf,21,1,General Intelligence and Reasoning,C,Answered,
SSC_CGL_Tier_1_Question_Paper_2024_36_Shifts_25th_Sept_2024_Shift_2_EN.pdf,22,1,General Intelligence and Reasoning,D,Answered,
SSC_CGL_Tier_1_Question_Paper_2024_36_Shifts_25th_Sept_2024_Shift_2_EN.pdf,23,1,General Intelligence and Reasoning,D,Answered,
SSC_CGL_Tier_1_Question_Paper_2024_36_Shifts_25th_Sept_2024_Shift_2_EN.pdf,24,1,General Intelligence and Reasoning,B,Answered,
SSC_CGL_Tier_1_Question_Paper_2024_36_Shifts_25th_Sept_2024_Shift_2_EN.pdf,25,1,General Intelligence and Reasoning,D,Answered,
SSC_CGL_Tier_1_Question_Paper_2024_36_Shifts_25th_Sept_2024_Shift_2_EN.pdf,1,2,General Awareness,A,,
SSC_CGL_Tier_1_Question_Paper_2024_36_Shifts_25th_Sept_2024_Shift_2_EN.pdf,2,2,General Awareness,B,,
SSC_CGL_Tier_1_Question_Paper_2024_36_Shifts_25th_Sept_2024_Shift_2_EN.pdf,3,2,General Awareness,A,Answered,
SSC_CGL_Tier_1_Question_Paper_2024_36_Shifts_25th_Sept_2024_Shift_2_EN.pdf,4,2,General Awareness,,Not Answered,
SSC_CGL_Tier_1_Question_Paper_2024_36_Shifts_25th_Sept_2024_Shift_2_EN.pdf,5,2,General Awareness,B,Answered,
SSC_CGL_Tier_1_Question_Paper_2024_36_Shifts_25th_Sept_2024_Shift_2_EN.pdf,6,2,General Awareness,C,Answered,
SSC_CGL_Tier_1_Question_Paper_2024_36_Shifts_25th_Sept_2024_Shift_2_EN.pdf,7,2,General Awareness,,Not Answered,
SSC_CGL_Tier_1_Question_Paper_2024_36_Shifts_25th_Sept_2024_Shift_2_EN.pdf,8,2,General Awareness,C,Answered,
SSC_CGL_Tier_1_Question_Paper_2024_36_Shifts_25th_Sept_2024_Shift_2_EN.pdf,9,2,General Awareness,B,Answered,
SSC_CGL_Tier_1_Question_Paper_2024_36_Shifts_25th_Sept_2024_Shift_2_EN.pdf,10,2,General Awareness,C,Answered,
SSC_CGL_Tier_1_Question_Paper_2024_36_Shifts_25th_Sept_2024_Shift_2_EN.pdf,11,2,General Awareness,B,Answered,
SSC_CGL_Tier_1_Question_Paper_2024_36_Shifts_25th_Sept_2024_Shift_2_EN.pdf,12,2,General Awareness,,Not Answered,
SSC_CGL_Tier_1_Question_Paper_2024_36_Shifts_25th_Sept_2024_Shift_2_EN.pdf,13,2,General Awareness,C,Answered,
SSC_CGL_Tier_1_Question_Paper_2024_36_Shifts_25th_Sept_2024_Shift_2_EN.pdf,14,2,General Awareness,C,Answered,
SSC_CGL_Tier_1_Question_Paper_2024_36_Shifts_25th_Sept_2024_Shift_2_EN.pdf,15,2,General Awareness,D,Answered,
SSC_CGL_Tier_1_Question_Paper_2024_36_Shifts_25th_Sept_2024_Shift_2_EN.pdf,16,2,General Awareness,C,Answered,
SSC_CGL_Tier_1_Question_Paper_2024_36_Shifts_25th_Sept_2024_Shift_2_EN.pdf,17,2,General Awareness,,Not Answered,
SSC_CGL_Tier_1_Question_Paper_2024_36_Shifts_25th_Sept_2024_Shift_2_EN.pdf,18,2,General Awareness,B,Answered,
SSC_CGL_Tier_1_Question_Paper_2024_36_Shifts_25th_Sept_2024_Shift_2_EN.pdf,19,2,General Awareness,A,Answered,
SSC_CGL_Tier_1_Question_Paper_2024_36_Shifts_25th_Sept_2024_Shift_2_EN.pdf,20,2,General Awareness,C,Answered,
SSC_CGL_Tier_1_Question_Paper_2024_36_Shifts_25th_Sept_2024_Shift_2_EN.pdf,21,2,General Awareness,,Not Answered,
SSC_CGL_Tier_1_Question_Paper_2024_36_Shifts_25th_Sept_2024_Shift_2_EN.pdf,22,2,General Awareness,A,Answered,
SSC_CGL_Tier_1_Question_Paper_2024_36_Shifts_25th_Sept_2024_Shift_2_EN.pdf,23,2,General Awareness,B,Answered,
SSC_CGL_Tier_1_Question_Paper_2024_36_Shifts_25th_Sept_2024_Shift_2_EN.pdf,24,2,General Awareness,C,Answered,
SSC_CGL_Tier_1_Question_Paper_2024_36_Shifts_25th_Sept_2024_Shift_2_EN.pdf,25,2,General Awareness,D,Answered,
SSC_CGL_Tier_1_Question_Paper_2024_36_Shifts_25th_Sept_2024_Shift_2_EN.pdf,1,3,Quantitative Aptitude,C,Answered,
SSC_CGL_Tier_1_Question_Paper_2024_36_Shifts_25th_Sept_2024_Shift_2_EN.pdf,2,3,Quantitative Aptitude,B,Answered,
SSC_CGL_Tier_1_Question_Paper_2024_36_Shifts_25th_Sept_2024_Shift_2_EN.pdf,3,3,Quantitative Aptitude,C,Answered,
SSC_CGL_Tier_1_Question_Paper_2024_36_Shifts_25th_Sept_2024_Shift_2_EN.pdf,4,3,Quantitative Aptitude,A,Answered,
SSC_CGL_Tier_1_Question_Paper_2024_36_Shifts_25th_Sept_2024_Shift_2_EN.pdf,5,3,Quantitative Aptitude,A,Answered,
SSC_CGL_Tier_1_Question_Paper_2024_36_Shifts_25th_Sept_2024_Shift_2_EN.pdf,6,3,Quantitative Aptitude,,,
SSC_CGL_Tier_1_Question_Paper_2024_36_Shifts_25th_Sept_2024_Shift_2_EN.pdf,7,3,Quantitative Aptitude,,,
SSC_CGL_Tier_1_Question_Paper_2024_36_Shifts_25th_Sept_2024_Shift_2_EN.pdf,8,3,Quantitative Aptitude,D,Answered,
SSC_CGL_Tier_1_Question_Paper_2024_36_Shifts_25th_Sept_2024_Shift_2_EN.pdf,9,3,Quantitative Aptitude,B,Answered,
SSC_CGL_Tier_1_Question_Paper_2024_36_Shifts_25th_Sept_2024_Shift_2_EN.pdf,10,3,Quantitative Aptitude,B,Answered,
SSC_CGL_Tier_1_Question_Paper_2024_36_Shifts_25th_Sept_2024_Shift_2_EN.pdf,11,3,Quantitative Aptitude,C,Answered,
SSC_CGL_Tier_1_Question_Paper_2024_36_Shifts_25th_Sept_2024_Shift_2_EN.pdf,12,3,Quantitative Aptitude,,,
SSC_CGL_Tier_1_Question_Paper_2024_36_Shifts_25th_Sept_2024_Shift_2_EN.pdf,13,3,Quantitative Aptitude,A,Answered,
SSC_CGL_Tier_1_Question_Paper_2024_36_Shifts_25th_Sept_2024_Shift_2_EN.pdf,14,3,Quantitative Aptitude,C,Answered,
SSC_CGL_Tier_1_Question_Paper_2024_36_Shifts_25th_Sept_2024_Shift_2_EN.pdf,15,3,Quantitative Aptitude,D,Answered,
SSC_CGL_Tier_1_Question_Paper_2024_36_Shifts_25th_Sept_2024_Shift_2_EN.pdf,16,3,Quantitative Aptitude,D,Answered,
SSC_CGL_Tier_1_Question_Paper_2024_36_Shifts_25th_Sept_2024_Shift_2_EN.pdf,17,3,Quantitative Aptitude,,Not Answered,
SSC_CGL_Tier_1_Question_Paper_2024_36_Shifts_25th_Sept_2024_Shift_2_EN.pdf,18,3,Quantitative Aptitude,A,Answered,
SSC_CGL_Tier_1_Question_Paper_2024_36_Shifts_25th_Sept_2024_Shift_2_EN.pdf,19,3,Quantitative Aptitude,,Not Answered,
SSC_CGL_Tier_1_Question_Paper_2024_36_Shifts_25th_Sept_2024_Shift_2_EN.pdf,20,3,Quantitative Aptitude,A,Answered,
SSC_CGL_Tier_1_Question_Paper_2024_36_Shifts_25th_Sept_2024_Shift_2_EN.pdf,21,3,Quantitative Aptitude,D,Answered,
SSC_CGL_Tier_1_Question_Paper_2024_36_Shifts_25th_Sept_2024_Shift_2_EN.pdf,22,3,Quantitative Aptitude,,Not Answered,
SSC_CGL_Tier_1_Question_Paper_2024_36_Shifts_25th_Sept_2024_Shift_2_EN.pdf,23,3,Quantitative Aptitude,D,Answered,
SSC_CGL_Tier_1_Question_Paper_2024_36_Shifts_25th_Sept_2024_Shift_2_EN.pdf,24,3,Quantitative Aptitude,,Not Answered,
SSC_CGL_Tier_1_Question_Paper_2024_36_Shifts_25th_Sept_2024_Shift_2_EN.pdf,25,3,Quantitative Aptitude,D,Answered,
SSC_CGL_Tier_1_Question_Paper_2024_36_Shifts_25th_Sept_2024_Shift_2_EN.pdf,1,4,English Comprehension,C,Answered,
SSC_CGL_Tier_1_Question_Paper_2024_36_Shifts_25th_Sept_2024_Shift_2_EN.pdf,2,4,English Comprehension,D,Answered,
SSC_CGL_Tier_1_Question_Paper_2024_36_Shifts_25th_Sept_2024_Shift_2_EN.pdf,3,4,English Comprehension,A,Answered,
SSC_CGL_Tier_1_Question_Paper_2024_36_Shifts_25th_Sept_2024_Shift_2_EN.pdf,4,4,English Comprehension,D,Answered,
SSC_CGL_Tier_1_Question_Paper_2024_36_Shifts_25th_Sept_2024_Shift_2_EN.pdf,5,4,English Comprehension,C,Answered,
SSC_CGL_Tier_1_Question_Paper_2024_36_Shifts_25th_Sept_2024_Shift_2_EN.pdf,6,4,English Comprehension,C,Answered,
SSC_CGL_Tier_1_Question_Paper_2024_36_Shifts_25th_Sept_2024_Shift_2_EN.pdf,7,4,English Comprehension,C,Answered,
SSC_CGL_Tier_1_Question_Paper_2024_36_Shifts_25th_Sept_2024_Shift_2_EN.pdf,8,4,English Comprehension,B,Answered,
SSC_CGL_Tier_1_Question_Paper_2024_36_Shifts_25th_Sept_2024_Shift_2_EN.pdf,9,4,English Comprehension,A,Answered,
SSC_CGL_Tier_1_Question_Paper_2024_36_Shifts_25th_Sept_2024_Shift_2_EN.pdf,10,4,English Comprehension,B,Answered,
SSC_CGL_Tier_1_Question_Paper_2024_36_Shifts_25th_Sept_2024_Shift_2_EN.pdf,11,4,English Comprehension,C,Answered,
SSC_CGL_Tier_1_Question_Paper_2024_36_Shifts_25th_Sept_2024_Shift_2_EN.pdf,12,4,English Comprehension,D,Answered,
SSC_CGL_Tier_1_Question_Paper_2024_36_Shifts_25th_Sept_2024_Shift_2_EN.pdf,13,4,English Comprehension,D,Answered,
SSC_CGL_Tier_1_Question_Paper_2024_36_Shifts_25th_Sept_2024_Shift_2_EN.pdf,14,4,English Comprehension,C,Answered,
SSC_CGL_Tier_1_Question_Paper_2024_36_Shifts_25th_Sept_2024_Shift_2_EN.pdf,15,4,English Comprehension,D,Answered,
SSC_CGL_Tier_1_Question_Paper_2024_36_Shifts_25th_Sept_2024_Shift_2_EN.pdf,16,4,English Comprehension,C,Answered,
SSC_CGL_Tier_1_Question_Paper_2024_36_Shifts_25th_Sept_2024_Shift_2_EN.pdf,17,4,English Comprehension,B,Answered,
SSC_CGL_Tier_1_Question_Paper_2024_36_Shifts_25th_Sept_2024_Shift_2_EN.pdf,18,4,English Comprehension,A,Answered,
SSC_CGL_Tier_1_Question_Paper_2024_36_Shifts_25th_Sept_2024_Shift_2_EN.pdf,19,4,English Comprehension,D,Answered,
SSC_CGL_Tier_1_Question_Paper_2024_36_Shifts_25th_Sept_2024_Shift_2_EN.pdf,20,4,English Comprehension,A,Answered,
SSC_CGL_Tier_1_Question_Paper_2024_36_Shifts_25th_Sept_2024_Shift_2_EN.pdf,21,4,English Comprehension,,Not Answered,
SSC_CGL_Tier_1_Question_Paper_2024_36_Shifts_25th_Sept_2024_Shift_2_EN.pdf,22,4,English Comprehension,C,Answered,
SSC_CGL_Tier_1_Question_Paper_2024_36_Shifts_25th_Sept_2024_Shift_2_EN.pdf,23,4,English Comprehension,D,Answered,
SSC_CGL_Tier_1_Question_Paper_2024_36_Shifts_25th_Sept_2024_Shift_2_EN.pdf,24,4,English Comprehension,B,Answered,
SSC_CGL_Tier_1_Question_Paper_2024_36_Shifts_25th_Sept_2024_Shift_2_EN.pdf,25,4,English Comprehension,B,Answered,
SSC_CGL_Tier_1_Question_Paper_2024_36_Shifts_25th_Sept_2024_Shift_3_EN.pdf,1,1,General Intelligence and Reasoning,A,Answered,
SSC_CGL_Tier_1_Question_Paper_2024_36_Shifts_25th_Sept_2024_Shift_3_EN.pdf,2,1,General Intelligence and Reasoning,B,Answered,
SSC_CGL_Tier_1_Question_Paper_2024_36_Shifts_25th_Sept_2024_Shift_3_EN.pdf,3,1,General Intelligence and Reasoning,A,Answered,
SSC_CGL_Tier_1_Question_Paper_2024_36_Shifts_25th_Sept_2024_Shift_3_EN.pdf,4,1,General Intelligence and Reasoning,C,Answered,
SSC_CGL_Tier_1_Question_Paper_2024_36_Shifts_25th_Sept_2024_Shift_3_EN.pdf,5,1,General Intelligence and Reasoning,A,Answered,
SSC_CGL_Tier_1_Question_Paper_2024_36_Shifts_25th_Sept_2024_Shift_3_EN.pdf,6,1,General Intelligence and Reasoning,D,Answered,
SSC_CGL_Tier_1_Question_Paper_2024_36_Shifts_25th_Sept_2024_Shift_3_EN.pdf,7,1,General Intelligence and Reasoning,B,Answered,
SSC_CGL_Tier_1_Question_Paper_2024_36_Shifts_25th_Sept_2024_Shift_3_EN.pdf,8,1,General Intelligence and Reasoning,,Not Answered,
SSC_CGL_Tier_1_Question_Paper_2024_36_Shifts_25th_Sept_2024_Shift_3_EN.pdf,9,1,General Intelligence and Reasoning,C,Answered,
SSC_CGL_Tier_1_Question_Paper_2024_36_Shifts_25th_Sept_2024_Shift_3_EN.pdf,10,1,General Intelligence and Reasoning,C,Answered,
SSC_CGL_Tier_1_Question_Paper_2024_36_Shifts_25th_Sept_2024_Shift_3_EN.pdf,11,1,General Intelligence and Reasoning,A,Answered,
SSC_CGL_Tier_1_Question_Paper_2024_36_Shifts_25th_Sept_2024_Shift_3_EN.pdf,12,1,General Intelligence and Reasoning,C,Answered,
SSC_CGL_Tier_1_Question_Paper_2024_36_Shifts_25th_Sept_2024_Shift_3_EN.pdf,13,1,General Intelligence and Reasoning,B,Answered,
SSC_CGL_Tier_1_Question_Paper_2024_36_Shifts_25th_Sept_2024_Shift_3_EN.pdf,14,1,General Intelligence and Reasoning,B,Answered,
SSC_CGL_Tier_1_Question_Paper_2024_36_Shifts_25th_Sept_2024_Shift_3_EN.pdf,15,1,General Intelligence and Reasoning,C,Answered,
SSC_CGL_Tier_1_Question_Paper_2024_36_Shifts_25th_Sept_2024_Shift_3_EN.pdf,16,1,General Intelligence and Reasoning,A,Answered,
SSC_CGL_Tier_1_Question_Paper_2024_36_Shifts_25th_Sept_2024_Shift_3_EN.pdf,17,1,General Intelligence and Reasoning,B,Answered,
SSC_CGL_Tier_1_Question_Paper_2024_36_Shifts_25th_Sept_2024_Shift_3_EN.pdf,18,1,General Intelligence and Reasoning,C,Answered,
SSC_CGL_Tier_1_Question_Paper_2024_36_Shifts_25th_Sept_2024_Shift_3_EN.pdf,19,1,General Intelligence and Reasoning,B,Answered,
SSC_CGL_Tier_1_Question_Paper_2024_36_Shifts_25th_Sept_2024_Shift_3_EN.pdf,20,1,General Intelligence and Reasoning,B,,
SSC_CGL_Tier_1_Question_Paper_2024_36_Shifts_25th_Sept_2024_Shift_3_EN.pdf,21,1,General Intelligence and Reasoning,D,Answered,
SSC_CGL_Tier_1_Question_Paper_2024_36_Shifts_25th_Sept_2024_Shift_3_EN.pdf,22,1,General Intelligence and Reasoning,B,Answered,
SSC_CGL_Tier_1_Question_Paper_2024_36_Shifts_25th_Sept_2024_Shift_3_EN.pdf,23,1,General Intelligence and Reasoning,A,Answered,
SSC_CGL_Tier_1_Question_Paper_2024_36_Shifts_25th_Sept_2024_Shift_3_EN.pdf,24,1,General Intelligence and Reasoning,B,Answered,
SSC_CGL_Tier_1_Question_Paper_2024_36_Shifts_25th_Sept_2024_Shift_3_EN.pdf,25,1,General Intelligence and Reasoning,D,Answered,
SSC_CGL_Tier_1_Question_Paper_2024_36_Shifts_25th_Sept_2024_Shift_3_EN.pdf,1,2,General Awareness,A,Answered,
SSC_CGL_Tier_1_Question_Paper_2024_36_Shifts_25th_Sept_2024_Shift_3_EN.pdf,2,2,General Awareness,A,Answered,
SSC_CGL_Tier_1_Question_Paper_2024_36_Shifts_25th_Sept_2024_Shift_3_EN.pdf,3,2,General Awareness,A,Answered,
SSC_CGL_Tier_1_Question_Paper_2024_36_Shifts_25th_Sept_2024_Shift_3_EN.pdf,4,2,General Awareness,C,Answered,
SSC_CGL_Tier_1_Question_Paper_2024_36_Shifts_25th_Sept_2024_Shift_3_EN.pdf,5,2,General Awareness,A,Answered,
SSC_CGL_Tier_1_Question_Paper_2024_36_Shifts_25th_Sept_2024_Shift_3_EN.pdf,6,2,General Awareness,D,Answered,
SSC_CGL_Tier_1_Question_Paper_2024_36_Shifts_25th_Sept_2024_Shift_3_EN.pdf,7,2,General Awareness,B,Answered,
SSC_CGL_Tier_1_Question_Paper_2024_36_Shifts_25th_Sept_2024_Shift_3_EN.pdf,8,2,General Awareness,A,Answered,
SSC_CGL_Tier_1_Question_Paper_2024_36_Shifts_25th_Sept_2024_Shift_3_EN.pdf,9,2,General Awareness,A,Answered,
SSC_CGL_Tier_1_Question_Paper_2024_36_Shifts_25th_Sept_2024_Shift_3_EN.pdf,10,2,General Awareness,C,Answered,
SSC_CGL_Tier_1_Question_Paper_2024_36_Shifts_25th_Sept_2024_Shift_3_EN.pdf,11,2,General Awareness,C,Answered,
SSC_CGL_Tier_1_Question_Paper_2024_36_Shifts_25th_Sept_2024_Shift_3_EN.pdf,12,2,General Awareness,D,Answered,
SSC_CGL_Tier_1_Question_Paper_2024_36_Shifts_25th_Sept_2024_Shift_3_EN.pdf,13,2,General Awareness,D,Answered,
SSC_CGL_Tier_1_Question_Paper_2024_36_Shifts_25th_Sept_2024_Shift_3_EN.pdf,14,2,General Awareness,A,Answered,
SSC_CGL_Tier_1_Question_Paper_2024_36_Shifts_25th_Sept_2024_Shift_3_EN.pdf,15,2,General Awareness,,Not Answered,
SSC_CGL_Tier_1_Question_Paper_2024_36_Shifts_25th_Sept_2024_Shift_3_EN.pdf,16,2,General Awareness,C,Answered,
SSC_CGL_Tier_1_Question_Paper_2024_36_Shifts_25th_Sept_2024_Shift_3_EN.pdf,17,2,General Awareness,A,Answered,
SSC_CGL_Tier_1_Question_Paper_2024_36_Shifts_25th_Sept_2024_Shift_3_EN.pdf,18,2,General Awareness,C,Answered,
SSC_CGL_Tier_1_Question_Paper_2024_36_Shifts_25th_Sept_2024_Shift_3_EN.pdf,19,2,General Awareness,,Not Answered,
SSC_CGL_Tier_1_Question_Paper_2024_36_Shifts_25th_Sept_2024_Shift_3_EN.pdf,20,2,General Awareness,B,Answered,
SSC_CGL_Tier_1_Question_Paper_2024_36_Shifts_25th_Sept_2024_Shift_3_EN.pdf,21,2,General Awareness,B,Answered,
SSC_CGL_Tier_1_Question_Paper_2024_36_Shifts_25th_Sept_2024_Shift_3_EN.pdf,22,2,General Awareness,,Not Answered,
SSC_CGL_Tier_1_Question_Paper_2024_36_Shifts_25th_Sept_2024_Shift_3_EN.pdf,23,2,General Awareness,D,Answered,
SSC_CGL_Tier_1_Question_Paper_2024_36_Shifts_25th_Sept_2024_Shift_3_EN.pdf,24,2,General Awareness,B,Answered,
SSC_CGL_Tier_1_Question_Paper_2024_36_Shifts_25th_Sept_2024_Shift_3_EN.pdf,25,2,General Awareness,B,Answered,
SSC_CGL_Tier_1_Question_Paper_2024_36_Shifts_25th_Sept_2024_Shift_3_EN.pdf,1,3,Quantitative Aptitude,D,Answered,
SSC_CGL_Tier_1_Question_Paper_2024_36_Shifts_25th_Sept_2024_Shift_3_EN.pdf,2,3,Quantitative Aptitude,B,Answered,
SSC_CGL_Tier_1_Question_Paper_2024_36_Shifts_25th_Sept_2024_Shift_3_EN.pdf,3,3,Quantitative Aptitude,C,Answered,
SSC_CGL_Tier_1_Question_Paper_2024_36_Shifts_25th_Sept_2024_Shift_3_EN.pdf,4,3,Quantitative Aptitude,B,Answered,
SSC_CGL_Tier_1_Question_Paper_2024_36_Shifts_25th_Sept_2024_Shift_3_EN.pdf,5,3,Quantitative Aptitude,B,Answered,
SSC_CGL_Tier_1_Question_Paper_2024_36_Shifts_25th_Sept_2024_Shift_3_EN.pdf,6,3,Quantitative Aptitude,B,Answered,
SSC_CGL_Tier_1_Question_Paper_2024_36_Shifts_25th_Sept_2024_Shift_3_EN.pdf,7,3,Quantitative Aptitude,D,Answered,
SSC_CGL_Tier_1_Question_Paper_2024_36_Shifts_25th_Sept_2024_Shift_3_EN.pdf,8,3,Quantitative Aptitude,B,Answered,
SSC_CGL_Tier_1_Question_Paper_2024_36_Shifts_25th_Sept_2024_Shift_3_EN.pdf,9,3,Quantitative Aptitude,B,Answered,
SSC_CGL_Tier_1_Question_Paper_2024_36_Shifts_25th_Sept_2024_Shift_3_EN.pdf,10,3,Quantitative Aptitude,C,Answered,
SSC_CGL_Tier_1_Question_Paper_2024_36_Shifts_25th_Sept_2024_Shift_3_EN.pdf,11,3,Quantitative Aptitude,,Not Answered,
SSC_CGL_Tier_1_Question_Paper_2024_36_Shifts_25th_Sept_2024_Shift_3_EN.pdf,12,3,Quantitative Aptitude,A,Answered,
SSC_CGL_Tier_1_Question_Paper_2024_36_Shifts_25th_Sept_2024_Shift_3_EN.pdf,13,3,Quantitative Aptitude,D,Answered,
SSC_CGL_Tier_1_Question_Paper_2024_36_Shifts_25th_Sept_2024_Shift_3_EN.pdf,14,3,Quantitative Aptitude,A,Answered,
SSC_CGL_Tier_1_Question_Paper_2024_36_Shifts_25th_Sept_2024_Shift_3_EN.pdf,15,3,Quantitative Aptitude,A,Answered,
SSC_CGL_Tier_1_Question_Paper_2024_36_Shifts_25th_Sept_2024_Shift_3_EN.pdf,16,3,Quantitative Aptitude,,Not Answered,
SSC_CGL_Tier_1_Question_Paper_2024_36_Shifts_25th_Sept_2024_Shift_3_EN.pdf,17,3,Quantitative Aptitude,C,Answered,
SSC_CGL_Tier_1_Question_Paper_2024_36_Shifts_25th_Sept_2024_Shift_3_EN.pdf,18,3,Quantitative Aptitude,A,Answered,
SSC_CGL_Tier_1_Question_Paper_2024_36_Shifts_25th_Sept_2024_Shift_3_EN.pdf,19,3,Quantitative Aptitude,A,Answered,
SSC_CGL_Tier_1_Question_Paper_2024_36_Shifts_25th_Sept_2024_Shift_3_EN.pdf,20,3,Quantitative Aptitude,B,Answered,
SSC_CGL_Tier_1_Question_Paper_2024_36_Shifts_25th_Sept_2024_Shift_3_EN.pdf,21,3,Quantitative Aptitude,C,Answered,
SSC_CGL_Tier_1_Question_Paper_2024_36_Shifts_25th_Sept_2024_Shift_3_EN.pdf,22,3,Quantitative Aptitude,,Not Answered,
SSC_CGL_Tier_1_Question_Paper_2024_36_Shifts_25th_Sept_2024_Shift_3_EN.pdf,23,3,Quantitative Aptitude,C,Answered,
SSC_CGL_Tier_1_Question_Paper_2024_36_Shifts_25th_Sept_2024_Shift_3_EN.pdf,24,3,Quantitative Aptitude,A,Answered,
SSC_CGL_Tier_1_Question_Paper_2024_36_Shifts_25th_Sept_2024_Shift_3_EN.pdf,25,3,Quantitative Aptitude,C,Answered,
SSC_CGL_Tier_1_Question_Paper_2024_36_Shifts_25th_Sept_2024_Shift_3_EN.pdf,1,4,English Comprehension,A,Answered,
SSC_CGL_Tier_1_Question_Paper_2024_36_Shifts_25th_Sept_2024_Shift_3_EN.pdf,2,4,English Comprehension,C,Answered,
SSC_CGL_Tier_1_Question_Paper_2024_36_Shifts_25th_Sept_2024_Shift_3_EN.pdf,3,4,English Comprehension,B,Answered,
SSC_CGL_Tier_1_Question_Paper_2024_36_Shifts_25th_Sept_2024_Shift_3_EN.pdf,4,4,English Comprehension,B,Answered,
SSC_CGL_Tier_1_Question_Paper_2024_36_Shifts_25th_Sept_2024_Shift_3_EN.pdf,5,4,English Comprehension,A,Answered,
SSC_CGL_Tier_1_Question_Paper_2024_36_Shifts_25th_Sept_2024_Shift_3_EN.pdf,6,4,English Comprehension,A,Answered,
SSC_CGL_Tier_1_Question_Paper_2024_36_Shifts_25th_Sept_2024_Shift_3_EN.pdf,7,4,English Comprehension,B,Answered,
SSC_CGL_Tier_1_Question_Paper_2024_36_Shifts_25th_Sept_2024_Shift_3_EN.pdf,8,4,English Comprehension,B,Answered,
SSC_CGL_Tier_1_Question_Paper_2024_36_Shifts_25th_Sept_2024_Shift_3_EN.pdf,9,4,English Comprehension,A,Answered,
SSC_CGL_Tier_1_Question_Paper_2024_36_Shifts_25th_Sept_2024_Shift_3_EN.pdf,10,4,English Comprehension,A,Answered,
SSC_CGL_Tier_1_Question_Paper_2024_36_Shifts_25th_Sept_2024_Shift_3_EN.pdf,11,4,English Comprehension,D,Answered,
SSC_CGL_Tier_1_Question_Paper_2024_36_Shifts_25th_Sept_2024_Shift_3_EN.pdf,12,4,English Comprehension,C,Answered,
SSC_CGL_Tier_1_Question_Paper_2024_36_Shifts_25th_Sept_2024_Shift_3_EN.pdf,13,4,English Comprehension,A,Answered,
SSC_CGL_Tier_1_Question_Paper_2024_36_Shifts_25th_Sept_2024_Shift_3_EN.pdf,14,4,English Comprehension,C,Answered,
SSC_CGL_Tier_1_Question_Paper_2024_36_Shifts_25th_Sept_2024_Shift_3_EN.pdf,15,4,English Comprehension,D,Answered,
SSC_CGL_Tier_1_Question_Paper_2024_36_Shifts_25th_Sept_2024_Shift_3_EN.pdf,16,4,English Comprehension,D,Answered,
SSC_CGL_Tier_1_Question_Paper_2024_36_Shifts_25th_Sept_2024_Shift_3_EN.pdf,17,4,English Comprehension,C,Answered,
SSC_CGL_Tier_1_Question_Paper_2024_36_Shifts_25th_Sept_2024_Shift_3_EN.pdf,18,4,English Comprehension,C,Answered,
SSC_CGL_Tier_1_Question_Paper_2024_36_Shifts_25th_Sept_2024_Shift_3_EN.pdf,19,4,English Comprehension,C,Answered,
SSC_CGL_Tier_1_Question_Paper_2024_36_Shifts_25th_Sept_2024_Shift_3_EN.pdf,20,4,English Comprehension,B,Answered,
SSC_CGL_Tier_1_Question_Paper_2024_36_Shifts_25th_Sept_2024_Shift_3_EN.pdf,21,4,English Comprehension,C,Answered,
SSC_CGL_Tier_1_Question_Paper_2024_36_Shifts_25th_Sept_2024_Shift_3_EN.pdf,22,4,English Comprehension,C,Answered,
SSC_CGL_Tier_1_Question_Paper_2024_36_Shifts_25th_Sept_2024_Shift_3_EN.pdf,23,4,English Comprehension,A,Answered,
SSC_CGL_Tier_1_Question_Paper_2024_36_Shifts_25th_Sept_2024_Shift_3_EN.pdf,24,4,English Comprehension,A,Answered,
SSC_CGL_Tier_1_Question_Paper_2024_36_Shifts_25th_Sept_2024_Shift_3_EN.pdf,25,4,English Comprehension,B,Answered,
SSC_CGL_Tier_1_Question_Paper_2024_36_Shifts_26th_Sept_2024_Shift_1_EN.pdf,1,1,General Intelligence and Reasoning,C,Answered,
SSC_CGL_Tier_1_Question_Paper_2024_36_Shifts_26th_Sept_2024_Shift_1_EN.pdf,2,1,General Intelligence and Reasoning,B,Answered,
SSC_CGL_Tier_1_Question_Paper_2024_36_Shifts_26th_Sept_2024_Shift_1_EN.pdf,3,1,General Intelligence and Reasoning,C,Answered,
SSC_CGL_Tier_1_Question_Paper_2024_36_Shifts_26th_Sept_2024_Shift_1_EN.pdf,4,1,General Intelligence and Reasoning,B,Answered,
SSC_CGL_Tier_1_Question_Paper_2024_36_Shifts_26th_Sept_2024_Shift_1_EN.pdf,5,1,General Intelligence and Reasoning,C,Answered,
SSC_CGL_Tier_1_Question_Paper_2024_36_Shifts_26th_Sept_2024_Shift_1_EN.pdf,6,1,General Intelligence and Reasoning,A,Answered,
SSC_CGL_Tier_1_Question_Paper_2024_36_Shifts_26th_Sept_2024_Shift_1_EN.pdf,7,1,General Intelligence and Reasoning,B,Answered,
SSC_CGL_Tier_1_Question_Paper_2024_36_Shifts_26th_Sept_2024_Shift_1_EN.pdf,8,1,General Intelligence and Reasoning,D,Answered,
SSC_CGL_Tier_1_Question_Paper_2024_36_Shifts_26th_Sept_2024_Shift_1_EN.pdf,9,1,General Intelligence and Reasoning,B,Answered,
SSC_CGL_Tier_1_Question_Paper_2024_36_Shifts_26th_Sept_2024_Shift_1_EN.pdf,10,1,General Intelligence and Reasoning,C,Answered,
SSC_CGL_Tier_1_Question_Paper_2024_36_Shifts_26th_Sept_2024_Shift_1_EN.pdf,11,1,General Intelligence and Reasoning,D,Answered,
SSC_CGL_Tier_1_Question_Paper_2024_36_Shifts_26th_Sept_2024_Shift_1_EN.pdf,12,1,General Intelligence and Reasoning,A,Answered,
SSC_CGL_Tier_1_Question_Paper_2024_36_Shifts_26th_Sept_2024_Shift_1_EN.pdf,13,1,General Intelligence and Reasoning,B,Answered,
SSC_CGL_Tier_1_Question_Paper_2024_36_Shifts_26th_Sept_2024_Shift_1_EN.pdf,14,1,General Intelligence and Reasoning,C,Answered,
SSC_CGL_Tier_1_Question_Paper_2024_36_Shifts_26th_Sept_2024_Shift_1_EN.pdf,15,1,General Intelligence and Reasoning,C,Answered,
SSC_CGL_Tier_1_Question_Paper_2024_36_Shifts_26th_Sept_2024_Shift_1_EN.pdf,16,1,General Intelligence and Reasoning,D,Answered,
SSC_CGL_Tier_1_Question_Paper_2024_36_Shifts_26th_Sept_2024_Shift_1_EN.pdf,17,1,General Intelligence and Reasoning,C,Answered,
SSC_CGL_Tier_1_Question_Paper_2024_36_Shifts_26th_Sept_2024_Shift_1_EN.pdf,18,1,General Intelligence and Reasoning,B,Answered,
SSC_CGL_Tier_1_Question_Paper_2024_36_Shifts_26th_Sept_2024_Shift_1_EN.pdf,19,1,General Intelligence and Reasoning,D,Answered,
SSC_CGL_Tier_1_Question_Paper_2024_36_Shifts_26th_Sept_2024_Shift_1_EN.pdf,20,1,General Intelligence and Reasoning,C,Answered,
SSC_CGL_Tier_1_Question_Paper_2024_36_Shifts_26th_Sept_2024_Shift_1_EN.pdf,21,1,General Intelligence and Reasoning,B,Answered,
SSC_CGL_Tier_1_Question_Paper_2024_36_Shifts_26th_Sept_2024_Shift_1_EN.pdf,22,1,General Intelligence and Reasoning,B,Answered,
SSC_CGL_Tier_1_Question_Paper_2024_36_Shifts_26th_Sept_2024_Shift_1_EN.pdf,23,1,General Intelligence and Reasoning,C,Answered,
SSC_CGL_Tier_1_Question_Paper_2024_36_Shifts_26th_Sept_2024_Shift_1_EN.pdf,24,1,General Intelligence and Reasoning,B,Answered,
SSC_CGL_Tier_1_Question_Paper_2024_36_Shifts_26th_Sept_2024_Shift_1_EN.pdf,25,1,General Intelligence and Reasoning,B,Answered,
SSC_CGL_Tier_1_Question_Paper_2024_36_Shifts_26th_Sept_2024_Shift_1_EN.pdf,1,2,General Awareness,D,Answered,
SSC_CGL_Tier_1_Question_Paper_2024_36_Shifts_26th_Sept_2024_Shift_1_EN.pdf,2,2,General Awareness,A,Answered,
SSC_CGL_Tier_1_Question_Paper_2024_36_Shifts_26th_Sept_2024_Shift_1_EN.pdf,3,2,General Awareness,A,Answered,
SSC_CGL_Tier_1_Question_Paper_2024_36_Shifts_26th_Sept_2024_Shift_1_EN.pdf,4,2,General Awareness,,Not Answered,
SSC_CGL_Tier_1_Question_Paper_2024_36_Shifts_26th_Sept_2024_Shift_1_EN.pdf,5,2,General Awareness,B,Answered,
SSC_CGL_Tier_1_Question_Paper_2024_36_Shifts_26th_Sept_2024_Shift_1_EN.pdf,6,2,General Awareness,D,Answered,
SSC_CGL_Tier_1_Question_Paper_2024_36_Shifts_26th_Sept_2024_Shift_1_EN.pdf,7,2,General Awareness,A,Answered,
SSC_CGL_Tier_1_Question_Paper_2024_36_Shifts_26th_Sept_2024_Shift_1_EN.pdf,8,2,General Awareness,C,Answered,
SSC_CGL_Tier_1_Question_Paper_2024_36_Shifts_26th_Sept_2024_Shift_1_EN.pdf,9,2,General Awareness,A,Answered,
SSC_CGL_Tier_1_Question_Paper_2024_36_Shifts_26th_Sept_2024_Shift_1_EN.pdf,10,2,General Awareness,A,Answered,
SSC_CGL_Tier_1_Question_Paper_2024_36_Shifts_26th_Sept_2024_Shift_1_EN.pdf,11,2,General Awareness,A,Answered,
SSC_CGL_Tier_1_Question_Paper_2024_36_Shifts_26th_Sept_2024_Shift_1_EN.pdf,12,2,General Awareness,B,Answered,
SSC_CGL_Tier_1_Question_Paper_2024_36_Shifts_26th_Sept_2024_Shift_1_EN.pdf,13,2,General Awareness,D,Answered,
SSC_CGL_Tier_1_Question_Paper_2024_36_Shifts_26th_Sept_2024_Shift_1_EN.pdf,14,2,General Awareness,D,Answered,
SSC_CGL_Tier_1_Question_Paper_2024_36_Shifts_26th_Sept_2024_Shift_1_EN.pdf,15,2,General Awareness,A,Answered,
SSC_CGL_Tier_1_Question_Paper_2024_36_Shifts_26th_Sept_2024_Shift_1_EN.pdf,16,2,General Awareness,D,Answered,
SSC_CGL_Tier_1_Question_Paper_2024_36_Shifts_26th_Sept_2024_Shift_1_EN.pdf,17,2,General Awareness,A,Answered,
SSC_CGL_Tier_1_Question_Paper_2024_36_Shifts_26th_Sept_2024_Shift_1_EN.pdf,18,2,General Awareness,C,Answered,
SSC_CGL_Tier_1_Question_Paper_2024_36_Shifts_26th_Sept_2024_Shift_1_EN.pdf,19,2,General Awareness,C,Answered,
SSC_CGL_Tier_1_Question_Paper_2024_36_Shifts_26th_Sept_2024_Shift_1_EN.pdf,20,2,General Awareness,C,Answered,
SSC_CGL_Tier_1_Question_Paper_2024_36_Shifts_26th_Sept_2024_Shift_1_EN.pdf,21,2,General Awareness,C,Answered,
SSC_CGL_Tier_1_Question_Paper_2024_36_Shifts_26th_Sept_2024_Shift_1_EN.pdf,22,2,General Awareness,C,Answered,
SSC_CGL_Tier_1_Question_Paper_2024_36_Shifts_26th_Sept_2024_Shift_1_EN.pdf,23,2,General Awareness,A,Answered,
SSC_CGL_Tier_1_Question_Paper_2024_36_Shifts_26th_Sept_2024_Shift_1_EN.pdf,24,2,General Awareness,D,Answered,
SSC_CGL_Tier_1_Question_Paper_2024_36_Shifts_26th_Sept_2024_Shift_1_EN.pdf,25,2,General Awareness,B,Answered,
SSC_CGL_Tier_1_Question_Paper_2024_36_Shifts_26th_Sept_2024_Shift_1_EN.pdf,1,3,Quantitative Aptitude,A,Answered,
SSC_CGL_Tier_1_Question_Paper_2024_36_Shifts_26th_Sept_2024_Shift_1_EN.pdf,2,3,Quantitative Aptitude,D,Answered,
SSC_CGL_Tier_1_Question_Paper_2024_36_Shifts_26th_Sept_2024_Shift_1_EN.pdf,3,3,Quantitative Aptitude,A,Answered,
SSC_CGL_Tier_1_Question_Paper_2024_36_Shifts_26th_Sept_2024_Shift_1_EN.pdf,4,3,Quantitative Aptitude,C,Answered,
SSC_CGL_Tier_1_Question_Paper_2024_36_Shifts_26th_Sept_2024_Shift_1_EN.pdf,5,3,Quantitative Aptitude,B,Answered,
SSC_CGL_Tier_1_Question_Paper_2024_36_Shifts_26th_Sept_2024_Shift_1_EN.pdf,6,3,Quantitative Aptitude,,Not Answered,
SSC_CGL_Tier_1_Question_Paper_2024_36_Shifts_26th_Sept_2024_Shift_1_EN.pdf,7,3,Quantitative Aptitude,D,Answered,
SSC_CGL_Tier_1_Question_Paper_2024_36_Shifts_26th_Sept_2024_Shift_1_EN.pdf,8,3,Quantitative Aptitude,C,Answered,
SSC_CGL_Tier_1_Question_Paper_2024_36_Shifts_26th_Sept_2024_Shift_1_EN.pdf,9,3,Quantitative Aptitude,,Not Answered,
SSC_CGL_Tier_1_Question_Paper_2024_36_Shifts_26th_Sept_2024_Shift_1_EN.pdf,10,3,Quantitative Aptitude,,Not Answered,
SSC_CGL_Tier_1_Question_Paper_2024_36_Shifts_26th_Sept_2024_Shift_1_EN.pdf,11,3,Quantitative Aptitude,D,Answered,
SSC_CGL_Tier_1_Question_Paper_2024_36_Shifts_26th_Sept_2024_Shift_1_EN.pdf,12,3,Quantitative Aptitude,B,Answered,
SSC_CGL_Tier_1_Question_Paper_2024_36_Shifts_26th_Sept_2024_Shift_1_EN.pdf,13,3,Quantitative Aptitude,,Not Answered,
SSC_CGL_Tier_1_Question_Paper_2024_36_Shifts_26th_Sept_2024_Shift_1_EN.pdf,14,3,Quantitative Aptitude,,Not Answered,
SSC_CGL_Tier_1_Question_Paper_2024_36_Shifts_26th_Sept_2024_Shift_1_EN.pdf,15,3,Quantitative Aptitude,B,Answered,
SSC_CGL_Tier_1_Question_Paper_2024_36_Shifts_26th_Sept_2024_Shift_1_EN.pdf,16,3,Quantitative Aptitude,D,Answered,
SSC_CGL_Tier_1_Question_Paper_2024_36_Shifts_26th_Sept_2024_Shift_1_EN.pdf,17,3,Quantitative Aptitude,,Not Answered,
SSC_CGL_Tier_1_Question_Paper_2024_36_Shifts_26th_Sept_2024_Shift_1_EN.pdf,18,3,Quantitative Aptitude,,Not Answered,
SSC_CGL_Tier_1_Question_Paper_2024_36_Shifts_26th_Sept_2024_Shift_1_EN.pdf,19,3,Quantitative Aptitude,A,Answered,
SSC_CGL_Tier_1_Question_Paper_2024_36_Shifts_26th_Sept_2024_Shift_1_EN.pdf,20,3,Quantitative Aptitude,,Not Answered,
SSC_CGL_Tier_1_Question_Paper_2024_36_Shifts_26th_Sept_2024_Shift_1_EN.pdf,21,3,Quantitative Aptitude,C,Answered,
SSC_CGL_Tier_1_Question_Paper_2024_36_Shifts_26th_Sept_2024_Shift_1_EN.pdf,22,3,Quantitative Aptitude,D,Answered,
SSC_CGL_Tier_1_Question_Paper_2024_36_Shifts_26th_Sept_2024_Shift_1_EN.pdf,23,3,Quantitative Aptitude,,Not Answered,
SSC_CGL_Tier_1_Question_Paper_2024_36_Shifts_26th_Sept_2024_Shift_1_EN.pdf,24,3,Quantitative Aptitude,A,Answered,
SSC_CGL_Tier_1_Question_Paper_2024_36_Shifts_26th_Sept_2024_Shift_1_EN.pdf,25,3,Quantitative Aptitude,C,Answered,
SSC_CGL_Tier_1_Question_Paper_2024_36_Shifts_26th_Sept_2024_Shift_1_EN.pdf,1,4,English Comprehension,C,Answered,
SSC_CGL_Tier_1_Question_Paper_2024_36_Shifts_26th_Sept_2024_Shift_1_EN.pdf,2,4,English Comprehension,D,Answered,
SSC_CGL_Tier_1_Question_Paper_2024_36_Shifts_26th_Sept_2024_Shift_1_EN.pdf,3,4,English Comprehension,A,Answered,
SSC_CGL_Tier_1_Question_Paper_2024_36_Shifts_26th_Sept_2024_Shift_1_EN.pdf,4,4,English Comprehension,D,Answered,
SSC_CGL_Tier_1_Question_Paper_2024_36_Shifts_26th_Sept_2024_Shift_1_EN.pdf,5,4,English Comprehension,A,Answered,
SSC_CGL_Tier_1_Question_Paper_2024_36_Shifts_26th_Sept_2024_Shift_1_EN.pdf,6,4,English Comprehension,B,Answered,
SSC_CGL_Tier_1_Question_Paper_2024_36_Shifts_26th_Sept_2024_Shift_1_EN.pdf,7,4,English Comprehension,B,Answered,
SSC_CGL_Tier_1_Question_Paper_2024_36_Shifts_26th_Sept_2024_Shift_1_EN.pdf,8,4,English Comprehension,C,Answered,
SSC_CGL_Tier_1_Question_Paper_2024_36_Shifts_26th_Sept_2024_Shift_1_EN.pdf,9,4,English Comprehension,C,Answered,
SSC_CGL_Tier_1_Question_Paper_2024_36_Shifts_26th_Sept_2024_Shift_1_EN.pdf,10,4,English Comprehension,B,Answered,
SSC_CGL_Tier_1_Question_Paper_2024_36_Shifts_26th_Sept_2024_Shift_1_EN.pdf,11,4,English Comprehension,A,Answered,
SSC_CGL_Tier_1_Question_Paper_2024_36_Shifts_26th_Sept_2024_Shift_1_EN.pdf,12,4,English Comprehension,B,Answered,
SSC_CGL_Tier_1_Question_Paper_2024_36_Shifts_26th_Sept_2024_Shift_1_EN.pdf,13,4,English Comprehension,B,Answered,
SSC_CGL_Tier_1_Question_Paper_2024_36_Shifts_26th_Sept_2024_Shift_1_EN.pdf,14,4,English Comprehension,B,Answered,
SSC_CGL_Tier_1_Question_Paper_2024_36_Shifts_26th_Sept_2024_Shift_1_EN.pdf,15,4,English Comprehension,B,Answered,
SSC_CGL_Tier_1_Question_Paper_2024_36_Shifts_26th_Sept_2024_Shift_1_EN.pdf,16,4,English Comprehension,D,Answered,
SSC_CGL_Tier_1_Question_Paper_2024_36_Shifts_26th_Sept_2024_Shift_1_EN.pdf,17,4,English Comprehension,,Not Answered,
SSC_CGL_Tier_1_Question_Paper_2024_36_Shifts_26th_Sept_2024_Shift_1_EN.pdf,18,4,English Comprehension,C,Answered,
SSC_CGL_Tier_1_Question_Paper_2024_36_Shifts_26th_Sept_2024_Shift_1_EN.pdf,19,4,English Comprehension,C,Answered,
SSC_CGL_Tier_1_Question_Paper_2024_36_Shifts_26th_Sept_2024_Shift_1_EN.pdf,20,4,English Comprehension,C,Answered,
SSC_CGL_Tier_1_Question_Paper_2024_36_Shifts_26th_Sept_2024_Shift_1_EN.pdf,21,4,English Comprehension,B,Answered,
SSC_CGL_Tier_1_Question_Paper_2024_36_Shifts_26th_Sept_2024_Shift_1_EN.pdf,22,4,English Comprehension,B,Answered,
SSC_CGL_Tier_1_Question_Paper_2024_36_Shifts_26th_Sept_2024_Shift_1_EN.pdf,23,4,English Comprehension,B,Answered,
SSC_CGL_Tier_1_Question_Paper_2024_36_Shifts_26th_Sept_2024_Shift_1_EN.pdf,24,4,English Comprehension,D,Answered,
SSC_CGL_Tier_1_Question_Paper_2024_36_Shifts_26th_Sept_2024_Shift_1_EN.pdf,25,4,English Comprehension,D,Answered,
SSC_CGL_Tier_1_Question_Paper_2024_36_Shifts_26th_Sept_2024_Shift_2_EN.pdf,1,1,General Intelligence and Reasoning,B,Answered,
SSC_CGL_Tier_1_Question_Paper_2024_36_Shifts_26th_Sept_2024_Shift_2_EN.pdf,2,1,General Intelligence and Reasoning,C,Answered,
SSC_CGL_Tier_1_Question_Paper_2024_36_Shifts_26th_Sept_2024_Shift_2_EN.pdf,3,1,General Intelligence and Reasoning,C,Answered,
SSC_CGL_Tier_1_Question_Paper_2024_36_Shifts_26th_Sept_2024_Shift_2_EN.pdf,4,1,General Intelligence and Reasoning,C,Answered,
SSC_CGL_Tier_1_Question_Paper_2024_36_Shifts_26th_Sept_2024_Shift_2_EN.pdf,5,1,General Intelligence and Reasoning,C,Answered,
SSC_CGL_Tier_1_Question_Paper_2024_36_Shifts_26th_Sept_2024_Shift_2_EN.pdf,6,1,General Intelligence and Reasoning,B,Answered,
SSC_CGL_Tier_1_Question_Paper_2024_36_Shifts_26th_Sept_2024_Shift_2_EN.pdf,7,1,General Intelligence and Reasoning,B,Answered,
SSC_CGL_Tier_1_Question_Paper_2024_36_Shifts_26th_Sept_2024_Shift_2_EN.pdf,8,1,General Intelligence and Reasoning,A,Answered,
SSC_CGL_Tier_1_Question_Paper_2024_36_Shifts_26th_Sept_2024_Shift_2_EN.pdf,9,1,General Intelligence and Reasoning,C,Answered,
SSC_CGL_Tier_1_Question_Paper_2024_36_Shifts_26th_Sept_2024_Shift_2_EN.pdf,10,1,General Intelligence and Reasoning,B,Answered,
SSC_CGL_Tier_1_Question_Paper_2024_36_Shifts_26th_Sept_2024_Shift_2_EN.pdf,11,1,General Intelligence and Reasoning,C,Answered,
SSC_CGL_Tier_1_Question_Paper_2024_36_Shifts_26th_Sept_2024_Shift_2_EN.pdf,12,1,General Intelligence and Reasoning,D,Answered,
SSC_CGL_Tier_1_Question_Paper_2024_36_Shifts_26th_Sept_2024_Shift_2_EN.pdf,13,1,General Intelligence and Reasoning,A,Answered,
SSC_CGL_Tier_1_Question_Paper_2024_36_Shifts_26th_Sept_2024_Shift_2_EN.pdf,14,1,General Intelligence and Reasoning,B,Answered,
SSC_CGL_Tier_1_Question_Paper_2024_36_Shifts_26th_Sept_2024_Shift_2_EN.pdf,15,1,General Intelligence and Reasoning,A,Answered,
SSC_CGL_Tier_1_Question_Paper_2024_36_Shifts_26th_Sept_2024_Shift_2_EN.pdf,16,1,General Intelligence and Reasoning,B,Answered,
SSC_CGL_Tier_1_Question_Paper_2024_36_Shifts_26th_Sept_2024_Shift_2_EN.pdf,17,1,General Intelligence and Reasoning,C,Answered,
SSC_CGL_Tier_1_Question_Paper_2024_36_Shifts_26th_Sept_2024_Shift_2_EN.pdf,18,1,General Intelligence and Reasoning,B,Answered,
SSC_CGL_Tier_1_Question_Paper_2024_36_Shifts_26th_Sept_2024_Shift_2_EN.pdf,19,1,General Intelligence and Reasoning,A,Answered,
SSC_CGL_Tier_1_Question_Paper_2024_36_Shifts_26th_Sept_2024_Shift_2_EN.pdf,20,1,General Intelligence and Reasoning,C,Answered,
SSC_CGL_Tier_1_Question_Paper_2024_36_Shifts_26th_Sept_2024_Shift_2_EN.pdf,21,1,General Intelligence and Reasoning,A,Answered,
SSC_CGL_Tier_1_Question_Paper_2024_36_Shifts_26th_Sept_2024_Shift_2_EN.pdf,22,1,General Intelligence and Reasoning,C,Answered,
SSC_CGL_Tier_1_Question_Paper_2024_36_Shifts_26th_Sept_2024_Shift_2_EN.pdf,23,1,General Intelligence and Reasoning,A,Answered,
SSC_CGL_Tier_1_Question_Paper_2024_36_Shifts_26th_Sept_2024_Shift_2_EN.pdf,24,1,General Intelligence and Reasoning,B,Answered,
SSC_CGL_Tier_1_Question_Paper_2024_36_Shifts_26th_Sept_2024_Shift_2_EN.pdf,25,1,General Intelligence and Reasoning,D,Answered,
SSC_CGL_Tier_1_Question_Paper_2024_36_Shifts_26th_Sept_2024_Shift_2_EN.pdf,1,2,General Awareness,,Not Answered,
SSC_CGL_Tier_1_Question_Paper_2024_36_Shifts_26th_Sept_2024_Shift_2_EN.pdf,2,2,General Awareness,C,Answered,
SSC_CGL_Tier_1_Question_Paper_2024_36_Shifts_26th_Sept_2024_Shift_2_EN.pdf,3,2,General Awareness,D,Answered,
SSC_CGL_Tier_1_Question_Paper_2024_36_Shifts_26th_Sept_2024_Shift_2_EN.pdf,4,2,General Awareness,D,Answered,
SSC_CGL_Tier_1_Question_Paper_2024_36_Shifts_26th_Sept_2024_Shift_2_EN.pdf,5,2,General Awareness,,Not Answered,
SSC_CGL_Tier_1_Question_Paper_2024_36_Shifts_26th_Sept_2024_Shift_2_EN.pdf,6,2,General Awareness,D,Answered,
SSC_CGL_Tier_1_Question_Paper_2024_36_Shifts_26th_Sept_2024_Shift_2_EN.pdf,7,2,General Awareness,D,Answered,
SSC_CGL_Tier_1_Question_Paper_2024_36_Shifts_26th_Sept_2024_Shift_2_EN.pdf,8,2,General Awareness,B,Answered,
SSC_CGL_Tier_1_Question_Paper_2024_36_Shifts_26th_Sept_2024_Shift_2_EN.pdf,9,2,General Awareness,,Not Answered,
SSC_CGL_Tier_1_Question_Paper_2024_36_Shifts_26th_Sept_2024_Shift_2_EN.pdf,10,2,General Awareness,A,Answered,
SSC_CGL_Tier_1_Question_Paper_2024_36_Shifts_26th_Sept_2024_Shift_2_EN.pdf,11,2,General Awareness,,Not Answered,
SSC_CGL_Tier_1_Question_Paper_2024_36_Shifts_26th_Sept_2024_Shift_2_EN.pdf,12,2,General Awareness,D,Answered,
SSC_CGL_Tier_1_Question_Paper_2024_36_Shifts_26th_Sept_2024_Shift_2_EN.pdf,13,2,General Awareness,,Not Answered,
SSC_CGL_Tier_1_Question_Paper_2024_36_Shifts_26th_Sept_2024_Shift_2_EN.pdf,14,2,General Awareness,B,Answered,
SSC_CGL_Tier_1_Question_Paper_2024_36_Shifts_26th_Sept_2024_Shift_2_EN.pdf,15,2,General Awareness,,Not Answered,
SSC_CGL_Tier_1_Question_Paper_2024_36_Shifts_26th_Sept_2024_Shift_2_EN.pdf,16,2,General Awareness,,Not Answered,
SSC_CGL_Tier_1_Question_Paper_2024_36_Shifts_26th_Sept_2024_Shift_2_EN.pdf,17,2,General Awareness,,Not Answered,
SSC_CGL_Tier_1_Question_Paper_2024_36_Shifts_26th_Sept_2024_Shift_2_EN.pdf,18,2,General Awareness,,Not Answered,
SSC_CGL_Tier_1_Question_Paper_2024_36_Shifts_26th_Sept_2024_Shift_2_EN.pdf,19,2,General Awareness,B,Answered,
SSC_CGL_Tier_1_Question_Paper_2024_36_Shifts_26th_Sept_2024_Shift_2_EN.pdf,20,2,General Awareness,,Not Answered,
SSC_CGL_Tier_1_Question_Paper_2024_36_Shifts_26th_Sept_2024_Shift_2_EN.pdf,21,2,General Awareness,A,Answered,
SSC_CGL_Tier_1_Question_Paper_2024_36_Shifts_26th_Sept_2024_Shift_2_EN.pdf,22,2,General Awareness,D,Answered,
SSC_CGL_Tier_1_Question_Paper_2024_36_Shifts_26th_Sept_2024_Shift_2_EN.pdf,23,2,General Awareness,B,Answered,
SSC_CGL_Tier_1_Question_Paper_2024_36_Shifts_26th_Sept_2024_Shift_2_EN.pdf,24,2,General Awareness,A,Answered,
SSC_CGL_Tier_1_Question_Paper_2024_36_Shifts_26th_Sept_2024_Shift_2_EN.pdf,25,2,General Awareness,,Not Answered,
SSC_CGL_Tier_1_Question_Paper_2024_36_Shifts_26th_Sept_2024_Shift_2_EN.pdf,1,3,Quantitative Aptitude,B,Answered,
SSC_CGL_Tier_1_Question_Paper_2024_36_Shifts_26th_Sept_2024_Shift_2_EN.pdf,2,3,Quantitative Aptitude,D,Answered,
SSC_CGL_Tier_1_Question_Paper_2024_36_Shifts_26th_Sept_2024_Shift_2_EN.pdf,3,3,Quantitative Aptitude,B,Answered,
SSC_CGL_Tier_1_Question_Paper_2024_36_Shifts_26th_Sept_2024_Shift_2_EN.pdf,4,3,Quantitative Aptitude,A,Answered,
SSC_CGL_Tier_1_Question_Paper_2024_36_Shifts_26th_Sept_2024_Shift_2_EN.pdf,5,3,Quantitative Aptitude,D,Answered,
SSC_CGL_Tier_1_Question_Paper_2024_36_Shifts_26th_Sept_2024_Shift_2_EN.pdf,6,3,Quantitative Aptitude,A,Answered,
SSC_CGL_Tier_1_Question_Paper_2024_36_Shifts_26th_Sept_2024_Shift_2_EN.pdf,7,3,Quantitative Aptitude,D,Answered,
SSC_CGL_Tier_1_Question_Paper_2024_36_Shifts_26th_Sept_2024_Shift_2_EN.pdf,8,3,Quantitative Aptitude,D,Answered,
SSC_CGL_Tier_1_Question_Paper_2024_36_Shifts_26th_Sept_2024_Shift_2_EN.pdf,9,3,Quantitative Aptitude,C,Answered,
SSC_CGL_Tier_1_Question_Paper_2024_36_Shifts_26th_Sept_2024_Shift_2_EN.pdf,10,3,Quantitative Aptitude,D,Answered,
SSC_CGL_Tier_1_Question_Paper_2024_36_Shifts_26th_Sept_2024_Shift_2_EN.pdf,11,3,Quantitative Aptitude,B,Answered,
SSC_CGL_Tier_1_Question_Paper_2024_36_Shifts_26th_Sept_2024_Shift_2_EN.pdf,12,3,Quantitative Aptitude,D,Answered,
SSC_CGL_Tier_1_Question_Paper_2024_36_Shifts_26th_Sept_2024_Shift_2_EN.pdf,13,3,Quantitative Aptitude,A,Answered,
SSC_CGL_Tier_1_Question_Paper_2024_36_Shifts_26th_Sept_2024_Shift_2_EN.pdf,14,3,Quantitative Aptitude,A,Answered,
SSC_CGL_Tier_1_Question_Paper_2024_36_Shifts_26th_Sept_2024_Shift_2_EN.pdf,15,3,Quantitative Aptitude,B,Answered,
SSC_CGL_Tier_1_Question_Paper_2024_36_Shifts_26th_Sept_2024_Shift_2_EN.pdf,16,3,Quantitative Aptitude,C,Answered,
SSC_CGL_Tier_1_Question_Paper_2024_36_Shifts_26th_Sept_2024_Shift_2_EN.pdf,17,3,Quantitative Aptitude,A,Answered,
SSC_CGL_Tier_1_Question_Paper_2024_36_Shifts_26th_Sept_2024_Shift_2_EN.pdf,18,3,Quantitative Aptitude,B,Answered,
SSC_CGL_Tier_1_Question_Paper_2024_36_Shifts_26th_Sept_2024_Shift_2_EN.pdf,19,3,Quantitative Aptitude,A,Answered,
SSC_CGL_Tier_1_Question_Paper_2024_36_Shifts_26th_Sept_2024_Shift_2_EN.pdf,20,3,Quantitative Aptitude,C,Answered,
SSC_CGL_Tier_1_Question_Paper_2024_36_Shifts_26th_Sept_2024_Shift_2_EN.pdf,21,3,Quantitative Aptitude,B,Answered,
SSC_CGL_Tier_1_Question_Paper_2024_36_Shifts_26th_Sept_2024_Shift_2_EN.pdf,22,3,Quantitative Aptitude,B,Answered,
SSC_CGL_Tier_1_Question_Paper_2024_36_Shifts_26th_Sept_2024_Shift_2_EN.pdf,23,3,Quantitative Aptitude,A,Answered,
SSC_CGL_Tier_1_Question_Paper_2024_36_Shifts_26th_Sept_2024_Shift_2_EN.pdf,24,3,Quantitative Aptitude,B,Answered,
SSC_CGL_Tier_1_Question_Paper_2024_36_Shifts_26th_Sept_2024_Shift_2_EN.pdf,25,3,Quantitative Aptitude,B,Answered,
SSC_CGL_Tier_1_Question_Paper_2024_36_Shifts_26th_Sept_2024_Shift_2_EN.pdf,1,4,English Comprehension,D,Answered,
SSC_CGL_Tier_1_Question_Paper_2024_36_Shifts_26th_Sept_2024_Shift_2_EN.pdf,2,4,English Comprehension,B,Answered,
SSC_CGL_Tier_1_Question_Paper_2024_36_Shifts_26th_Sept_2024_Shift_2_EN.pdf,3,4,English Comprehension,D,Answered,
SSC_CGL_Tier_1_Question_Paper_2024_36_Shifts_26th_Sept_2024_Shift_2_EN.pdf,4,4,English Comprehension,A,Answered,
SSC_CGL_Tier_1_Question_Paper_2024_36_Shifts_26th_Sept_2024_Shift_2_EN.pdf,5,4,English Comprehension,D,Answered,
SSC_CGL_Tier_1_Question_Paper_2024_36_Shifts_26th_Sept_2024_Shift_2_EN.pdf,6,4,English Comprehension,D,Answered,
SSC_CGL_Tier_1_Question_Paper_2024_36_Shifts_26th_Sept_2024_Shift_2_EN.pdf,7,4,English Comprehension,B,Answered,
SSC_CGL_Tier_1_Question_Paper_2024_36_Shifts_26th_Sept_2024_Shift_2_EN.pdf,8,4,English Comprehension,C,Answered,
SSC_CGL_Tier_1_Question_Paper_2024_36_Shifts_26th_Sept_2024_Shift_2_EN.pdf,9,4,English Comprehension,B,Answered,
SSC_CGL_Tier_1_Question_Paper_2024_36_Shifts_26th_Sept_2024_Shift_2_EN.pdf,10,4,English Comprehension,D,Answered,
SSC_CGL_Tier_1_Question_Paper_2024_36_Shifts_26th_Sept_2024_Shift_2_EN.pdf,11,4,English Comprehension,B,Answered,
SSC_CGL_Tier_1_Question_Paper_2024_36_Shifts_26th_Sept_2024_Shift_2_EN.pdf,12,4,English Comprehension,A,Answered,
SSC_CGL_Tier_1_Question_Paper_2024_36_Shifts_26th_Sept_2024_Shift_2_EN.pdf,13,4,English Comprehension,C,Answered,
SSC_CGL_Tier_1_Question_Paper_2024_36_Shifts_26th_Sept_2024_Shift_2_EN.pdf,14,4,English Comprehension,D,Answered,
SSC_CGL_Tier_1_Question_Paper_2024_36_Shifts_26th_Sept_2024_Shift_2_EN.pdf,15,4,English Comprehension,A,Answered,
SSC_CGL_Tier_1_Question_Paper_2024_36_Shifts_26th_Sept_2024_Shift_2_EN.pdf,16,4,English Comprehension,C,Answered,
SSC_CGL_Tier_1_Question_Paper_2024_36_Shifts_26th_Sept_2024_Shift_2_EN.pdf,17,4,English Comprehension,A,Answered,
SSC_CGL_Tier_1_Question_Paper_2024_36_Shifts_26th_Sept_2024_Shift_2_EN.pdf,18,4,English Comprehension,B,Answered,
SSC_CGL_Tier_1_Question_Paper_2024_36_Shifts_26th_Sept_2024_Shift_2_EN.pdf,19,4,English Comprehension,A,Answered,
SSC_CGL_Tier_1_Question_Paper_2024_36_Shifts_26th_Sept_2024_Shift_2_EN.pdf,20,4,English Comprehension,,Not Answered,
SSC_CGL_Tier_1_Question_Paper_2024_36_Shifts_26th_Sept_2024_Shift_2_EN.pdf,21,4,English Comprehension,A,Answered,
SSC_CGL_Tier_1_Question_Paper_2024_36_Shifts_26th_Sept_2024_Shift_2_EN.pdf,22,4,English Comprehension,B,Answered,
SSC_CGL_Tier_1_Question_Paper_2024_36_Shifts_26th_Sept_2024_Shift_2_EN.pdf,23,4,English Comprehension,D,Answered,
SSC_CGL_Tier_1_Question_Paper_2024_36_Shifts_26th_Sept_2024_Shift_2_EN.pdf,24,4,English Comprehension,C,Answered,
SSC_CGL_Tier_1_Question_Paper_2024_36_Shifts_26th_Sept_2024_Shift_2_EN.pdf,25,4,English Comprehension,D,Answered,
SSC_CGL_Tier_1_Question_Paper_2024_36_Shifts_26th_Sept_2024_Shift_3_EN.pdf,1,1,General Intelligence and Reasoning,C,Answered,
SSC_CGL_Tier_1_Question_Paper_2024_36_Shifts_26th_Sept_2024_Shift_3_EN.pdf,2,1,General Intelligence and Reasoning,C,Answered,
SSC_CGL_Tier_1_Question_Paper_2024_36_Shifts_26th_Sept_2024_Shift_3_EN.pdf,3,1,General Intelligence and Reasoning,B,Answered,
SSC_CGL_Tier_1_Question_Paper_2024_36_Shifts_26th_Sept_2024_Shift_3_EN.pdf,4,1,General Intelligence and Reasoning,B,Answered,
SSC_CGL_Tier_1_Question_Paper_2024_36_Shifts_26th_Sept_2024_Shift_3_EN.pdf,5,1,General Intelligence and Reasoning,D,Answered,
SSC_CGL_Tier_1_Question_Paper_2024_36_Shifts_26th_Sept_2024_Shift_3_EN.pdf,6,1,General Intelligence and Reasoning,A,Answered,
SSC_CGL_Tier_1_Question_Paper_2024_36_Shifts_26th_Sept_2024_Shift_3_EN.pdf,7,1,General Intelligence and Reasoning,B,Answered,
SSC_CGL_Tier_1_Question_Paper_2024_36_Shifts_26th_Sept_2024_Shift_3_EN.pdf,8,1,General Intelligence and Reasoning,B,Answered,
SSC_CGL_Tier_1_Question_Paper_2024_36_Shifts_26th_Sept_2024_Shift_3_EN.pdf,9,1,General Intelligence and Reasoning,D,Answered,
SSC_CGL_Tier_1_Question_Paper_2024_36_Shifts_26th_Sept_2024_Shift_3_EN.pdf,10,1,General Intelligence and Reasoning,B,Answered,
SSC_CGL_Tier_1_Question_Paper_2024_36_Shifts_26th_Sept_2024_Shift_3_EN.pdf,11,1,General Intelligence and Reasoning,A,Answered,
SSC_CGL_Tier_1_Question_Paper_2024_36_Shifts_26th_Sept_2024_Shift_3_EN.pdf,12,1,General Intelligence and Reasoning,C,Answered,
SSC_CGL_Tier_1_Question_Paper_2024_36_Shifts_26th_Sept_2024_Shift_3_EN.pdf,13,1,General Intelligence and Reasoning,A,Answered,
SSC_CGL_Tier_1_Question_Paper_2024_36_Shifts_26th_Sept_2024_Shift_3_EN.pdf,14,1,General Intelligence and Reasoning,B,Answered,
SSC_CGL_Tier_1_Question_Paper_2024_36_Shifts_26th_Sept_2024_Shift_3_EN.pdf,15,1,General Intelligence and Reasoning,B,Answered,
SSC_CGL_Tier_1_Question_Paper_2024_36_Shifts_26th_Sept_2024_Shift_3_EN.pdf,16,1,General Intelligence and Reasoning,B,Answered,
SSC_CGL_Tier_1_Question_Paper_2024_36_Shifts_26th_Sept_2024_Shift_3_EN.pdf,17,1,General Intelligence and Reasoning,C,Answered,
SSC_CGL_Tier_1_Question_Paper_2024_36_Shifts_26th_Sept_2024_Shift_3_EN.pdf,18,1,General Intelligence and Reasoning,D,Answered,
SSC_CGL_Tier_1_Question_Paper_2024_36_Shifts_26th_Sept_2024_Shift_3_EN.pdf,19,1,General Intelligence and Reasoning,B,Answered,
SSC_CGL_Tier_1_Question_Paper_2024_36_Shifts_26th_Sept_2024_Shift_3_EN.pdf,20,1,General Intelligence and Reasoning,,Not Answered,
SSC_CGL_Tier_1_Question_Paper_2024_36_Shifts_26th_Sept_2024_Shift_3_EN.pdf,21,1,General Intelligence and Reasoning,C,Answered,
SSC_CGL_Tier_1_Question_Paper_2024_36_Shifts_26th_Sept_2024_Shift_3_EN.pdf,22,1,General Intelligence and Reasoning,A,Answered,
SSC_CGL_Tier_1_Question_Paper_2024_36_Shifts_26th_Sept_2024_Shift_3_EN.pdf,23,1,General Intelligence and Reasoning,,Not Answered,
SSC_CGL_Tier_1_Question_Paper_2024_36_Shifts_26th_Sept_2024_Shift_3_EN.pdf,24,1,General Intelligence and Reasoning,B,Answered,
SSC_CGL_Tier_1_Question_Paper_2024_36_Shifts_26th_Sept_2024_Shift_3_EN.pdf,25,1,General Intelligence and Reasoning,D,Answered,
SSC_CGL_Tier_1_Question_Paper_2024_36_Shifts_26th_Sept_2024_Shift_3_EN.pdf,1,2,General Awareness,A,Answered,
SSC_CGL_Tier_1_Question_Paper_2024_36_Shifts_26th_Sept_2024_Shift_3_EN.pdf,2,2,General Awareness,D,Answered,
SSC_CGL_Tier_1_Question_Paper_2024_36_Shifts_26th_Sept_2024_Shift_3_EN.pdf,3,2,General Awareness,C,Answered,
SSC_CGL_Tier_1_Question_Paper_2024_36_Shifts_26th_Sept_2024_Shift_3_EN.pdf,4,2,General Awareness,,Not Answered,
SSC_CGL_Tier_1_Question_Paper_2024_36_Shifts_26th_Sept_2024_Shift_3_EN.pdf,5,2,General Awareness,A,Answered,
SSC_CGL_Tier_1_Question_Paper_2024_36_Shifts_26th_Sept_2024_Shift_3_EN.pdf,6,2,General Awareness,C,Answered,
SSC_CGL_Tier_1_Question_Paper_2024_36_Shifts_26th_Sept_2024_Shift_3_EN.pdf,7,2,General Awareness,,Not Answered,
SSC_CGL_Tier_1_Question_Paper_2024_36_Shifts_26th_Sept_2024_Shift_3_EN.pdf,8,2,General Awareness,A,Answered,
SSC_CGL_Tier_1_Question_Paper_2024_36_Shifts_26th_Sept_2024_Shift_3_EN.pdf,9,2,General Awareness,C,Answered,
SSC_CGL_Tier_1_Question_Paper_2024_36_Shifts_26th_Sept_2024_Shift_3_EN.pdf,10,2,General Awareness,C,Answered,
SSC_CGL_Tier_1_Question_Paper_2024_36_Shifts_26th_Sept_2024_Shift_3_EN.pdf,11,2,General Awareness,,Not Answered,
SSC_CGL_Tier_1_Question_Paper_2024_36_Shifts_26th_Sept_2024_Shift_3_EN.pdf,12,2,General Awareness,B,Answered,
SSC_CGL_Tier_1_Question_Paper_2024_36_Shifts_26th_Sept_2024_Shift_3_EN.pdf,13,2,General Awareness,,Not Answered,
SSC_CGL_Tier_1_Question_Paper_2024_36_Shifts_26th_Sept_2024_Shift_3_EN.pdf,14,2,General Awareness,C,Answered,
SSC_CGL_Tier_1_Question_Paper_2024_36_Shifts_26th_Sept_2024_Shift_3_EN.pdf,15,2,General Awareness,C,Answered,
SSC_CGL_Tier_1_Question_Paper_2024_36_Shifts_26th_Sept_2024_Shift_3_EN.pdf,16,2,General Awareness,,Not Answered,
SSC_CGL_Tier_1_Question_Paper_2024_36_Shifts_26th_Sept_2024_Shift_3_EN.pdf,17,2,General Awareness,D,Answered,
SSC_CGL_Tier_1_Question_Paper_2024_36_Shifts_26th_Sept_2024_Shift_3_EN.pdf,18,2,General Awareness,,Not Answered,
SSC_CGL_Tier_1_Question_Paper_2024_36_Shifts_26th_Sept_2024_Shift_3_EN.pdf,19,2,General Awareness,,Not Answered,
SSC_CGL_Tier_1_Question_Paper_2024_36_Shifts_26th_Sept_2024_Shift_3_EN.pdf,20,2,General Awareness,,Not Answered,
SSC_CGL_Tier_1_Question_Paper_2024_36_Shifts_26th_Sept_2024_Shift_3_EN.pdf,21,2,General Awareness,,Not Answered,
SSC_CGL_Tier_1_Question_Paper_2024_36_Shifts_26th_Sept_2024_Shift_3_EN.pdf,22,2,General Awareness,,Not Answered,
SSC_CGL_Tier_1_Question_Paper_2024_36_Shifts_26th_Sept_2024_Shift_3_EN.pdf,23,2,General Awareness,,Not Answered,
SSC_CGL_Tier_1_Question_Paper_2024_36_Shifts_26th_Sept_2024_Shift_3_EN.pdf,24,2,General Awareness,A,Answered,
SSC_CGL_Tier_1_Question_Paper_2024_36_Shifts_26th_Sept_2024_Shift_3_EN.pdf,25,2,General Awareness,B,Answered,
SSC_CGL_Tier_1_Question_Paper_2024_36_Shifts_26th_Sept_2024_Shift_3_EN.pdf,1,3,Quantitative Aptitude,D,Answered,
SSC_CGL_Tier_1_Question_Paper_2024_36_Shifts_26th_Sept_2024_Shift_3_EN.pdf,2,3,Quantitative Aptitude,A,Answered,
SSC_CGL_Tier_1_Question_Paper_2024_36_Shifts_26th_Sept_2024_Shift_3_EN.pdf,3,3,Quantitative Aptitude,D,Answered,
SSC_CGL_Tier_1_Question_Paper_2024_36_Shifts_26th_Sept_2024_Shift_3_EN.pdf,4,3,Quantitative Aptitude,,Not Answered,
SSC_CGL_Tier_1_Question_Paper_2024_36_Shifts_26th_Sept_2024_Shift_3_EN.pdf,5,3,Quantitative Aptitude,B,Answered,
SSC_CGL_Tier_1_Question_Paper_2024_36_Shifts_26th_Sept_2024_Shift_3_EN.pdf,6,3,Quantitative Aptitude,,Not Answered,
SSC_CGL_Tier_1_Question_Paper_2024_36_Shifts_26th_Sept_2024_Shift_3_EN.pdf,7,3,Quantitative Aptitude,,Not Answered,
SSC_CGL_Tier_1_Question_Paper_2024_36_Shifts_26th_Sept_2024_Shift_3_EN.pdf,8,3,Quantitative Aptitude,,Not Answered,
SSC_CGL_Tier_1_Question_Paper_2024_36_Shifts_26th_Sept_2024_Shift_3_EN.pdf,9,3,Quantitative Aptitude,,Not Answered,
SSC_CGL_Tier_1_Question_Paper_2024_36_Shifts_26th_Sept_2024_Shift_3_EN.pdf,10,3,Quantitative Aptitude,C,Answered,
SSC_CGL_Tier_1_Question_Paper_2024_36_Shifts_26th_Sept_2024_Shift_3_EN.pdf,11,3,Quantitative Aptitude,B,Answered,
SSC_CGL_Tier_1_Question_Paper_2024_36_Shifts_26th_Sept_2024_Shift_3_EN.pdf,12,3,Quantitative Aptitude,,Not Answered,
SSC_CGL_Tier_1_Question_Paper_2024_36_Shifts_26th_Sept_2024_Shift_3_EN.pdf,13,3,Quantitative Aptitude,C,Answered,
SSC_CGL_Tier_1_Question_Paper_2024_36_Shifts_26th_Sept_2024_Shift_3_EN.pdf,14,3,Quantitative Aptitude,B,Answered,
SSC_CGL_Tier_1_Question_Paper_2024_36_Shifts_26th_Sept_2024_Shift_3_EN.pdf,15,3,Quantitative Aptitude,D,Answered,
SSC_CGL_Tier_1_Question_Paper_2024_36_Shifts_26th_Sept_2024_Shift_3_EN.pdf,16,3,Quantitative Aptitude,B,Answered,
SSC_CGL_Tier_1_Question_Paper_2024_36_Shifts_26th_Sept_2024_Shift_3_EN.pdf,17,3,Quantitative Aptitude,C,Answered,
SSC_CGL_Tier_1_Question_Paper_2024_36_Shifts_26th_Sept_2024_Shift_3_EN.pdf,18,3,Quantitative Aptitude,B,Answered,
SSC_CGL_Tier_1_Question_Paper_2024_36_Shifts_26th_Sept_2024_Shift_3_EN.pdf,19,3,Quantitative Aptitude,C,Answered,
SSC_CGL_Tier_1_Question_Paper_2024_36_Shifts_26th_Sept_2024_Shift_3_EN.pdf,20,3,Quantitative Aptitude,A,Answered,
SSC_CGL_Tier_1_Question_Paper_2024_36_Shifts_26th_Sept_2024_Shift_3_EN.pdf,21,3,Quantitative Aptitude,,Not Answered,
SSC_CGL_Tier_1_Question_Paper_2024_36_Shifts_26th_Sept_2024_Shift_3_EN.pdf,22,3,Quantitative Aptitude,D,Answered,
SSC_CGL_Tier_1_Question_Paper_2024_36_Shifts_26th_Sept_2024_Shift_3_EN.pdf,23,3,Quantitative Aptitude,,Not Answered,
SSC_CGL_Tier_1_Question_Paper_2024_36_Shifts_26th_Sept_2024_Shift_3_EN.pdf,24,3,Quantitative Aptitude,B,Answered,
SSC_CGL_Tier_1_Question_Paper_2024_36_Shifts_26th_Sept_2024_Shift_3_EN.pdf,25,3,Quantitative Aptitude,,Not Answered,
SSC_CGL_Tier_1_Question_Paper_2024_36_Shifts_26th_Sept_2024_Shift_3_EN.pdf,1,4,English Comprehension,D,Answered,
SSC_CGL_Tier_1_Question_Paper_2024_36_Shifts_26th_Sept_2024_Shift_3_EN.pdf,2,4,English Comprehension,D,Answered,
SSC_CGL_Tier_1_Question_Paper_2024_36_Shifts_26th_Sept_2024_Shift_3_EN.pdf,3,4,English Comprehension,D,Answered,
SSC_CGL_Tier_1_Question_Paper_2024_36_Shifts_26th_Sept_2024_Shift_3_EN.pdf,4,4,English Comprehension,A,Answered,
SSC_CGL_Tier_1_Question_Paper_2024_36_Shifts_26th_Sept_2024_Shift_3_EN.pdf,5,4,English Comprehension,C,Answered,
SSC_CGL_Tier_1_Question_Paper_2024_36_Shifts_26th_Sept_2024_Shift_3_EN.pdf,6,4,English Comprehension,A,Answered,
SSC_CGL_Tier_1_Question_Paper_2024_36_Shifts_26th_Sept_2024_Shift_3_EN.pdf,7,4,English Comprehension,C,Answered,
SSC_CGL_Tier_1_Question_Paper_2024_36_Shifts_26th_Sept_2024_Shift_3_EN.pdf,8,4,English Comprehension,B,Answered,
SSC_CGL_Tier_1_Question_Paper_2024_36_Shifts_26th_Sept_2024_Shift_3_EN.pdf,9,4,English Comprehension,D,Answered,
SSC_CGL_Tier_1_Question_Paper_2024_36_Shifts_26th_Sept_2024_Shift_3_EN.pdf,10,4,English Comprehension,C,Answered,
SSC_CGL_Tier_1_Question_Paper_2024_36_Shifts_26th_Sept_2024_Shift_3_EN.pdf,11,4,English Comprehension,C,Answered,
SSC_CGL_Tier_1_Question_Paper_2024_36_Shifts_26th_Sept_2024_Shift_3_EN.pdf,12,4,English Comprehension,D,Answered,
SSC_CGL_Tier_1_Question_Paper_2024_36_Shifts_26th_Sept_2024_Shift_3_EN.pdf,13,4,English Comprehension,A,Answered,
SSC_CGL_Tier_1_Question_Paper_2024_36_Shifts_26th_Sept_2024_Shift_3_EN.pdf,14,4,English Comprehension,A,Answered,
SSC_CGL_Tier_1_Question_Paper_2024_36_Shifts_26th_Sept_2024_Shift_3_EN.pdf,15,4,English Comprehension,A,Answered,
SSC_CGL_Tier_1_Question_Paper_2024_36_Shifts_26th_Sept_2024_Shift_3_EN.pdf,16,4,English Comprehension,B,Answered,
SSC_CGL_Tier_1_Question_Paper_2024_36_Shifts_26th_Sept_2024_Shift_3_EN.pdf,17,4,English Comprehension,C,Answered,
SSC_CGL_Tier_1_Question_Paper_2024_36_Shifts_26th_Sept_2024_Shift_3_EN.pdf,18,4,English Comprehension,B,Answered,
SSC_CGL_Tier_1_Question_Paper_2024_36_Shifts_26th_Sept_2024_Shift_3_EN.pdf,19,4,English Comprehension,D,Answered,
SSC_CGL_Tier_1_Question_Paper_2024_36_Shifts_26th_Sept_2024_Shift_3_EN.pdf,20,4,English Comprehension,C,Answered,
SSC_CGL_Tier_1_Question_Paper_2024_36_Shifts_26th_Sept_2024_Shift_3_EN.pdf,21,4,English Comprehension,D,Answered,
SSC_CGL_Tier_1_Question_Paper_2024_36_Shifts_26th_Sept_2024_Shift_3_EN.pdf,22,4,English Comprehension,D,Answered,
SSC_CGL_Tier_1_Question_Paper_2024_36_Shifts_26th_Sept_2024_Shift_3_EN.pdf,23,4,English Comprehension,A,Answered,
SSC_CGL_Tier_1_Question_Paper_2024_36_Shifts_26th_Sept_2024_Shift_3_EN.pdf,24,4,English Comprehension,D,Answered,
SSC_CGL_Tier_1_Question_Paper_2024_36_Shifts_26th_Sept_2024_Shift_3_EN.pdf,25,4,English Comprehension,A,Answered,
SSC_CGL_Tier_1_Question_Paper_2024_36_Shifts_9th_Sept_2024_Shift_1_EN.pdf,1,1,General Intelligence and Reasoning,D,Answered,
SSC_CGL_Tier_1_Question_Paper_2024_36_Shifts_9th_Sept_2024_Shift_1_EN.pdf,2,1,General Intelligence and Reasoning,,Not Answered,
SSC_CGL_Tier_1_Question_Paper_2024_36_Shifts_9th_Sept_2024_Shift_1_EN.pdf,3,1,General Intelligence and Reasoning,B,Answered,
SSC_CGL_Tier_1_Question_Paper_2024_36_Shifts_9th_Sept_2024_Shift_1_EN.pdf,4,1,General Intelligence and Reasoning,B,Answered,
SSC_CGL_Tier_1_Question_Paper_2024_36_Shifts_9th_Sept_2024_Shift_1_EN.pdf,5,1,General Intelligence and Reasoning,D,Answered,
SSC_CGL_Tier_1_Question_Paper_2024_36_Shifts_9th_Sept_2024_Shift_1_EN.pdf,6,1,General Intelligence and Reasoning,B,Answered,
SSC_CGL_Tier_1_Question_Paper_2024_36_Shifts_9th_Sept_2024_Shift_1_EN.pdf,7,1,General Intelligence and Reasoning,B,Answered,
SSC_CGL_Tier_1_Question_Paper_2024_36_Shifts_9th_Sept_2024_Shift_1_EN.pdf,8,1,General Intelligence and Reasoning,B,Answered,
SSC_CGL_Tier_1_Question_Paper_2024_36_Shifts_9th_Sept_2024_Shift_1_EN.pdf,9,1,General Intelligence and Reasoning,B,Answered,
SSC_CGL_Tier_1_Question_Paper_2024_36_Shifts_9th_Sept_2024_Shift_1_EN.pdf,10,1,General Intelligence and Reasoning,B,Answered,
SSC_CGL_Tier_1_Question_Paper_2024_36_Shifts_9th_Sept_2024_Shift_1_EN.pdf,11,1,General Intelligence and Reasoning,A,Answered,
SSC_CGL_Tier_1_Question_Paper_2024_36_Shifts_9th_Sept_2024_Shift_1_EN.pdf,12,1,General Intelligence and Reasoning,A,Answered,
SSC_CGL_Tier_1_Question_Paper_2024_36_Shifts_9th_Sept_2024_Shift_1_EN.pdf,13,1,General Intelligence and Reasoning,A,Answered,
SSC_CGL_Tier_1_Question_Paper_2024_36_Shifts_9th_Sept_2024_Shift_1_EN.pdf,14,1,General Intelligence and Reasoning,B,Answered,
SSC_CGL_Tier_1_Question_Paper_2024_36_Shifts_9th_Sept_2024_Shift_1_EN.pdf,15,1,General Intelligence and Reasoning,D,Answered,
SSC_CGL_Tier_1_Question_Paper_2024_36_Shifts_9th_Sept_2024_Shift_1_EN.pdf,16,1,General Intelligence and Reasoning,D,Answered,
SSC_CGL_Tier_1_Question_Paper_2024_36_Shifts_9th_Sept_2024_Shift_1_EN.pdf,17,1,General Intelligence and Reasoning,B,Answered,
SSC_CGL_Tier_1_Question_Paper_2024_36_Shifts_9th_Sept_2024_Shift_1_EN.pdf,18,1,General Intelligence and Reasoning,D,Answered,
SSC_CGL_Tier_1_Question_Paper_2024_36_Shifts_9th_Sept_2024_Shift_1_EN.pdf,19,1,General Intelligence and Reasoning,B,Answered,
SSC_CGL_Tier_1_Question_Paper_2024_36_Shifts_9th_Sept_2024_Shift_1_EN.pdf,20,1,General Intelligence and Reasoning,A,Answered,
SSC_CGL_Tier_1_Question_Paper_2024_36_Shifts_9th_Sept_2024_Shift_1_EN.pdf,21,1,General Intelligence and Reasoning,B,Answered,
SSC_CGL_Tier_1_Question_Paper_2024_36_Shifts_9th_Sept_2024_Shift_1_EN.pdf,22,1,General Intelligence and Reasoning,A,Answered,
SSC_CGL_Tier_1_Question_Paper_2024_36_Shifts_9th_Sept_2024_Shift_1_EN.pdf,23,1,General Intelligence and Reasoning,B,Answered,
SSC_CGL_Tier_1_Question_Paper_2024_36_Shifts_9th_Sept_2024_Shift_1_EN.pdf,24,1,General Intelligence and Reasoning,D,Answered,
SSC_CGL_Tier_1_Question_Paper_2024_36_Shifts_9th_Sept_2024_Shift_1_EN.pdf,25,1,General Intelligence and Reasoning,D,Answered,
SSC_CGL_Tier_1_Question_Paper_2024_36_Shifts_9th_Sept_2024_Shift_1_EN.pdf,1,2,General Awareness,C,Answered,
SSC_CGL_Tier_1_Question_Paper_2024_36_Shifts_9th_Sept_2024_Shift_1_EN.pdf,2,2,General Awareness,D,Answered,
SSC_CGL_Tier_1_Question_Paper_2024_36_Shifts_9th_Sept_2024_Shift_1_EN.pdf,3,2,General Awareness,B,Answered,
SSC_CGL_Tier_1_Question_Paper_2024_36_Shifts_9th_Sept_2024_Shift_1_EN.pdf,4,2,General Awareness,,Not Answered,
SSC_CGL_Tier_1_Question_Paper_2024_36_Shifts_9th_Sept_2024_Shift_1_EN.pdf,5,2,General Awareness,A,Answered,
SSC_CGL_Tier_1_Question_Paper_2024_36_Shifts_9th_Sept_2024_Shift_1_EN.pdf,6,2,General Awareness,,Not Answered,
SSC_CGL_Tier_1_Question_Paper_2024_36_Shifts_9th_Sept_2024_Shift_1_EN.pdf,7,2,General Awareness,C,Answered,
SSC_CGL_Tier_1_Question_Paper_2024_36_Shifts_9th_Sept_2024_Shift_1_EN.pdf,8,2,General Awareness,,Not Answered,
SSC_CGL_Tier_1_Question_Paper_2024_36_Shifts_9th_Sept_2024_Shift_1_EN.pdf,9,2,General Awareness,,Not Answered,
SSC_CGL_Tier_1_Question_Paper_2024_36_Shifts_9th_Sept_2024_Shift_1_EN.pdf,10,2,General Awareness,B,Answered,
SSC_CGL_Tier_1_Question_Paper_2024_36_Shifts_9th_Sept_2024_Shift_1_EN.pdf,11,2,General Awareness,,Not Answered,
SSC_CGL_Tier_1_Question_Paper_2024_36_Shifts_9th_Sept_2024_Shift_1_EN.pdf,12,2,General Awareness,,Not Answered,
SSC_CGL_Tier_1_Question_Paper_2024_36_Shifts_9th_Sept_2024_Shift_1_EN.pdf,13,2,General Awareness,,Not Answered,
SSC_CGL_Tier_1_Question_Paper_2024_36_Shifts_9th_Sept_2024_Shift_1_EN.pdf,14,2,General Awareness,,Not Answered,
SSC_CGL_Tier_1_Question_Paper_2024_36_Shifts_9th_Sept_2024_Shift_1_EN.pdf,15,2,General Awareness,A,Answered,
SSC_CGL_Tier_1_Question_Paper_2024_36_Shifts_9th_Sept_2024_Shift_1_EN.pdf,16,2,General Awareness,,Not Answered,
SSC_CGL_Tier_1_Question_Paper_2024_36_Shifts_9th_Sept_2024_Shift_1_EN.pdf,17,2,General Awareness,C,Answered,
SSC_CGL_Tier_1_Question_Paper_2024_36_Shifts_9th_Sept_2024_Shift_1_EN.pdf,18,2,General Awareness,D,Answered,
SSC_CGL_Tier_1_Question_Paper_2024_36_Shifts_9th_Sept_2024_Shift_1_EN.pdf,19,2,General Awareness,,Not Answered,
SSC_CGL_Tier_1_Question_Paper_2024_36_Shifts_9th_Sept_2024_Shift_1_EN.pdf,20,2,General Awareness,D,Answered,
SSC_CGL_Tier_1_Question_Paper_2024_36_Shifts_9th_Sept_2024_Shift_1_EN.pdf,21,2,General Awareness,B,Answered,
SSC_CGL_Tier_1_Question_Paper_2024_36_Shifts_9th_Sept_2024_Shift_1_EN.pdf,22,2,General Awareness,C,Answered,
SSC_CGL_Tier_1_Question_Paper_2024_36_Shifts_9th_Sept_2024_Shift_1_EN.pdf,23,2,General Awareness,D,Answered,
SSC_CGL_Tier_1_Question_Paper_2024_36_Shifts_9th_Sept_2024_Shift_1_EN.pdf,24,2,General Awareness,,Not Answered,
SSC_CGL_Tier_1_Question_Paper_2024_36_Shifts_9th_Sept_2024_Shift_1_EN.pdf,25,2,General Awareness,C,Answered,
SSC_CGL_Tier_1_Question_Paper_2024_36_Shifts_9th_Sept_2024_Shift_1_EN.pdf,1,3,Quantitative Aptitude,B,Answered,
SSC_CGL_Tier_1_Question_Paper_2024_36_Shifts_9th_Sept_2024_Shift_1_EN.pdf,2,3,Quantitative Aptitude,D,Answered,
SSC_CGL_Tier_1_Question_Paper_2024_36_Shifts_9th_Sept_2024_Shift_1_EN.pdf,3,3,Quantitative Aptitude,A,Answered,
SSC_CGL_Tier_1_Question_Paper_2024_36_Shifts_9th_Sept_2024_Shift_1_EN.pdf,4,3,Quantitative Aptitude,D,Answered,
SSC_CGL_Tier_1_Question_Paper_2024_36_Shifts_9th_Sept_2024_Shift_1_EN.pdf,5,3,Quantitative Aptitude,B,Answered,
SSC_CGL_Tier_1_Question_Paper_2024_36_Shifts_9th_Sept_2024_Shift_1_EN.pdf,6,3,Quantitative Aptitude,C,Answered,
SSC_CGL_Tier_1_Question_Paper_2024_36_Shifts_9th_Sept_2024_Shift_1_EN.pdf,7,3,Quantitative Aptitude,B,Answered,
SSC_CGL_Tier_1_Question_Paper_2024_36_Shifts_9th_Sept_2024_Shift_1_EN.pdf,8,3,Quantitative Aptitude,B,Answered,
SSC_CGL_Tier_1_Question_Paper_2024_36_Shifts_9th_Sept_2024_Shift_1_EN.pdf,9,3,Quantitative Aptitude,A,Answered,
SSC_CGL_Tier_1_Question_Paper_2024_36_Shifts_9th_Sept_2024_Shift_1_EN.pdf,10,3,Quantitative Aptitude,D,Answered,
SSC_CGL_Tier_1_Question_Paper_2024_36_Shifts_9th_Sept_2024_Shift_1_EN.pdf,11,3,Quantitative Aptitude,A,Answered,
SSC_CGL_Tier_1_Question_Paper_2024_36_Shifts_9th_Sept_2024_Shift_1_EN.pdf,12,3,Quantitative Aptitude,A,Answered,
SSC_CGL_Tier_1_Question_Paper_2024_36_Shifts_9th_Sept_2024_Shift_1_EN.pdf,13,3,Quantitative Aptitude,C,Answered,
SSC_CGL_Tier_1_Question_Paper_2024_36_Shifts_9th_Sept_2024_Shift_1_EN.pdf,14,3,Quantitative Aptitude,D,Answered,
SSC_CGL_Tier_1_Question_Paper_2024_36_Shifts_9th_Sept_2024_Shift_1_EN.pdf,15,3,Quantitative Aptitude,C,Answered,
SSC_CGL_Tier_1_Question_Paper_2024_36_Shifts_9th_Sept_2024_Shift_1_EN.pdf,16,3,Quantitative Aptitude,A,Answered,
SSC_CGL_Tier_1_Question_Paper_2024_36_Shifts_9th_Sept_2024_Shift_1_EN.pdf,17,3,Quantitative Aptitude,C,Answered,
SSC_CGL_Tier_1_Question_Paper_2024_36_Shifts_9th_Sept_2024_Shift_1_EN.pdf,18,3,Quantitative Aptitude,B,Answered,
SSC_CGL_Tier_1_Question_Paper_2024_36_Shifts_9th_Sept_2024_Shift_1_EN.pdf,19,3,Quantitative Aptitude,B,Answered,
SSC_CGL_Tier_1_Question_Paper_2024_36_Shifts_9th_Sept_2024_Shift_1_EN.pdf,20,3,Quantitative Aptitude,A,Answered,
SSC_CGL_Tier_1_Question_Paper_2024_36_Shifts_9th_Sept_2024_Shift_1_EN.pdf,21,3,Quantitative Aptitude,C,Answered,
SSC_CGL_Tier_1_Question_Paper_2024_36_Shifts_9th_Sept_2024_Shift_1_EN.pdf,22,3,Quantitative Aptitude,B,Answered,
SSC_CGL_Tier_1_Question_Paper_2024_36_Shifts_9th_Sept_2024_Shift_1_EN.pdf,23,3,Quantitative Aptitude,D,Answered,
SSC_CGL_Tier_1_Question_Paper_2024_36_Shifts_9th_Sept_2024_Shift_1_EN.pdf,24,3,Quantitative Aptitude,,Not Answered,
SSC_CGL_Tier_1_Question_Paper_2024_36_Shifts_9th_Sept_2024_Shift_1_EN.pdf,25,3,Quantitative Aptitude,B,Answered,
SSC_CGL_Tier_1_Question_Paper_2024_36_Shifts_9th_Sept_2024_Shift_1_EN.pdf,1,4,English Comprehension,C,Answered,
SSC_CGL_Tier_1_Question_Paper_2024_36_Shifts_9th_Sept_2024_Shift_1_EN.pdf,2,4,English Comprehension,C,Answered,
SSC_CGL_Tier_1_Question_Paper_2024_36_Shifts_9th_Sept_2024_Shift_1_EN.pdf,3,4,English Comprehension,A,Answered,
SSC_CGL_Tier_1_Question_Paper_2024_36_Shifts_9th_Sept_2024_Shift_1_EN.pdf,4,4,English Comprehension,D,Answered,
SSC_CGL_Tier_1_Question_Paper_2024_36_Shifts_9th_Sept_2024_Shift_1_EN.pdf,5,4,English Comprehension,A,Answered,
SSC_CGL_Tier_1_Question_Paper_2024_36_Shifts_9th_Sept_2024_Shift_1_EN.pdf,6,4,English Comprehension,D,Answered,
SSC_CGL_Tier_1_Question_Paper_2024_36_Shifts_9th_Sept_2024_Shift_1_EN.pdf,7,4,English Comprehension,C,Answered,
SSC_CGL_Tier_1_Question_Paper_2024_36_Shifts_9th_Sept_2024_Shift_1_EN.pdf,8,4,English Comprehension,C,Answered,
SSC_CGL_Tier_1_Question_Paper_2024_36_Shifts_9th_Sept_2024_Shift_1_EN.pdf,9,4,English Comprehension,B,Answered,
SSC_CGL_Tier_1_Question_Paper_2024_36_Shifts_9th_Sept_2024_Shift_1_EN.pdf,10,4,English Comprehension,D,Answered,
SSC_CGL_Tier_1_Question_Paper_2024_36_Shifts_9th_Sept_2024_Shift_1_EN.pdf,11,4,English Comprehension,A,Answered,
SSC_CGL_Tier_1_Question_Paper_2024_36_Shifts_9th_Sept_2024_Shift_1_EN.pdf,12,4,English Comprehension,B,Answered,
SSC_CGL_Tier_1_Question_Paper_2024_36_Shifts_9th_Sept_2024_Shift_1_EN.pdf,13,4,English Comprehension,C,Answered,
SSC_CGL_Tier_1_Question_Paper_2024_36_Shifts_9th_Sept_2024_Shift_1_EN.pdf,14,4,English Comprehension,,Not Answered,
SSC_CGL_Tier_1_Question_Paper_2024_36_Shifts_9th_Sept_2024_Shift_1_EN.pdf,15,4,English Comprehension,C,Answered,
SSC_CGL_Tier_1_Question_Paper_2024_36_Shifts_9th_Sept_2024_Shift_1_EN.pdf,16,4,English Comprehension,A,Answered,
SSC_CGL_Tier_1_Question_Paper_2024_36_Shifts_9th_Sept_2024_Shift_1_EN.pdf,17,4,English Comprehension,B,Answered,
SSC_CGL_Tier_1_Question_Paper_2024_36_Shifts_9th_Sept_2024_Shift_1_EN.pdf,18,4,English Comprehension,A,Answered,
SSC_CGL_Tier_1_Question_Paper_2024_36_Shifts_9th_Sept_2024_Shift_1_EN.pdf,19,4,English Comprehension,A,Answered,
SSC_CGL_Tier_1_Question_Paper_2024_36_Shifts_9th_Sept_2024_Shift_1_EN.pdf,20,4,English Comprehension,B,Answered,
SSC_CGL_Tier_1_Question_Paper_2024_36_Shifts_9th_Sept_2024_Shift_1_EN.pdf,21,4,English Comprehension,D,Answered,
SSC_CGL_Tier_1_Question_Paper_2024_36_Shifts_9th_Sept_2024_Shift_1_EN.pdf,22,4,English Comprehension,B,Answered,
SSC_CGL_Tier_1_Question_Paper_2024_36_Shifts_9th_Sept_2024_Shift_1_EN.pdf,23,4,English Comprehension,D,Answered,
SSC_CGL_Tier_1_Question_Paper_2024_36_Shifts_9th_Sept_2024_Shift_1_EN.pdf,24,4,English Comprehension,A,Answered,
SSC_CGL_Tier_1_Question_Paper_2024_36_Shifts_9th_Sept_2024_Shift_1_EN.pdf,25,4,English Comprehension,A,Answered,
SSC_CGL_Tier_1_Question_Paper_2024_36_Shifts_9th_Sept_2024_Shift_2_EN.pdf,1,1,General Intelligence and Reasoning,A,Answered,
SSC_CGL_Tier_1_Question_Paper_2024_36_Shifts_9th_Sept_2024_Shift_2_EN.pdf,2,1,General Intelligence and Reasoning,D,Answered,
SSC_CGL_Tier_1_Question_Paper_2024_36_Shifts_9th_Sept_2024_Shift_2_EN.pdf,3,1,General Intelligence and Reasoning,B,Answered,
SSC_CGL_Tier_1_Question_Paper_2024_36_Shifts_9th_Sept_2024_Shift_2_EN.pdf,4,1,General Intelligence and Reasoning,D,Answered,
SSC_CGL_Tier_1_Question_Paper_2024_36_Shifts_9th_Sept_2024_Shift_2_EN.pdf,5,1,General Intelligence and Reasoning,D,Answered,
SSC_CGL_Tier_1_Question_Paper_2024_36_Shifts_9th_Sept_2024_Shift_2_EN.pdf,6,1,General Intelligence and Reasoning,C,Answered,
SSC_CGL_Tier_1_Question_Paper_2024_36_Shifts_9th_Sept_2024_Shift_2_EN.pdf,7,1,General Intelligence and Reasoning,D,Answered,
SSC_CGL_Tier_1_Question_Paper_2024_36_Shifts_9th_Sept_2024_Shift_2_EN.pdf,8,1,General Intelligence and Reasoning,C,Answered,
SSC_CGL_Tier_1_Question_Paper_2024_36_Shifts_9th_Sept_2024_Shift_2_EN.pdf,9,1,General Intelligence and Reasoning,C,Answered,
SSC_CGL_Tier_1_Question_Paper_2024_36_Shifts_9th_Sept_2024_Shift_2_EN.pdf,10,1,General Intelligence and Reasoning,,Not Answered,
SSC_CGL_Tier_1_Question_Paper_2024_36_Shifts_9th_Sept_2024_Shift_2_EN.pdf,11,1,General Intelligence and Reasoning,A,Answered,
SSC_CGL_Tier_1_Question_Paper_2024_36_Shifts_9th_Sept_2024_Shift_2_EN.pdf,12,1,General Intelligence and Reasoning,B,Answered,
SSC_CGL_Tier_1_Question_Paper_2024_36_Shifts_9th_Sept_2024_Shift_2_EN.pdf,13,1,General Intelligence and Reasoning,B,Answered,
SSC_CGL_Tier_1_Question_Paper_2024_36_Shifts_9th_Sept_2024_Shift_2_EN.pdf,14,1,General Intelligence and Reasoning,D,Answered,
SSC_CGL_Tier_1_Question_Paper_2024_36_Shifts_9th_Sept_2024_Shift_2_EN.pdf,15,1,General Intelligence and Reasoning,B,Answered,
SSC_CGL_Tier_1_Question_Paper_2024_36_Shifts_9th_Sept_2024_Shift_2_EN.pdf,16,1,General Intelligence and Reasoning,D,Answered,
SSC_CGL_Tier_1_Question_Paper_2024_36_Shifts_9th_Sept_2024_Shift_2_EN.pdf,17,1,General Intelligence and Reasoning,A,Answered,
SSC_CGL_Tier_1_Question_Paper_2024_36_Shifts_9th_Sept_2024_Shift_2_EN.pdf,18,1,General Intelligence and Reasoning,D,Answered,
SSC_CGL_Tier_1_Question_Paper_2024_36_Shifts_9th_Sept_2024_Shift_2_EN.pdf,19,1,General Intelligence and Reasoning,D,Answered,
SSC_CGL_Tier_1_Question_Paper_2024_36_Shifts_9th_Sept_2024_Shift_2_EN.pdf,20,1,General Intelligence and Reasoning,B,Answered,
SSC_CGL_Tier_1_Question_Paper_2024_36_Shifts_9th_Sept_2024_Shift_2_EN.pdf,21,1,General Intelligence and Reasoning,C,Answered,
SSC_CGL_Tier_1_Question_Paper_2024_36_Shifts_9th_Sept_2024_Shift_2_EN.pdf,22,1,General Intelligence and Reasoning,A,Answered,
SSC_CGL_Tier_1_Question_Paper_2024_36_Shifts_9th_Sept_2024_Shift_2_EN.pdf,23,1,General Intelligence and Reasoning,D,Answered,
SSC_CGL_Tier_1_Question_Paper_2024_36_Shifts_9th_Sept_2024_Shift_2_EN.pdf,24,1,General Intelligence and Reasoning,C,Answered,
SSC_CGL_Tier_1_Question_Paper_2024_36_Shifts_9th_Sept_2024_Shift_2_EN.pdf,25,1,General Intelligence and Reasoning,C,Answered,
SSC_CGL_Tier_1_Question_Paper_2024_36_Shifts_9th_Sept_2024_Shift_2_EN.pdf,1,2,General Awareness,D,Answered,
SSC_CGL_Tier_1_Question_Paper_2024_36_Shifts_9th_Sept_2024_Shift_2_EN.pdf,2,2,General Awareness,,Not Answered,
SSC_CGL_Tier_1_Question_Paper_2024_36_Shifts_9th_Sept_2024_Shift_2_EN.pdf,3,2,General Awareness,D,Answered,
SSC_CGL_Tier_1_Question_Paper_2024_36_Shifts_9th_Sept_2024_Shift_2_EN.pdf,4,2,General Awareness,B,,
SSC_CGL_Tier_1_Question_Paper_2024_36_Shifts_9th_Sept_2024_Shift_2_EN.pdf,5,2,General Awareness,D,Answered,
SSC_CGL_Tier_1_Question_Paper_2024_36_Shifts_9th_Sept_2024_Shift_2_EN.pdf,6,2,General Awareness,A,,
SSC_CGL_Tier_1_Question_Paper_2024_36_Shifts_9th_Sept_2024_Shift_2_EN.pdf,7,2,General Awareness,,Not Answered,
SSC_CGL_Tier_1_Question_Paper_2024_36_Shifts_9th_Sept_2024_Shift_2_EN.pdf,8,2,General Awareness,,Not Answered,
SSC_CGL_Tier_1_Question_Paper_2024_36_Shifts_9th_Sept_2024_Shift_2_EN.pdf,9,2,General Awareness,A,Answered,
SSC_CGL_Tier_1_Question_Paper_2024_36_Shifts_9th_Sept_2024_Shift_2_EN.pdf,10,2,General Awareness,,Not Answered,
SSC_CGL_Tier_1_Question_Paper_2024_36_Shifts_9th_Sept_2024_Shift_2_EN.pdf,11,2,General Awareness,D,Answered,
SSC_CGL_Tier_1_Question_Paper_2024_36_Shifts_9th_Sept_2024_Shift_2_EN.pdf,12,2,General Awareness,,Not Answered,
SSC_CGL_Tier_1_Question_Paper_2024_36_Shifts_9th_Sept_2024_Shift_2_EN.pdf,13,2,General Awareness,A,Answered,
SSC_CGL_Tier_1_Question_Paper_2024_36_Shifts_9th_Sept_2024_Shift_2_EN.pdf,14,2,General Awareness,,Not Answered,
SSC_CGL_Tier_1_Question_Paper_2024_36_Shifts_9th_Sept_2024_Shift_2_EN.pdf,15,2,General Awareness,,Not Answered,
SSC_CGL_Tier_1_Question_Paper_2024_36_Shifts_9th_Sept_2024_Shift_2_EN.pdf,16,2,General Awareness,,Not Answered,
SSC_CGL_Tier_1_Question_Paper_2024_36_Shifts_9th_Sept_2024_Shift_2_EN.pdf,17,2,General Awareness,,Not Answered,
SSC_CGL_Tier_1_Question_Paper_2024_36_Shifts_9th_Sept_2024_Shift_2_EN.pdf,18,2,General Awareness,A,,
SSC_CGL_Tier_1_Question_Paper_2024_36_Shifts_9th_Sept_2024_Shift_2_EN.pdf,19,2,General Awareness,,Not Answered,
SSC_CGL_Tier_1_Question_Paper_2024_36_Shifts_9th_Sept_2024_Shift_2_EN.pdf,20,2,General Awareness,A,Answered,
SSC_CGL_Tier_1_Question_Paper_2024_36_Shifts_9th_Sept_2024_Shift_2_EN.pdf,21,2,General Awareness,,Not Answered,
SSC_CGL_Tier_1_Question_Paper_2024_36_Shifts_9th_Sept_2024_Shift_2_EN.pdf,22,2,General Awareness,,Not Answered,
SSC_CGL_Tier_1_Question_Paper_2024_36_Shifts_9th_Sept_2024_Shift_2_EN.pdf,23,2,General Awareness,C,Answered,
SSC_CGL_Tier_1_Question_Paper_2024_36_Shifts_9th_Sept_2024_Shift_2_EN.pdf,24,2,General Awareness,,Not Answered,
SSC_CGL_Tier_1_Question_Paper_2024_36_Shifts_9th_Sept_2024_Shift_2_EN.pdf,25,2,General Awareness,C,,
SSC_CGL_Tier_1_Question_Paper_2024_36_Shifts_9th_Sept_2024_Shift_2_EN.pdf,1,3,Quantitative Aptitude,C,Answered,
SSC_CGL_Tier_1_Question_Paper_2024_36_Shifts_9th_Sept_2024_Shift_2_EN.pdf,2,3,Quantitative Aptitude,B,Answered,
SSC_CGL_Tier_1_Question_Paper_2024_36_Shifts_9th_Sept_2024_Shift_2_EN.pdf,3,3,Quantitative Aptitude,D,Answered,
SSC_CGL_Tier_1_Question_Paper_2024_36_Shifts_9th_Sept_2024_Shift_2_EN.pdf,4,3,Quantitative Aptitude,A,Answered,
SSC_CGL_Tier_1_Question_Paper_2024_36_Shifts_9th_Sept_2024_Shift_2_EN.pdf,5,3,Quantitative Aptitude,D,Answered,
SSC_CGL_Tier_1_Question_Paper_2024_36_Shifts_9th_Sept_2024_Shift_2_EN.pdf,6,3,Quantitative Aptitude,D,Answered,
SSC_CGL_Tier_1_Question_Paper_2024_36_Shifts_9th_Sept_2024_Shift_2_EN.pdf,7,3,Quantitative Aptitude,D,Answered,
SSC_CGL_Tier_1_Question_Paper_2024_36_Shifts_9th_Sept_2024_Shift_2_EN.pdf,8,3,Quantitative Aptitude,D,Answered,
SSC_CGL_Tier_1_Question_Paper_2024_36_Shifts_9th_Sept_2024_Shift_2_EN.pdf,9,3,Quantitative Aptitude,B,Answered,
SSC_CGL_Tier_1_Question_Paper_2024_36_Shifts_9th_Sept_2024_Shift_2_EN.pdf,10,3,Quantitative Aptitude,A,Answered,
SSC_CGL_Tier_1_Question_Paper_2024_36_Shifts_9th_Sept_2024_Shift_2_EN.pdf,11,3,Quantitative Aptitude,C,Answered,
SSC_CGL_Tier_1_Question_Paper_2024_36_Shifts_9th_Sept_2024_Shift_2_EN.pdf,12,3,Quantitative Aptitude,D,Answered,
SSC_CGL_Tier_1_Question_Paper_2024_36_Shifts_9th_Sept_2024_Shift_2_EN.pdf,13,3,Quantitative Aptitude,D,Answered,
SSC_CGL_Tier_1_Question_Paper_2024_36_Shifts_9th_Sept_2024_Shift_2_EN.pdf,14,3,Quantitative Aptitude,A,Answered,
SSC_CGL_Tier_1_Question_Paper_2024_36_Shifts_9th_Sept_2024_Shift_2_EN.pdf,15,3,Quantitative Aptitude,D,Answered,
SSC_CGL_Tier_1_Question_Paper_2024_36_Shifts_9th_Sept_2024_Shift_2_EN.pdf,16,3,Quantitative Aptitude,D,Answered,
SSC_CGL_Tier_1_Question_Paper_2024_36_Shifts_9th_Sept_2024_Shift_2_EN.pdf,17,3,Quantitative Aptitude,A,Answered,
SSC_CGL_Tier_1_Question_Paper_2024_36_Shifts_9th_Sept_2024_Shift_2_EN.pdf,18,3,Quantitative Aptitude,B,Answered,
SSC_CGL_Tier_1_Question_Paper_2024_36_Shifts_9th_Sept_2024_Shift_2_EN.pdf,19,3,Quantitative Aptitude,A,Answered,
SSC_CGL_Tier_1_Question_Paper_2024_36_Shifts_9th_Sept_2024_Shift_2_EN.pdf,20,3,Quantitative Aptitude,C,Answered,
SSC_CGL_Tier_1_Question_Paper_2024_36_Shifts_9th_Sept_2024_Shift_2_EN.pdf,21,3,Quantitative Aptitude,D,Answered,
SSC_CGL_Tier_1_Question_Paper_2024_36_Shifts_9th_Sept_2024_Shift_2_EN.pdf,22,3,Quantitative Aptitude,B,Answered,
SSC_CGL_Tier_1_Question_Paper_2024_36_Shifts_9th_Sept_2024_Shift_2_EN.pdf,23,3,Quantitative Aptitude,A,Answered,
SSC_CGL_Tier_1_Question_Paper_2024_36_Shifts_9th_Sept_2024_Shift_2_EN.pdf,24,3,Quantitative Aptitude,C,Answered,
SSC_CGL_Tier_1_Question_Paper_2024_36_Shifts_9th_Sept_2024_Shift_2_EN.pdf,25,3,Quantitative Aptitude,A,Answered,
SSC_CGL_Tier_1_Question_Paper_2024_36_Shifts_9th_Sept_2024_Shift_2_EN.pdf,1,4,English Comprehension,C,Answered,
SSC_CGL_Tier_1_Question_Paper_2024_36_Shifts_9th_Sept_2024_Shift_2_EN.pdf,2,4,English Comprehension,C,Answered,
SSC_CGL_Tier_1_Question_Paper_2024_36_Shifts_9th_Sept_2024_Shift_2_EN.pdf,3,4,English Comprehension,D,Answered,
SSC_CGL_Tier_1_Question_Paper_2024_36_Shifts_9th_Sept_2024_Shift_2_EN.pdf,4,4,English Comprehension,B,Answered,
SSC_CGL_Tier_1_Question_Paper_2024_36_Shifts_9th_Sept_2024_Shift_2_EN.pdf,5,4,English Comprehension,D,Answered,
SSC_CGL_Tier_1_Question_Paper_2024_36_Shifts_9th_Sept_2024_Shift_2_EN.pdf,6,4,English Comprehension,B,Answered,
SSC_CGL_Tier_1_Question_Paper_2024_36_Shifts_9th_Sept_2024_Shift_2_EN.pdf,7,4,English Comprehension,D,Answered,
SSC_CGL_Tier_1_Question_Paper_2024_36_Shifts_9th_Sept_2024_Shift_2_EN.pdf,8,4,English Comprehension,D,Answered,
SSC_CGL_Tier_1_Question_Paper_2024_36_Shifts_9th_Sept_2024_Shift_2_EN.pdf,9,4,English Comprehension,C,Answered,
SSC_CGL_Tier_1_Question_Paper_2024_36_Shifts_9th_Sept_2024_Shift_2_EN.pdf,10,4,English Comprehension,A,Answered,
SSC_CGL_Tier_1_Question_Paper_2024_36_Shifts_9th_Sept_2024_Shift_2_EN.pdf,11,4,English Comprehension,D,Answered,
SSC_CGL_Tier_1_Question_Paper_2024_36_Shifts_9th_Sept_2024_Shift_2_EN.pdf,12,4,English Comprehension,A,Answered,
SSC_CGL_Tier_1_Question_Paper_2024_36_Shifts_9th_Sept_2024_Shift_2_EN.pdf,13,4,English Comprehension,C,Answered,
SSC_CGL_Tier_1_Question_Paper_2024_36_Shifts_9th_Sept_2024_Shift_2_EN.pdf,14,4,English Comprehension,A,Answered,
SSC_CGL_Tier_1_Question_Paper_2024_36_Shifts_9th_Sept_2024_Shift_2_EN.pdf,15,4,English Comprehension,A,Answered,
SSC_CGL_Tier_1_Question_Paper_2024_36_Shifts_9th_Sept_2024_Shift_2_EN.pdf,16,4,English Comprehension,D,Answered,
SSC_CGL_Tier_1_Question_Paper_2024_36_Shifts_9th_Sept_2024_Shift_2_EN.pdf,17,4,English Comprehension,C,Answered,
SSC_CGL_Tier_1_Question_Paper_2024_36_Shifts_9th_Sept_2024_Shift_2_EN.pdf,18,4,English Comprehension,C,Answered,
SSC_CGL_Tier_1_Question_Paper_2024_36_Shifts_9th_Sept_2024_Shift_2_EN.pdf,19,4,English Comprehension,C,Answered,
SSC_CGL_Tier_1_Question_Paper_2024_36_Shifts_9th_Sept_2024_Shift_2_EN.pdf,20,4,English Comprehension,B,Answered,
SSC_CGL_Tier_1_Question_Paper_2024_36_Shifts_9th_Sept_2024_Shift_2_EN.pdf,21,4,English Comprehension,D,Answered,
SSC_CGL_Tier_1_Question_Paper_2024_36_Shifts_9th_Sept_2024_Shift_2_EN.pdf,22,4,English Comprehension,B,Answered,
SSC_CGL_Tier_1_Question_Paper_2024_36_Shifts_9th_Sept_2024_Shift_2_EN.pdf,23,4,English Comprehension,B,Answered,
SSC_CGL_Tier_1_Question_Paper_2024_36_Shifts_9th_Sept_2024_Shift_2_EN.pdf,24,4,English Comprehension,A,Answered,
SSC_CGL_Tier_1_Question_Paper_2024_36_Shifts_9th_Sept_2024_Shift_2_EN.pdf,25,4,English Comprehension,C,Answered,
SSC_CGL_Tier_1_Question_Paper_2024_36_Shifts_9th_Sept_2024_Shift_3_EN.pdf,1,1,General Intelligence and Reasoning,B,Answered,
SSC_CGL_Tier_1_Question_Paper_2024_36_Shifts_9th_Sept_2024_Shift_3_EN.pdf,2,1,General Intelligence and Reasoning,C,Answered,
SSC_CGL_Tier_1_Question_Paper_2024_36_Shifts_9th_Sept_2024_Shift_3_EN.pdf,3,1,General Intelligence and Reasoning,C,Answered,
SSC_CGL_Tier_1_Question_Paper_2024_36_Shifts_9th_Sept_2024_Shift_3_EN.pdf,4,1,General Intelligence and Reasoning,B,Answered,
SSC_CGL_Tier_1_Question_Paper_2024_36_Shifts_9th_Sept_2024_Shift_3_EN.pdf,5,1,General Intelligence and Reasoning,D,Answered,
SSC_CGL_Tier_1_Question_Paper_2024_36_Shifts_9th_Sept_2024_Shift_3_EN.pdf,6,1,General Intelligence and Reasoning,C,Answered,
SSC_CGL_Tier_1_Question_Paper_2024_36_Shifts_9th_Sept_2024_Shift_3_EN.pdf,7,1,General Intelligence and Reasoning,D,Answered,
SSC_CGL_Tier_1_Question_Paper_2024_36_Shifts_9th_Sept_2024_Shift_3_EN.pdf,8,1,General Intelligence and Reasoning,B,Answered,
SSC_CGL_Tier_1_Question_Paper_2024_36_Shifts_9th_Sept_2024_Shift_3_EN.pdf,9,1,General Intelligence and Reasoning,A,Answered,
SSC_CGL_Tier_1_Question_Paper_2024_36_Shifts_9th_Sept_2024_Shift_3_EN.pdf,10,1,General Intelligence and Reasoning,A,Answered,
SSC_CGL_Tier_1_Question_Paper_2024_36_Shifts_9th_Sept_2024_Shift_3_EN.pdf,11,1,General Intelligence and Reasoning,C,Answered,
SSC_CGL_Tier_1_Question_Paper_2024_36_Shifts_9th_Sept_2024_Shift_3_EN.pdf,12,1,General Intelligence and Reasoning,A,Answered,
SSC_CGL_Tier_1_Question_Paper_2024_36_Shifts_9th_Sept_2024_Shift_3_EN.pdf,13,1,General Intelligence and Reasoning,B,Answered,
SSC_CGL_Tier_1_Question_Paper_2024_36_Shifts_9th_Sept_2024_Shift_3_EN.pdf,14,1,General Intelligence and Reasoning,A,Answered,
SSC_CGL_Tier_1_Question_Paper_2024_36_Shifts_9th_Sept_2024_Shift_3_EN.pdf,15,1,General Intelligence and Reasoning,A,Answered,
SSC_CGL_Tier_1_Question_Paper_2024_36_Shifts_9th_Sept_2024_Shift_3_EN.pdf,16,1,General Intelligence and Reasoning,C,Answered,
SSC_CGL_Tier_1_Question_Paper_2024_36_Shifts_9th_Sept_2024_Shift_3_EN.pdf,17,1,General Intelligence and Reasoning,D,Answered,
SSC_CGL_Tier_1_Question_Paper_2024_36_Shifts_9th_Sept_2024_Shift_3_EN.pdf,18,1,General Intelligence and Reasoning,C,Answered,
SSC_CGL_Tier_1_Question_Paper_2024_36_Shifts_9th_Sept_2024_Shift_3_EN.pdf,19,1,General Intelligence and Reasoning,B,Answered,
SSC_CGL_Tier_1_Question_Paper_2024_36_Shifts_9th_Sept_2024_Shift_3_EN.pdf,20,1,General Intelligence and Reasoning,B,Answered,
SSC_CGL_Tier_1_Question_Paper_2024_36_Shifts_9th_Sept_2024_Shift_3_EN.pdf,21,1,General Intelligence and Reasoning,A,Answered,
SSC_CGL_Tier_1_Question_Paper_2024_36_Shifts_9th_Sept_2024_Shift_3_EN.pdf,22,1,General Intelligence and Reasoning,C,Answered,
SSC_CGL_Tier_1_Question_Paper_2024_36_Shifts_9th_Sept_2024_Shift_3_EN.pdf,23,1,General Intelligence and Reasoning,C,Answered,
SSC_CGL_Tier_1_Question_Paper_2024_36_Shifts_9th_Sept_2024_Shift_3_EN.pdf,24,1,General Intelligence and Reasoning,A,Answered,
SSC_CGL_Tier_1_Question_Paper_2024_36_Shifts_9th_Sept_2024_Shift_3_EN.pdf,25,1,General Intelligence and Reasoning,B,Answered,
SSC_CGL_Tier_1_Question_Paper_2024_36_Shifts_9th_Sept_2024_Shift_3_EN.pdf,1,2,General Awareness,A,Answered,
SSC_CGL_Tier_1_Question_Paper_2024_36_Shifts_9th_Sept_2024_Shift_3_EN.pdf,2,2,General Awareness,C,Answered,
SSC_CGL_Tier_1_Question_Paper_2024_36_Shifts_9th_Sept_2024_Shift_3_EN.pdf,3,2,General Awareness,A,Answered,
SSC_CGL_Tier_1_Question_Paper_2024_36_Shifts_9th_Sept_2024_Shift_3_EN.pdf,4,2,General Awareness,D,Answered,
SSC_CGL_Tier_1_Question_Paper_2024_36_Shifts_9th_Sept_2024_Shift_3_EN.pdf,5,2,General Awareness,A,Answered,
SSC_CGL_Tier_1_Question_Paper_2024_36_Shifts_9th_Sept_2024_Shift_3_EN.pdf,6,2,General Awareness,A,Answered,
SSC_CGL_Tier_1_Question_Paper_2024_36_Shifts_9th_Sept_2024_Shift_3_EN.pdf,7,2,General Awareness,C,Answered,
SSC_CGL_Tier_1_Question_Paper_2024_36_Shifts_9th_Sept_2024_Shift_3_EN.pdf,8,2,General Awareness,,Not Answered,
SSC_CGL_Tier_1_Question_Paper_2024_36_Shifts_9th_Sept_2024_Shift_3_EN.pdf,9,2,General Awareness,D,Answered,
SSC_CGL_Tier_1_Question_Paper_2024_36_Shifts_9th_Sept_2024_Shift_3_EN.pdf,10,2,General Awareness,,Not Answered,
SSC_CGL_Tier_1_Question_Paper_2024_36_Shifts_9th_Sept_2024_Shift_3_EN.pdf,11,2,General Awareness,A,Answered,
SSC_CGL_Tier_1_Question_Paper_2024_36_Shifts_9th_Sept_2024_Shift_3_EN.pdf,12,2,General Awareness,C,Answered,
SSC_CGL_Tier_1_Question_Paper_2024_36_Shifts_9th_Sept_2024_Shift_3_EN.pdf,13,2,General Awareness,D,Answered,
SSC_CGL_Tier_1_Question_Paper_2024_36_Shifts_9th_Sept_2024_Shift_3_EN.pdf,14,2,General Awareness,A,Answered,
SSC_CGL_Tier_1_Question_Paper_2024_36_Shifts_9th_Sept_2024_Shift_3_EN.pdf,15,2,General Awareness,B,Answered,
SSC_CGL_Tier_1_Question_Paper_2024_36_Shifts_9th_Sept_2024_Shift_3_EN.pdf,16,2,General Awareness,A,Answered,
SSC_CGL_Tier_1_Question_Paper_2024_36_Shifts_9th_Sept_2024_Shift_3_EN.pdf,17,2,General Awareness,A,Answered,
SSC_CGL_Tier_1_Question_Paper_2024_36_Shifts_9th_Sept_2024_Shift_3_EN.pdf,18,2,General Awareness,D,Answered,
SSC_CGL_Tier_1_Question_Paper_2024_36_Shifts_9th_Sept_2024_Shift_3_EN.pdf,19,2,General Awareness,B,Answered,
SSC_CGL_Tier_1_Question_Paper_2024_36_Shifts_9th_Sept_2024_Shift_3_EN.pdf,20,2,General Awareness,B,Answered,
SSC_CGL_Tier_1_Question_Paper_2024_36_Shifts_9th_Sept_2024_Shift_3_EN.pdf,21,2,General Awareness,,Not Answered,
SSC_CGL_Tier_1_Question_Paper_2024_36_Shifts_9th_Sept_2024_Shift_3_EN.pdf,22,2,General Awareness,B,Answered,
SSC_CGL_Tier_1_Question_Paper_2024_36_Shifts_9th_Sept_2024_Shift_3_EN.pdf,23,2,General Awareness,B,Answered,
SSC_CGL_Tier_1_Question_Paper_2024_36_Shifts_9th_Sept_2024_Shift_3_EN.pdf,24,2,General Awareness,,Not Answered,
SSC_CGL_Tier_1_Question_Paper_2024_36_Shifts_9th_Sept_2024_Shift_3_EN.pdf,25,2,General Awareness,,Not Answered,
SSC_CGL_Tier_1_Question_Paper_2024_36_Shifts_9th_Sept_2024_Shift_3_EN.pdf,1,3,Quantitative Aptitude,B,Answered,
SSC_CGL_Tier_1_Question_Paper_2024_36_Shifts_9th_Sept_2024_Shift_3_EN.pdf,2,3,Quantitative Aptitude,C,Answered,
SSC_CGL_Tier_1_Question_Paper_2024_36_Shifts_9th_Sept_2024_Shift_3_EN.pdf,3,3,Quantitative Aptitude,C,Answered,
SSC_CGL_Tier_1_Question_Paper_2024_36_Shifts_9th_Sept_2024_Shift_3_EN.pdf,4,3,Quantitative Aptitude,C,Answered,
SSC_CGL_Tier_1_Question_Paper_2024_36_Shifts_9th_Sept_2024_Shift_3_EN.pdf,5,3,Quantitative Aptitude,D,Answered,
SSC_CGL_Tier_1_Question_Paper_2024_36_Shifts_9th_Sept_2024_Shift_3_EN.pdf,6,3,Quantitative Aptitude,C,Answered,
SSC_CGL_Tier_1_Question_Paper_2024_36_Shifts_9th_Sept_2024_Shift_3_EN.pdf,7,3,Quantitative Aptitude,B,Answered,
SSC_CGL_Tier_1_Question_Paper_2024_36_Shifts_9th_Sept_2024_Shift_3_EN.pdf,8,3,Quantitative Aptitude,D,Answered,
SSC_CGL_Tier_1_Question_Paper_2024_36_Shifts_9th_Sept_2024_Shift_3_EN.pdf,9,3,Quantitative Aptitude,A,Answered,
SSC_CGL_Tier_1_Question_Paper_2024_36_Shifts_9th_Sept_2024_Shift_3_EN.pdf,10,3,Quantitative Aptitude,D,Answered,
SSC_CGL_Tier_1_Question_Paper_2024_36_Shifts_9th_Sept_2024_Shift_3_EN.pdf,11,3,Quantitative Aptitude,C,Answered,
SSC_CGL_Tier_1_Question_Paper_2024_36_Shifts_9th_Sept_2024_Shift_3_EN.pdf,12,3,Quantitative Aptitude,C,Answered,
SSC_CGL_Tier_1_Question_Paper_2024_36_Shifts_9th_Sept_2024_Shift_3_EN.pdf,13,3,Quantitative Aptitude,C,Answered,
SSC_CGL_Tier_1_Question_Paper_2024_36_Shifts_9th_Sept_2024_Shift_3_EN.pdf,14,3,Quantitative Aptitude,D,Answered,
SSC_CGL_Tier_1_Question_Paper_2024_36_Shifts_9th_Sept_2024_Shift_3_EN.pdf,15,3,Quantitative Aptitude,C,Answered,
SSC_CGL_Tier_1_Question_Paper_2024_36_Shifts_9th_Sept_2024_Shift_3_EN.pdf,16,3,Quantitative Aptitude,D,Answered,
SSC_CGL_Tier_1_Question_Paper_2024_36_Shifts_9th_Sept_2024_Shift_3_EN.pdf,17,3,Quantitative Aptitude,B,Answered,
SSC_CGL_Tier_1_Question_Paper_2024_36_Shifts_9th_Sept_2024_Shift_3_EN.pdf,18,3,Quantitative Aptitude,B,Answered,
SSC_CGL_Tier_1_Question_Paper_2024_36_Shifts_9th_Sept_2024_Shift_3_EN.pdf,19,3,Quantitative Aptitude,D,Answered,
SSC_CGL_Tier_1_Question_Paper_2024_36_Shifts_9th_Sept_2024_Shift_3_EN.pdf,20,3,Quantitative Aptitude,B,Answered,
SSC_CGL_Tier_1_Question_Paper_2024_36_Shifts_9th_Sept_2024_Shift_3_EN.pdf,21,3,Quantitative Aptitude,C,Answered,
SSC_CGL_Tier_1_Question_Paper_2024_36_Shifts_9th_Sept_2024_Shift_3_EN.pdf,22,3,Quantitative Aptitude,C,Answered,
SSC_CGL_Tier_1_Question_Paper_2024_36_Shifts_9th_Sept_2024_Shift_3_EN.pdf,23,3,Quantitative Aptitude,A,Answered,
SSC_CGL_Tier_1_Question_Paper_2024_36_Shifts_9th_Sept_2024_Shift_3_EN.pdf,24,3,Quantitative Aptitude,A,Answered,
SSC_CGL_Tier_1_Question_Paper_2024_36_Shifts_9th_Sept_2024_Shift_3_EN.pdf,25,3,Quantitative Aptitude,A,Answered,
SSC_CGL_Tier_1_Question_Paper_2024_36_Shifts_9th_Sept_2024_Shift_3_EN.pdf,1,4,English Comprehension,D,Answered,
SSC_CGL_Tier_1_Question_Paper_2024_36_Shifts_9th_Sept_2024_Shift_3_EN.pdf,2,4,English Comprehension,A,Answered,
SSC_CGL_Tier_1_Question_Paper_2024_36_Shifts_9th_Sept_2024_Shift_3_EN.pdf,3,4,English Comprehension,B,Answered,
SSC_CGL_Tier_1_Question_Paper_2024_36_Shifts_9th_Sept_2024_Shift_3_EN.pdf,4,4,English Comprehension,D,Answered,
SSC_CGL_Tier_1_Question_Paper_2024_36_Shifts_9th_Sept_2024_Shift_3_EN.pdf,5,4,English Comprehension,D,Answered,
SSC_CGL_Tier_1_Question_Paper_2024_36_Shifts_9th_Sept_2024_Shift_3_EN.pdf,6,4,English Comprehension,B,Answered,
SSC_CGL_Tier_1_Question_Paper_2024_36_Shifts_9th_Sept_2024_Shift_3_EN.pdf,7,4,English Comprehension,D,Answered,
SSC_CGL_Tier_1_Question_Paper_2024_36_Shifts_9th_Sept_2024_Shift_3_EN.pdf,8,4,English Comprehension,A,Answered,
SSC_CGL_Tier_1_Question_Paper_2024_36_Shifts_9th_Sept_2024_Shift_3_EN.pdf,9,4,English Comprehension,D,Answered,
SSC_CGL_Tier_1_Question_Paper_2024_36_Shifts_9th_Sept_2024_Shift_3_EN.pdf,10,4,English Comprehension,C,Answered,
SSC_CGL_Tier_1_Question_Paper_2024_36_Shifts_9th_Sept_2024_Shift_3_EN.pdf,11,4,English Comprehension,B,Answered,
SSC_CGL_Tier_1_Question_Paper_2024_36_Shifts_9th_Sept_2024_Shift_3_EN.pdf,12,4,English Comprehension,B,Answered,
SSC_CGL_Tier_1_Question_Paper_2024_36_Shifts_9th_Sept_2024_Shift_3_EN.pdf,13,4,English Comprehension,C,Answered,
SSC_CGL_Tier_1_Question_Paper_2024_36_Shifts_9th_Sept_2024_Shift_3_EN.pdf,14,4,English Comprehension,A,Answered,
SSC_CGL_Tier_1_Question_Paper_2024_36_Shifts_9th_Sept_2024_Shift_3_EN.pdf,15,4,English Comprehension,C,Answered,
SSC_CGL_Tier_1_Question_Paper_2024_36_Shifts_9th_Sept_2024_Shift_3_EN.pdf,16,4,English Comprehension,C,Answered,
SSC_CGL_Tier_1_Question_Paper_2024_36_Shifts_9th_Sept_2024_Shift_3_EN.pdf,17,4,English Comprehension,C,Answered,
SSC_CGL_Tier_1_Question_Paper_2024_36_Shifts_9th_Sept_2024_Shift_3_EN.pdf,18,4,English Comprehension,D,Answered,
SSC_CGL_Tier_1_Question_Paper_2024_36_Shifts_9th_Sept_2024_Shift_3_EN.pdf,19,4,English Comprehension,C,Answered,
SSC_CGL_Tier_1_Question_Paper_2024_36_Shifts_9th_Sept_2024_Shift_3_EN.pdf,20,4,English Comprehension,B,Answered,
SSC_CGL_Tier_1_Question_Paper_2024_36_Shifts_9th_Sept_2024_Shift_3_EN.pdf,21,4,English Comprehension,C,Answered,
SSC_CGL_Tier_1_Question_Paper_2024_36_Shifts_9th_Sept_2024_Shift_3_EN.pdf,22,4,English Comprehension,A,Answered,
SSC_CGL_Tier_1_Question_Paper_2024_36_Shifts_9th_Sept_2024_Shift_3_EN.pdf,23,4,English Comprehension,A,Answered,
SSC_CGL_Tier_1_Question_Paper_2024_36_Shifts_9th_Sept_2024_Shift_3_EN.pdf,24,4,English Comprehension,A,Answered,
SSC_CGL_Tier_1_Question_Paper_2024_36_Shifts_9th_Sept_2024_Shift_3_EN.pdf,25,4,English Comprehension,B,Answered,
SSC_CGL_Tier_1_Question_Paper_2025_45_Shifts_12th_Sept_2025_Shift_1_EN.pdf,1,1,,,,A
SSC_CGL_Tier_1_Question_Paper_2025_45_Shifts_12th_Sept_2025_Shift_1_EN.pdf,2,1,,,,C
SSC_CGL_Tier_1_Question_Paper_2025_45_Shifts_12th_Sept_2025_Shift_1_EN.pdf,3,1,,,,A
SSC_CGL_Tier_1_Question_Paper_2025_45_Shifts_12th_Sept_2025_Shift_1_EN.pdf,4,1,,,,B
SSC_CGL_Tier_1_Question_Paper_2025_45_Shifts_12th_Sept_2025_Shift_1_EN.pdf,5,1,,,,A
SSC_CGL_Tier_1_Question_Paper_2025_45_Shifts_12th_Sept_2025_Shift_1_EN.pdf,6,1,,,,D
SSC_CGL_Tier_1_Question_Paper_2025_45_Shifts_12th_Sept_2025_Shift_1_EN.pdf,7,1,,,,A
SSC_CGL_Tier_1_Question_Paper_2025_45_Shifts_12th_Sept_2025_Shift_1_EN.pdf,8,1,,,,A
SSC_CGL_Tier_1_Question_Paper_2025_45_Shifts_12th_Sept_2025_Shift_1_EN.pdf,9,1,,,,C
SSC_CGL_Tier_1_Question_Paper_2025_45_Shifts_12th_Sept_2025_Shift_1_EN.pdf,10,1,,,,A
SSC_CGL_Tier_1_Question_Paper_2025_45_Shifts_12th_Sept_2025_Shift_1_EN.pdf,11,1,,,,B
SSC_CGL_Tier_1_Question_Paper_2025_45_Shifts_12th_Sept_2025_Shift_1_EN.pdf,12,1,,,,A
SSC_CGL_Tier_1_Question_Paper_2025_45_Shifts_12th_Sept_2025_Shift_1_EN.pdf,13,1,,,,D
SSC_CGL_Tier_1_Question_Paper_2025_45_Shifts_12th_Sept_2025_Shift_1_EN.pdf,14,1,,,,A
SSC_CGL_Tier_1_Question_Paper_2025_45_Shifts_12th_Sept_2025_Shift_1_EN.pdf,15,1,,,,C
SSC_CGL_Tier_1_Question_Paper_2025_45_Shifts_12th_Sept_2025_Shift_1_EN.pdf,16,1,,,,C
SSC_CGL_Tier_1_Question_Paper_2025_45_Shifts_12th_Sept_2025_Shift_1_EN.pdf,17,1,,,,D
SSC_CGL_Tier_1_Question_Paper_2025_45_Shifts_12th_Sept_2025_Shift_1_EN.pdf,18,1,,,,B
SSC_CGL_Tier_1_Question_Paper_2025_45_Shifts_12th_Sept_2025_Shift_1_EN.pdf,19,1,,,,A
SSC_CGL_Tier_1_Question_Paper_2025_45_Shifts_12th_Sept_2025_Shift_1_EN.pdf,20,1,,,,A
SSC_CGL_Tier_1_Question_Paper_2025_45_Shifts_12th_Sept_2025_Shift_1_EN.pdf,21,1,,,,A
SSC_CGL_Tier_1_Question_Paper_2025_45_Shifts_12th_Sept_2025_Shift_1_EN.pdf,22,1,,,,D
SSC_CGL_Tier_1_Question_Paper_2025_45_Shifts_12th_Sept_2025_Shift_1_EN.pdf,23,1,,,,B
SSC_CGL_Tier_1_Question_Paper_2025_45_Shifts_12th_Sept_2025_Shift_1_EN.pdf,24,1,,,,A
SSC_CGL_Tier_1_Question_Paper_2025_45_Shifts_12th_Sept_2025_Shift_1_EN.pdf,25,1,,,,C
SSC_CGL_Tier_1_Question_Paper_2025_45_Shifts_12th_Sept_2025_Shift_1_EN.pdf,26,1,,,,D
SSC_CGL_Tier_1_Question_Paper_2025_45_Shifts_12th_Sept_2025_Shift_1_EN.pdf,27,1,,,,B
SSC_CGL_Tier_1_Question_Paper_2025_45_Shifts_12th_Sept_2025_Shift_1_EN.pdf,28,1,,,,C
SSC_CGL_Tier_1_Question_Paper_2025_45_Shifts_12th_Sept_2025_Shift_1_EN.pdf,29,1,,,,C
SSC_CGL_Tier_1_Question_Paper_2025_45_Shifts_12th_Sept_2025_Shift_1_EN.pdf,30,1,,,,B
SSC_CGL_Tier_1_Question_Paper_2025_45_Shifts_12th_Sept_2025_Shift_1_EN.pdf,31,1,,,,B
SSC_CGL_Tier_1_Question_Paper_2025_45_Shifts_12th_Sept_2025_Shift_1_EN.pdf,32,1,,,,A
SSC_CGL_Tier_1_Question_Paper_2025_45_Shifts_12th_Sept_2025_Shift_1_EN.pdf,33,1,,,,B
SSC_CGL_Tier_1_Question_Paper_2025_45_Shifts_12th_Sept_2025_Shift_1_EN.pdf,34,1,,,,A
SSC_CGL_Tier_1_Question_Paper_2025_45_Shifts_12th_Sept_2025_Shift_1_EN.pdf,35,1,,,,B
SSC_CGL_Tier_1_Question_Paper_2025_45_Shifts_12th_Sept_2025_Shift_1_EN.pdf,36,1,,,,C
SSC_CGL_Tier_1_Question_Paper_2025_45_Shifts_12th_Sept_2025_Shift_1_EN.pdf,37,1,,,,B
SSC_CGL_Tier_1_Question_Paper_2025_45_Shifts_12th_Sept_2025_Shift_1_EN.pdf,38,1,,,,B
SSC_CGL_Tier_1_Question_Paper_2025_45_Shifts_12th_Sept_2025_Shift_1_EN.pdf,39,1,,,,B
SSC_CGL_Tier_1_Question_Paper_2025_45_Shifts_12th_Sept_2025_Shift_1_EN.pdf,40,1,,,,B
SSC_CGL_Tier_1_Question_Paper_2025_45_Shifts_12th_Sept_2025_Shift_1_EN.pdf,41,1,,,,B
SSC_CGL_Tier_1_Question_Paper_2025_45_Shifts_12th_Sept_2025_Shift_1_EN.pdf,42,1,,,,B
SSC_CGL_Tier_1_Question_Paper_2025_45_Shifts_12th_Sept_2025_Shift_1_EN.pdf,43,1,,,,C
SSC_CGL_Tier_1_Question_Paper_2025_45_Shifts_12th_Sept_2025_Shift_1_EN.pdf,44,1,,,,C
SSC_CGL_Tier_1_Question_Paper_2025_45_Shifts_12th_Sept_2025_Shift_1_EN.pdf,45,1,,,,B
SSC_CGL_Tier_1_Question_Paper_2025_45_Shifts_12th_Sept_2025_Shift_1_EN.pdf,46,1,,,,A
SSC_CGL_Tier_1_Question_Paper_2025_45_Shifts_12th_Sept_2025_Shift_1_EN.pdf,47,1,,,,D
SSC_CGL_Tier_1_Question_Paper_2025_45_Shifts_12th_Sept_2025_Shift_1_EN.pdf,48,1,,,,B
SSC_CGL_Tier_1_Question_Paper_2025_45_Shifts_12th_Sept_2025_Shift_1_EN.pdf,49,1,,,,B
SSC_CGL_Tier_1_Question_Paper_2025_45_Shifts_12th_Sept_2025_Shift_1_EN.pdf,50,1,,,,A
SSC_CGL_Tier_1_Question_Paper_2025_45_Shifts_12th_Sept_2025_Shift_1_EN.pdf,51,1,,,,D
SSC_CGL_Tier_1_Question_Paper_2025_45_Shifts_12th_Sept_2025_Shift_1_EN.pdf,52,1,,,,B
SSC_CGL_Tier_1_Question_Paper_2025_45_Shifts_12th_Sept_2025_Shift_1_EN.pdf,53,1,,,,B
SSC_CGL_Tier_1_Question_Paper_2025_45_Shifts_12th_Sept_2025_Shift_1_EN.pdf,54,1,,,,B
SSC_CGL_Tier_1_Question_Paper_2025_45_Shifts_12th_Sept_2025_Shift_1_EN.pdf,55,1,,,,C
SSC_CGL_Tier_1_Question_Paper_2025_45_Shifts_12th_Sept_2025_Shift_1_EN.pdf,56,1,,,,A
SSC_CGL_Tier_1_Question_Paper_2025_45_Shifts_12th_Sept_2025_Shift_1_EN.pdf,57,1,,,,B
SSC_CGL_Tier_1_Question_Paper_2025_45_Shifts_12th_Sept_2025_Shift_1_EN.pdf,58,1,,,,C
SSC_CGL_Tier_1_Question_Paper_2025_45_Shifts_12th_Sept_2025_Shift_1_EN.pdf,59,1,,,,C
SSC_CGL_Tier_1_Question_Paper_2025_45_Shifts_12th_Sept_2025_Shift_1_EN.pdf,60,1,,,,A
SSC_CGL_Tier_1_Question_Paper_2025_45_Shifts_12th_Sept_2025_Shift_1_EN.pdf,61,1,,,,C
SSC_CGL_Tier_1_Question_Paper_2025_45_Shifts_12th_Sept_2025_Shift_1_EN.pdf,62,1,,,,D
SSC_CGL_Tier_1_Question_Paper_2025_45_Shifts_12th_Sept_2025_Shift_1_EN.pdf,63,1,,,,B
SSC_CGL_Tier_1_Question_Paper_2025_45_Shifts_12th_Sept_2025_Shift_1_EN.pdf,64,1,,,,B
SSC_CGL_Tier_1_Question_Paper_2025_45_Shifts_12th_Sept_2025_Shift_1_EN.pdf,65,1,,,,A
SSC_CGL_Tier_1_Question_Paper_2025_45_Shifts_12th_Sept_2025_Shift_1_EN.pdf,66,1,,,,C
SSC_CGL_Tier_1_Question_Paper_2025_45_Shifts_12th_Sept_2025_Shift_1_EN.pdf,67,1,,,,B
SSC_CGL_Tier_1_Question_Paper_2025_45_Shifts_12th_Sept_2025_Shift_1_EN.pdf,68,1,,,,A
SSC_CGL_Tier_1_Question_Paper_2025_45_Shifts_12th_Sept_2025_Shift_1_EN.pdf,69,1,,,,C
SSC_CGL_Tier_1_Question_Paper_2025_45_Shifts_12th_Sept_2025_Shift_1_EN.pdf,70,1,,,,C
SSC_CGL_Tier_1_Question_Paper_2025_45_Shifts_12th_Sept_2025_Shift_1_EN.pdf,71,1,,,,B
SSC_CGL_Tier_1_Question_Paper_2025_45_Shifts_12th_Sept_2025_Shift_1_EN.pdf,72,1,,,,B
SSC_CGL_Tier_1_Question_Paper_2025_45_Shifts_12th_Sept_2025_Shift_1_EN.pdf,73,1,,,,C
SSC_CGL_Tier_1_Question_Paper_2025_45_Shifts_12th_Sept_2025_Shift_1_EN.pdf,74,1,,,,B
SSC_CGL_Tier_1_Question_Paper_2025_45_Shifts_12th_Sept_2025_Shift_1_EN.pdf,75,1,,,,B
SSC_CGL_Tier_1_Question_Paper_2025_45_Shifts_12th_Sept_2025_Shift_1_EN.pdf,76,1,,,,B
SSC_CGL_Tier_1_Question_Paper_2025_45_Shifts_12th_Sept_2025_Shift_1_EN.pdf,77,1,,,,D
SSC_CGL_Tier_1_Question_Paper_2025_45_Shifts_12th_Sept_2025_Shift_1_EN.pdf,78,1,,,,A
SSC_CGL_Tier_1_Question_Paper_2025_45_Shifts_12th_Sept_2025_Shift_1_EN.pdf,79,1,,,,A
SSC_CGL_Tier_1_Question_Paper_2025_45_Shifts_12th_Sept_2025_Shift_1_EN.pdf,80,1,,,,A
SSC_CGL_Tier_1_Question_Paper_2025_45_Shifts_12th_Sept_2025_Shift_1_EN.pdf,81,1,,,,A
SSC_CGL_Tier_1_Question_Paper_2025_45_Shifts_12th_Sept_2025_Shift_1_EN.pdf,82,1,,,,A
SSC_CGL_Tier_1_Question_Paper_2025_45_Shifts_12th_Sept_2025_Shift_1_EN.pdf,83,1,,,,B
SSC_CGL_Tier_1_Question_Paper_2025_45_Shifts_12th_Sept_2025_Shift_1_EN.pdf,84,1,,,,C
SSC_CGL_Tier_1_Question_Paper_2025_45_Shifts_12th_Sept_2025_Shift_1_EN.pdf,85,1,,,,C
SSC_CGL_Tier_1_Question_Paper_2025_45_Shifts_12th_Sept_2025_Shift_1_EN.pdf,86,1,,,,D
SSC_CGL_Tier_1_Question_Paper_2025_45_Shifts_12th_Sept_2025_Shift_1_EN.pdf,87,1,,,,A
SSC_CGL_Tier_1_Question_Paper_2025_45_Shifts_12th_Sept_2025_Shift_1_EN.pdf,88,1,,,,C
SSC_CGL_Tier_1_Question_Paper_2025_45_Shifts_12th_Sept_2025_Shift_1_EN.pdf,89,1,,,,D
SSC_CGL_Tier_1_Question_Paper_2025_45_Shifts_12th_Sept_2025_Shift_1_EN.pdf,90,1,,,,C
SSC_CGL_Tier_1_Question_Paper_2025_45_Shifts_12th_Sept_2025_Shift_1_EN.pdf,91,1,,,,C
SSC_CGL_Tier_1_Question_Paper_2025_45_Shifts_12th_Sept_2025_Shift_1_EN.pdf,92,1,,,,B
SSC_CGL_Tier_1_Question_Paper_2025_45_Shifts_12th_Sept_2025_Shift_1_EN.pdf,93,1,,,,C
SSC_CGL_Tier_1_Question_Paper_2025_45_Shifts_12th_Sept_2025_Shift_1_EN.pdf,94,1,,,,D
SSC_CGL_Tier_1_Question_Paper_2025_45_Shifts_12th_Sept_2025_Shift_1_EN.pdf,95,1,,,,C
SSC_CGL_Tier_1_Question_Paper_2025_45_Shifts_12th_Sept_2025_Shift_1_EN.pdf,96,1,,,,B
SSC_CGL_Tier_1_Question_Paper_2025_45_Shifts_12th_Sept_2025_Shift_1_EN.pdf,97,1,,,,C
SSC_CGL_Tier_1_Question_Paper_2025_45_Shifts_12th_Sept_2025_Shift_1_EN.pdf,98,1,,,,B
SSC_CGL_Tier_1_Question_Paper_2025_45_Shifts_12th_Sept_2025_Shift_1_EN.pdf,99,1,,,,A
SSC_CGL_Tier_1_Question_Paper_2025_45_Shifts_12th_Sept_2025_Shift_1_EN.pdf,100,1,,,,A
SSC_CGL_Tier_1_Question_Paper_2025_45_Shifts_12th_Sept_2025_Shift_2_EN.pdf,1,1,,,,B
SSC_CGL_Tier_1_Question_Paper_2025_45_Shifts_12th_Sept_2025_Shift_2_EN.pdf,2,1,,,,B
SSC_CGL_Tier_1_Question_Paper_2025_45_Shifts_12th_Sept_2025_Shift_2_EN.pdf,3,1,,,,B
SSC_CGL_Tier_1_Question_Paper_2025_45_Shifts_12th_Sept_2025_Shift_2_EN.pdf,4,1,,,,A
SSC_CGL_Tier_1_Question_Paper_2025_45_Shifts_12th_Sept_2025_Shift_2_EN.pdf,5,1,,,,B
SSC_CGL_Tier_1_Question_Paper_2025_45_Shifts_12th_Sept_2025_Shift_2_EN.pdf,6,1,,,,C
SSC_CGL_Tier_1_Question_Paper_2025_45_Shifts_12th_Sept_2025_Shift_2_EN.pdf,7,1,,,,A
SSC_CGL_Tier_1_Question_Paper_2025_45_Shifts_12th_Sept_2025_Shift_2_EN.pdf,8,1,,,,A
SSC_CGL_Tier_1_Question_Paper_2025_45_Shifts_12th_Sept_2025_Shift_2_EN.pdf,9,1,,,,B
SSC_CGL_Tier_1_Question_Paper_2025_45_Shifts_12th_Sept_2025_Shift_2_EN.pdf,10,1,,,,C
SSC_CGL_Tier_1_Question_Paper_2025_45_Shifts_12th_Sept_2025_Shift_2_EN.pdf,11,1,,,,A
SSC_CGL_Tier_1_Question_Paper_2025_45_Shifts_12th_Sept_2025_Shift_2_EN.pdf,12,1,,,,D
SSC_CGL_Tier_1_Question_Paper_2025_45_Shifts_12th_Sept_2025_Shift_2_EN.pdf,13,1,,,,B
SSC_CGL_Tier_1_Question_Paper_2025_45_Shifts_12th_Sept_2025_Shift_2_EN.pdf,14,1,,,,C
SSC_CGL_Tier_1_Question_Paper_2025_45_Shifts_12th_Sept_2025_Shift_2_EN.pdf,15,1,,,,B
SSC_CGL_Tier_1_Question_Paper_2025_45_Shifts_12th_Sept_2025_Shift_2_EN.pdf,16,1,,,,C
SSC_CGL_Tier_1_Question_Paper_2025_45_Shifts_12th_Sept_2025_Shift_2_EN.pdf,17,1,,,,D
SSC_CGL_Tier_1_Question_Paper_2025_45_Shifts_12th_Sept_2025_Shift_2_EN.pdf,18,1,,,,C
SSC_CGL_Tier_1_Question_Paper_2025_45_Shifts_12th_Sept_2025_Shift_2_EN.pdf,19,1,,,,C
SSC_CGL_Tier_1_Question_Paper_2025_45_Shifts_12th_Sept_2025_Shift_2_EN.pdf,20,1,,,,A
SSC_CGL_Tier_1_Question_Paper_2025_45_Shifts_12th_Sept_2025_Shift_2_EN.pdf,21,1,,,,D
SSC_CGL_Tier_1_Question_Paper_2025_45_Shifts_12th_Sept_2025_Shift_2_EN.pdf,22,1,,,,A
SSC_CGL_Tier_1_Question_Paper_2025_45_Shifts_12th_Sept_2025_Shift_2_EN.pdf,23,1,,,,D
SSC_CGL_Tier_1_Question_Paper_2025_45_Shifts_12th_Sept_2025_Shift_2_EN.pdf,24,1,,,,D
SSC_CGL_Tier_1_Question_Paper_2025_45_Shifts_12th_Sept_2025_Shift_2_EN.pdf,25,1,,,,D
SSC_CGL_Tier_1_Question_Paper_2025_45_Shifts_12th_Sept_2025_Shift_2_EN.pdf,26,1,,,,A
SSC_CGL_Tier_1_Question_Paper_2025_45_Shifts_12th_Sept_2025_Shift_2_EN.pdf,27,1,,,,B
SSC_CGL_Tier_1_Question_Paper_2025_45_Shifts_12th_Sept_2025_Shift_2_EN.pdf,28,1,,,,C
SSC_CGL_Tier_1_Question_Paper_2025_45_Shifts_12th_Sept_2025_Shift_2_EN.pdf,29,1,,,,C
SSC_CGL_Tier_1_Question_Paper_2025_45_Shifts_12th_Sept_2025_Shift_2_EN.pdf,30,1,,,,B
SSC_CGL_Tier_1_Question_Paper_2025_45_Shifts_12th_Sept_2025_Shift_2_EN.pdf,31,1,,,,C
SSC_CGL_Tier_1_Question_Paper_2025_45_Shifts_12th_Sept_2025_Shift_2_EN.pdf,32,1,,,,D
SSC_CGL_Tier_1_Question_Paper_2025_45_Shifts_12th_Sept_2025_Shift_2_EN.pdf,33,1,,,,C
SSC_CGL_Tier_1_Question_Paper_2025_45_Shifts_12th_Sept_2025_Shift_2_EN.pdf,34,1,,,,D
SSC_CGL_Tier_1_Question_Paper_2025_45_Shifts_12th_Sept_2025_Shift_2_EN.pdf,35,1,,,,C
SSC_CGL_Tier_1_Question_Paper_2025_45_Shifts_12th_Sept_2025_Shift_2_EN.pdf,36,1,,,,C
SSC_CGL_Tier_1_Question_Paper_2025_45_Shifts_12th_Sept_2025_Shift_2_EN.pdf,37,1,,,,A
SSC_CGL_Tier_1_Question_Paper_2025_45_Shifts_12th_Sept_2025_Shift_2_EN.pdf,38,1,,,,B
SSC_CGL_Tier_1_Question_Paper_2025_45_Shifts_12th_Sept_2025_Shift_2_EN.pdf,39,1,,,,B
SSC_CGL_Tier_1_Question_Paper_2025_45_Shifts_12th_Sept_2025_Shift_2_EN.pdf,40,1,,,,C
SSC_CGL_Tier_1_Question_Paper_2025_45_Shifts_12th_Sept_2025_Shift_2_EN.pdf,41,1,,,,A
SSC_CGL_Tier_1_Question_Paper_2025_45_Shifts_12th_Sept_2025_Shift_2_EN.pdf,42,1,,,,B
SSC_CGL_Tier_1_Question_Paper_2025_45_Shifts_12th_Sept_2025_Shift_2_EN.pdf,43,1,,,,C
SSC_CGL_Tier_1_Question_Paper_2025_45_Shifts_12th_Sept_2025_Shift_2_EN.pdf,44,1,,,,C
SSC_CGL_Tier_1_Question_Paper_2025_45_Shifts_12th_Sept_2025_Shift_2_EN.pdf,45,1,,,,D
SSC_CGL_Tier_1_Question_Paper_2025_45_Shifts_12th_Sept_2025_Shift_2_EN.pdf,46,1,,,,D
SSC_CGL_Tier_1_Question_Paper_2025_45_Shifts_12th_Sept_2025_Shift_2_EN.pdf,47,1,,,,B
SSC_CGL_Tier_1_Question_Paper_2025_45_Shifts_12th_Sept_2025_Shift_2_EN.pdf,48,1,,,,A
SSC_CGL_Tier_1_Question_Paper_2025_45_Shifts_12th_Sept_2025_Shift_2_EN.pdf,49,1,,,,B
SSC_CGL_Tier_1_Question_Paper_2025_45_Shifts_12th_Sept_2025_Shift_2_EN.pdf,50,1,,,,B
SSC_CGL_Tier_1_Question_Paper_2025_45_Shifts_12th_Sept_2025_Shift_2_EN.pdf,51,1,,,,C
SSC_CGL_Tier_1_Question_Paper_2025_45_Shifts_12th_Sept_2025_Shift_2_EN.pdf,52,1,,,,B
SSC_CGL_Tier_1_Question_Paper_2025_45_Shifts_12th_Sept_2025_Shift_2_EN.pdf,53,1,,,,C
SSC_CGL_Tier_1_Question_Paper_2025_45_Shifts_12th_Sept_2025_Shift_2_EN.pdf,54,1,,,,B
SSC_CGL_Tier_1_Question_Paper_2025_45_Shifts_12th_Sept_2025_Shift_2_EN.pdf,55,1,,,,C
SSC_CGL_Tier_1_Question_Paper_2025_45_Shifts_12th_Sept_2025_Shift_2_EN.pdf,56,1,,,,A
SSC_CGL_Tier_1_Question_Paper_2025_45_Shifts_12th_Sept_2025_Shift_2_EN.pdf,57,1,,,,B
SSC_CGL_Tier_1_Question_Paper_2025_45_Shifts_12th_Sept_2025_Shift_2_EN.pdf,58,1,,,,B
SSC_CGL_Tier_1_Question_Paper_2025_45_Shifts_12th_Sept_2025_Shift_2_EN.pdf,59,1,,,,D
SSC_CGL_Tier_1_Question_Paper_2025_45_Shifts_12th_Sept_2025_Shift_2_EN.pdf,60,1,,,,A
SSC_CGL_Tier_1_Question_Paper_2025_45_Shifts_12th_Sept_2025_Shift_2_EN.pdf,61,1,,,,C
SSC_CGL_Tier_1_Question_Paper_2025_45_Shifts_12th_Sept_2025_Shift_2_EN.pdf,62,1,,,,A
SSC_CGL_Tier_1_Question_Paper_2025_45_Shifts_12th_Sept_2025_Shift_2_EN.pdf,63,1,,,,B
SSC_CGL_Tier_1_Question_Paper_2025_45_Shifts_12th_Sept_2025_Shift_2_EN.pdf,64,1,,,,A
SSC_CGL_Tier_1_Question_Paper_2025_45_Shifts_12th_Sept_2025_Shift_2_EN.pdf,65,1,,,,B
SSC_CGL_Tier_1_Question_Paper_2025_45_Shifts_12th_Sept_2025_Shift_2_EN.pdf,66,1,,,,A
SSC_CGL_Tier_1_Question_Paper_2025_45_Shifts_12th_Sept_2025_Shift_2_EN.pdf,67,1,,,,B
SSC_CGL_Tier_1_Question_Paper_2025_45_Shifts_12th_Sept_2025_Shift_2_EN.pdf,68,1,,,,C
SSC_CGL_Tier_1_Question_Paper_2025_45_Shifts_12th_Sept_2025_Shift_2_EN.pdf,69,1,,,,D
SSC_CGL_Tier_1_Question_Paper_2025_45_Shifts_12th_Sept_2025_Shift_2_EN.pdf,70,1,,,,C
SSC_CGL_Tier_1_Question_Paper_2025_45_Shifts_12th_Sept_2025_Shift_2_EN.pdf,71,1,,,,B
SSC_CGL_Tier_1_Question_Paper_2025_45_Shifts_12th_Sept_2025_Shift_2_EN.pdf,72,1,,,,C
SSC_CGL_Tier_1_Question_Paper_2025_45_Shifts_12th_Sept_2025_Shift_2_EN.pdf,73,1,,,,C
SSC_CGL_Tier_1_Question_Paper_2025_45_Shifts_12th_Sept_2025_Shift_2_EN.pdf,74,1,,,,B
SSC_CGL_Tier_1_Question_Paper_2025_45_Shifts_12th_Sept_2025_Shift_2_EN.pdf,75,1,,,,A
SSC_CGL_Tier_1_Question_Paper_2025_45_Shifts_12th_Sept_2025_Shift_2_EN.pdf,76,1,,,,B
SSC_CGL_Tier_1_Question_Paper_2025_45_Shifts_12th_Sept_2025_Shift_2_EN.pdf,77,1,,,,C
SSC_CGL_Tier_1_Question_Paper_2025_45_Shifts_12th_Sept_2025_Shift_2_EN.pdf,78,1,,,,A
SSC_CGL_Tier_1_Question_Paper_2025_45_Shifts_12th_Sept_2025_Shift_2_EN.pdf,79,1,,,,C
SSC_CGL_Tier_1_Question_Paper_2025_45_Shifts_12th_Sept_2025_Shift_2_EN.pdf,80,1,,,,C
SSC_CGL_Tier_1_Question_Paper_2025_45_Shifts_12th_Sept_2025_Shift_2_EN.pdf,81,1,,,,C
SSC_CGL_Tier_1_Question_Paper_2025_45_Shifts_12th_Sept_2025_Shift_2_EN.pdf,82,1,,,,C
SSC_CGL_Tier_1_Question_Paper_2025_45_Shifts_12th_Sept_2025_Shift_2_EN.pdf,83,1,,,,C
SSC_CGL_Tier_1_Question_Paper_2025_45_Shifts_12th_Sept_2025_Shift_2_EN.pdf,84,1,,,,D
SSC_CGL_Tier_1_Question_Paper_2025_45_Shifts_12th_Sept_2025_Shift_2_EN.pdf,85,1,,,,C
SSC_CGL_Tier_1_Question_Paper_2025_45_Shifts_12th_Sept_2025_Shift_2_EN.pdf,86,1,,,,C
SSC_CGL_Tier_1_Question_Paper_2025_45_Shifts_12th_Sept_2025_Shift_2_EN.pdf,87,1,,,,B
SSC_CGL_Tier_1_Question_Paper_2025_45_Shifts_12th_Sept_2025_Shift_2_EN.pdf,88,1,,,,A
SSC_CGL_Tier_1_Question_Paper_2025_45_Shifts_12th_Sept_2025_Shift_2_EN.pdf,89,1,,,,B
SSC_CGL_Tier_1_Question_Paper_2025_45_Shifts_12th_Sept_2025_Shift_2_EN.pdf,90,1,,,,B
SSC_CGL_Tier_1_Question_Paper_2025_45_Shifts_12th_Sept_2025_Shift_2_EN.pdf,91,1,,,,C
SSC_CGL_Tier_1_Question_Paper_2025_45_Shifts_12th_Sept_2025_Shift_2_EN.pdf,92,1,,,,B
SSC_CGL_Tier_1_Question_Paper_2025_45_Shifts_12th_Sept_2025_Shift_2_EN.pdf,93,1,,,,A
SSC_CGL_Tier_1_Question_Paper_2025_45_Shifts_12th_Sept_2025_Shift_2_EN.pdf,94,1,,,,C
SSC_CGL_Tier_1_Question_Paper_2025_45_Shifts_12th_Sept_2025_Shift_2_EN.pdf,95,1,,,,D
SSC_CGL_Tier_1_Question_Paper_2025_45_Shifts_12th_Sept_2025_Shift_2_EN.pdf,96,1,,,,C
SSC_CGL_Tier_1_Question_Paper_2025_45_Shifts_12th_Sept_2025_Shift_2_EN.pdf,97,1,,,,B
SSC_CGL_Tier_1_Question_Paper_2025_45_Shifts_12th_Sept_2025_Shift_2_EN.pdf,98,1,,,,C
SSC_CGL_Tier_1_Question_Paper_2025_45_Shifts_12th_Sept_2025_Shift_2_EN.pdf,99,1,,,,B
SSC_CGL_Tier_1_Question_Paper_2025_45_Shifts_12th_Sept_2025_Shift_2_EN.pdf,100,1,,,,A
SSC_CGL_Tier_1_Question_Paper_2025_45_Shifts_12th_Sept_2025_Shift_3_EN.pdf,1,1,,,,C
SSC_CGL_Tier_1_Question_Paper_2025_45_Shifts_12th_Sept_2025_Shift_3_EN.pdf,2,1,,,,B
SSC_CGL_Tier_1_Question_Paper_2025_45_Shifts_12th_Sept_2025_Shift_3_EN.pdf,3,1,,,,D
SSC_CGL_Tier_1_Question_Paper_2025_45_Shifts_12th_Sept_2025_Shift_3_EN.pdf,4,1,,,,A
SSC_CGL_Tier_1_Question_Paper_2025_45_Shifts_12th_Sept_2025_Shift_3_EN.pdf,5,1,,,,C
SSC_CGL_Tier_1_Question_Paper_2025_45_Shifts_12th_Sept_2025_Shift_3_EN.pdf,6,1,,,,A
SSC_CGL_Tier_1_Question_Paper_2025_45_Shifts_12th_Sept_2025_Shift_3_EN.pdf,7,1,,,,C
SSC_CGL_Tier_1_Question_Paper_2025_45_Shifts_12th_Sept_2025_Shift_3_EN.pdf,8,1,,,,B
SSC_CGL_Tier_1_Question_Paper_2025_45_Shifts_12th_Sept_2025_Shift_3_EN.pdf,9,1,,,,C
SSC_CGL_Tier_1_Question_Paper_2025_45_Shifts_12th_Sept_2025_Shift_3_EN.pdf,10,1,,,,D
SSC_CGL_Tier_1_Question_Paper_2025_45_Shifts_12th_Sept_2025_Shift_3_EN.pdf,11,1,,,,A
SSC_CGL_Tier_1_Question_Paper_2025_45_Shifts_12th_Sept_2025_Shift_3_EN.pdf,12,1,,,,D
SSC_CGL_Tier_1_Question_Paper_2025_45_Shifts_12th_Sept_2025_Shift_3_EN.pdf,13,1,,,,D
SSC_CGL_Tier_1_Question_Paper_2025_45_Shifts_12th_Sept_2025_Shift_3_EN.pdf,14,1,,,,B
SSC_CGL_Tier_1_Question_Paper_2025_45_Shifts_12th_Sept_2025_Shift_3_EN.pdf,15,1,,,,B
SSC_CGL_Tier_1_Question_Paper_2025_45_Shifts_12th_Sept_2025_Shift_3_EN.pdf,16,1,,,,A
SSC_CGL_Tier_1_Question_Paper_2025_45_Shifts_12th_Sept_2025_Shift_3_EN.pdf,17,1,,,,C
SSC_CGL_Tier_1_Question_Paper_2025_45_Shifts_12th_Sept_2025_Shift_3_EN.pdf,18,1,,,,C
SSC_CGL_Tier_1_Question_Paper_2025_45_Shifts_12th_Sept_2025_Shift_3_EN.pdf,19,1,,,,D
SSC_CGL_Tier_1_Question_Paper_2025_45_Shifts_12th_Sept_2025_Shift_3_EN.pdf,20,1,,,,A
SSC_CGL_Tier_1_Question_Paper_2025_45_Shifts_12th_Sept_2025_Shift_3_EN.pdf,21,1,,,,C
SSC_CGL_Tier_1_Question_Paper_2025_45_Shifts_12th_Sept_2025_Shift_3_EN.pdf,22,1,,,,D
SSC_CGL_Tier_1_Question_Paper_2025_45_Shifts_12th_Sept_2025_Shift_3_EN.pdf,23,1,,,,C
SSC_CGL_Tier_1_Question_Paper_2025_45_Shifts_12th_Sept_2025_Shift_3_EN.pdf,24,1,,,,B
SSC_CGL_Tier_1_Question_Paper_2025_45_Shifts_12th_Sept_2025_Shift_3_EN.pdf,25,1,,,,B
SSC_CGL_Tier_1_Question_Paper_2025_45_Shifts_12th_Sept_2025_Shift_3_EN.pdf,26,1,,,,B
SSC_CGL_Tier_1_Question_Paper_2025_45_Shifts_12th_Sept_2025_Shift_3_EN.pdf,27,1,,,,C
SSC_CGL_Tier_1_Question_Paper_2025_45_Shifts_12th_Sept_2025_Shift_3_EN.pdf,28,1,,,,C
SSC_CGL_Tier_1_Question_Paper_2025_45_Shifts_12th_Sept_2025_Shift_3_EN.pdf,29,1,,,,B
SSC_CGL_Tier_1_Question_Paper_2025_45_Shifts_12th_Sept_2025_Shift_3_EN.pdf,30,1,,,,B
SSC_CGL_Tier_1_Question_Paper_2025_45_Shifts_12th_Sept_2025_Shift_3_EN.pdf,31,1,,,,B
SSC_CGL_Tier_1_Question_Paper_2025_45_Shifts_12th_Sept_2025_Shift_3_EN.pdf,32,1,,,,B
SSC_CGL_Tier_1_Question_Paper_2025_45_Shifts_12th_Sept_2025_Shift_3_EN.pdf,33,1,,,,B
SSC_CGL_Tier_1_Question_Paper_2025_45_Shifts_12th_Sept_2025_Shift_3_EN.pdf,34,1,,,,A
SSC_CGL_Tier_1_Question_Paper_2025_45_Shifts_12th_Sept_2025_Shift_3_EN.pdf,35,1,,,,C
SSC_CGL_Tier_1_Question_Paper_2025_45_Shifts_12th_Sept_2025_Shift_3_EN.pdf,36,1,,,,C
SSC_CGL_Tier_1_Question_Paper_2025_45_Shifts_12th_Sept_2025_Shift_3_EN.pdf,37,1,,,,A
SSC_CGL_Tier_1_Question_Paper_2025_45_Shifts_12th_Sept_2025_Shift_3_EN.pdf,38,1,,,,B
SSC_CGL_Tier_1_Question_Paper_2025_45_Shifts_12th_Sept_2025_Shift_3_EN.pdf,39,1,,,,B
SSC_CGL_Tier_1_Question_Paper_2025_45_Shifts_12th_Sept_2025_Shift_3_EN.pdf,40,1,,,,A
SSC_CGL_Tier_1_Question_Paper_2025_45_Shifts_12th_Sept_2025_Shift_3_EN.pdf,41,1,,,,B
SSC_CGL_Tier_1_Question_Paper_2025_45_Shifts_12th_Sept_2025_Shift_3_EN.pdf,42,1,,,,C
SSC_CGL_Tier_1_Question_Paper_2025_45_Shifts_12th_Sept_2025_Shift_3_EN.pdf,43,1,,,,A
SSC_CGL_Tier_1_Question_Paper_2025_45_Shifts_12th_Sept_2025_Shift_3_EN.pdf,44,1,,,,A
SSC_CGL_Tier_1_Question_Paper_2025_45_Shifts_12th_Sept_2025_Shift_3_EN.pdf,45,1,,,,B
SSC_CGL_Tier_1_Question_Paper_2025_45_Shifts_12th_Sept_2025_Shift_3_EN.pdf,46,1,,,,C
SSC_CGL_Tier_1_Question_Paper_2025_45_Shifts_12th_Sept_2025_Shift_3_EN.pdf,47,1,,,,A
SSC_CGL_Tier_1_Question_Paper_2025_45_Shifts_12th_Sept_2025_Shift_3_EN.pdf,48,1,,,,C
SSC_CGL_Tier_1_Question_Paper_2025_45_Shifts_12th_Sept_2025_Shift_3_EN.pdf,49,1,,,,C
SSC_CGL_Tier_1_Question_Paper_2025_45_Shifts_12th_Sept_2025_Shift_3_EN.pdf,50,1,,,,A
SSC_CGL_Tier_1_Question_Paper_2025_45_Shifts_12th_Sept_2025_Shift_3_EN.pdf,51,1,,,,C
SSC_CGL_Tier_1_Question_Paper_2025_45_Shifts_12th_Sept_2025_Shift_3_EN.pdf,52,1,,,,D
SSC_CGL_Tier_1_Question_Paper_2025_45_Shifts_12th_Sept_2025_Shift_3_EN.pdf,53,1,,,,A
SSC_CGL_Tier_1_Question_Paper_2025_45_Shifts_12th_Sept_2025_Shift_3_EN.pdf,54,1,,,,A
SSC_CGL_Tier_1_Question_Paper_2025_45_Shifts_12th_Sept_2025_Shift_3_EN.pdf,55,1,,,,C
SSC_CGL_Tier_1_Question_Paper_2025_45_Shifts_12th_Sept_2025_Shift_3_EN.pdf,56,1,,,,C
SSC_CGL_Tier_1_Question_Paper_2025_45_Shifts_12th_Sept_2025_Shift_3_EN.pdf,57,1,,,,C
SSC_CGL_Tier_1_Question_Paper_2025_45_Shifts_12th_Sept_2025_Shift_3_EN.pdf,58,1,,,,D
SSC_CGL_Tier_1_Question_Paper_2025_45_Shifts_12th_Sept_2025_Shift_3_EN.pdf,59,1,,,,C
SSC_CGL_Tier_1_Question_Paper_2025_45_Shifts_12th_Sept_2025_Shift_3_EN.pdf,60,1,,,,A
SSC_CGL_Tier_1_Question_Paper_2025_45_Shifts_12th_Sept_2025_Shift_3_EN.pdf,61,1,,,,B
SSC_CGL_Tier_1_Question_Paper_2025_45_Shifts_12th_Sept_2025_Shift_3_EN.pdf,62,1,,,,B
SSC_CGL_Tier_1_Question_Paper_2025_45_Shifts_12th_Sept_2025_Shift_3_EN.pdf,63,1,,,,A
SSC_CGL_Tier_1_Question_Paper_2025_45_Shifts_12th_Sept_2025_Shift_3_EN.pdf,64,1,,,,A
SSC_CGL_Tier_1_Question_Paper_2025_45_Shifts_12th_Sept_2025_Shift_3_EN.pdf,65,1,,,,B
SSC_CGL_Tier_1_Question_Paper_2025_45_Shifts_12th_Sept_2025_Shift_3_EN.pdf,66,1,,,,C
SSC_CGL_Tier_1_Question_Paper_2025_45_Shifts_12th_Sept_2025_Shift_3_EN.pdf,67,1,,,,A
SSC_CGL_Tier_1_Question_Paper_2025_45_Shifts_12th_Sept_2025_Shift_3_EN.pdf,68,1,,,,B
SSC_CGL_Tier_1_Question_Paper_2025_45_Shifts_12th_Sept_2025_Shift_3_EN.pdf,69,1,,,,A
SSC_CGL_Tier_1_Question_Paper_2025_45_Shifts_12th_Sept_2025_Shift_3_EN.pdf,70,1,,,,C
SSC_CGL_Tier_1_Question_Paper_2025_45_Shifts_12th_Sept_2025_Shift_3_EN.pdf,71,1,,,,A
SSC_CGL_Tier_1_Question_Paper_2025_45_Shifts_12th_Sept_2025_Shift_3_EN.pdf,72,1,,,,B
SSC_CGL_Tier_1_Question_Paper_2025_45_Shifts_12th_Sept_2025_Shift_3_EN.pdf,73,1,,,,A
SSC_CGL_Tier_1_Question_Paper_2025_45_Shifts_12th_Sept_2025_Shift_3_EN.pdf,74,1,,,,B
SSC_CGL_Tier_1_Question_Paper_2025_45_Shifts_12th_Sept_2025_Shift_3_EN.pdf,75,1,,,,A
SSC_CGL_Tier_1_Question_Paper_2025_45_Shifts_12th_Sept_2025_Shift_3_EN.pdf,76,1,,,,B
SSC_CGL_Tier_1_Question_Paper_2025_45_Shifts_12th_Sept_2025_Shift_3_EN.pdf,77,1,,,,C
SSC_CGL_Tier_1_Question_Paper_2025_45_Shifts_12th_Sept_2025_Shift_3_EN.pdf,78,1,,,,A
SSC_CGL_Tier_1_Question_Paper_2025_45_Shifts_12th_Sept_2025_Shift_3_EN.pdf,79,1,,,,D
SSC_CGL_Tier_1_Question_Paper_2025_45_Shifts_12th_Sept_2025_Shift_3_EN.pdf,80,1,,,,A
SSC_CGL_Tier_1_Question_Paper_2025_45_Shifts_12th_Sept_2025_Shift_3_EN.pdf,81,1,,,,A
SSC_CGL_Tier_1_Question_Paper_2025_45_Shifts_12th_Sept_2025_Shift_3_EN.pdf,82,1,,,,B
SSC_CGL_Tier_1_Question_Paper_2025_45_Shifts_12th_Sept_2025_Shift_3_EN.pdf,83,1,,,,C
SSC_CGL_Tier_1_Question_Paper_2025_45_Shifts_12th_Sept_2025_Shift_3_EN.pdf,84,1,,,,B
SSC_CGL_Tier_1_Question_Paper_2025_45_Shifts_12th_Sept_2025_Shift_3_EN.pdf,85,1,,,,C
SSC_CGL_Tier_1_Question_Paper_2025_45_Shifts_12th_Sept_2025_Shift_3_EN.pdf,86,1,,,,C
SSC_CGL_Tier_1_Question_Paper_2025_45_Shifts_12th_Sept_2025_Shift_3_EN.pdf,87,1,,,,C
SSC_CGL_Tier_1_Question_Paper_2025_45_Shifts_12th_Sept_2025_Shift_3_EN.pdf,88,1,,,,C
SSC_CGL_Tier_1_Question_Paper_2025_45_Shifts_12th_Sept_2025_Shift_3_EN.pdf,89,1,,,,A
SSC_CGL_Tier_1_Question_Paper_2025_45_Shifts_12th_Sept_2025_Shift_3_EN.pdf,90,1,,,,A
SSC_CGL_Tier_1_Question_Paper_2025_45_Shifts_12th_Sept_2025_Shift_3_EN.pdf,91,1,,,,A
SSC_CGL_Tier_1_Question_Paper_2025_45_Shifts_12th_Sept_2025_Shift_3_EN.pdf,92,1,,,,D
SSC_CGL_Tier_1_Question_Paper_2025_45_Shifts_12th_Sept_2025_Shift_3_EN.pdf,93,1,,,,B
SSC_CGL_Tier_1_Question_Paper_2025_45_Shifts_12th_Sept_2025_Shift_3_EN.pdf,94,1,,,,A
SSC_CGL_Tier_1_Question_Paper_2025_45_Shifts_12th_Sept_2025_Shift_3_EN.pdf,95,1,,,,C
SSC_CGL_Tier_1_Question_Paper_2025_45_Shifts_12th_Sept_2025_Shift_3_EN.pdf,96,1,,,,B
SSC_CGL_Tier_1_Question_Paper_2025_45_Shifts_12th_Sept_2025_Shift_3_EN.pdf,97,1,,,,B
SSC_CGL_Tier_1_Question_Paper_2025_45_Shifts_12th_Sept_2025_Shift_3_EN.pdf,98,1,,,,B
SSC_CGL_Tier_1_Question_Paper_2025_45_Shifts_12th_Sept_2025_Shift_3_EN.pdf,99,1,,,,D
SSC_CGL_Tier_1_Question_Paper_2025_45_Shifts_12th_Sept_2025_Shift_3_EN.pdf,100,1,,,,D
SSC_CGL_Tier_1_Question_Paper_2025_45_Shifts_13th_Sep_2025_Shift_1_EN.pdf,1,1,,,,D
SSC_CGL_Tier_1_Question_Paper_2025_45_Shifts_13th_Sep_2025_Shift_1_EN.pdf,2,1,,,,D
SSC_CGL_Tier_1_Question_Paper_2025_45_Shifts_13th_Sep_2025_Shift_1_EN.pdf,3,1,,,,A
SSC_CGL_Tier_1_Question_Paper_2025_45_Shifts_13th_Sep_2025_Shift_1_EN.pdf,4,1,,,,C
SSC_CGL_Tier_1_Question_Paper_2025_45_Shifts_13th_Sep_2025_Shift_1_EN.pdf,5,1,,,,C
SSC_CGL_Tier_1_Question_Paper_2025_45_Shifts_13th_Sep_2025_Shift_1_EN.pdf,6,1,,,,A
SSC_CGL_Tier_1_Question_Paper_2025_45_Shifts_13th_Sep_2025_Shift_1_EN.pdf,7,1,,,,D
SSC_CGL_Tier_1_Question_Paper_2025_45_Shifts_13th_Sep_2025_Shift_1_EN.pdf,8,1,,,,A
SSC_CGL_Tier_1_Question_Paper_2025_45_Shifts_13th_Sep_2025_Shift_1_EN.pdf,9,1,,,,A
SSC_CGL_Tier_1_Question_Paper_2025_45_Shifts_13th_Sep_2025_Shift_1_EN.pdf,10,1,,,,B
SSC_CGL_Tier_1_Question_Paper_2025_45_Shifts_13th_Sep_2025_Shift_1_EN.pdf,11,1,,,,A
SSC_CGL_Tier_1_Question_Paper_2025_45_Shifts_13th_Sep_2025_Shift_1_EN.pdf,12,1,,,,A
SSC_CGL_Tier_1_Question_Paper_2025_45_Shifts_13th_Sep_2025_Shift_1_EN.pdf,13,1,,,,C
SSC_CGL_Tier_1_Question_Paper_2025_45_Shifts_13th_Sep_2025_Shift_1_EN.pdf,14,1,,,,B
SSC_CGL_Tier_1_Question_Paper_2025_45_Shifts_13th_Sep_2025_Shift_1_EN.pdf,15,1,,,,A
SSC_CGL_Tier_1_Question_Paper_2025_45_Shifts_13th_Sep_2025_Shift_1_EN.pdf,16,1,,,,D
SSC_CGL_Tier_1_Question_Paper_2025_45_Shifts_13th_Sep_2025_Shift_1_EN.pdf,17,1,,,,B
SSC_CGL_Tier_1_Question_Paper_2025_45_Shifts_13th_Sep_2025_Shift_1_EN.pdf,18,1,,,,C
SSC_CGL_Tier_1_Question_Paper_2025_45_Shifts_13th_Sep_2025_Shift_1_EN.pdf,19,1,,,,B
SSC_CGL_Tier_1_Question_Paper_2025_45_Shifts_13th_Sep_2025_Shift_1_EN.pdf,20,1,,,,B
SSC_CGL_Tier_1_Question_Paper_2025_45_Shifts_13th_Sep_2025_Shift_1_EN.pdf,21,1,,,,B
SSC_CGL_Tier_1_Question_Paper_2025_45_Shifts_13th_Sep_2025_Shift_1_EN.pdf,22,1,,,,A
SSC_CGL_Tier_1_Question_Paper_2025_45_Shifts_13th_Sep_2025_Shift_1_EN.pdf,23,1,,,,A
SSC_CGL_Tier_1_Question_Paper_2025_45_Shifts_13th_Sep_2025_Shift_1_EN.pdf,24,1,,,,B
SSC_CGL_Tier_1_Question_Paper_2025_45_Shifts_13th_Sep_2025_Shift_1_EN.pdf,25,1,,,,A
SSC_CGL_Tier_1_Question_Paper_2025_45_Shifts_13th_Sep_2025_Shift_1_EN.pdf,26,1,,,,A
SSC_CGL_Tier_1_Question_Paper_2025_45_Shifts_13th_Sep_2025_Shift_1_EN.pdf,27,1,,,,C
SSC_CGL_Tier_1_Question_Paper_2025_45_Shifts_13th_Sep_2025_Shift_1_EN.pdf,28,1,,,,B
SSC_CGL_Tier_1_Question_Paper_2025_45_Shifts_13th_Sep_2025_Shift_1_EN.pdf,29,1,,,,A
SSC_CGL_Tier_1_Question_Paper_2025_45_Shifts_13th_Sep_2025_Shift_1_EN.pdf,30,1,,,,D
SSC_CGL_Tier_1_Question_Paper_2025_45_Shifts_13th_Sep_2025_Shift_1_EN.pdf,31,1,,,,B
SSC_CGL_Tier_1_Question_Paper_2025_45_Shifts_13th_Sep_2025_Shift_1_EN.pdf,32,1,,,,B
SSC_CGL_Tier_1_Question_Paper_2025_45_Shifts_13th_Sep_2025_Shift_1_EN.pdf,33,1,,,,B
SSC_CGL_Tier_1_Question_Paper_2025_45_Shifts_13th_Sep_2025_Shift_1_EN.pdf,34,1,,,,B
SSC_CGL_Tier_1_Question_Paper_2025_45_Shifts_13th_Sep_2025_Shift_1_EN.pdf,35,1,,,,C
SSC_CGL_Tier_1_Question_Paper_2025_45_Shifts_13th_Sep_2025_Shift_1_EN.pdf,36,1,,,,B
SSC_CGL_Tier_1_Question_Paper_2025_45_Shifts_13th_Sep_2025_Shift_1_EN.pdf,37,1,,,,C
SSC_CGL_Tier_1_Question_Paper_2025_45_Shifts_13th_Sep_2025_Shift_1_EN.pdf,38,1,,,,B
SSC_CGL_Tier_1_Question_Paper_2025_45_Shifts_13th_Sep_2025_Shift_1_EN.pdf,39,1,,,,B
SSC_CGL_Tier_1_Question_Paper_2025_45_Shifts_13th_Sep_2025_Shift_1_EN.pdf,40,1,,,,D
SSC_CGL_Tier_1_Question_Paper_2025_45_Shifts_13th_Sep_2025_Shift_1_EN.pdf,41,1,,,,A
SSC_CGL_Tier_1_Question_Paper_2025_45_Shifts_13th_Sep_2025_Shift_1_EN.pdf,42,1,,,,A
SSC_CGL_Tier_1_Question_Paper_2025_45_Shifts_13th_Sep_2025_Shift_1_EN.pdf,43,1,,,,B
SSC_CGL_Tier_1_Question_Paper_2025_45_Shifts_13th_Sep_2025_Shift_1_EN.pdf,44,1,,,,B
SSC_CGL_Tier_1_Question_Paper_2025_45_Shifts_13th_Sep_2025_Shift_1_EN.pdf,45,1,,,,B
SSC_CGL_Tier_1_Question_Paper_2025_45_Shifts_13th_Sep_2025_Shift_1_EN.pdf,46,1,,,,B
SSC_CGL_Tier_1_Question_Paper_2025_45_Shifts_13th_Sep_2025_Shift_1_EN.pdf,47,1,,,,B
SSC_CGL_Tier_1_Question_Paper_2025_45_Shifts_13th_Sep_2025_Shift_1_EN.pdf,48,1,,,,A
SSC_CGL_Tier_1_Question_Paper_2025_45_Shifts_13th_Sep_2025_Shift_1_EN.pdf,49,1,,,,B
SSC_CGL_Tier_1_Question_Paper_2025_45_Shifts_13th_Sep_2025_Shift_1_EN.pdf,50,1,,,,B
SSC_CGL_Tier_1_Question_Paper_2025_45_Shifts_13th_Sep_2025_Shift_1_EN.pdf,51,1,,,,A
SSC_CGL_Tier_1_Question_Paper_2025_45_Shifts_13th_Sep_2025_Shift_1_EN.pdf,52,1,,,,B
SSC_CGL_Tier_1_Question_Paper_2025_45_Shifts_13th_Sep_2025_Shift_1_EN.pdf,53,1,,,,C
SSC_CGL_Tier_1_Question_Paper_2025_45_Shifts_13th_Sep_2025_Shift_1_EN.pdf,54,1,,,,A
SSC_CGL_Tier_1_Question_Paper_2025_45_Shifts_13th_Sep_2025_Shift_1_EN.pdf,55,1,,,,A
SSC_CGL_Tier_1_Question_Paper_2025_45_Shifts_13th_Sep_2025_Shift_1_EN.pdf,56,1,,,,A
SSC_CGL_Tier_1_Question_Paper_2025_45_Shifts_13th_Sep_2025_Shift_1_EN.pdf,57,1,,,,C
SSC_CGL_Tier_1_Question_Paper_2025_45_Shifts_13th_Sep_2025_Shift_1_EN.pdf,58,1,,,,B
SSC_CGL_Tier_1_Question_Paper_2025_45_Shifts_13th_Sep_2025_Shift_1_EN.pdf,59,1,,,,C
SSC_CGL_Tier_1_Question_Paper_2025_45_Shifts_13th_Sep_2025_Shift_1_EN.pdf,60,1,,,,D
SSC_CGL_Tier_1_Question_Paper_2025_45_Shifts_13th_Sep_2025_Shift_1_EN.pdf,61,1,,,,C
SSC_CGL_Tier_1_Question_Paper_2025_45_Shifts_13th_Sep_2025_Shift_1_EN.pdf,62,1,,,,A
SSC_CGL_Tier_1_Question_Paper_2025_45_Shifts_13th_Sep_2025_Shift_1_EN.pdf,63,1,,,,A
SSC_CGL_Tier_1_Question_Paper_2025_45_Shifts_13th_Sep_2025_Shift_1_EN.pdf,64,1,,,,A
SSC_CGL_Tier_1_Question_Paper_2025_45_Shifts_13th_Sep_2025_Shift_1_EN.pdf,65,1,,,,A
SSC_CGL_Tier_1_Question_Paper_2025_45_Shifts_13th_Sep_2025_Shift_1_EN.pdf,66,1,,,,B
SSC_CGL_Tier_1_Question_Paper_2025_45_Shifts_13th_Sep_2025_Shift_1_EN.pdf,67,1,,,,A
SSC_CGL_Tier_1_Question_Paper_2025_45_Shifts_13th_Sep_2025_Shift_1_EN.pdf,68,1,,,,B
SSC_CGL_Tier_1_Question_Paper_2025_45_Shifts_13th_Sep_2025_Shift_1_EN.pdf,69,1,,,,B
SSC_CGL_Tier_1_Question_Paper_2025_45_Shifts_13th_Sep_2025_Shift_1_EN.pdf,70,1,,,,A
SSC_CGL_Tier_1_Question_Paper_2025_45_Shifts_13th_Sep_2025_Shift_1_EN.pdf,71,1,,,,D
SSC_CGL_Tier_1_Question_Paper_2025_45_Shifts_13th_Sep_2025_Shift_1_EN.pdf,72,1,,,,A
SSC_CGL_Tier_1_Question_Paper_2025_45_Shifts_13th_Sep_2025_Shift_1_EN.pdf,73,1,,,,D
SSC_CGL_Tier_1_Question_Paper_2025_45_Shifts_13th_Sep_2025_Shift_1_EN.pdf,74,1,,,,C
SSC_CGL_Tier_1_Question_Paper_2025_45_Shifts_13th_Sep_2025_Shift_1_EN.pdf,75,1,,,,C
SSC_CGL_Tier_1_Question_Paper_2025_45_Shifts_13th_Sep_2025_Shift_1_EN.pdf,76,1,,,,C
SSC_CGL_Tier_1_Question_Paper_2025_45_Shifts_13th_Sep_2025_Shift_1_EN.pdf,77,1,,,,C
SSC_CGL_Tier_1_Question_Paper_2025_45_Shifts_13th_Sep_2025_Shift_1_EN.pdf,78,1,,,,C
SSC_CGL_Tier_1_Question_Paper_2025_45_Shifts_13th_Sep_2025_Shift_1_EN.pdf,79,1,,,,C
SSC_CGL_Tier_1_Question_Paper_2025_45_Shifts_13th_Sep_2025_Shift_1_EN.pdf,80,1,,,,A
SSC_CGL_Tier_1_Question_Paper_2025_45_Shifts_13th_Sep_2025_Shift_1_EN.pdf,81,1,,,,B
SSC_CGL_Tier_1_Question_Paper_2025_45_Shifts_13th_Sep_2025_Shift_1_EN.pdf,82,1,,,,B
SSC_CGL_Tier_1_Question_Paper_2025_45_Shifts_13th_Sep_2025_Shift_1_EN.pdf,83,1,,,,A
SSC_CGL_Tier_1_Question_Paper_2025_45_Shifts_13th_Sep_2025_Shift_1_EN.pdf,84,1,,,,D
SSC_CGL_Tier_1_Question_Paper_2025_45_Shifts_13th_Sep_2025_Shift_1_EN.pdf,85,1,,,,C
SSC_CGL_Tier_1_Question_Paper_2025_45_Shifts_13th_Sep_2025_Shift_1_EN.pdf,86,1,,,,B
SSC_CGL_Tier_1_Question_Paper_2025_45_Shifts_13th_Sep_2025_Shift_1_EN.pdf,87,1,,,,C
SSC_CGL_Tier_1_Question_Paper_2025_45_Shifts_13th_Sep_2025_Shift_1_EN.pdf,88,1,,,,B
SSC_CGL_Tier_1_Question_Paper_2025_45_Shifts_13th_Sep_2025_Shift_1_EN.pdf,89,1,,,,A
SSC_CGL_Tier_1_Question_Paper_2025_45_Shifts_13th_Sep_2025_Shift_1_EN.pdf,90,1,,,,C
SSC_CGL_Tier_1_Question_Paper_2025_45_Shifts_13th_Sep_2025_Shift_1_EN.pdf,91,1,,,,D
SSC_CGL_Tier_1_Question_Paper_2025_45_Shifts_13th_Sep_2025_Shift_1_EN.pdf,92,1,,,,C
SSC_CGL_Tier_1_Question_Paper_2025_45_Shifts_13th_Sep_2025_Shift_1_EN.pdf,93,1,,,,A
SSC_CGL_Tier_1_Question_Paper_2025_45_Shifts_13th_Sep_2025_Shift_1_EN.pdf,94,1,,,,D
SSC_CGL_Tier_1_Question_Paper_2025_45_Shifts_13th_Sep_2025_Shift_1_EN.pdf,95,1,,,,B
SSC_CGL_Tier_1_Question_Paper_2025_45_Shifts_13th_Sep_2025_Shift_1_EN.pdf,96,1,,,,C
SSC_CGL_Tier_1_Question_Paper_2025_45_Shifts_13th_Sep_2025_Shift_1_EN.pdf,97,1,,,,B
SSC_CGL_Tier_1_Question_Paper_2025_45_Shifts_13th_Sep_2025_Shift_1_EN.pdf,98,1,,,,C
SSC_CGL_Tier_1_Question_Paper_2025_45_Shifts_13th_Sep_2025_Shift_1_EN.pdf,99,1,,,,B
SSC_CGL_Tier_1_Question_Paper_2025_45_Shifts_13th_Sep_2025_Shift_1_EN.pdf,100,1,,,,B
SSC_CGL_Tier_1_Question_Paper_2025_45_Shifts_13th_Sep_2025_Shift_2_EN.pdf,1,1,,,,C
SSC_CGL_Tier_1_Question_Paper_2025_45_Shifts_13th_Sep_2025_Shift_2_EN.pdf,2,1,,,,A
SSC_CGL_Tier_1_Question_Paper_2025_45_Shifts_13th_Sep_2025_Shift_2_EN.pdf,3,1,,,,B
SSC_CGL_Tier_1_Question_Paper_2025_45_Shifts_13th_Sep_2025_Shift_2_EN.pdf,4,1,,,,D
SSC_CGL_Tier_1_Question_Paper_2025_45_Shifts_13th_Sep_2025_Shift_2_EN.pdf,5,1,,,,B
SSC_CGL_Tier_1_Question_Paper_2025_45_Shifts_13th_Sep_2025_Shift_2_EN.pdf,6,1,,,,D
SSC_CGL_Tier_1_Question_Paper_2025_45_Shifts_13th_Sep_2025_Shift_2_EN.pdf,7,1,,,,D
SSC_CGL_Tier_1_Question_Paper_2025_45_Shifts_13th_Sep_2025_Shift_2_EN.pdf,8,1,,,,A
SSC_CGL_Tier_1_Question_Paper_2025_45_Shifts_13th_Sep_2025_Shift_2_EN.pdf,9,1,,,,C
SSC_CGL_Tier_1_Question_Paper_2025_45_Shifts_13th_Sep_2025_Shift_2_EN.pdf,10,1,,,,D
SSC_CGL_Tier_1_Question_Paper_2025_45_Shifts_13th_Sep_2025_Shift_2_EN.pdf,11,1,,,,C
SSC_CGL_Tier_1_Question_Paper_2025_45_Shifts_13th_Sep_2025_Shift_2_EN.pdf,12,1,,,,A
SSC_CGL_Tier_1_Question_Paper_2025_45_Shifts_13th_Sep_2025_Shift_2_EN.pdf,13,1,,,,C
SSC_CGL_Tier_1_Question_Paper_2025_45_Shifts_13th_Sep_2025_Shift_2_EN.pdf,14,1,,,,D
SSC_CGL_Tier_1_Question_Paper_2025_45_Shifts_13th_Sep_2025_Shift_2_EN.pdf,15,1,,,,B
SSC_CGL_Tier_1_Question_Paper_2025_45_Shifts_13th_Sep_2025_Shift_2_EN.pdf,16,1,,,,D
SSC_CGL_Tier_1_Question_Paper_2025_45_Shifts_13th_Sep_2025_Shift_2_EN.pdf,17,1,,,,A
SSC_CGL_Tier_1_Question_Paper_2025_45_Shifts_13th_Sep_2025_Shift_2_EN.pdf,18,1,,,,A
SSC_CGL_Tier_1_Question_Paper_2025_45_Shifts_13th_Sep_2025_Shift_2_EN.pdf,19,1,,,,D
SSC_CGL_Tier_1_Question_Paper_2025_45_Shifts_13th_Sep_2025_Shift_2_EN.pdf,20,1,,,,D
SSC_CGL_Tier_1_Question_Paper_2025_45_Shifts_13th_Sep_2025_Shift_2_EN.pdf,21,1,,,,C
SSC_CGL_Tier_1_Question_Paper_2025_45_Shifts_13th_Sep_2025_Shift_2_EN.pdf,22,1,,,,B
SSC_CGL_Tier_1_Question_Paper_2025_45_Shifts_13th_Sep_2025_Shift_2_EN.pdf,23,1,,,,C
SSC_CGL_Tier_1_Question_Paper_2025_45_Shifts_13th_Sep_2025_Shift_2_EN.pdf,24,1,,,,D
SSC_CGL_Tier_1_Question_Paper_2025_45_Shifts_13th_Sep_2025_Shift_2_EN.pdf,25,1,,,,A
SSC_CGL_Tier_1_Question_Paper_2025_45_Shifts_13th_Sep_2025_Shift_2_EN.pdf,26,1,,,,C
SSC_CGL_Tier_1_Question_Paper_2025_45_Shifts_13th_Sep_2025_Shift_2_EN.pdf,27,1,,,,B
SSC_CGL_Tier_1_Question_Paper_2025_45_Shifts_13th_Sep_2025_Shift_2_EN.pdf,28,1,,,,A
SSC_CGL_Tier_1_Question_Paper_2025_45_Shifts_13th_Sep_2025_Shift_2_EN.pdf,29,1,,,,C
SSC_CGL_Tier_1_Question_Paper_2025_45_Shifts_13th_Sep_2025_Shift_2_EN.pdf,30,1,,,,B
SSC_CGL_Tier_1_Question_Paper_2025_45_Shifts_13th_Sep_2025_Shift_2_EN.pdf,31,1,,,,C
SSC_CGL_Tier_1_Question_Paper_2025_45_Shifts_13th_Sep_2025_Shift_2_EN.pdf,32,1,,,,B
SSC_CGL_Tier_1_Question_Paper_2025_45_Shifts_13th_Sep_2025_Shift_2_EN.pdf,33,1,,,,B
SSC_CGL_Tier_1_Question_Paper_2025_45_Shifts_13th_Sep_2025_Shift_2_EN.pdf,34,1,,,,B
SSC_CGL_Tier_1_Question_Paper_2025_45_Shifts_13th_Sep_2025_Shift_2_EN.pdf,35,1,,,,B
SSC_CGL_Tier_1_Question_Paper_2025_45_Shifts_13th_Sep_2025_Shift_2_EN.pdf,36,1,,,,A
SSC_CGL_Tier_1_Question_Paper_2025_45_Shifts_13th_Sep_2025_Shift_2_EN.pdf,37,1,,,,B
SSC_CGL_Tier_1_Question_Paper_2025_45_Shifts_13th_Sep_2025_Shift_2_EN.pdf,38,1,,,,A
SSC_CGL_Tier_1_Question_Paper_2025_45_Shifts_13th_Sep_2025_Shift_2_EN.pdf,39,1,,,,B
SSC_CGL_Tier_1_Question_Paper_2025_45_Shifts_13th_Sep_2025_Shift_2_EN.pdf,40,1,,,,B
SSC_CGL_Tier_1_Question_Paper_2025_45_Shifts_13th_Sep_2025_Shift_2_EN.pdf,41,1,,,,C
SSC_CGL_Tier_1_Question_Paper_2025_45_Shifts_13th_Sep_2025_Shift_2_EN.pdf,42,1,,,,C
SSC_CGL_Tier_1_Question_Paper_2025_45_Shifts_13th_Sep_2025_Shift_2_EN.pdf,43,1,,,,B
SSC_CGL_Tier_1_Question_Paper_2025_45_Shifts_13th_Sep_2025_Shift_2_EN.pdf,44,1,,,,B
SSC_CGL_Tier_1_Question_Paper_2025_45_Shifts_13th_Sep_2025_Shift_2_EN.pdf,45,1,,,,A
SSC_CGL_Tier_1_Question_Paper_2025_45_Shifts_13th_Sep_2025_Shift_2_EN.pdf,46,1,,,,B
SSC_CGL_Tier_1_Question_Paper_2025_45_Shifts_13th_Sep_2025_Shift_2_EN.pdf,47,1,,,,B
SSC_CGL_Tier_1_Question_Paper_2025_45_Shifts_13th_Sep_2025_Shift_2_EN.pdf,48,1,,,,A
SSC_CGL_Tier_1_Question_Paper_2025_45_Shifts_13th_Sep_2025_Shift_2_EN.pdf,49,1,,,,B
SSC_CGL_Tier_1_Question_Paper_2025_45_Shifts_13th_Sep_2025_Shift_2_EN.pdf,50,1,,,,A
SSC_CGL_Tier_1_Question_Paper_2025_45_Shifts_13th_Sep_2025_Shift_2_EN.pdf,51,1,,,,A
SSC_CGL_Tier_1_Question_Paper_2025_45_Shifts_13th_Sep_2025_Shift_2_EN.pdf,52,1,,,,C
SSC_CGL_Tier_1_Question_Paper_2025_45_Shifts_13th_Sep_2025_Shift_2_EN.pdf,53,1,,,,A
SSC_CGL_Tier_1_Question_Paper_2025_45_Shifts_13th_Sep_2025_Shift_2_EN.pdf,54,1,,,,A
SSC_CGL_Tier_1_Question_Paper_2025_45_Shifts_13th_Sep_2025_Shift_2_EN.pdf,55,1,,,,A
SSC_CGL_Tier_1_Question_Paper_2025_45_Shifts_13th_Sep_2025_Shift_2_EN.pdf,56,1,,,,B
SSC_CGL_Tier_1_Question_Paper_2025_45_Shifts_13th_Sep_2025_Shift_2_EN.pdf,57,1,,,,A
SSC_CGL_Tier_1_Question_Paper_2025_45_Shifts_13th_Sep_2025_Shift_2_EN.pdf,58,1,,,,A
SSC_CGL_Tier_1_Question_Paper_2025_45_Shifts_13th_Sep_2025_Shift_2_EN.pdf,59,1,,,,C
SSC_CGL_Tier_1_Question_Paper_2025_45_Shifts_13th_Sep_2025_Shift_2_EN.pdf,60,1,,,,A
SSC_CGL_Tier_1_Question_Paper_2025_45_Shifts_13th_Sep_2025_Shift_2_EN.pdf,61,1,,,,B
SSC_CGL_Tier_1_Question_Paper_2025_45_Shifts_13th_Sep_2025_Shift_2_EN.pdf,62,1,,,,D
SSC_CGL_Tier_1_Question_Paper_2025_45_Shifts_13th_Sep_2025_Shift_2_EN.pdf,63,1,,,,B
SSC_CGL_Tier_1_Question_Paper_2025_45_Shifts_13th_Sep_2025_Shift_2_EN.pdf,64,1,,,,C
SSC_CGL_Tier_1_Question_Paper_2025_45_Shifts_13th_Sep_2025_Shift_2_EN.pdf,65,1,,,,B
SSC_CGL_Tier_1_Question_Paper_2025_45_Shifts_13th_Sep_2025_Shift_2_EN.pdf,66,1,,,,B
SSC_CGL_Tier_1_Question_Paper_2025_45_Shifts_13th_Sep_2025_Shift_2_EN.pdf,67,1,,,,B
SSC_CGL_Tier_1_Question_Paper_2025_45_Shifts_13th_Sep_2025_Shift_2_EN.pdf,68,1,,,,C
SSC_CGL_Tier_1_Question_Paper_2025_45_Shifts_13th_Sep_2025_Shift_2_EN.pdf,69,1,,,,A
SSC_CGL_Tier_1_Question_Paper_2025_45_Shifts_13th_Sep_2025_Shift_2_EN.pdf,70,1,,,,A
SSC_CGL_Tier_1_Question_Paper_2025_45_Shifts_13th_Sep_2025_Shift_2_EN.pdf,71,1,,,,B
SSC_CGL_Tier_1_Question_Paper_2025_45_Shifts_13th_Sep_2025_Shift_2_EN.pdf,72,1,,,,B
SSC_CGL_Tier_1_Question_Paper_2025_45_Shifts_13th_Sep_2025_Shift_2_EN.pdf,73,1,,,,A
SSC_CGL_Tier_1_Question_Paper_2025_45_Shifts_13th_Sep_2025_Shift_2_EN.pdf,74,1,,,,A
SSC_CGL_Tier_1_Question_Paper_2025_45_Shifts_13th_Sep_2025_Shift_2_EN.pdf,75,1,,,,C
SSC_CGL_Tier_1_Question_Paper_2025_45_Shifts_13th_Sep_2025_Shift_2_EN.pdf,76,1,,,,C
SSC_CGL_Tier_1_Question_Paper_2025_45_Shifts_13th_Sep_2025_Shift_2_EN.pdf,77,1,,,,C
SSC_CGL_Tier_1_Question_Paper_2025_45_Shifts_13th_Sep_2025_Shift_2_EN.pdf,78,1,,,,A
SSC_CGL_Tier_1_Question_Paper_2025_45_Shifts_13th_Sep_2025_Shift_2_EN.pdf,79,1,,,,D
SSC_CGL_Tier_1_Question_Paper_2025_45_Shifts_13th_Sep_2025_Shift_2_EN.pdf,80,1,,,,C
SSC_CGL_Tier_1_Question_Paper_2025_45_Shifts_13th_Sep_2025_Shift_2_EN.pdf,81,1,,,,C
SSC_CGL_Tier_1_Question_Paper_2025_45_Shifts_13th_Sep_2025_Shift_2_EN.pdf,82,1,,,,B
SSC_CGL_Tier_1_Question_Paper_2025_45_Shifts_13th_Sep_2025_Shift_2_EN.pdf,83,1,,,,C
SSC_CGL_Tier_1_Question_Paper_2025_45_Shifts_13th_Sep_2025_Shift_2_EN.pdf,84,1,,,,C
SSC_CGL_Tier_1_Question_Paper_2025_45_Shifts_13th_Sep_2025_Shift_2_EN.pdf,85,1,,,,B
SSC_CGL_Tier_1_Question_Paper_2025_45_Shifts_13th_Sep_2025_Shift_2_EN.pdf,86,1,,,,C
SSC_CGL_Tier_1_Question_Paper_2025_45_Shifts_13th_Sep_2025_Shift_2_EN.pdf,87,1,,,,B
SSC_CGL_Tier_1_Question_Paper_2025_45_Shifts_13th_Sep_2025_Shift_2_EN.pdf,88,1,,,,C
SSC_CGL_Tier_1_Question_Paper_2025_45_Shifts_13th_Sep_2025_Shift_2_EN.pdf,89,1,,,,D
SSC_CGL_Tier_1_Question_Paper_2025_45_Shifts_13th_Sep_2025_Shift_2_EN.pdf,90,1,,,,D
SSC_CGL_Tier_1_Question_Paper_2025_45_Shifts_13th_Sep_2025_Shift_2_EN.pdf,91,1,,,,B
SSC_CGL_Tier_1_Question_Paper_2025_45_Shifts_13th_Sep_2025_Shift_2_EN.pdf,92,1,,,,A
SSC_CGL_Tier_1_Question_Paper_2025_45_Shifts_13th_Sep_2025_Shift_2_EN.pdf,93,1,,,,C
SSC_CGL_Tier_1_Question_Paper_2025_45_Shifts_13th_Sep_2025_Shift_2_EN.pdf,94,1,,,,B
SSC_CGL_Tier_1_Question_Paper_2025_45_Shifts_13th_Sep_2025_Shift_2_EN.pdf,95,1,,,,C
SSC_CGL_Tier_1_Question_Paper_2025_45_Shifts_13th_Sep_2025_Shift_2_EN.pdf,96,1,,,,D
SSC_CGL_Tier_1_Question_Paper_2025_45_Shifts_13th_Sep_2025_Shift_2_EN.pdf,97,1,,,,B
SSC_CGL_Tier_1_Question_Paper_2025_45_Shifts_13th_Sep_2025_Shift_2_EN.pdf,98,1,,,,C
SSC_CGL_Tier_1_Question_Paper_2025_45_Shifts_13th_Sep_2025_Shift_2_EN.pdf,99,1,,,,A
SSC_CGL_Tier_1_Question_Paper_2025_45_Shifts_13th_Sep_2025_Shift_2_EN.pdf,100,1,,,,B
SSC_CGL_Tier_1_Question_Paper_2025_45_Shifts_13th_Sep_2025_Shift_3_EN.pdf,1,1,,,,D
SSC_CGL_Tier_1_Question_Paper_2025_45_Shifts_13th_Sep_2025_Shift_3_EN.pdf,2,1,,,,C
SSC_CGL_Tier_1_Question_Paper_2025_45_Shifts_13th_Sep_2025_Shift_3_EN.pdf,3,1,,,,B
SSC_CGL_Tier_1_Question_Paper_2025_45_Shifts_13th_Sep_2025_Shift_3_EN.pdf,4,1,,,,B
SSC_CGL_Tier_1_Question_Paper_2025_45_Shifts_13th_Sep_2025_Shift_3_EN.pdf,5,1,,,,C
SSC_CGL_Tier_1_Question_Paper_2025_45_Shifts_13th_Sep_2025_Shift_3_EN.pdf,6,1,,,,A
SSC_CGL_Tier_1_Question_Paper_2025_45_Shifts_13th_Sep_2025_Shift_3_EN.pdf,7,1,,,,C
SSC_CGL_Tier_1_Question_Paper_2025_45_Shifts_13th_Sep_2025_Shift_3_EN.pdf,8,1,,,,B
SSC_CGL_Tier_1_Question_Paper_2025_45_Shifts_13th_Sep_2025_Shift_3_EN.pdf,9,1,,,,C
SSC_CGL_Tier_1_Question_Paper_2025_45_Shifts_13th_Sep_2025_Shift_3_EN.pdf,10,1,,,,D
SSC_CGL_Tier_1_Question_Paper_2025_45_Shifts_13th_Sep_2025_Shift_3_EN.pdf,11,1,,,,A
SSC_CGL_Tier_1_Question_Paper_2025_45_Shifts_13th_Sep_2025_Shift_3_EN.pdf,12,1,,,,B
SSC_CGL_Tier_1_Question_Paper_2025_45_Shifts_13th_Sep_2025_Shift_3_EN.pdf,13,1,,,,D
SSC_CGL_Tier_1_Question_Paper_2025_45_Shifts_13th_Sep_2025_Shift_3_EN.pdf,14,1,,,,A
SSC_CGL_Tier_1_Question_Paper_2025_45_Shifts_13th_Sep_2025_Shift_3_EN.pdf,15,1,,,,D
SSC_CGL_Tier_1_Question_Paper_2025_45_Shifts_13th_Sep_2025_Shift_3_EN.pdf,16,1,,,,C
SSC_CGL_Tier_1_Question_Paper_2025_45_Shifts_13th_Sep_2025_Shift_3_EN.pdf,17,1,,,,C
SSC_CGL_Tier_1_Question_Paper_2025_45_Shifts_13th_Sep_2025_Shift_3_EN.pdf,18,1,,,,B
SSC_CGL_Tier_1_Question_Paper_2025_45_Shifts_13th_Sep_2025_Shift_3_EN.pdf,19,1,,,,B
SSC_CGL_Tier_1_Question_Paper_2025_45_Shifts_13th_Sep_2025_Shift_3_EN.pdf,20,1,,,,A
SSC_CGL_Tier_1_Question_Paper_2025_45_Shifts_13th_Sep_2025_Shift_3_EN.pdf,21,1,,,,C
SSC_CGL_Tier_1_Question_Paper_2025_45_Shifts_13th_Sep_2025_Shift_3_EN.pdf,22,1,,,,B
SSC_CGL_Tier_1_Question_Paper_2025_45_Shifts_13th_Sep_2025_Shift_3_EN.pdf,23,1,,,,D
SSC_CGL_Tier_1_Question_Paper_2025_45_Shifts_13th_Sep_2025_Shift_3_EN.pdf,24,1,,,,A
SSC_CGL_Tier_1_Question_Paper_2025_45_Shifts_13th_Sep_2025_Shift_3_EN.pdf,25,1,,,,D
SSC_CGL_Tier_1_Question_Paper_2025_45_Shifts_13th_Sep_2025_Shift_3_EN.pdf,26,1,,,,B
SSC_CGL_Tier_1_Question_Paper_2025_45_Shifts_13th_Sep_2025_Shift_3_EN.pdf,27,1,,,,A
SSC_CGL_Tier_1_Question_Paper_2025_45_Shifts_13th_Sep_2025_Shift_3_EN.pdf,28,1,,,,B
SSC_CGL_Tier_1_Question_Paper_2025_45_Shifts_13th_Sep_2025_Shift_3_EN.pdf,29,1,,,,B
SSC_CGL_Tier_1_Question_Paper_2025_45_Shifts_13th_Sep_2025_Shift_3_EN.pdf,30,1,,,,A
SSC_CGL_Tier_1_Question_Paper_2025_45_Shifts_13th_Sep_2025_Shift_3_EN.pdf,31,1,,,,A
SSC_CGL_Tier_1_Question_Paper_2025_45_Shifts_13th_Sep_2025_Shift_3_EN.pdf,32,1,,,,B
SSC_CGL_Tier_1_Question_Paper_2025_45_Shifts_13th_Sep_2025_Shift_3_EN.pdf,33,1,,,,A
SSC_CGL_Tier_1_Question_Paper_2025_45_Shifts_13th_Sep_2025_Shift_3_EN.pdf,34,1,,,,A
SSC_CGL_Tier_1_Question_Paper_2025_45_Shifts_13th_Sep_2025_Shift_3_EN.pdf,35,1,,,,A
SSC_CGL_Tier_1_Question_Paper_2025_45_Shifts_13th_Sep_2025_Shift_3_EN.pdf,36,1,,,,B
SSC_CGL_Tier_1_Question_Paper_2025_45_Shifts_13th_Sep_2025_Shift_3_EN.pdf,37,1,,,,C
SSC_CGL_Tier_1_Question_Paper_2025_45_Shifts_13th_Sep_2025_Shift_3_EN.pdf,38,1,,,,A
SSC_CGL_Tier_1_Question_Paper_2025_45_Shifts_13th_Sep_2025_Shift_3_EN.pdf,39,1,,,,B
SSC_CGL_Tier_1_Question_Paper_2025_45_Shifts_13th_Sep_2025_Shift_3_EN.pdf,40,1,,,,A
SSC_CGL_Tier_1_Question_Paper_2025_45_Shifts_13th_Sep_2025_Shift_3_EN.pdf,41,1,,,,C
SSC_CGL_Tier_1_Question_Paper_2025_45_Shifts_13th_Sep_2025_Shift_3_EN.pdf,42,1,,,,B
SSC_CGL_Tier_1_Question_Paper_2025_45_Shifts_13th_Sep_2025_Shift_3_EN.pdf,43,1,,,,B
SSC_CGL_Tier_1_Question_Paper_2025_45_Shifts_13th_Sep_2025_Shift_3_EN.pdf,44,1,,,,A
SSC_CGL_Tier_1_Question_Paper_2025_45_Shifts_13th_Sep_2025_Shift_3_EN.pdf,45,1,,,,C
SSC_CGL_Tier_1_Question_Paper_2025_45_Shifts_13th_Sep_2025_Shift_3_EN.pdf,46,1,,,,B
SSC_CGL_Tier_1_Question_Paper_2025_45_Shifts_13th_Sep_2025_Shift_3_EN.pdf,47,1,,,,B
SSC_CGL_Tier_1_Question_Paper_2025_45_Shifts_13th_Sep_2025_Shift_3_EN.pdf,48,1,,,,C
SSC_CGL_Tier_1_Question_Paper_2025_45_Shifts_13th_Sep_2025_Shift_3_EN.pdf,49,1,,,,B
SSC_CGL_Tier_1_Question_Paper_2025_45_Shifts_13th_Sep_2025_Shift_3_EN.pdf,50,1,,,,A
SSC_CGL_Tier_1_Question_Paper_2025_45_Shifts_13th_Sep_2025_Shift_3_EN.pdf,51,1,,,,B
SSC_CGL_Tier_1_Question_Paper_2025_45_Shifts_13th_Sep_2025_Shift_3_EN.pdf,52,1,,,,D
SSC_CGL_Tier_1_Question_Paper_2025_45_Shifts_13th_Sep_2025_Shift_3_EN.pdf,53,1,,,,B
SSC_CGL_Tier_1_Question_Paper_2025_45_Shifts_13th_Sep_2025_Shift_3_EN.pdf,54,1,,,,A
SSC_CGL_Tier_1_Question_Paper_2025_45_Shifts_13th_Sep_2025_Shift_3_EN.pdf,55,1,,,,B
SSC_CGL_Tier_1_Question_Paper_2025_45_Shifts_13th_Sep_2025_Shift_3_EN.pdf,56,1,,,,B
SSC_CGL_Tier_1_Question_Paper_2025_45_Shifts_13th_Sep_2025_Shift_3_EN.pdf,57,1,,,,B
SSC_CGL_Tier_1_Question_Paper_2025_45_Shifts_13th_Sep_2025_Shift_3_EN.pdf,58,1,,,,B
SSC_CGL_Tier_1_Question_Paper_2025_45_Shifts_13th_Sep_2025_Shift_3_EN.pdf,59,1,,,,D
SSC_CGL_Tier_1_Question_Paper_2025_45_Shifts_13th_Sep_2025_Shift_3_EN.pdf,60,1,,,,C
SSC_CGL_Tier_1_Question_Paper_2025_45_Shifts_13th_Sep_2025_Shift_3_EN.pdf,61,1,,,,A
SSC_CGL_Tier_1_Question_Paper_2025_45_Shifts_13th_Sep_2025_Shift_3_EN.pdf,62,1,,,,B
SSC_CGL_Tier_1_Question_Paper_2025_45_Shifts_13th_Sep_2025_Shift_3_EN.pdf,63,1,,,,B
SSC_CGL_Tier_1_Question_Paper_2025_45_Shifts_13th_Sep_2025_Shift_3_EN.pdf,64,1,,,,B
SSC_CGL_Tier_1_Question_Paper_2025_45_Shifts_13th_Sep_2025_Shift_3_EN.pdf,65,1,,,,C
SSC_CGL_Tier_1_Question_Paper_2025_45_Shifts_13th_Sep_2025_Shift_3_EN.pdf,66,1,,,,B
SSC_CGL_Tier_1_Question_Paper_2025_45_Shifts_13th_Sep_2025_Shift_3_EN.pdf,67,1,,,,C
SSC_CGL_Tier_1_Question_Paper_2025_45_Shifts_13th_Sep_2025_Shift_3_EN.pdf,68,1,,,,A
SSC_CGL_Tier_1_Question_Paper_2025_45_Shifts_13th_Sep_2025_Shift_3_EN.pdf,69,1,,,,A
SSC_CGL_Tier_1_Question_Paper_2025_45_Shifts_13th_Sep_2025_Shift_3_EN.pdf,70,1,,,,C
SSC_CGL_Tier_1_Question_Paper_2025_45_Shifts_13th_Sep_2025_Shift_3_EN.pdf,71,1,,,,C
SSC_CGL_Tier_1_Question_Paper_2025_45_Shifts_13th_Sep_2025_Shift_3_EN.pdf,72,1,,,,D
SSC_CGL_Tier_1_Question_Paper_2025_45_Shifts_13th_Sep_2025_Shift_3_EN.pdf,73,1,,,,C
SSC_CGL_Tier_1_Question_Paper_2025_45_Shifts_13th_Sep_2025_Shift_3_EN.pdf,74,1,,,,D
SSC_CGL_Tier_1_Question_Paper_2025_45_Shifts_13th_Sep_2025_Shift_3_EN.pdf,75,1,,,,A
SSC_CGL_Tier_1_Question_Paper_2025_45_Shifts_13th_Sep_2025_Shift_3_EN.pdf,76,1,,,,C
SSC_CGL_Tier_1_Question_Paper_2025_45_Shifts_13th_Sep_2025_Shift_3_EN.pdf,77,1,,,,B
SSC_CGL_Tier_1_Question_Paper_2025_45_Shifts_13th_Sep_2025_Shift_3_EN.pdf,78,1,,,,B
SSC_CGL_Tier_1_Question_Paper_2025_45_Shifts_13th_Sep_2025_Shift_3_EN.pdf,79,1,,,,A
SSC_CGL_Tier_1_Question_Paper_2025_45_Shifts_13th_Sep_2025_Shift_3_EN.pdf,80,1,,,,A
SSC_CGL_Tier_1_Question_Paper_2025_45_Shifts_13th_Sep_2025_Shift_3_EN.pdf,81,1,,,,D
SSC_CGL_Tier_1_Question_Paper_2025_45_Shifts_13th_Sep_2025_Shift_3_EN.pdf,82,1,,,,A
SSC_CGL_Tier_1_Question_Paper_2025_45_Shifts_13th_Sep_2025_Shift_3_EN.pdf,83,1,,,,C
SSC_CGL_Tier_1_Question_Paper_2025_45_Shifts_13th_Sep_2025_Shift_3_EN.pdf,84,1,,,,D
SSC_CGL_Tier_1_Question_Paper_2025_45_Shifts_13th_Sep_2025_Shift_3_EN.pdf,85,1,,,,B
SSC_CGL_Tier_1_Question_Paper_2025_45_Shifts_13th_Sep_2025_Shift_3_EN.pdf,86,1,,,,D
SSC_CGL_Tier_1_Question_Paper_2025_45_Shifts_13th_Sep_2025_Shift_3_EN.pdf,87,1,,,,B
SSC_CGL_Tier_1_Question_Paper_2025_45_Shifts_13th_Sep_2025_Shift_3_EN.pdf,88,1,,,,B
SSC_CGL_Tier_1_Question_Paper_2025_45_Shifts_13th_Sep_2025_Shift_3_EN.pdf,89,1,,,,A
SSC_CGL_Tier_1_Question_Paper_2025_45_Shifts_13th_Sep_2025_Shift_3_EN.pdf,90,1,,,,D
SSC_CGL_Tier_1_Question_Paper_2025_45_Shifts_13th_Sep_2025_Shift_3_EN.pdf,91,1,,,,B
SSC_CGL_Tier_1_Question_Paper_2025_45_Shifts_13th_Sep_2025_Shift_3_EN.pdf,92,1,,,,A
SSC_CGL_Tier_1_Question_Paper_2025_45_Shifts_13th_Sep_2025_Shift_3_EN.pdf,93,1,,,,A
SSC_CGL_Tier_1_Question_Paper_2025_45_Shifts_13th_Sep_2025_Shift_3_EN.pdf,94,1,,,,A
SSC_CGL_Tier_1_Question_Paper_2025_45_Shifts_13th_Sep_2025_Shift_3_EN.pdf,95,1,,,,A
SSC_CGL_Tier_1_Question_Paper_2025_45_Shifts_13th_Sep_2025_Shift_3_EN.pdf,96,1,,,,A
SSC_CGL_Tier_1_Question_Paper_2025_45_Shifts_13th_Sep_2025_Shift_3_EN.pdf,97,1,,,,B
SSC_CGL_Tier_1_Question_Paper_2025_45_Shifts_13th_Sep_2025_Shift_3_EN.pdf,98,1,,,,B
SSC_CGL_Tier_1_Question_Paper_2025_45_Shifts_13th_Sep_2025_Shift_3_EN.pdf,99,1,,,,A
SSC_CGL_Tier_1_Question_Paper_2025_45_Shifts_13th_Sep_2025_Shift_3_EN.pdf,100,1,,,,B
SSC_CGL_Tier_1_Question_Paper_2025_45_Shifts_14th_Sep_2025_Shift_1_EN.pdf,1,1,,,,D
SSC_CGL_Tier_1_Question_Paper_2025_45_Shifts_14th_Sep_2025_Shift_1_EN.pdf,2,1,,,,D
SSC_CGL_Tier_1_Question_Paper_2025_45_Shifts_14th_Sep_2025_Shift_1_EN.pdf,3,1,,,,A
SSC_CGL_Tier_1_Question_Paper_2025_45_Shifts_14th_Sep_2025_Shift_1_EN.pdf,4,1,,,,B
SSC_CGL_Tier_1_Question_Paper_2025_45_Shifts_14th_Sep_2025_Shift_1_EN.pdf,5,1,,,,C
SSC_CGL_Tier_1_Question_Paper_2025_45_Shifts_14th_Sep_2025_Shift_1_EN.pdf,6,1,,,,A
SSC_CGL_Tier_1_Question_Paper_2025_45_Shifts_14th_Sep_2025_Shift_1_EN.pdf,7,1,,,,B
SSC_CGL_Tier_1_Question_Paper_2025_45_Shifts_14th_Sep_2025_Shift_1_EN.pdf,8,1,,,,A
SSC_CGL_Tier_1_Question_Paper_2025_45_Shifts_14th_Sep_2025_Shift_1_EN.pdf,9,1,,,,B
SSC_CGL_Tier_1_Question_Paper_2025_45_Shifts_14th_Sep_2025_Shift_1_EN.pdf,10,1,,,,A
SSC_CGL_Tier_1_Question_Paper_2025_45_Shifts_14th_Sep_2025_Shift_1_EN.pdf,11,1,,,,D
SSC_CGL_Tier_1_Question_Paper_2025_45_Shifts_14th_Sep_2025_Shift_1_EN.pdf,12,1,,,,C
SSC_CGL_Tier_1_Question_Paper_2025_45_Shifts_14th_Sep_2025_Shift_1_EN.pdf,13,1,,,,C
SSC_CGL_Tier_1_Question_Paper_2025_45_Shifts_14th_Sep_2025_Shift_1_EN.pdf,14,1,,,,B
SSC_CGL_Tier_1_Question_Paper_2025_45_Shifts_14th_Sep_2025_Shift_1_EN.pdf,15,1,,,,B
SSC_CGL_Tier_1_Question_Paper_2025_45_Shifts_14th_Sep_2025_Shift_1_EN.pdf,16,1,,,,D
SSC_CGL_Tier_1_Question_Paper_2025_45_Shifts_14th_Sep_2025_Shift_1_EN.pdf,17,1,,,,C
SSC_CGL_Tier_1_Question_Paper_2025_45_Shifts_14th_Sep_2025_Shift_1_EN.pdf,18,1,,,,A
SSC_CGL_Tier_1_Question_Paper_2025_45_Shifts_14th_Sep_2025_Shift_1_EN.pdf,19,1,,,,A
SSC_CGL_Tier_1_Question_Paper_2025_45_Shifts_14th_Sep_2025_Shift_1_EN.pdf,20,1,,,,C
SSC_CGL_Tier_1_Question_Paper_2025_45_Shifts_14th_Sep_2025_Shift_1_EN.pdf,21,1,,,,C
SSC_CGL_Tier_1_Question_Paper_2025_45_Shifts_14th_Sep_2025_Shift_1_EN.pdf,22,1,,,,B
SSC_CGL_Tier_1_Question_Paper_2025_45_Shifts_14th_Sep_2025_Shift_1_EN.pdf,23,1,,,,B
SSC_CGL_Tier_1_Question_Paper_2025_45_Shifts_14th_Sep_2025_Shift_1_EN.pdf,24,1,,,,D
SSC_CGL_Tier_1_Question_Paper_2025_45_Shifts_14th_Sep_2025_Shift_1_EN.pdf,25,1,,,,D
SSC_CGL_Tier_1_Question_Paper_2025_45_Shifts_14th_Sep_2025_Shift_1_EN.pdf,26,1,,,,B
SSC_CGL_Tier_1_Question_Paper_2025_45_Shifts_14th_Sep_2025_Shift_1_EN.pdf,27,1,,,,A
SSC_CGL_Tier_1_Question_Paper_2025_45_Shifts_14th_Sep_2025_Shift_1_EN.pdf,28,1,,,,C
SSC_CGL_Tier_1_Question_Paper_2025_45_Shifts_14th_Sep_2025_Shift_1_EN.pdf,29,1,,,,B
SSC_CGL_Tier_1_Question_Paper_2025_45_Shifts_14th_Sep_2025_Shift_1_EN.pdf,30,1,,,,A
SSC_CGL_Tier_1_Question_Paper_2025_45_Shifts_14th_Sep_2025_Shift_1_EN.pdf,31,1,,,,C
SSC_CGL_Tier_1_Question_Paper_2025_45_Shifts_14th_Sep_2025_Shift_1_EN.pdf,32,1,,,,B
SSC_CGL_Tier_1_Question_Paper_2025_45_Shifts_14th_Sep_2025_Shift_1_EN.pdf,33,1,,,,C
SSC_CGL_Tier_1_Question_Paper_2025_45_Shifts_14th_Sep_2025_Shift_1_EN.pdf,34,1,,,,A
SSC_CGL_Tier_1_Question_Paper_2025_45_Shifts_14th_Sep_2025_Shift_1_EN.pdf,35,1,,,,A
SSC_CGL_Tier_1_Question_Paper_2025_45_Shifts_14th_Sep_2025_Shift_1_EN.pdf,36,1,,,,B
SSC_CGL_Tier_1_Question_Paper_2025_45_Shifts_14th_Sep_2025_Shift_1_EN.pdf,37,1,,,,B
SSC_CGL_Tier_1_Question_Paper_2025_45_Shifts_14th_Sep_2025_Shift_1_EN.pdf,38,1,,,,B
SSC_CGL_Tier_1_Question_Paper_2025_45_Shifts_14th_Sep_2025_Shift_1_EN.pdf,39,1,,,,A
SSC_CGL_Tier_1_Question_Paper_2025_45_Shifts_14th_Sep_2025_Shift_1_EN.pdf,40,1,,,,B
SSC_CGL_Tier_1_Question_Paper_2025_45_Shifts_14th_Sep_2025_Shift_1_EN.pdf,41,1,,,,C
SSC_CGL_Tier_1_Question_Paper_2025_45_Shifts_14th_Sep_2025_Shift_1_EN.pdf,42,1,,,,B
SSC_CGL_Tier_1_Question_Paper_2025_45_Shifts_14th_Sep_2025_Shift_1_EN.pdf,43,1,,,,C
SSC_CGL_Tier_1_Question_Paper_2025_45_Shifts_14th_Sep_2025_Shift_1_EN.pdf,44,1,,,,B
SSC_CGL_Tier_1_Question_Paper_2025_45_Shifts_14th_Sep_2025_Shift_1_EN.pdf,45,1,,,,A
SSC_CGL_Tier_1_Question_Paper_2025_45_Shifts_14th_Sep_2025_Shift_1_EN.pdf,46,1,,,,C
SSC_CGL_Tier_1_Question_Paper_2025_45_Shifts_14th_Sep_2025_Shift_1_EN.pdf,47,1,,,,A
SSC_CGL_Tier_1_Question_Paper_2025_45_Shifts_14th_Sep_2025_Shift_1_EN.pdf,48,1,,,,A
SSC_CGL_Tier_1_Question_Paper_2025_45_Shifts_14th_Sep_2025_Shift_1_EN.pdf,49,1,,,,B
SSC_CGL_Tier_1_Question_Paper_2025_45_Shifts_14th_Sep_2025_Shift_1_EN.pdf,50,1,,,,C
SSC_CGL_Tier_1_Question_Paper_2025_45_Shifts_14th_Sep_2025_Shift_1_EN.pdf,51,1,,,,C
SSC_CGL_Tier_1_Question_Paper_2025_45_Shifts_14th_Sep_2025_Shift_1_EN.pdf,52,1,,,,B
SSC_CGL_Tier_1_Question_Paper_2025_45_Shifts_14th_Sep_2025_Shift_1_EN.pdf,53,1,,,,A
SSC_CGL_Tier_1_Question_Paper_2025_45_Shifts_14th_Sep_2025_Shift_1_EN.pdf,54,1,,,,D
SSC_CGL_Tier_1_Question_Paper_2025_45_Shifts_14th_Sep_2025_Shift_1_EN.pdf,55,1,,,,C
SSC_CGL_Tier_1_Question_Paper_2025_45_Shifts_14th_Sep_2025_Shift_1_EN.pdf,56,1,,,,C
SSC_CGL_Tier_1_Question_Paper_2025_45_Shifts_14th_Sep_2025_Shift_1_EN.pdf,57,1,,,,D
SSC_CGL_Tier_1_Question_Paper_2025_45_Shifts_14th_Sep_2025_Shift_1_EN.pdf,58,1,,,,B
SSC_CGL_Tier_1_Question_Paper_2025_45_Shifts_14th_Sep_2025_Shift_1_EN.pdf,59,1,,,,C
SSC_CGL_Tier_1_Question_Paper_2025_45_Shifts_14th_Sep_2025_Shift_1_EN.pdf,60,1,,,,B
SSC_CGL_Tier_1_Question_Paper_2025_45_Shifts_14th_Sep_2025_Shift_1_EN.pdf,61,1,,,,C
SSC_CGL_Tier_1_Question_Paper_2025_45_Shifts_14th_Sep_2025_Shift_1_EN.pdf,62,1,,,,A
SSC_CGL_Tier_1_Question_Paper_2025_45_Shifts_14th_Sep_2025_Shift_1_EN.pdf,63,1,,,,C
SSC_CGL_Tier_1_Question_Paper_2025_45_Shifts_14th_Sep_2025_Shift_1_EN.pdf,64,1,,,,D
SSC_CGL_Tier_1_Question_Paper_2025_45_Shifts_14th_Sep_2025_Shift_1_EN.pdf,65,1,,,,A
SSC_CGL_Tier_1_Question_Paper_2025_45_Shifts_14th_Sep_2025_Shift_1_EN.pdf,66,1,,,,C
SSC_CGL_Tier_1_Question_Paper_2025_45_Shifts_14th_Sep_2025_Shift_1_EN.pdf,67,1,,,,B
SSC_CGL_Tier_1_Question_Paper_2025_45_Shifts_14th_Sep_2025_Shift_1_EN.pdf,68,1,,,,D
SSC_CGL_Tier_1_Question_Paper_2025_45_Shifts_14th_Sep_2025_Shift_1_EN.pdf,69,1,,,,B
SSC_CGL_Tier_1_Question_Paper_2025_45_Shifts_14th_Sep_2025_Shift_1_EN.pdf,70,1,,,,C
SSC_CGL_Tier_1_Question_Paper_2025_45_Shifts_14th_Sep_2025_Shift_1_EN.pdf,71,1,,,,C
SSC_CGL_Tier_1_Question_Paper_2025_45_Shifts_14th_Sep_2025_Shift_1_EN.pdf,72,1,,,,A
SSC_CGL_Tier_1_Question_Paper_2025_45_Shifts_14th_Sep_2025_Shift_1_EN.pdf,73,1,,,,B
SSC_CGL_Tier_1_Question_Paper_2025_45_Shifts_14th_Sep_2025_Shift_1_EN.pdf,74,1,,,,B
SSC_CGL_Tier_1_Question_Paper_2025_45_Shifts_14th_Sep_2025_Shift_1_EN.pdf,75,1,,,,B
SSC_CGL_Tier_1_Question_Paper_2025_45_Shifts_14th_Sep_2025_Shift_1_EN.pdf,76,1,,,,A
SSC_CGL_Tier_1_Question_Paper_2025_45_Shifts_14th_Sep_2025_Shift_1_EN.pdf,77,1,,,,A
SSC_CGL_Tier_1_Question_Paper_2025_45_Shifts_14th_Sep_2025_Shift_1_EN.pdf,78,1,,,,B
SSC_CGL_Tier_1_Question_Paper_2025_45_Shifts_14th_Sep_2025_Shift_1_EN.pdf,79,1,,,,B
SSC_CGL_Tier_1_Question_Paper_2025_45_Shifts_14th_Sep_2025_Shift_1_EN.pdf,80,1,,,,A
SSC_CGL_Tier_1_Question_Paper_2025_45_Shifts_14th_Sep_2025_Shift_1_EN.pdf,81,1,,,,C
SSC_CGL_Tier_1_Question_Paper_2025_45_Shifts_14th_Sep_2025_Shift_1_EN.pdf,82,1,,,,C
SSC_CGL_Tier_1_Question_Paper_2025_45_Shifts_14th_Sep_2025_Shift_1_EN.pdf,83,1,,,,A
SSC_CGL_Tier_1_Question_Paper_2025_45_Shifts_14th_Sep_2025_Shift_1_EN.pdf,84,1,,,,D
SSC_CGL_Tier_1_Question_Paper_2025_45_Shifts_14th_Sep_2025_Shift_1_EN.pdf,85,1,,,,A
SSC_CGL_Tier_1_Question_Paper_2025_45_Shifts_14th_Sep_2025_Shift_1_EN.pdf,86,1,,,,D
SSC_CGL_Tier_1_Question_Paper_2025_45_Shifts_14th_Sep_2025_Shift_1_EN.pdf,87,1,,,,B
SSC_CGL_Tier_1_Question_Paper_2025_45_Shifts_14th_Sep_2025_Shift_1_EN.pdf,88,1,,,,C
SSC_CGL_Tier_1_Question_Paper_2025_45_Shifts_14th_Sep_2025_Shift_1_EN.pdf,89,1,,,,C
SSC_CGL_Tier_1_Question_Paper_2025_45_Shifts_14th_Sep_2025_Shift_1_EN.pdf,90,1,,,,D
SSC_CGL_Tier_1_Question_Paper_2025_45_Shifts_14th_Sep_2025_Shift_1_EN.pdf,91,1,,,,C
SSC_CGL_Tier_1_Question_Paper_2025_45_Shifts_14th_Sep_2025_Shift_1_EN.pdf,92,1,,,,C
SSC_CGL_Tier_1_Question_Paper_2025_45_Shifts_14th_Sep_2025_Shift_1_EN.pdf,93,1,,,,A
SSC_CGL_Tier_1_Question_Paper_2025_45_Shifts_14th_Sep_2025_Shift_1_EN.pdf,94,1,,,,A
SSC_CGL_Tier_1_Question_Paper_2025_45_Shifts_14th_Sep_2025_Shift_1_EN.pdf,95,1,,,,C
SSC_CGL_Tier_1_Question_Paper_2025_45_Shifts_14th_Sep_2025_Shift_1_EN.pdf,96,1,,,,B
SSC_CGL_Tier_1_Question_Paper_2025_45_Shifts_14th_Sep_2025_Shift_1_EN.pdf,97,1,,,,A
SSC_CGL_Tier_1_Question_Paper_2025_45_Shifts_14th_Sep_2025_Shift_1_EN.pdf,98,1,,,,A
SSC_CGL_Tier_1_Question_Paper_2025_45_Shifts_14th_Sep_2025_Shift_1_EN.pdf,99,1,,,,B
SSC_CGL_Tier_1_Question_Paper_2025_45_Shifts_14th_Sep_2025_Shift_1_EN.pdf,100,1,,,,C
SSC_CGL_Tier_1_Question_Paper_2025_45_Shifts_14th_Sep_2025_Shift_2_EN.pdf,1,1,,,,A
SSC_CGL_Tier_1_Question_Paper_2025_45_Shifts_14th_Sep_2025_Shift_2_EN.pdf,2,1,,,,B
SSC_CGL_Tier_1_Question_Paper_2025_45_Shifts_14th_Sep_2025_Shift_2_EN.pdf,3,1,,,,D
SSC_CGL_Tier_1_Question_Paper_2025_45_Shifts_14th_Sep_2025_Shift_2_EN.pdf,4,1,,,,D
SSC_CGL_Tier_1_Question_Paper_2025_45_Shifts_14th_Sep_2025_Shift_2_EN.pdf,5,1,,,,B
SSC_CGL_Tier_1_Question_Paper_2025_45_Shifts_14th_Sep_2025_Shift_2_EN.pdf,6,1,,,,D
SSC_CGL_Tier_1_Question_Paper_2025_45_Shifts_14th_Sep_2025_Shift_2_EN.pdf,7,1,,,,C
SSC_CGL_Tier_1_Question_Paper_2025_45_Shifts_14th_Sep_2025_Shift_2_EN.pdf,8,1,,,,D
SSC_CGL_Tier_1_Question_Paper_2025_45_Shifts_14th_Sep_2025_Shift_2_EN.pdf,9,1,,,,B
SSC_CGL_Tier_1_Question_Paper_2025_45_Shifts_14th_Sep_2025_Shift_2_EN.pdf,10,1,,,,B
SSC_CGL_Tier_1_Question_Paper_2025_45_Shifts_14th_Sep_2025_Shift_2_EN.pdf,11,1,,,,B
SSC_CGL_Tier_1_Question_Paper_2025_45_Shifts_14th_Sep_2025_Shift_2_EN.pdf,12,1,,,,B
SSC_CGL_Tier_1_Question_Paper_2025_45_Shifts_14th_Sep_2025_Shift_2_EN.pdf,13,1,,,,B
SSC_CGL_Tier_1_Question_Paper_2025_45_Shifts_14th_Sep_2025_Shift_2_EN.pdf,14,1,,,,A
SSC_CGL_Tier_1_Question_Paper_2025_45_Shifts_14th_Sep_2025_Shift_2_EN.pdf,15,1,,,,A
SSC_CGL_Tier_1_Question_Paper_2025_45_Shifts_14th_Sep_2025_Shift_2_EN.pdf,16,1,,,,B
SSC_CGL_Tier_1_Question_Paper_2025_45_Shifts_14th_Sep_2025_Shift_2_EN.pdf,17,1,,,,A
SSC_CGL_Tier_1_Question_Paper_2025_45_Shifts_14th_Sep_2025_Shift_2_EN.pdf,18,1,,,,C
SSC_CGL_Tier_1_Question_Paper_2025_45_Shifts_14th_Sep_2025_Shift_2_EN.pdf,19,1,,,,A
SSC_CGL_Tier_1_Question_Paper_2025_45_Shifts_14th_Sep_2025_Shift_2_EN.pdf,20,1,,,,C
SSC_CGL_Tier_1_Question_Paper_2025_45_Shifts_14th_Sep_2025_Shift_2_EN.pdf,21,1,,,,D
SSC_CGL_Tier_1_Question_Paper_2025_45_Shifts_14th_Sep_2025_Shift_2_EN.pdf,22,1,,,,A
SSC_CGL_Tier_1_Question_Paper_2025_45_Shifts_14th_Sep_2025_Shift_2_EN.pdf,23,1,,,,C
SSC_CGL_Tier_1_Question_Paper_2025_45_Shifts_14th_Sep_2025_Shift_2_EN.pdf,24,1,,,,B
SSC_CGL_Tier_1_Question_Paper_2025_45_Shifts_14th_Sep_2025_Shift_2_EN.pdf,25,1,,,,D
SSC_CGL_Tier_1_Question_Paper_2025_45_Shifts_14th_Sep_2025_Shift_2_EN.pdf,26,1,,,,B
SSC_CGL_Tier_1_Question_Paper_2025_45_Shifts_14th_Sep_2025_Shift_2_EN.pdf,27,1,,,,B
SSC_CGL_Tier_1_Question_Paper_2025_45_Shifts_14th_Sep_2025_Shift_2_EN.pdf,28,1,,,,B
SSC_CGL_Tier_1_Question_Paper_2025_45_Shifts_14th_Sep_2025_Shift_2_EN.pdf,29,1,,,,B
SSC_CGL_Tier_1_Question_Paper_2025_45_Shifts_14th_Sep_2025_Shift_2_EN.pdf,30,1,,,,B
SSC_CGL_Tier_1_Question_Paper_2025_45_Shifts_14th_Sep_2025_Shift_2_EN.pdf,31,1,,,,A
SSC_CGL_Tier_1_Question_Paper_2025_45_Shifts_14th_Sep_2025_Shift_2_EN.pdf,32,1,,,,B
SSC_CGL_Tier_1_Question_Paper_2025_45_Shifts_14th_Sep_2025_Shift_2_EN.pdf,33,1,,,,A
SSC_CGL_Tier_1_Question_Paper_2025_45_Shifts_14th_Sep_2025_Shift_2_EN.pdf,34,1,,,,B
SSC_CGL_Tier_1_Question_Paper_2025_45_Shifts_14th_Sep_2025_Shift_2_EN.pdf,35,1,,,,B
SSC_CGL_Tier_1_Question_Paper_2025_45_Shifts_14th_Sep_2025_Shift_2_EN.pdf,36,1,,,,A
SSC_CGL_Tier_1_Question_Paper_2025_45_Shifts_14th_Sep_2025_Shift_2_EN.pdf,37,1,,,,C
SSC_CGL_Tier_1_Question_Paper_2025_45_Shifts_14th_Sep_2025_Shift_2_EN.pdf,38,1,,,,A
SSC_CGL_Tier_1_Question_Paper_2025_45_Shifts_14th_Sep_2025_Shift_2_EN.pdf,39,1,,,,B
SSC_CGL_Tier_1_Question_Paper_2025_45_Shifts_14th_Sep_2025_Shift_2_EN.pdf,40,1,,,,A
SSC_CGL_Tier_1_Question_Paper_2025_45_Shifts_14th_Sep_2025_Shift_2_EN.pdf,41,1,,,,A
SSC_CGL_Tier_1_Question_Paper_2025_45_Shifts_14th_Sep_2025_Shift_2_EN.pdf,42,1,,,,B
SSC_CGL_Tier_1_Question_Paper_2025_45_Shifts_14th_Sep_2025_Shift_2_EN.pdf,43,1,,,,B
SSC_CGL_Tier_1_Question_Paper_2025_45_Shifts_14th_Sep_2025_Shift_2_EN.pdf,44,1,,,,B
SSC_CGL_Tier_1_Question_Paper_2025_45_Shifts_14th_Sep_2025_Shift_2_EN.pdf,45,1,,,,B
SSC_CGL_Tier_1_Question_Paper_2025_45_Shifts_14th_Sep_2025_Shift_2_EN.pdf,46,1,,,,B
SSC_CGL_Tier_1_Question_Paper_2025_45_Shifts_14th_Sep_2025_Shift_2_EN.pdf,47,1,,,,B
SSC_CGL_Tier_1_Question_Paper_2025_45_Shifts_14th_Sep_2025_Shift_2_EN.pdf,48,1,,,,B
SSC_CGL_Tier_1_Question_Paper_2025_45_Shifts_14th_Sep_2025_Shift_2_EN.pdf,49,1,,,,B
SSC_CGL_Tier_1_Question_Paper_2025_45_Shifts_14th_Sep_2025_Shift_2_EN.pdf,50,1,,,,C
SSC_CGL_Tier_1_Question_Paper_2025_45_Shifts_14th_Sep_2025_Shift_2_EN.pdf,51,1,,,,A
SSC_CGL_Tier_1_Question_Paper_2025_45_Shifts_14th_Sep_2025_Shift_2_EN.pdf,52,1,,,,C
SSC_CGL_Tier_1_Question_Paper_2025_45_Shifts_14th_Sep_2025_Shift_2_EN.pdf,53,1,,,,A
SSC_CGL_Tier_1_Question_Paper_2025_45_Shifts_14th_Sep_2025_Shift_2_EN.pdf,54,1,,,,A
SSC_CGL_Tier_1_Question_Paper_2025_45_Shifts_14th_Sep_2025_Shift_2_EN.pdf,55,1,,,,B
SSC_CGL_Tier_1_Question_Paper_2025_45_Shifts_14th_Sep_2025_Shift_2_EN.pdf,56,1,,,,B
SSC_CGL_Tier_1_Question_Paper_2025_45_Shifts_14th_Sep_2025_Shift_2_EN.pdf,57,1,,,,C
SSC_CGL_Tier_1_Question_Paper_2025_45_Shifts_14th_Sep_2025_Shift_2_EN.pdf,58,1,,,,A
SSC_CGL_Tier_1_Question_Paper_2025_45_Shifts_14th_Sep_2025_Shift_2_EN.pdf,59,1,,,,C
SSC_CGL_Tier_1_Question_Paper_2025_45_Shifts_14th_Sep_2025_Shift_2_EN.pdf,60,1,,,,A
SSC_CGL_Tier_1_Question_Paper_2025_45_Shifts_14th_Sep_2025_Shift_2_EN.pdf,61,1,,,,A
SSC_CGL_Tier_1_Question_Paper_2025_45_Shifts_14th_Sep_2025_Shift_2_EN.pdf,62,1,,,,B
SSC_CGL_Tier_1_Question_Paper_2025_45_Shifts_14th_Sep_2025_Shift_2_EN.pdf,63,1,,,,C
SSC_CGL_Tier_1_Question_Paper_2025_45_Shifts_14th_Sep_2025_Shift_2_EN.pdf,64,1,,,,B
SSC_CGL_Tier_1_Question_Paper_2025_45_Shifts_14th_Sep_2025_Shift_2_EN.pdf,65,1,,,,A
SSC_CGL_Tier_1_Question_Paper_2025_45_Shifts_14th_Sep_2025_Shift_2_EN.pdf,66,1,,,,C
SSC_CGL_Tier_1_Question_Paper_2025_45_Shifts_14th_Sep_2025_Shift_2_EN.pdf,67,1,,,,A
SSC_CGL_Tier_1_Question_Paper_2025_45_Shifts_14th_Sep_2025_Shift_2_EN.pdf,68,1,,,,C
SSC_CGL_Tier_1_Question_Paper_2025_45_Shifts_14th_Sep_2025_Shift_2_EN.pdf,69,1,,,,B
SSC_CGL_Tier_1_Question_Paper_2025_45_Shifts_14th_Sep_2025_Shift_2_EN.pdf,70,1,,,,A
SSC_CGL_Tier_1_Question_Paper_2025_45_Shifts_14th_Sep_2025_Shift_2_EN.pdf,71,1,,,,A
SSC_CGL_Tier_1_Question_Paper_2025_45_Shifts_14th_Sep_2025_Shift_2_EN.pdf,72,1,,,,B
SSC_CGL_Tier_1_Question_Paper_2025_45_Shifts_14th_Sep_2025_Shift_2_EN.pdf,73,1,,,,B
SSC_CGL_Tier_1_Question_Paper_2025_45_Shifts_14th_Sep_2025_Shift_2_EN.pdf,74,1,,,,B
SSC_CGL_Tier_1_Question_Paper_2025_45_Shifts_14th_Sep_2025_Shift_2_EN.pdf,75,1,,,,A
SSC_CGL_Tier_1_Question_Paper_2025_45_Shifts_14th_Sep_2025_Shift_2_EN.pdf,76,1,,,,C
SSC_CGL_Tier_1_Question_Paper_2025_45_Shifts_14th_Sep_2025_Shift_2_EN.pdf,77,1,,,,A
SSC_CGL_Tier_1_Question_Paper_2025_45_Shifts_14th_Sep_2025_Shift_2_EN.pdf,78,1,,,,C
SSC_CGL_Tier_1_Question_Paper_2025_45_Shifts_14th_Sep_2025_Shift_2_EN.pdf,79,1,,,,A
SSC_CGL_Tier_1_Question_Paper_2025_45_Shifts_14th_Sep_2025_Shift_2_EN.pdf,80,1,,,,A
SSC_CGL_Tier_1_Question_Paper_2025_45_Shifts_14th_Sep_2025_Shift_2_EN.pdf,81,1,,,,C
SSC_CGL_Tier_1_Question_Paper_2025_45_Shifts_14th_Sep_2025_Shift_2_EN.pdf,82,1,,,,C
SSC_CGL_Tier_1_Question_Paper_2025_45_Shifts_14th_Sep_2025_Shift_2_EN.pdf,83,1,,,,D
SSC_CGL_Tier_1_Question_Paper_2025_45_Shifts_14th_Sep_2025_Shift_2_EN.pdf,84,1,,,,A
SSC_CGL_Tier_1_Question_Paper_2025_45_Shifts_14th_Sep_2025_Shift_2_EN.pdf,85,1,,,,B
SSC_CGL_Tier_1_Question_Paper_2025_45_Shifts_14th_Sep_2025_Shift_2_EN.pdf,86,1,,,,C
SSC_CGL_Tier_1_Question_Paper_2025_45_Shifts_14th_Sep_2025_Shift_2_EN.pdf,87,1,,,,D
SSC_CGL_Tier_1_Question_Paper_2025_45_Shifts_14th_Sep_2025_Shift_2_EN.pdf,88,1,,,,B
SSC_CGL_Tier_1_Question_Paper_2025_45_Shifts_14th_Sep_2025_Shift_2_EN.pdf,89,1,,,,C
SSC_CGL_Tier_1_Question_Paper_2025_45_Shifts_14th_Sep_2025_Shift_2_EN.pdf,90,1,,,,B
SSC_CGL_Tier_1_Question_Paper_2025_45_Shifts_14th_Sep_2025_Shift_2_EN.pdf,91,1,,,,A
SSC_CGL_Tier_1_Question_Paper_2025_45_Shifts_14th_Sep_2025_Shift_2_EN.pdf,92,1,,,,A
SSC_CGL_Tier_1_Question_Paper_2025_45_Shifts_14th_Sep_2025_Shift_2_EN.pdf,93,1,,,,D
SSC_CGL_Tier_1_Question_Paper_2025_45_Shifts_14th_Sep_2025_Shift_2_EN.pdf,94,1,,,,C
SSC_CGL_Tier_1_Question_Paper_2025_45_Shifts_14th_Sep_2025_Shift_2_EN.pdf,95,1,,,,C
SSC_CGL_Tier_1_Question_Paper_2025_45_Shifts_14th_Sep_2025_Shift_2_EN.pdf,96,1,,,,B
SSC_CGL_Tier_1_Question_Paper_2025_45_Shifts_14th_Sep_2025_Shift_2_EN.pdf,97,1,,,,C
SSC_CGL_Tier_1_Question_Paper_2025_45_Shifts_14th_Sep_2025_Shift_2_EN.pdf,98,1,,,,C
SSC_CGL_Tier_1_Question_Paper_2025_45_Shifts_14th_Sep_2025_Shift_2_EN.pdf,99,1,,,,C
SSC_CGL_Tier_1_Question_Paper_2025_45_Shifts_14th_Sep_2025_Shift_2_EN.pdf,100,1,,,,B
SSC_CGL_Tier_1_Question_Paper_2025_45_Shifts_14th_Sep_2025_Shift_3_EN.pdf,1,1,,,,B
SSC_CGL_Tier_1_Question_Paper_2025_45_Shifts_14th_Sep_2025_Shift_3_EN.pdf,2,1,,,,B
SSC_CGL_Tier_1_Question_Paper_2025_45_Shifts_14th_Sep_2025_Shift_3_EN.pdf,3,1,,,,C
SSC_CGL_Tier_1_Question_Paper_2025_45_Shifts_14th_Sep_2025_Shift_3_EN.pdf,4,1,,,,B
SSC_CGL_Tier_1_Question_Paper_2025_45_Shifts_14th_Sep_2025_Shift_3_EN.pdf,5,1,,,,D
SSC_CGL_Tier_1_Question_Paper_2025_45_Shifts_14th_Sep_2025_Shift_3_EN.pdf,6,1,,,,B
SSC_CGL_Tier_1_Question_Paper_2025_45_Shifts_14th_Sep_2025_Shift_3_EN.pdf,7,1,,,,A
SSC_CGL_Tier_1_Question_Paper_2025_45_Shifts_14th_Sep_2025_Shift_3_EN.pdf,8,1,,,,A
SSC_CGL_Tier_1_Question_Paper_2025_45_Shifts_14th_Sep_2025_Shift_3_EN.pdf,9,1,,,,B
SSC_CGL_Tier_1_Question_Paper_2025_45_Shifts_14th_Sep_2025_Shift_3_EN.pdf,10,1,,,,B
SSC_CGL_Tier_1_Question_Paper_2025_45_Shifts_14th_Sep_2025_Shift_3_EN.pdf,11,1,,,,B
SSC_CGL_Tier_1_Question_Paper_2025_45_Shifts_14th_Sep_2025_Shift_3_EN.pdf,12,1,,,,A
SSC_CGL_Tier_1_Question_Paper_2025_45_Shifts_14th_Sep_2025_Shift_3_EN.pdf,13,1,,,,B
SSC_CGL_Tier_1_Question_Paper_2025_45_Shifts_14th_Sep_2025_Shift_3_EN.pdf,14,1,,,,B
SSC_CGL_Tier_1_Question_Paper_2025_45_Shifts_14th_Sep_2025_Shift_3_EN.pdf,15,1,,,,A
SSC_CGL_Tier_1_Question_Paper_2025_45_Shifts_14th_Sep_2025_Shift_3_EN.pdf,16,1,,,,C
SSC_CGL_Tier_1_Question_Paper_2025_45_Shifts_14th_Sep_2025_Shift_3_EN.pdf,17,1,,,,B
SSC_CGL_Tier_1_Question_Paper_2025_45_Shifts_14th_Sep_2025_Shift_3_EN.pdf,18,1,,,,A
SSC_CGL_Tier_1_Question_Paper_2025_45_Shifts_14th_Sep_2025_Shift_3_EN.pdf,19,1,,,,D
SSC_CGL_Tier_1_Question_Paper_2025_45_Shifts_14th_Sep_2025_Shift_3_EN.pdf,20,1,,,,B
SSC_CGL_Tier_1_Question_Paper_2025_45_Shifts_14th_Sep_2025_Shift_3_EN.pdf,21,1,,,,C
SSC_CGL_Tier_1_Question_Paper_2025_45_Shifts_14th_Sep_2025_Shift_3_EN.pdf,22,1,,,,B
SSC_CGL_Tier_1_Question_Paper_2025_45_Shifts_14th_Sep_2025_Shift_3_EN.pdf,23,1,,,,A
SSC_CGL_Tier_1_Question_Paper_2025_45_Shifts_14th_Sep_2025_Shift_3_EN.pdf,24,1,,,,A
SSC_CGL_Tier_1_Question_Paper_2025_45_Shifts_14th_Sep_2025_Shift_3_EN.pdf,25,1,,,,A
SSC_CGL_Tier_1_Question_Paper_2025_45_Shifts_14th_Sep_2025_Shift_3_EN.pdf,26,1,,,,C
SSC_CGL_Tier_1_Question_Paper_2025_45_Shifts_14th_Sep_2025_Shift_3_EN.pdf,27,1,,,,B
SSC_CGL_Tier_1_Question_Paper_2025_45_Shifts_14th_Sep_2025_Shift_3_EN.pdf,28,1,,,,C
SSC_CGL_Tier_1_Question_Paper_2025_45_Shifts_14th_Sep_2025_Shift_3_EN.pdf,29,1,,,,B
SSC_CGL_Tier_1_Question_Paper_2025_45_Shifts_14th_Sep_2025_Shift_3_EN.pdf,30,1,,,,B
SSC_CGL_Tier_1_Question_Paper_2025_45_Shifts_14th_Sep_2025_Shift_3_EN.pdf,31,1,,,,B
SSC_CGL_Tier_1_Question_Paper_2025_45_Shifts_14th_Sep_2025_Shift_3_EN.pdf,32,1,,,,B
SSC_CGL_Tier_1_Question_Paper_2025_45_Shifts_14th_Sep_2025_Shift_3_EN.pdf,33,1,,,,C
SSC_CGL_Tier_1_Question_Paper_2025_45_Shifts_14th_Sep_2025_Shift_3_EN.pdf,34,1,,,,B
SSC_CGL_Tier_1_Question_Paper_2025_45_Shifts_14th_Sep_2025_Shift_3_EN.pdf,35,1,,,,B
SSC_CGL_Tier_1_Question_Paper_2025_45_Shifts_14th_Sep_2025_Shift_3_EN.pdf,36,1,,,,C
SSC_CGL_Tier_1_Question_Paper_2025_45_Shifts_14th_Sep_2025_Shift_3_EN.pdf,37,1,,,,B
SSC_CGL_Tier_1_Question_Paper_2025_45_Shifts_14th_Sep_2025_Shift_3_EN.pdf,38,1,,,,C
SSC_CGL_Tier_1_Question_Paper_2025_45_Shifts_14th_Sep_2025_Shift_3_EN.pdf,39,1,,,,A
SSC_CGL_Tier_1_Question_Paper_2025_45_Shifts_14th_Sep_2025_Shift_3_EN.pdf,40,1,,,,A
SSC_CGL_Tier_1_Question_Paper_2025_45_Shifts_14th_Sep_2025_Shift_3_EN.pdf,41,1,,,,C
SSC_CGL_Tier_1_Question_Paper_2025_45_Shifts_14th_Sep_2025_Shift_3_EN.pdf,42,1,,,,B
SSC_CGL_Tier_1_Question_Paper_2025_45_Shifts_14th_Sep_2025_Shift_3_EN.pdf,43,1,,,,C
SSC_CGL_Tier_1_Question_Paper_2025_45_Shifts_14th_Sep_2025_Shift_3_EN.pdf,44,1,,,,C
SSC_CGL_Tier_1_Question_Paper_2025_45_Shifts_14th_Sep_2025_Shift_3_EN.pdf,45,1,,,,B
SSC_CGL_Tier_1_Question_Paper_2025_45_Shifts_14th_Sep_2025_Shift_3_EN.pdf,46,1,,,,B
SSC_CGL_Tier_1_Question_Paper_2025_45_Shifts_14th_Sep_2025_Shift_3_EN.pdf,47,1,,,,D
SSC_CGL_Tier_1_Question_Paper_2025_45_Shifts_14th_Sep_2025_Shift_3_EN.pdf,48,1,,,,C
SSC_CGL_Tier_1_Question_Paper_2025_45_Shifts_14th_Sep_2025_Shift_3_EN.pdf,49,1,,,,C
SSC_CGL_Tier_1_Question_Paper_2025_45_Shifts_14th_Sep_2025_Shift_3_EN.pdf,50,1,,,,C
SSC_CGL_Tier_1_Question_Paper_2025_45_Shifts_14th_Sep_2025_Shift_3_EN.pdf,51,1,,,,C
SSC_CGL_Tier_1_Question_Paper_2025_45_Shifts_14th_Sep_2025_Shift_3_EN.pdf,52,1,,,,B
SSC_CGL_Tier_1_Question_Paper_2025_45_Shifts_14th_Sep_2025_Shift_3_EN.pdf,53,1,,,,D
SSC_CGL_Tier_1_Question_Paper_2025_45_Shifts_14th_Sep_2025_Shift_3_EN.pdf,54,1,,,,B
SSC_CGL_Tier_1_Question_Paper_2025_45_Shifts_14th_Sep_2025_Shift_3_EN.pdf,55,1,,,,C
SSC_CGL_Tier_1_Question_Paper_2025_45_Shifts_14th_Sep_2025_Shift_3_EN.pdf,56,1,,,,C
SSC_CGL_Tier_1_Question_Paper_2025_45_Shifts_14th_Sep_2025_Shift_3_EN.pdf,57,1,,,,C
SSC_CGL_Tier_1_Question_Paper_2025_45_Shifts_14th_Sep_2025_Shift_3_EN.pdf,58,1,,,,B
SSC_CGL_Tier_1_Question_Paper_2025_45_Shifts_14th_Sep_2025_Shift_3_EN.pdf,59,1,,,,C
SSC_CGL_Tier_1_Question_Paper_2025_45_Shifts_14th_Sep_2025_Shift_3_EN.pdf,60,1,,,,D
SSC_CGL_Tier_1_Question_Paper_2025_45_Shifts_14th_Sep_2025_Shift_3_EN.pdf,61,1,,,,D
SSC_CGL_Tier_1_Question_Paper_2025_45_Shifts_14th_Sep_2025_Shift_3_EN.pdf,62,1,,,,B
SSC_CGL_Tier_1_Question_Paper_2025_45_Shifts_14th_Sep_2025_Shift_3_EN.pdf,63,1,,,,C
SSC_CGL_Tier_1_Question_Paper_2025_45_Shifts_14th_Sep_2025_Shift_3_EN.pdf,64,1,,,,B
SSC_CGL_Tier_1_Question_Paper_2025_45_Shifts_14th_Sep_2025_Shift_3_EN.pdf,65,1,,,,C
SSC_CGL_Tier_1_Question_Paper_2025_45_Shifts_14th_Sep_2025_Shift_3_EN.pdf,66,1,,,,B
SSC_CGL_Tier_1_Question_Paper_2025_45_Shifts_14th_Sep_2025_Shift_3_EN.pdf,67,1,,,,A
SSC_CGL_Tier_1_Question_Paper_2025_45_Shifts_14th_Sep_2025_Shift_3_EN.pdf,68,1,,,,C
SSC_CGL_Tier_1_Question_Paper_2025_45_Shifts_14th_Sep_2025_Shift_3_EN.pdf,69,1,,,,B
SSC_CGL_Tier_1_Question_Paper_2025_45_Shifts_14th_Sep_2025_Shift_3_EN.pdf,70,1,,,,D
SSC_CGL_Tier_1_Question_Paper_2025_45_Shifts_14th_Sep_2025_Shift_3_EN.pdf,71,1,,,,B
SSC_CGL_Tier_1_Question_Paper_2025_45_Shifts_14th_Sep_2025_Shift_3_EN.pdf,72,1,,,,C
SSC_CGL_Tier_1_Question_Paper_2025_45_Shifts_14th_Sep_2025_Shift_3_EN.pdf,73,1,,,,B
SSC_CGL_Tier_1_Question_Paper_2025_45_Shifts_14th_Sep_2025_Shift_3_EN.pdf,74,1,,,,C
SSC_CGL_Tier_1_Question_Paper_2025_45_Shifts_14th_Sep_2025_Shift_3_EN.pdf,75,1,,,,D
SSC_CGL_Tier_1_Question_Paper_2025_45_Shifts_14th_Sep_2025_Shift_3_EN.pdf,76,1,,,,B
SSC_CGL_Tier_1_Question_Paper_2025_45_Shifts_14th_Sep_2025_Shift_3_EN.pdf,77,1,,,,B
SSC_CGL_Tier_1_Question_Paper_2025_45_Shifts_14th_Sep_2025_Shift_3_EN.pdf,78,1,,,,C
SSC_CGL_Tier_1_Question_Paper_2025_45_Shifts_14th_Sep_2025_Shift_3_EN.pdf,79,1,,,,C
SSC_CGL_Tier_1_Question_Paper_2025_45_Shifts_14th_Sep_2025_Shift_3_EN.pdf,80,1,,,,B
SSC_CGL_Tier_1_Question_Paper_2025_45_Shifts_14th_Sep_2025_Shift_3_EN.pdf,81,1,,,,C
SSC_CGL_Tier_1_Question_Paper_2025_45_Shifts_14th_Sep_2025_Shift_3_EN.pdf,82,1,,,,A
SSC_CGL_Tier_1_Question_Paper_2025_45_Shifts_14th_Sep_2025_Shift_3_EN.pdf,83,1,,,,C
SSC_CGL_Tier_1_Question_Paper_2025_45_Shifts_14th_Sep_2025_Shift_3_EN.pdf,84,1,,,,A
SSC_CGL_Tier_1_Question_Paper_2025_45_Shifts_14th_Sep_2025_Shift_3_EN.pdf,85,1,,,,B
SSC_CGL_Tier_1_Question_Paper_2025_45_Shifts_14th_Sep_2025_Shift_3_EN.pdf,86,1,,,,C
SSC_CGL_Tier_1_Question_Paper_2025_45_Shifts_14th_Sep_2025_Shift_3_EN.pdf,87,1,,,,A
SSC_CGL_Tier_1_Question_Paper_2025_45_Shifts_14th_Sep_2025_Shift_3_EN.pdf,88,1,,,,C
SSC_CGL_Tier_1_Question_Paper_2025_45_Shifts_14th_Sep_2025_Shift_3_EN.pdf,89,1,,,,B
SSC_CGL_Tier_1_Question_Paper_2025_45_Shifts_14th_Sep_2025_Shift_3_EN.pdf,90,1,,,,C
SSC_CGL_Tier_1_Question_Paper_2025_45_Shifts_14th_Sep_2025_Shift_3_EN.pdf,91,1,,,,D
SSC_CGL_Tier_1_Question_Paper_2025_45_Shifts_14th_Sep_2025_Shift_3_EN.pdf,92,1,,,,C
SSC_CGL_Tier_1_Question_Paper_2025_45_Shifts_14th_Sep_2025_Shift_3_EN.pdf,93,1,,,,C
SSC_CGL_Tier_1_Question_Paper_2025_45_Shifts_14th_Sep_2025_Shift_3_EN.pdf,94,1,,,,D
SSC_CGL_Tier_1_Question_Paper_2025_45_Shifts_14th_Sep_2025_Shift_3_EN.pdf,95,1,,,,C
SSC_CGL_Tier_1_Question_Paper_2025_45_Shifts_14th_Sep_2025_Shift_3_EN.pdf,96,1,,,,B
SSC_CGL_Tier_1_Question_Paper_2025_45_Shifts_14th_Sep_2025_Shift_3_EN.pdf,97,1,,,,D
SSC_CGL_Tier_1_Question_Paper_2025_45_Shifts_14th_Sep_2025_Shift_3_EN.pdf,98,1,,,,A
SSC_CGL_Tier_1_Question_Paper_2025_45_Shifts_14th_Sep_2025_Shift_3_EN.pdf,99,1,,,,B
SSC_CGL_Tier_1_Question_Paper_2025_45_Shifts_14th_Sep_2025_Shift_3_EN.pdf,100,1,,,,C
SSC_CGL_Tier_1_Question_Paper_2025_45_Shifts_15th_Sep_2025_Shift_1_EN.pdf,1,1,,,,C
SSC_CGL_Tier_1_Question_Paper_2025_45_Shifts_15th_Sep_2025_Shift_1_EN.pdf,2,1,,,,C
SSC_CGL_Tier_1_Question_Paper_2025_45_Shifts_15th_Sep_2025_Shift_1_EN.pdf,3,1,,,,B
SSC_CGL_Tier_1_Question_Paper_2025_45_Shifts_15th_Sep_2025_Shift_1_EN.pdf,4,1,,,,A
SSC_CGL_Tier_1_Question_Paper_2025_45_Shifts_15th_Sep_2025_Shift_1_EN.pdf,5,1,,,,A
SSC_CGL_Tier_1_Question_Paper_2025_45_Shifts_15th_Sep_2025_Shift_1_EN.pdf,6,1,,,,C
SSC_CGL_Tier_1_Question_Paper_2025_45_Shifts_15th_Sep_2025_Shift_1_EN.pdf,7,1,,,,D
SSC_CGL_Tier_1_Question_Paper_2025_45_Shifts_15th_Sep_2025_Shift_1_EN.pdf,8,1,,,,C
SSC_CGL_Tier_1_Question_Paper_2025_45_Shifts_15th_Sep_2025_Shift_1_EN.pdf,9,1,,,,A
SSC_CGL_Tier_1_Question_Paper_2025_45_Shifts_15th_Sep_2025_Shift_1_EN.pdf,10,1,,,,D
SSC_CGL_Tier_1_Question_Paper_2025_45_Shifts_15th_Sep_2025_Shift_1_EN.pdf,11,1,,,,B
SSC_CGL_Tier_1_Question_Paper_2025_45_Shifts_15th_Sep_2025_Shift_1_EN.pdf,12,1,,,,C
SSC_CGL_Tier_1_Question_Paper_2025_45_Shifts_15th_Sep_2025_Shift_1_EN.pdf,13,1,,,,A
SSC_CGL_Tier_1_Question_Paper_2025_45_Shifts_15th_Sep_2025_Shift_1_EN.pdf,14,1,,,,A
SSC_CGL_Tier_1_Question_Paper_2025_45_Shifts_15th_Sep_2025_Shift_1_EN.pdf,15,1,,,,A
SSC_CGL_Tier_1_Question_Paper_2025_45_Shifts_15th_Sep_2025_Shift_1_EN.pdf,16,1,,,,B
SSC_CGL_Tier_1_Question_Paper_2025_45_Shifts_15th_Sep_2025_Shift_1_EN.pdf,17,1,,,,D
SSC_CGL_Tier_1_Question_Paper_2025_45_Shifts_15th_Sep_2025_Shift_1_EN.pdf,18,1,,,,B
SSC_CGL_Tier_1_Question_Paper_2025_45_Shifts_15th_Sep_2025_Shift_1_EN.pdf,19,1,,,,A
SSC_CGL_Tier_1_Question_Paper_2025_45_Shifts_15th_Sep_2025_Shift_1_EN.pdf,20,1,,,,D
SSC_CGL_Tier_1_Question_Paper_2025_45_Shifts_15th_Sep_2025_Shift_1_EN.pdf,21,1,,,,A
SSC_CGL_Tier_1_Question_Paper_2025_45_Shifts_15th_Sep_2025_Shift_1_EN.pdf,22,1,,,,B
SSC_CGL_Tier_1_Question_Paper_2025_45_Shifts_15th_Sep_2025_Shift_1_EN.pdf,23,1,,,,D
SSC_CGL_Tier_1_Question_Paper_2025_45_Shifts_15th_Sep_2025_Shift_1_EN.pdf,24,1,,,,C
SSC_CGL_Tier_1_Question_Paper_2025_45_Shifts_15th_Sep_2025_Shift_1_EN.pdf,25,1,,,,C
SSC_CGL_Tier_1_Question_Paper_2025_45_Shifts_15th_Sep_2025_Shift_1_EN.pdf,26,1,,,,A
SSC_CGL_Tier_1_Question_Paper_2025_45_Shifts_15th_Sep_2025_Shift_1_EN.pdf,27,1,,,,A
SSC_CGL_Tier_1_Question_Paper_2025_45_Shifts_15th_Sep_2025_Shift_1_EN.pdf,28,1,,,,B
SSC_CGL_Tier_1_Question_Paper_2025_45_Shifts_15th_Sep_2025_Shift_1_EN.pdf,29,1,,,,B
SSC_CGL_Tier_1_Question_Paper_2025_45_Shifts_15th_Sep_2025_Shift_1_EN.pdf,30,1,,,,A
SSC_CGL_Tier_1_Question_Paper_2025_45_Shifts_15th_Sep_2025_Shift_1_EN.pdf,31,1,,,,B
SSC_CGL_Tier_1_Question_Paper_2025_45_Shifts_15th_Sep_2025_Shift_1_EN.pdf,32,1,,,,A
SSC_CGL_Tier_1_Question_Paper_2025_45_Shifts_15th_Sep_2025_Shift_1_EN.pdf,33,1,,,,C
SSC_CGL_Tier_1_Question_Paper_2025_45_Shifts_15th_Sep_2025_Shift_1_EN.pdf,34,1,,,,B
SSC_CGL_Tier_1_Question_Paper_2025_45_Shifts_15th_Sep_2025_Shift_1_EN.pdf,35,1,,,,B
SSC_CGL_Tier_1_Question_Paper_2025_45_Shifts_15th_Sep_2025_Shift_1_EN.pdf,36,1,,,,B
SSC_CGL_Tier_1_Question_Paper_2025_45_Shifts_15th_Sep_2025_Shift_1_EN.pdf,37,1,,,,C
SSC_CGL_Tier_1_Question_Paper_2025_45_Shifts_15th_Sep_2025_Shift_1_EN.pdf,38,1,,,,C
SSC_CGL_Tier_1_Question_Paper_2025_45_Shifts_15th_Sep_2025_Shift_1_EN.pdf,39,1,,,,A
SSC_CGL_Tier_1_Question_Paper_2025_45_Shifts_15th_Sep_2025_Shift_1_EN.pdf,40,1,,,,C
SSC_CGL_Tier_1_Question_Paper_2025_45_Shifts_15th_Sep_2025_Shift_1_EN.pdf,41,1,,,,A
SSC_CGL_Tier_1_Question_Paper_2025_45_Shifts_15th_Sep_2025_Shift_1_EN.pdf,42,1,,,,B
SSC_CGL_Tier_1_Question_Paper_2025_45_Shifts_15th_Sep_2025_Shift_1_EN.pdf,43,1,,,,A
SSC_CGL_Tier_1_Question_Paper_2025_45_Shifts_15th_Sep_2025_Shift_1_EN.pdf,44,1,,,,C
SSC_CGL_Tier_1_Question_Paper_2025_45_Shifts_15th_Sep_2025_Shift_1_EN.pdf,45,1,,,,A
SSC_CGL_Tier_1_Question_Paper_2025_45_Shifts_15th_Sep_2025_Shift_1_EN.pdf,46,1,,,,C
SSC_CGL_Tier_1_Question_Paper_2025_45_Shifts_15th_Sep_2025_Shift_1_EN.pdf,47,1,,,,A
SSC_CGL_Tier_1_Question_Paper_2025_45_Shifts_15th_Sep_2025_Shift_1_EN.pdf,48,1,,,,B
SSC_CGL_Tier_1_Question_Paper_2025_45_Shifts_15th_Sep_2025_Shift_1_EN.pdf,49,1,,,,B
SSC_CGL_Tier_1_Question_Paper_2025_45_Shifts_15th_Sep_2025_Shift_1_EN.pdf,50,1,,,,A
SSC_CGL_Tier_1_Question_Paper_2025_45_Shifts_15th_Sep_2025_Shift_1_EN.pdf,51,1,,,,B
SSC_CGL_Tier_1_Question_Paper_2025_45_Shifts_15th_Sep_2025_Shift_1_EN.pdf,52,1,,,,B
SSC_CGL_Tier_1_Question_Paper_2025_45_Shifts_15th_Sep_2025_Shift_1_EN.pdf,53,1,,,,A
SSC_CGL_Tier_1_Question_Paper_2025_45_Shifts_15th_Sep_2025_Shift_1_EN.pdf,54,1,,,,A
SSC_CGL_Tier_1_Question_Paper_2025_45_Shifts_15th_Sep_2025_Shift_1_EN.pdf,55,1,,,,A
SSC_CGL_Tier_1_Question_Paper_2025_45_Shifts_15th_Sep_2025_Shift_1_EN.pdf,56,1,,,,C
SSC_CGL_Tier_1_Question_Paper_2025_45_Shifts_15th_Sep_2025_Shift_1_EN.pdf,57,1,,,,A
SSC_CGL_Tier_1_Question_Paper_2025_45_Shifts_15th_Sep_2025_Shift_1_EN.pdf,58,1,,,,D
SSC_CGL_Tier_1_Question_Paper_2025_45_Shifts_15th_Sep_2025_Shift_1_EN.pdf,59,1,,,,A
SSC_CGL_Tier_1_Question_Paper_2025_45_Shifts_15th_Sep_2025_Shift_1_EN.pdf,60,1,,,,D
SSC_CGL_Tier_1_Question_Paper_2025_45_Shifts_15th_Sep_2025_Shift_1_EN.pdf,61,1,,,,A
SSC_CGL_Tier_1_Question_Paper_2025_45_Shifts_15th_Sep_2025_Shift_1_EN.pdf,62,1,,,,A
SSC_CGL_Tier_1_Question_Paper_2025_45_Shifts_15th_Sep_2025_Shift_1_EN.pdf,63,1,,,,A
SSC_CGL_Tier_1_Question_Paper_2025_45_Shifts_15th_Sep_2025_Shift_1_EN.pdf,64,1,,,,B
SSC_CGL_Tier_1_Question_Paper_2025_45_Shifts_15th_Sep_2025_Shift_1_EN.pdf,65,1,,,,A
SSC_CGL_Tier_1_Question_Paper_2025_45_Shifts_15th_Sep_2025_Shift_1_EN.pdf,66,1,,,,B
SSC_CGL_Tier_1_Question_Paper_2025_45_Shifts_15th_Sep_2025_Shift_1_EN.pdf,67,1,,,,A
SSC_CGL_Tier_1_Question_Paper_2025_45_Shifts_15th_Sep_2025_Shift_1_EN.pdf,68,1,,,,A
SSC_CGL_Tier_1_Question_Paper_2025_45_Shifts_15th_Sep_2025_Shift_1_EN.pdf,69,1,,,,B
SSC_CGL_Tier_1_Question_Paper_2025_45_Shifts_15th_Sep_2025_Shift_1_EN.pdf,70,1,,,,B
SSC_CGL_Tier_1_Question_Paper_2025_45_Shifts_15th_Sep_2025_Shift_1_EN.pdf,71,1,,,,B
SSC_CGL_Tier_1_Question_Paper_2025_45_Shifts_15th_Sep_2025_Shift_1_EN.pdf,72,1,,,,C
SSC_CGL_Tier_1_Question_Paper_2025_45_Shifts_15th_Sep_2025_Shift_1_EN.pdf,73,1,,,,B
SSC_CGL_Tier_1_Question_Paper_2025_45_Shifts_15th_Sep_2025_Shift_1_EN.pdf,74,1,,,,C
SSC_CGL_Tier_1_Question_Paper_2025_45_Shifts_15th_Sep_2025_Shift_1_EN.pdf,75,1,,,,A
SSC_CGL_Tier_1_Question_Paper_2025_45_Shifts_15th_Sep_2025_Shift_1_EN.pdf,76,1,,,,B
SSC_CGL_Tier_1_Question_Paper_2025_45_Shifts_15th_Sep_2025_Shift_1_EN.pdf,77,1,,,,B
SSC_CGL_Tier_1_Question_Paper_2025_45_Shifts_15th_Sep_2025_Shift_1_EN.pdf,78,1,,,,D
SSC_CGL_Tier_1_Question_Paper_2025_45_Shifts_15th_Sep_2025_Shift_1_EN.pdf,79,1,,,,B
SSC_CGL_Tier_1_Question_Paper_2025_45_Shifts_15th_Sep_2025_Shift_1_EN.pdf,80,1,,,,A
SSC_CGL_Tier_1_Question_Paper_2025_45_Shifts_15th_Sep_2025_Shift_1_EN.pdf,81,1,,,,C
SSC_CGL_Tier_1_Question_Paper_2025_45_Shifts_15th_Sep_2025_Shift_1_EN.pdf,82,1,,,,C
SSC_CGL_Tier_1_Question_Paper_2025_45_Shifts_15th_Sep_2025_Shift_1_EN.pdf,83,1,,,,B
SSC_CGL_Tier_1_Question_Paper_2025_45_Shifts_15th_Sep_2025_Shift_1_EN.pdf,84,1,,,,B
SSC_CGL_Tier_1_Question_Paper_2025_45_Shifts_15th_Sep_2025_Shift_1_EN.pdf,85,1,,,,B
SSC_CGL_Tier_1_Question_Paper_2025_45_Shifts_15th_Sep_2025_Shift_1_EN.pdf,86,1,,,,B
SSC_CGL_Tier_1_Question_Paper_2025_45_Shifts_15th_Sep_2025_Shift_1_EN.pdf,87,1,,,,C
SSC_CGL_Tier_1_Question_Paper_2025_45_Shifts_15th_Sep_2025_Shift_1_EN.pdf,88,1,,,,A
SSC_CGL_Tier_1_Question_Paper_2025_45_Shifts_15th_Sep_2025_Shift_1_EN.pdf,89,1,,,,A
SSC_CGL_Tier_1_Question_Paper_2025_45_Shifts_15th_Sep_2025_Shift_1_EN.pdf,90,1,,,,A
SSC_CGL_Tier_1_Question_Paper_2025_45_Shifts_15th_Sep_2025_Shift_1_EN.pdf,91,1,,,,C
SSC_CGL_Tier_1_Question_Paper_2025_45_Shifts_15th_Sep_2025_Shift_1_EN.pdf,92,1,,,,B
SSC_CGL_Tier_1_Question_Paper_2025_45_Shifts_15th_Sep_2025_Shift_1_EN.pdf,93,1,,,,C
SSC_CGL_Tier_1_Question_Paper_2025_45_Shifts_15th_Sep_2025_Shift_1_EN.pdf,94,1,,,,A
SSC_CGL_Tier_1_Question_Paper_2025_45_Shifts_15th_Sep_2025_Shift_1_EN.pdf,95,1,,,,B
SSC_CGL_Tier_1_Question_Paper_2025_45_Shifts_15th_Sep_2025_Shift_1_EN.pdf,96,1,,,,D
SSC_CGL_Tier_1_Question_Paper_2025_45_Shifts_15th_Sep_2025_Shift_1_EN.pdf,97,1,,,,D
SSC_CGL_Tier_1_Question_Paper_2025_45_Shifts_15th_Sep_2025_Shift_1_EN.pdf,98,1,,,,A
SSC_CGL_Tier_1_Question_Paper_2025_45_Shifts_15th_Sep_2025_Shift_1_EN.pdf,99,1,,,,D
SSC_CGL_Tier_1_Question_Paper_2025_45_Shifts_15th_Sep_2025_Shift_1_EN.pdf,100,1,,,,B
SSC_CGL_Tier_1_Question_Paper_2025_45_Shifts_15th_Sep_2025_Shift_2_EN.pdf,1,1,,,,D
SSC_CGL_Tier_1_Question_Paper_2025_45_Shifts_15th_Sep_2025_Shift_2_EN.pdf,2,1,,,,B
SSC_CGL_Tier_1_Question_Paper_2025_45_Shifts_15th_Sep_2025_Shift_2_EN.pdf,3,1,,,,D
SSC_CGL_Tier_1_Question_Paper_2025_45_Shifts_15th_Sep_2025_Shift_2_EN.pdf,4,1,,,,A
SSC_CGL_Tier_1_Question_Paper_2025_45_Shifts_15th_Sep_2025_Shift_2_EN.pdf,5,1,,,,B
SSC_CGL_Tier_1_Question_Paper_2025_45_Shifts_15th_Sep_2025_Shift_2_EN.pdf,6,1,,,,A
SSC_CGL_Tier_1_Question_Paper_2025_45_Shifts_15th_Sep_2025_Shift_2_EN.pdf,7,1,,,,A
SSC_CGL_Tier_1_Question_Paper_2025_45_Shifts_15th_Sep_2025_Shift_2_EN.pdf,8,1,,,,B
SSC_CGL_Tier_1_Question_Paper_2025_45_Shifts_15th_Sep_2025_Shift_2_EN.pdf,9,1,,,,A
SSC_CGL_Tier_1_Question_Paper_2025_45_Shifts_15th_Sep_2025_Shift_2_EN.pdf,10,1,,,,A
SSC_CGL_Tier_1_Question_Paper_2025_45_Shifts_15th_Sep_2025_Shift_2_EN.pdf,11,1,,,,C
SSC_CGL_Tier_1_Question_Paper_2025_45_Shifts_15th_Sep_2025_Shift_2_EN.pdf,12,1,,,,C
SSC_CGL_Tier_1_Question_Paper_2025_45_Shifts_15th_Sep_2025_Shift_2_EN.pdf,13,1,,,,A
SSC_CGL_Tier_1_Question_Paper_2025_45_Shifts_15th_Sep_2025_Shift_2_EN.pdf,14,1,,,,C
SSC_CGL_Tier_1_Question_Paper_2025_45_Shifts_15th_Sep_2025_Shift_2_EN.pdf,15,1,,,,D
SSC_CGL_Tier_1_Question_Paper_2025_45_Shifts_15th_Sep_2025_Shift_2_EN.pdf,16,1,,,,D
SSC_CGL_Tier_1_Question_Paper_2025_45_Shifts_15th_Sep_2025_Shift_2_EN.pdf,17,1,,,,C
SSC_CGL_Tier_1_Question_Paper_2025_45_Shifts_15th_Sep_2025_Shift_2_EN.pdf,18,1,,,,D
SSC_CGL_Tier_1_Question_Paper_2025_45_Shifts_15th_Sep_2025_Shift_2_EN.pdf,19,1,,,,B
SSC_CGL_Tier_1_Question_Paper_2025_45_Shifts_15th_Sep_2025_Shift_2_EN.pdf,20,1,,,,B
SSC_CGL_Tier_1_Question_Paper_2025_45_Shifts_15th_Sep_2025_Shift_2_EN.pdf,21,1,,,,C
SSC_CGL_Tier_1_Question_Paper_2025_45_Shifts_15th_Sep_2025_Shift_2_EN.pdf,22,1,,,,D
SSC_CGL_Tier_1_Question_Paper_2025_45_Shifts_15th_Sep_2025_Shift_2_EN.pdf,23,1,,,,A
SSC_CGL_Tier_1_Question_Paper_2025_45_Shifts_15th_Sep_2025_Shift_2_EN.pdf,24,1,,,,B
SSC_CGL_Tier_1_Question_Paper_2025_45_Shifts_15th_Sep_2025_Shift_2_EN.pdf,25,1,,,,A
SSC_CGL_Tier_1_Question_Paper_2025_45_Shifts_15th_Sep_2025_Shift_2_EN.pdf,26,1,,,,B
SSC_CGL_Tier_1_Question_Paper_2025_45_Shifts_15th_Sep_2025_Shift_2_EN.pdf,27,1,,,,C
SSC_CGL_Tier_1_Question_Paper_2025_45_Shifts_15th_Sep_2025_Shift_2_EN.pdf,28,1,,,,B
SSC_CGL_Tier_1_Question_Paper_2025_45_Shifts_15th_Sep_2025_Shift_2_EN.pdf,29,1,,,,B
SSC_CGL_Tier_1_Question_Paper_2025_45_Shifts_15th_Sep_2025_Shift_2_EN.pdf,30,1,,,,A
SSC_CGL_Tier_1_Question_Paper_2025_45_Shifts_15th_Sep_2025_Shift_2_EN.pdf,31,1,,,,C
SSC_CGL_Tier_1_Question_Paper_2025_45_Shifts_15th_Sep_2025_Shift_2_EN.pdf,32,1,,,,B
SSC_CGL_Tier_1_Question_Paper_2025_45_Shifts_15th_Sep_2025_Shift_2_EN.pdf,33,1,,,,C
SSC_CGL_Tier_1_Question_Paper_2025_45_Shifts_15th_Sep_2025_Shift_2_EN.pdf,34,1,,,,B
SSC_CGL_Tier_1_Question_Paper_2025_45_Shifts_15th_Sep_2025_Shift_2_EN.pdf,35,1,,,,A
SSC_CGL_Tier_1_Question_Paper_2025_45_Shifts_15th_Sep_2025_Shift_2_EN.pdf,36,1,,,,C
SSC_CGL_Tier_1_Question_Paper_2025_45_Shifts_15th_Sep_2025_Shift_2_EN.pdf,37,1,,,,C
SSC_CGL_Tier_1_Question_Paper_2025_45_Shifts_15th_Sep_2025_Shift_2_EN.pdf,38,1,,,,A
SSC_CGL_Tier_1_Question_Paper_2025_45_Shifts_15th_Sep_2025_Shift_2_EN.pdf,39,1,,,,C
SSC_CGL_Tier_1_Question_Paper_2025_45_Shifts_15th_Sep_2025_Shift_2_EN.pdf,40,1,,,,A
SSC_CGL_Tier_1_Question_Paper_2025_45_Shifts_15th_Sep_2025_Shift_2_EN.pdf,41,1,,,,C
SSC_CGL_Tier_1_Question_Paper_2025_45_Shifts_15th_Sep_2025_Shift_2_EN.pdf,42,1,,,,B
SSC_CGL_Tier_1_Question_Paper_2025_45_Shifts_15th_Sep_2025_Shift_2_EN.pdf,43,1,,,,A
SSC_CGL_Tier_1_Question_Paper_2025_45_Shifts_15th_Sep_2025_Shift_2_EN.pdf,44,1,,,,C
SSC_CGL_Tier_1_Question_Paper_2025_45_Shifts_15th_Sep_2025_Shift_2_EN.pdf,45,1,,,,B
SSC_CGL_Tier_1_Question_Paper_2025_45_Shifts_15th_Sep_2025_Shift_2_EN.pdf,46,1,,,,B
SSC_CGL_Tier_1_Question_Paper_2025_45_Shifts_15th_Sep_2025_Shift_2_EN.pdf,47,1,,,,B
SSC_CGL_Tier_1_Question_Paper_2025_45_Shifts_15th_Sep_2025_Shift_2_EN.pdf,48,1,,,,B
SSC_CGL_Tier_1_Question_Paper_2025_45_Shifts_15th_Sep_2025_Shift_2_EN.pdf,49,1,,,,A
SSC_CGL_Tier_1_Question_Paper_2025_45_Shifts_15th_Sep_2025_Shift_2_EN.pdf,50,1,,,,B
SSC_CGL_Tier_1_Question_Paper_2025_45_Shifts_15th_Sep_2025_Shift_2_EN.pdf,51,1,,,,D
SSC_CGL_Tier_1_Question_Paper_2025_45_Shifts_15th_Sep_2025_Shift_2_EN.pdf,52,1,,,,A
SSC_CGL_Tier_1_Question_Paper_2025_45_Shifts_15th_Sep_2025_Shift_2_EN.pdf,53,1,,,,B
SSC_CGL_Tier_1_Question_Paper_2025_45_Shifts_15th_Sep_2025_Shift_2_EN.pdf,54,1,,,,A
SSC_CGL_Tier_1_Question_Paper_2025_45_Shifts_15th_Sep_2025_Shift_2_EN.pdf,55,1,,,,C
SSC_CGL_Tier_1_Question_Paper_2025_45_Shifts_15th_Sep_2025_Shift_2_EN.pdf,56,1,,,,B
SSC_CGL_Tier_1_Question_Paper_2025_45_Shifts_15th_Sep_2025_Shift_2_EN.pdf,57,1,,,,B
SSC_CGL_Tier_1_Question_Paper_2025_45_Shifts_15th_Sep_2025_Shift_2_EN.pdf,58,1,,,,B
SSC_CGL_Tier_1_Question_Paper_2025_45_Shifts_15th_Sep_2025_Shift_2_EN.pdf,59,1,,,,A
SSC_CGL_Tier_1_Question_Paper_2025_45_Shifts_15th_Sep_2025_Shift_2_EN.pdf,60,1,,,,A
SSC_CGL_Tier_1_Question_Paper_2025_45_Shifts_15th_Sep_2025_Shift_2_EN.pdf,61,1,,,,A
SSC_CGL_Tier_1_Question_Paper_2025_45_Shifts_15th_Sep_2025_Shift_2_EN.pdf,62,1,,,,C
SSC_CGL_Tier_1_Question_Paper_2025_45_Shifts_15th_Sep_2025_Shift_2_EN.pdf,63,1,,,,C
SSC_CGL_Tier_1_Question_Paper_2025_45_Shifts_15th_Sep_2025_Shift_2_EN.pdf,64,1,,,,C
SSC_CGL_Tier_1_Question_Paper_2025_45_Shifts_15th_Sep_2025_Shift_2_EN.pdf,65,1,,,,A
SSC_CGL_Tier_1_Question_Paper_2025_45_Shifts_15th_Sep_2025_Shift_2_EN.pdf,66,1,,,,C
SSC_CGL_Tier_1_Question_Paper_2025_45_Shifts_15th_Sep_2025_Shift_2_EN.pdf,67,1,,,,A
SSC_CGL_Tier_1_Question_Paper_2025_45_Shifts_15th_Sep_2025_Shift_2_EN.pdf,68,1,,,,B
SSC_CGL_Tier_1_Question_Paper_2025_45_Shifts_15th_Sep_2025_Shift_2_EN.pdf,69,1,,,,C
SSC_CGL_Tier_1_Question_Paper_2025_45_Shifts_15th_Sep_2025_Shift_2_EN.pdf,70,1,,,,B
SSC_CGL_Tier_1_Question_Paper_2025_45_Shifts_15th_Sep_2025_Shift_2_EN.pdf,71,1,,,,B
SSC_CGL_Tier_1_Question_Paper_2025_45_Shifts_15th_Sep_2025_Shift_2_EN.pdf,72,1,,,,C
SSC_CGL_Tier_1_Question_Paper_2025_45_Shifts_15th_Sep_2025_Shift_2_EN.pdf,73,1,,,,C
SSC_CGL_Tier_1_Question_Paper_2025_45_Shifts_15th_Sep_2025_Shift_2_EN.pdf,74,1,,,,D
SSC_CGL_Tier_1_Question_Paper_2025_45_Shifts_15th_Sep_2025_Shift_2_EN.pdf,75,1,,,,A
SSC_CGL_Tier_1_Question_Paper_2025_45_Shifts_15th_Sep_2025_Shift_2_EN.pdf,76,1,,,,D
SSC_CGL_Tier_1_Question_Paper_2025_45_Shifts_15th_Sep_2025_Shift_2_EN.pdf,77,1,,,,B
SSC_CGL_Tier_1_Question_Paper_2025_45_Shifts_15th_Sep_2025_Shift_2_EN.pdf,78,1,,,,A
SSC_CGL_Tier_1_Question_Paper_2025_45_Shifts_15th_Sep_2025_Shift_2_EN.pdf,79,1,,,,A
SSC_CGL_Tier_1_Question_Paper_2025_45_Shifts_15th_Sep_2025_Shift_2_EN.pdf,80,1,,,,A
SSC_CGL_Tier_1_Question_Paper_2025_45_Shifts_15th_Sep_2025_Shift_2_EN.pdf,81,1,,,,B
SSC_CGL_Tier_1_Question_Paper_2025_45_Shifts_15th_Sep_2025_Shift_2_EN.pdf,82,1,,,,B
SSC_CGL_Tier_1_Question_Paper_2025_45_Shifts_15th_Sep_2025_Shift_2_EN.pdf,83,1,,,,A
SSC_CGL_Tier_1_Question_Paper_2025_45_Shifts_15th_Sep_2025_Shift_2_EN.pdf,84,1,,,,A
SSC_CGL_Tier_1_Question_Paper_2025_45_Shifts_15th_Sep_2025_Shift_2_EN.pdf,85,1,,,,C
SSC_CGL_Tier_1_Question_Paper_2025_45_Shifts_15th_Sep_2025_Shift_2_EN.pdf,86,1,,,,C
SSC_CGL_Tier_1_Question_Paper_2025_45_Shifts_15th_Sep_2025_Shift_2_EN.pdf,87,1,,,,A
SSC_CGL_Tier_1_Question_Paper_2025_45_Shifts_15th_Sep_2025_Shift_2_EN.pdf,88,1,,,,B
SSC_CGL_Tier_1_Question_Paper_2025_45_Shifts_15th_Sep_2025_Shift_2_EN.pdf,89,1,,,,A
SSC_CGL_Tier_1_Question_Paper_2025_45_Shifts_15th_Sep_2025_Shift_2_EN.pdf,90,1,,,,B
SSC_CGL_Tier_1_Question_Paper_2025_45_Shifts_15th_Sep_2025_Shift_2_EN.pdf,91,1,,,,B
SSC_CGL_Tier_1_Question_Paper_2025_45_Shifts_15th_Sep_2025_Shift_2_EN.pdf,92,1,,,,C
SSC_CGL_Tier_1_Question_Paper_2025_45_Shifts_15th_Sep_2025_Shift_2_EN.pdf,93,1,,,,B
SSC_CGL_Tier_1_Question_Paper_2025_45_Shifts_15th_Sep_2025_Shift_2_EN.pdf,94,1,,,,B
SSC_CGL_Tier_1_Question_Paper_2025_45_Shifts_15th_Sep_2025_Shift_2_EN.pdf,95,1,,,,C
SSC_CGL_Tier_1_Question_Paper_2025_45_Shifts_15th_Sep_2025_Shift_2_EN.pdf,96,1,,,,C
SSC_CGL_Tier_1_Question_Paper_2025_45_Shifts_15th_Sep_2025_Shift_2_EN.pdf,97,1,,,,D
SSC_CGL_Tier_1_Question_Paper_2025_45_Shifts_15th_Sep_2025_Shift_2_EN.pdf,98,1,,,,A
SSC_CGL_Tier_1_Question_Paper_2025_45_Shifts_15th_Sep_2025_Shift_2_EN.pdf,99,1,,,,C
SSC_CGL_Tier_1_Question_Paper_2025_45_Shifts_15th_Sep_2025_Shift_2_EN.pdf,100,1,,,,A
SSC_CGL_Tier_1_Question_Paper_2025_45_Shifts_15th_Sep_2025_Shift_3_EN.pdf,1,1,,,,A
SSC_CGL_Tier_1_Question_Paper_2025_45_Shifts_15th_Sep_2025_Shift_3_EN.pdf,2,1,,,,C
SSC_CGL_Tier_1_Question_Paper_2025_45_Shifts_15th_Sep_2025_Shift_3_EN.pdf,3,1,,,,B
SSC_CGL_Tier_1_Question_Paper_2025_45_Shifts_15th_Sep_2025_Shift_3_EN.pdf,4,1,,,,A
SSC_CGL_Tier_1_Question_Paper_2025_45_Shifts_15th_Sep_2025_Shift_3_EN.pdf,5,1,,,,D
SSC_CGL_Tier_1_Question_Paper_2025_45_Shifts_15th_Sep_2025_Shift_3_EN.pdf,6,1,,,,A
SSC_CGL_Tier_1_Question_Paper_2025_45_Shifts_15th_Sep_2025_Shift_3_EN.pdf,7,1,,,,B
SSC_CGL_Tier_1_Question_Paper_2025_45_Shifts_15th_Sep_2025_Shift_3_EN.pdf,8,1,,,,D
SSC_CGL_Tier_1_Question_Paper_2025_45_Shifts_15th_Sep_2025_Shift_3_EN.pdf,9,1,,,,C
SSC_CGL_Tier_1_Question_Paper_2025_45_Shifts_15th_Sep_2025_Shift_3_EN.pdf,10,1,,,,C
SSC_CGL_Tier_1_Question_Paper_2025_45_Shifts_15th_Sep_2025_Shift_3_EN.pdf,11,1,,,,B
SSC_CGL_Tier_1_Question_Paper_2025_45_Shifts_15th_Sep_2025_Shift_3_EN.pdf,12,1,,,,C
SSC_CGL_Tier_1_Question_Paper_2025_45_Shifts_15th_Sep_2025_Shift_3_EN.pdf,13,1,,,,C
SSC_CGL_Tier_1_Question_Paper_2025_45_Shifts_15th_Sep_2025_Shift_3_EN.pdf,14,1,,,,A
SSC_CGL_Tier_1_Question_Paper_2025_45_Shifts_15th_Sep_2025_Shift_3_EN.pdf,15,1,,,,B
SSC_CGL_Tier_1_Question_Paper_2025_45_Shifts_15th_Sep_2025_Shift_3_EN.pdf,16,1,,,,D
SSC_CGL_Tier_1_Question_Paper_2025_45_Shifts_15th_Sep_2025_Shift_3_EN.pdf,17,1,,,,C
SSC_CGL_Tier_1_Question_Paper_2025_45_Shifts_15th_Sep_2025_Shift_3_EN.pdf,18,1,,,,C
SSC_CGL_Tier_1_Question_Paper_2025_45_Shifts_15th_Sep_2025_Shift_3_EN.pdf,19,1,,,,D
SSC_CGL_Tier_1_Question_Paper_2025_45_Shifts_15th_Sep_2025_Shift_3_EN.pdf,20,1,,,,A
SSC_CGL_Tier_1_Question_Paper_2025_45_Shifts_15th_Sep_2025_Shift_3_EN.pdf,21,1,,,,A
SSC_CGL_Tier_1_Question_Paper_2025_45_Shifts_15th_Sep_2025_Shift_3_EN.pdf,22,1,,,,C
SSC_CGL_Tier_1_Question_Paper_2025_45_Shifts_15th_Sep_2025_Shift_3_EN.pdf,23,1,,,,B
SSC_CGL_Tier_1_Question_Paper_2025_45_Shifts_15th_Sep_2025_Shift_3_EN.pdf,24,1,,,,C
SSC_CGL_Tier_1_Question_Paper_2025_45_Shifts_15th_Sep_2025_Shift_3_EN.pdf,25,1,,,,C
SSC_CGL_Tier_1_Question_Paper_2025_45_Shifts_15th_Sep_2025_Shift_3_EN.pdf,26,1,,,,B
SSC_CGL_Tier_1_Question_Paper_2025_45_Shifts_15th_Sep_2025_Shift_3_EN.pdf,27,1,,,,A
SSC_CGL_Tier_1_Question_Paper_2025_45_Shifts_15th_Sep_2025_Shift_3_EN.pdf,28,1,,,,C
SSC_CGL_Tier_1_Question_Paper_2025_45_Shifts_15th_Sep_2025_Shift_3_EN.pdf,29,1,,,,B
SSC_CGL_Tier_1_Question_Paper_2025_45_Shifts_15th_Sep_2025_Shift_3_EN.pdf,30,1,,,,C
SSC_CGL_Tier_1_Question_Paper_2025_45_Shifts_15th_Sep_2025_Shift_3_EN.pdf,31,1,,,,B
SSC_CGL_Tier_1_Question_Paper_2025_45_Shifts_15th_Sep_2025_Shift_3_EN.pdf,32,1,,,,C
SSC_CGL_Tier_1_Question_Paper_2025_45_Shifts_15th_Sep_2025_Shift_3_EN.pdf,33,1,,,,B
SSC_CGL_Tier_1_Question_Paper_2025_45_Shifts_15th_Sep_2025_Shift_3_EN.pdf,34,1,,,,B
SSC_CGL_Tier_1_Question_Paper_2025_45_Shifts_15th_Sep_2025_Shift_3_EN.pdf,35,1,,,,D
SSC_CGL_Tier_1_Question_Paper_2025_45_Shifts_15th_Sep_2025_Shift_3_EN.pdf,36,1,,,,B
SSC_CGL_Tier_1_Question_Paper_2025_45_Shifts_15th_Sep_2025_Shift_3_EN.pdf,37,1,,,,C
SSC_CGL_Tier_1_Question_Paper_2025_45_Shifts_15th_Sep_2025_Shift_3_EN.pdf,38,1,,,,C
SSC_CGL_Tier_1_Question_Paper_2025_45_Shifts_15th_Sep_2025_Shift_3_EN.pdf,39,1,,,,A
SSC_CGL_Tier_1_Question_Paper_2025_45_Shifts_15th_Sep_2025_Shift_3_EN.pdf,40,1,,,,D
SSC_CGL_Tier_1_Question_Paper_2025_45_Shifts_15th_Sep_2025_Shift_3_EN.pdf,41,1,,,,A
SSC_CGL_Tier_1_Question_Paper_2025_45_Shifts_15th_Sep_2025_Shift_3_EN.pdf,42,1,,,,B
SSC_CGL_Tier_1_Question_Paper_2025_45_Shifts_15th_Sep_2025_Shift_3_EN.pdf,43,1,,,,B
SSC_CGL_Tier_1_Question_Paper_2025_45_Shifts_15th_Sep_2025_Shift_3_EN.pdf,44,1,,,,B
SSC_CGL_Tier_1_Question_Paper_2025_45_Shifts_15th_Sep_2025_Shift_3_EN.pdf,45,1,,,,C
SSC_CGL_Tier_1_Question_Paper_2025_45_Shifts_15th_Sep_2025_Shift_3_EN.pdf,46,1,,,,A
SSC_CGL_Tier_1_Question_Paper_2025_45_Shifts_15th_Sep_2025_Shift_3_EN.pdf,47,1,,,,B
SSC_CGL_Tier_1_Question_Paper_2025_45_Shifts_15th_Sep_2025_Shift_3_EN.pdf,48,1,,,,B
SSC_CGL_Tier_1_Question_Paper_2025_45_Shifts_15th_Sep_2025_Shift_3_EN.pdf,49,1,,,,B
SSC_CGL_Tier_1_Question_Paper_2025_45_Shifts_15th_Sep_2025_Shift_3_EN.pdf,50,1,,,,C
SSC_CGL_Tier_1_Question_Paper_2025_45_Shifts_15th_Sep_2025_Shift_3_EN.pdf,51,1,,,,A
SSC_CGL_Tier_1_Question_Paper_2025_45_Shifts_15th_Sep_2025_Shift_3_EN.pdf,52,1,,,,A
SSC_CGL_Tier_1_Question_Paper_2025_45_Shifts_15th_Sep_2025_Shift_3_EN.pdf,53,1,,,,A
SSC_CGL_Tier_1_Question_Paper_2025_45_Shifts_15th_Sep_2025_Shift_3_EN.pdf,54,1,,,,B
SSC_CGL_Tier_1_Question_Paper_2025_45_Shifts_15th_Sep_2025_Shift_3_EN.pdf,55,1,,,,A
SSC_CGL_Tier_1_Question_Paper_2025_45_Shifts_15th_Sep_2025_Shift_3_EN.pdf,56,1,,,,C
SSC_CGL_Tier_1_Question_Paper_2025_45_Shifts_15th_Sep_2025_Shift_3_EN.pdf,57,1,,,,C
SSC_CGL_Tier_1_Question_Paper_2025_45_Shifts_15th_Sep_2025_Shift_3_EN.pdf,58,1,,,,C
SSC_CGL_Tier_1_Question_Paper_2025_45_Shifts_15th_Sep_2025_Shift_3_EN.pdf,59,1,,,,A
SSC_CGL_Tier_1_Question_Paper_2025_45_Shifts_15th_Sep_2025_Shift_3_EN.pdf,60,1,,,,C
SSC_CGL_Tier_1_Question_Paper_2025_45_Shifts_15th_Sep_2025_Shift_3_EN.pdf,61,1,,,,B
SSC_CGL_Tier_1_Question_Paper_2025_45_Shifts_15th_Sep_2025_Shift_3_EN.pdf,62,1,,,,C
SSC_CGL_Tier_1_Question_Paper_2025_45_Shifts_15th_Sep_2025_Shift_3_EN.pdf,63,1,,,,A
SSC_CGL_Tier_1_Question_Paper_2025_45_Shifts_15th_Sep_2025_Shift_3_EN.pdf,64,1,,,,C
SSC_CGL_Tier_1_Question_Paper_2025_45_Shifts_15th_Sep_2025_Shift_3_EN.pdf,65,1,,,,B
SSC_CGL_Tier_1_Question_Paper_2025_45_Shifts_15th_Sep_2025_Shift_3_EN.pdf,66,1,,,,C
SSC_CGL_Tier_1_Question_Paper_2025_45_Shifts_15th_Sep_2025_Shift_3_EN.pdf,67,1,,,,A
SSC_CGL_Tier_1_Question_Paper_2025_45_Shifts_15th_Sep_2025_Shift_3_EN.pdf,68,1,,,,B
SSC_CGL_Tier_1_Question_Paper_2025_45_Shifts_15th_Sep_2025_Shift_3_EN.pdf,69,1,,,,B
SSC_CGL_Tier_1_Question_Paper_2025_45_Shifts_15th_Sep_2025_Shift_3_EN.pdf,70,1,,,,A
SSC_CGL_Tier_1_Question_Paper_2025_45_Shifts_15th_Sep_2025_Shift_3_EN.pdf,71,1,,,,A
SSC_CGL_Tier_1_Question_Paper_2025_45_Shifts_15th_Sep_2025_Shift_3_EN.pdf,72,1,,,,A
SSC_CGL_Tier_1_Question_Paper_2025_45_Shifts_15th_Sep_2025_Shift_3_EN.pdf,73,1,,,,D
SSC_CGL_Tier_1_Question_Paper_2025_45_Shifts_15th_Sep_2025_Shift_3_EN.pdf,74,1,,,,A
SSC_CGL_Tier_1_Question_Paper_2025_45_Shifts_15th_Sep_2025_Shift_3_EN.pdf,75,1,,,,B
SSC_CGL_Tier_1_Question_Paper_2025_45_Shifts_15th_Sep_2025_Shift_3_EN.pdf,76,1,,,,A
SSC_CGL_Tier_1_Question_Paper_2025_45_Shifts_15th_Sep_2025_Shift_3_EN.pdf,77,1,,,,B
SSC_CGL_Tier_1_Question_Paper_2025_45_Shifts_15th_Sep_2025_Shift_3_EN.pdf,78,1,,,,B
SSC_CGL_Tier_1_Question_Paper_2025_45_Shifts_15th_Sep_2025_Shift_3_EN.pdf,79,1,,,,C
SSC_CGL_Tier_1_Question_Paper_2025_45_Shifts_15th_Sep_2025_Shift_3_EN.pdf,80,1,,,,D
SSC_CGL_Tier_1_Question_Paper_2025_45_Shifts_15th_Sep_2025_Shift_3_EN.pdf,81,1,,,,B
SSC_CGL_Tier_1_Question_Paper_2025_45_Shifts_15th_Sep_2025_Shift_3_EN.pdf,82,1,,,,B
SSC_CGL_Tier_1_Question_Paper_2025_45_Shifts_15th_Sep_2025_Shift_3_EN.pdf,83,1,,,,C
SSC_CGL_Tier_1_Question_Paper_2025_45_Shifts_15th_Sep_2025_Shift_3_EN.pdf,84,1,,,,B
SSC_CGL_Tier_1_Question_Paper_2025_45_Shifts_15th_Sep_2025_Shift_3_EN.pdf,85,1,,,,C
SSC_CGL_Tier_1_Question_Paper_2025_45_Shifts_15th_Sep_2025_Shift_3_EN.pdf,86,1,,,,B
SSC_CGL_Tier_1_Question_Paper_2025_45_Shifts_15th_Sep_2025_Shift_3_EN.pdf,87,1,,,,C
SSC_CGL_Tier_1_Question_Paper_2025_45_Shifts_15th_Sep_2025_Shift_3_EN.pdf,88,1,,,,A
SSC_CGL_Tier_1_Question_Paper_2025_45_Shifts_15th_Sep_2025_Shift_3_EN.pdf,89,1,,,,B
SSC_CGL_Tier_1_Question_Paper_2025_45_Shifts_15th_Sep_2025_Shift_3_EN.pdf,90,1,,,,A
SSC_CGL_Tier_1_Question_Paper_2025_45_Shifts_15th_Sep_2025_Shift_3_EN.pdf,91,1,,,,C
SSC_CGL_Tier_1_Question_Paper_2025_45_Shifts_15th_Sep_2025_Shift_3_EN.pdf,92,1,,,,B
SSC_CGL_Tier_1_Question_Paper_2025_45_Shifts_15th_Sep_2025_Shift_3_EN.pdf,93,1,,,,C
SSC_CGL_Tier_1_Question_Paper_2025_45_Shifts_15th_Sep_2025_Shift_3_EN.pdf,94,1,,,,B
SSC_CGL_Tier_1_Question_Paper_2025_45_Shifts_15th_Sep_2025_Shift_3_EN.pdf,95,1,,,,C
SSC_CGL_Tier_1_Question_Paper_2025_45_Shifts_15th_Sep_2025_Shift_3_EN.pdf,96,1,,,,D
SSC_CGL_Tier_1_Question_Paper_2025_45_Shifts_15th_Sep_2025_Shift_3_EN.pdf,97,1,,,,A
SSC_CGL_Tier_1_Question_Paper_2025_45_Shifts_15th_Sep_2025_Shift_3_EN.pdf,98,1,,,,B
SSC_CGL_Tier_1_Question_Paper_2025_45_Shifts_15th_Sep_2025_Shift_3_EN.pdf,99,1,,,,A
SSC_CGL_Tier_1_Question_Paper_2025_45_Shifts_15th_Sep_2025_Shift_3_EN.pdf,100,1,,,,A
SSC_CGL_Tier_1_Question_Paper_2025_45_Shifts_16th_Sep_2025_Shift_1_EN.pdf,1,1,,,,B
SSC_CGL_Tier_1_Question_Paper_2025_45_Shifts_16th_Sep_2025_Shift_1_EN.pdf,2,1,,,,A
SSC_CGL_Tier_1_Question_Paper_2025_45_Shifts_16th_Sep_2025_Shift_1_EN.pdf,3,1,,,,A
SSC_CGL_Tier_1_Question_Paper_2025_45_Shifts_16th_Sep_2025_Shift_1_EN.pdf,4,1,,,,D
SSC_CGL_Tier_1_Question_Paper_2025_45_Shifts_16th_Sep_2025_Shift_1_EN.pdf,5,1,,,,C
SSC_CGL_Tier_1_Question_Paper_2025_45_Shifts_16th_Sep_2025_Shift_1_EN.pdf,6,1,,,,B
SSC_CGL_Tier_1_Question_Paper_2025_45_Shifts_16th_Sep_2025_Shift_1_EN.pdf,7,1,,,,B
SSC_CGL_Tier_1_Question_Paper_2025_45_Shifts_16th_Sep_2025_Shift_1_EN.pdf,8,1,,,,C
SSC_CGL_Tier_1_Question_Paper_2025_45_Shifts_16th_Sep_2025_Shift_1_EN.pdf,9,1,,,,B
SSC_CGL_Tier_1_Question_Paper_2025_45_Shifts_16th_Sep_2025_Shift_1_EN.pdf,10,1,,,,A
SSC_CGL_Tier_1_Question_Paper_2025_45_Shifts_16th_Sep_2025_Shift_1_EN.pdf,11,1,,,,B
SSC_CGL_Tier_1_Question_Paper_2025_45_Shifts_16th_Sep_2025_Shift_1_EN.pdf,12,1,,,,A
SSC_CGL_Tier_1_Question_Paper_2025_45_Shifts_16th_Sep_2025_Shift_1_EN.pdf,13,1,,,,D
SSC_CGL_Tier_1_Question_Paper_2025_45_Shifts_16th_Sep_2025_Shift_1_EN.pdf,14,1,,,,D
SSC_CGL_Tier_1_Question_Paper_2025_45_Shifts_16th_Sep_2025_Shift_1_EN.pdf,15,1,,,,A
SSC_CGL_Tier_1_Question_Paper_2025_45_Shifts_16th_Sep_2025_Shift_1_EN.pdf,16,1,,,,D
SSC_CGL_Tier_1_Question_Paper_2025_45_Shifts_16th_Sep_2025_Shift_1_EN.pdf,17,1,,,,D
SSC_CGL_Tier_1_Question_Paper_2025_45_Shifts_16th_Sep_2025_Shift_1_EN.pdf,18,1,,,,B
SSC_CGL_Tier_1_Question_Paper_2025_45_Shifts_16th_Sep_2025_Shift_1_EN.pdf,19,1,,,,A
SSC_CGL_Tier_1_Question_Paper_2025_45_Shifts_16th_Sep_2025_Shift_1_EN.pdf,20,1,,,,A
SSC_CGL_Tier_1_Question_Paper_2025_45_Shifts_16th_Sep_2025_Shift_1_EN.pdf,21,1,,,,B
SSC_CGL_Tier_1_Question_Paper_2025_45_Shifts_16th_Sep_2025_Shift_1_EN.pdf,22,1,,,,C
SSC_CGL_Tier_1_Question_Paper_2025_45_Shifts_16th_Sep_2025_Shift_1_EN.pdf,23,1,,,,A
SSC_CGL_Tier_1_Question_Paper_2025_45_Shifts_16th_Sep_2025_Shift_1_EN.pdf,24,1,,,,C
SSC_CGL_Tier_1_Question_Paper_2025_45_Shifts_16th_Sep_2025_Shift_1_EN.pdf,25,1,,,,A
SSC_CGL_Tier_1_Question_Paper_2025_45_Shifts_16th_Sep_2025_Shift_1_EN.pdf,26,1,,,,C
SSC_CGL_Tier_1_Question_Paper_2025_45_Shifts_16th_Sep_2025_Shift_1_EN.pdf,27,1,,,,A
SSC_CGL_Tier_1_Question_Paper_2025_45_Shifts_16th_Sep_2025_Shift_1_EN.pdf,28,1,,,,C
SSC_CGL_Tier_1_Question_Paper_2025_45_Shifts_16th_Sep_2025_Shift_1_EN.pdf,29,1,,,,C
SSC_CGL_Tier_1_Question_Paper_2025_45_Shifts_16th_Sep_2025_Shift_1_EN.pdf,30,1,,,,A
SSC_CGL_Tier_1_Question_Paper_2025_45_Shifts_16th_Sep_2025_Shift_1_EN.pdf,31,1,,,,C
SSC_CGL_Tier_1_Question_Paper_2025_45_Shifts_16th_Sep_2025_Shift_1_EN.pdf,32,1,,,,C
SSC_CGL_Tier_1_Question_Paper_2025_45_Shifts_16th_Sep_2025_Shift_1_EN.pdf,33,1,,,,A
SSC_CGL_Tier_1_Question_Paper_2025_45_Shifts_16th_Sep_2025_Shift_1_EN.pdf,34,1,,,,C
SSC_CGL_Tier_1_Question_Paper_2025_45_Shifts_16th_Sep_2025_Shift_1_EN.pdf,35,1,,,,B
SSC_CGL_Tier_1_Question_Paper_2025_45_Shifts_16th_Sep_2025_Shift_1_EN.pdf,36,1,,,,B
SSC_CGL_Tier_1_Question_Paper_2025_45_Shifts_16th_Sep_2025_Shift_1_EN.pdf,37,1,,,,C
SSC_CGL_Tier_1_Question_Paper_2025_45_Shifts_16th_Sep_2025_Shift_1_EN.pdf,38,1,,,,C
SSC_CGL_Tier_1_Question_Paper_2025_45_Shifts_16th_Sep_2025_Shift_1_EN.pdf,39,1,,,,B
SSC_CGL_Tier_1_Question_Paper_2025_45_Shifts_16th_Sep_2025_Shift_1_EN.pdf,40,1,,,,C
SSC_CGL_Tier_1_Question_Paper_2025_45_Shifts_16th_Sep_2025_Shift_1_EN.pdf,41,1,,,,C
SSC_CGL_Tier_1_Question_Paper_2025_45_Shifts_16th_Sep_2025_Shift_1_EN.pdf,42,1,,,,C
SSC_CGL_Tier_1_Question_Paper_2025_45_Shifts_16th_Sep_2025_Shift_1_EN.pdf,43,1,,,,A
SSC_CGL_Tier_1_Question_Paper_2025_45_Shifts_16th_Sep_2025_Shift_1_EN.pdf,44,1,,,,A
SSC_CGL_Tier_1_Question_Paper_2025_45_Shifts_16th_Sep_2025_Shift_1_EN.pdf,45,1,,,,A
SSC_CGL_Tier_1_Question_Paper_2025_45_Shifts_16th_Sep_2025_Shift_1_EN.pdf,46,1,,,,A
SSC_CGL_Tier_1_Question_Paper_2025_45_Shifts_16th_Sep_2025_Shift_1_EN.pdf,47,1,,,,C
SSC_CGL_Tier_1_Question_Paper_2025_45_Shifts_16th_Sep_2025_Shift_1_EN.pdf,48,1,,,,C
SSC_CGL_Tier_1_Question_Paper_2025_45_Shifts_16th_Sep_2025_Shift_1_EN.pdf,49,1,,,,A
SSC_CGL_Tier_1_Question_Paper_2025_45_Shifts_16th_Sep_2025_Shift_1_EN.pdf,50,1,,,,B
SSC_CGL_Tier_1_Question_Paper_2025_45_Shifts_16th_Sep_2025_Shift_1_EN.pdf,51,1,,,,A
SSC_CGL_Tier_1_Question_Paper_2025_45_Shifts_16th_Sep_2025_Shift_1_EN.pdf,52,1,,,,A
SSC_CGL_Tier_1_Question_Paper_2025_45_Shifts_16th_Sep_2025_Shift_1_EN.pdf,53,1,,,,A
SSC_CGL_Tier_1_Question_Paper_2025_45_Shifts_16th_Sep_2025_Shift_1_EN.pdf,54,1,,,,C
SSC_CGL_Tier_1_Question_Paper_2025_45_Shifts_16th_Sep_2025_Shift_1_EN.pdf,55,1,,,,C
SSC_CGL_Tier_1_Question_Paper_2025_45_Shifts_16th_Sep_2025_Shift_1_EN.pdf,56,1,,,,B
SSC_CGL_Tier_1_Question_Paper_2025_45_Shifts_16th_Sep_2025_Shift_1_EN.pdf,57,1,,,,D
SSC_CGL_Tier_1_Question_Paper_2025_45_Shifts_16th_Sep_2025_Shift_1_EN.pdf,58,1,,,,B
SSC_CGL_Tier_1_Question_Paper_2025_45_Shifts_16th_Sep_2025_Shift_1_EN.pdf,59,1,,,,B
SSC_CGL_Tier_1_Question_Paper_2025_45_Shifts_16th_Sep_2025_Shift_1_EN.pdf,60,1,,,,B
SSC_CGL_Tier_1_Question_Paper_2025_45_Shifts_16th_Sep_2025_Shift_1_EN.pdf,61,1,,,,A
SSC_CGL_Tier_1_Question_Paper_2025_45_Shifts_16th_Sep_2025_Shift_1_EN.pdf,62,1,,,,D
SSC_CGL_Tier_1_Question_Paper_2025_45_Shifts_16th_Sep_2025_Shift_1_EN.pdf,63,1,,,,B
SSC_CGL_Tier_1_Question_Paper_2025_45_Shifts_16th_Sep_2025_Shift_1_EN.pdf,64,1,,,,A
SSC_CGL_Tier_1_Question_Paper_2025_45_Shifts_16th_Sep_2025_Shift_1_EN.pdf,65,1,,,,B
SSC_CGL_Tier_1_Question_Paper_2025_45_Shifts_16th_Sep_2025_Shift_1_EN.pdf,66,1,,,,A
SSC_CGL_Tier_1_Question_Paper_2025_45_Shifts_16th_Sep_2025_Shift_1_EN.pdf,67,1,,,,A
SSC_CGL_Tier_1_Question_Paper_2025_45_Shifts_16th_Sep_2025_Shift_1_EN.pdf,68,1,,,,D
SSC_CGL_Tier_1_Question_Paper_2025_45_Shifts_16th_Sep_2025_Shift_1_EN.pdf,69,1,,,,D
SSC_CGL_Tier_1_Question_Paper_2025_45_Shifts_16th_Sep_2025_Shift_1_EN.pdf,70,1,,,,C
SSC_CGL_Tier_1_Question_Paper_2025_45_Shifts_16th_Sep_2025_Shift_1_EN.pdf,71,1,,,,C
SSC_CGL_Tier_1_Question_Paper_2025_45_Shifts_16th_Sep_2025_Shift_1_EN.pdf,72,1,,,,A
SSC_CGL_Tier_1_Question_Paper_2025_45_Shifts_16th_Sep_2025_Shift_1_EN.pdf,73,1,,,,B
SSC_CGL_Tier_1_Question_Paper_2025_45_Shifts_16th_Sep_2025_Shift_1_EN.pdf,74,1,,,,A
SSC_CGL_Tier_1_Question_Paper_2025_45_Shifts_16th_Sep_2025_Shift_1_EN.pdf,75,1,,,,D
SSC_CGL_Tier_1_Question_Paper_2025_45_Shifts_16th_Sep_2025_Shift_1_EN.pdf,76,1,,,,C
SSC_CGL_Tier_1_Question_Paper_2025_45_Shifts_16th_Sep_2025_Shift_1_EN.pdf,77,1,,,,D
SSC_CGL_Tier_1_Question_Paper_2025_45_Shifts_16th_Sep_2025_Shift_1_EN.pdf,78,1,,,,C
SSC_CGL_Tier_1_Question_Paper_2025_45_Shifts_16th_Sep_2025_Shift_1_EN.pdf,79,1,,,,C
SSC_CGL_Tier_1_Question_Paper_2025_45_Shifts_16th_Sep_2025_Shift_1_EN.pdf,80,1,,,,A
SSC_CGL_Tier_1_Question_Paper_2025_45_Shifts_16th_Sep_2025_Shift_1_EN.pdf,81,1,,,,A
SSC_CGL_Tier_1_Question_Paper_2025_45_Shifts_16th_Sep_2025_Shift_1_EN.pdf,82,1,,,,C
SSC_CGL_Tier_1_Question_Paper_2025_45_Shifts_16th_Sep_2025_Shift_1_EN.pdf,83,1,,,,C
SSC_CGL_Tier_1_Question_Paper_2025_45_Shifts_16th_Sep_2025_Shift_1_EN.pdf,84,1,,,,B
SSC_CGL_Tier_1_Question_Paper_2025_45_Shifts_16th_Sep_2025_Shift_1_EN.pdf,85,1,,,,C
SSC_CGL_Tier_1_Question_Paper_2025_45_Shifts_16th_Sep_2025_Shift_1_EN.pdf,86,1,,,,C
SSC_CGL_Tier_1_Question_Paper_2025_45_Shifts_16th_Sep_2025_Shift_1_EN.pdf,87,1,,,,B
SSC_CGL_Tier_1_Question_Paper_2025_45_Shifts_16th_Sep_2025_Shift_1_EN.pdf,88,1,,,,B
SSC_CGL_Tier_1_Question_Paper_2025_45_Shifts_16th_Sep_2025_Shift_1_EN.pdf,89,1,,,,B
SSC_CGL_Tier_1_Question_Paper_2025_45_Shifts_16th_Sep_2025_Shift_1_EN.pdf,90,1,,,,C
SSC_CGL_Tier_1_Question_Paper_2025_45_Shifts_16th_Sep_2025_Shift_1_EN.pdf,91,1,,,,A
SSC_CGL_Tier_1_Question_Paper_2025_45_Shifts_16th_Sep_2025_Shift_1_EN.pdf,92,1,,,,B
SSC_CGL_Tier_1_Question_Paper_2025_45_Shifts_16th_Sep_2025_Shift_1_EN.pdf,93,1,,,,B
SSC_CGL_Tier_1_Question_Paper_2025_45_Shifts_16th_Sep_2025_Shift_1_EN.pdf,94,1,,,,A
SSC_CGL_Tier_1_Question_Paper_2025_45_Shifts_16th_Sep_2025_Shift_1_EN.pdf,95,1,,,,B
SSC_CGL_Tier_1_Question_Paper_2025_45_Shifts_16th_Sep_2025_Shift_1_EN.pdf,96,1,,,,A
SSC_CGL_Tier_1_Question_Paper_2025_45_Shifts_16th_Sep_2025_Shift_1_EN.pdf,97,1,,,,C
SSC_CGL_Tier_1_Question_Paper_2025_45_Shifts_16th_Sep_2025_Shift_1_EN.pdf,98,1,,,,B
SSC_CGL_Tier_1_Question_Paper_2025_45_Shifts_16th_Sep_2025_Shift_1_EN.pdf,99,1,,,,A
SSC_CGL_Tier_1_Question_Paper_2025_45_Shifts_16th_Sep_2025_Shift_1_EN.pdf,100,1,,,,A
SSC_CGL_Tier_1_Question_Paper_2025_45_Shifts_16th_Sep_2025_Shift_2_EN.pdf,1,1,,,,B
SSC_CGL_Tier_1_Question_Paper_2025_45_Shifts_16th_Sep_2025_Shift_2_EN.pdf,2,1,,,,A
SSC_CGL_Tier_1_Question_Paper_2025_45_Shifts_16th_Sep_2025_Shift_2_EN.pdf,3,1,,,,C
SSC_CGL_Tier_1_Question_Paper_2025_45_Shifts_16th_Sep_2025_Shift_2_EN.pdf,4,1,,,,A
SSC_CGL_Tier_1_Question_Paper_2025_45_Shifts_16th_Sep_2025_Shift_2_EN.pdf,5,1,,,,C
SSC_CGL_Tier_1_Question_Paper_2025_45_Shifts_16th_Sep_2025_Shift_2_EN.pdf,6,1,,,,D
SSC_CGL_Tier_1_Question_Paper_2025_45_Shifts_16th_Sep_2025_Shift_2_EN.pdf,7,1,,,,D
SSC_CGL_Tier_1_Question_Paper_2025_45_Shifts_16th_Sep_2025_Shift_2_EN.pdf,8,1,,,,B
SSC_CGL_Tier_1_Question_Paper_2025_45_Shifts_16th_Sep_2025_Shift_2_EN.pdf,9,1,,,,A
SSC_CGL_Tier_1_Question_Paper_2025_45_Shifts_16th_Sep_2025_Shift_2_EN.pdf,10,1,,,,D
SSC_CGL_Tier_1_Question_Paper_2025_45_Shifts_16th_Sep_2025_Shift_2_EN.pdf,11,1,,,,B
SSC_CGL_Tier_1_Question_Paper_2025_45_Shifts_16th_Sep_2025_Shift_2_EN.pdf,12,1,,,,D
SSC_CGL_Tier_1_Question_Paper_2025_45_Shifts_16th_Sep_2025_Shift_2_EN.pdf,13,1,,,,B
SSC_CGL_Tier_1_Question_Paper_2025_45_Shifts_16th_Sep_2025_Shift_2_EN.pdf,14,1,,,,B
SSC_CGL_Tier_1_Question_Paper_2025_45_Shifts_16th_Sep_2025_Shift_2_EN.pdf,15,1,,,,B
SSC_CGL_Tier_1_Question_Paper_2025_45_Shifts_16th_Sep_2025_Shift_2_EN.pdf,16,1,,,,B
SSC_CGL_Tier_1_Question_Paper_2025_45_Shifts_16th_Sep_2025_Shift_2_EN.pdf,17,1,,,,A
SSC_CGL_Tier_1_Question_Paper_2025_45_Shifts_16th_Sep_2025_Shift_2_EN.pdf,18,1,,,,B
SSC_CGL_Tier_1_Question_Paper_2025_45_Shifts_16th_Sep_2025_Shift_2_EN.pdf,19,1,,,,A
SSC_CGL_Tier_1_Question_Paper_2025_45_Shifts_16th_Sep_2025_Shift_2_EN.pdf,20,1,,,,C
SSC_CGL_Tier_1_Question_Paper_2025_45_Shifts_16th_Sep_2025_Shift_2_EN.pdf,21,1,,,,B
SSC_CGL_Tier_1_Question_Paper_2025_45_Shifts_16th_Sep_2025_Shift_2_EN.pdf,22,1,,,,A
SSC_CGL_Tier_1_Question_Paper_2025_45_Shifts_16th_Sep_2025_Shift_2_EN.pdf,23,1,,,,B
SSC_CGL_Tier_1_Question_Paper_2025_45_Shifts_16th_Sep_2025_Shift_2_EN.pdf,24,1,,,,A
SSC_CGL_Tier_1_Question_Paper_2025_45_Shifts_16th_Sep_2025_Shift_2_EN.pdf,25,1,,,,D
SSC_CGL_Tier_1_Question_Paper_2025_45_Shifts_16th_Sep_2025_Shift_2_EN.pdf,26,1,,,,B
SSC_CGL_Tier_1_Question_Paper_2025_45_Shifts_16th_Sep_2025_Shift_2_EN.pdf,27,1,,,,A
SSC_CGL_Tier_1_Question_Paper_2025_45_Shifts_16th_Sep_2025_Shift_2_EN.pdf,28,1,,,,B
SSC_CGL_Tier_1_Question_Paper_2025_45_Shifts_16th_Sep_2025_Shift_2_EN.pdf,29,1,,,,B
SSC_CGL_Tier_1_Question_Paper_2025_45_Shifts_16th_Sep_2025_Shift_2_EN.pdf,30,1,,,,B
SSC_CGL_Tier_1_Question_Paper_2025_45_Shifts_16th_Sep_2025_Shift_2_EN.pdf,31,1,,,,B
SSC_CGL_Tier_1_Question_Paper_2025_45_Shifts_16th_Sep_2025_Shift_2_EN.pdf,32,1,,,,B
SSC_CGL_Tier_1_Question_Paper_2025_45_Shifts_16th_Sep_2025_Shift_2_EN.pdf,33,1,,,,C
SSC_CGL_Tier_1_Question_Paper_2025_45_Shifts_16th_Sep_2025_Shift_2_EN.pdf,34,1,,,,C
SSC_CGL_Tier_1_Question_Paper_2025_45_Shifts_16th_Sep_2025_Shift_2_EN.pdf,35,1,,,,A
SSC_CGL_Tier_1_Question_Paper_2025_45_Shifts_16th_Sep_2025_Shift_2_EN.pdf,36,1,,,,C
SSC_CGL_Tier_1_Question_Paper_2025_45_Shifts_16th_Sep_2025_Shift_2_EN.pdf,37,1,,,,B
SSC_CGL_Tier_1_Question_Paper_2025_45_Shifts_16th_Sep_2025_Shift_2_EN.pdf,38,1,,,,B
SSC_CGL_Tier_1_Question_Paper_2025_45_Shifts_16th_Sep_2025_Shift_2_EN.pdf,39,1,,,,C
SSC_CGL_Tier_1_Question_Paper_2025_45_Shifts_16th_Sep_2025_Shift_2_EN.pdf,40,1,,,,B
SSC_CGL_Tier_1_Question_Paper_2025_45_Shifts_16th_Sep_2025_Shift_2_EN.pdf,41,1,,,,A
SSC_CGL_Tier_1_Question_Paper_2025_45_Shifts_16th_Sep_2025_Shift_2_EN.pdf,42,1,,,,A
SSC_CGL_Tier_1_Question_Paper_2025_45_Shifts_16th_Sep_2025_Shift_2_EN.pdf,43,1,,,,B
SSC_CGL_Tier_1_Question_Paper_2025_45_Shifts_16th_Sep_2025_Shift_2_EN.pdf,44,1,,,,C
SSC_CGL_Tier_1_Question_Paper_2025_45_Shifts_16th_Sep_2025_Shift_2_EN.pdf,45,1,,,,B
SSC_CGL_Tier_1_Question_Paper_2025_45_Shifts_16th_Sep_2025_Shift_2_EN.pdf,46,1,,,,B
SSC_CGL_Tier_1_Question_Paper_2025_45_Shifts_16th_Sep_2025_Shift_2_EN.pdf,47,1,,,,B
SSC_CGL_Tier_1_Question_Paper_2025_45_Shifts_16th_Sep_2025_Shift_2_EN.pdf,48,1,,,,B
SSC_CGL_Tier_1_Question_Paper_2025_45_Shifts_16th_Sep_2025_Shift_2_EN.pdf,49,1,,,,C
SSC_CGL_Tier_1_Question_Paper_2025_45_Shifts_16th_Sep_2025_Shift_2_EN.pdf,50,1,,,,C
SSC_CGL_Tier_1_Question_Paper_2025_45_Shifts_16th_Sep_2025_Shift_2_EN.pdf,51,1,,,,D
SSC_CGL_Tier_1_Question_Paper_2025_45_Shifts_16th_Sep_2025_Shift_2_EN.pdf,52,1,,,,A
SSC_CGL_Tier_1_Question_Paper_2025_45_Shifts_16th_Sep_2025_Shift_2_EN.pdf,53,1,,,,A
SSC_CGL_Tier_1_Question_Paper_2025_45_Shifts_16th_Sep_2025_Shift_2_EN.pdf,54,1,,,,C
SSC_CGL_Tier_1_Question_Paper_2025_45_Shifts_16th_Sep_2025_Shift_2_EN.pdf,55,1,,,,C
SSC_CGL_Tier_1_Question_Paper_2025_45_Shifts_16th_Sep_2025_Shift_2_EN.pdf,56,1,,,,B
SSC_CGL_Tier_1_Question_Paper_2025_45_Shifts_16th_Sep_2025_Shift_2_EN.pdf,57,1,,,,B
SSC_CGL_Tier_1_Question_Paper_2025_45_Shifts_16th_Sep_2025_Shift_2_EN.pdf,58,1,,,,A
SSC_CGL_Tier_1_Question_Paper_2025_45_Shifts_16th_Sep_2025_Shift_2_EN.pdf,59,1,,,,B
SSC_CGL_Tier_1_Question_Paper_2025_45_Shifts_16th_Sep_2025_Shift_2_EN.pdf,60,1,,,,C
SSC_CGL_Tier_1_Question_Paper_2025_45_Shifts_16th_Sep_2025_Shift_2_EN.pdf,61,1,,,,B
SSC_CGL_Tier_1_Question_Paper_2025_45_Shifts_16th_Sep_2025_Shift_2_EN.pdf,62,1,,,,C
SSC_CGL_Tier_1_Question_Paper_2025_45_Shifts_16th_Sep_2025_Shift_2_EN.pdf,63,1,,,,A
SSC_CGL_Tier_1_Question_Paper_2025_45_Shifts_16th_Sep_2025_Shift_2_EN.pdf,64,1,,,,B
SSC_CGL_Tier_1_Question_Paper_2025_45_Shifts_16th_Sep_2025_Shift_2_EN.pdf,65,1,,,,C
SSC_CGL_Tier_1_Question_Paper_2025_45_Shifts_16th_Sep_2025_Shift_2_EN.pdf,66,1,,,,C
SSC_CGL_Tier_1_Question_Paper_2025_45_Shifts_16th_Sep_2025_Shift_2_EN.pdf,67,1,,,,A
SSC_CGL_Tier_1_Question_Paper_2025_45_Shifts_16th_Sep_2025_Shift_2_EN.pdf,68,1,,,,B
SSC_CGL_Tier_1_Question_Paper_2025_45_Shifts_16th_Sep_2025_Shift_2_EN.pdf,69,1,,,,D
SSC_CGL_Tier_1_Question_Paper_2025_45_Shifts_16th_Sep_2025_Shift_2_EN.pdf,70,1,,,,A
SSC_CGL_Tier_1_Question_Paper_2025_45_Shifts_16th_Sep_2025_Shift_2_EN.pdf,71,1,,,,D
SSC_CGL_Tier_1_Question_Paper_2025_45_Shifts_16th_Sep_2025_Shift_2_EN.pdf,72,1,,,,B
SSC_CGL_Tier_1_Question_Paper_2025_45_Shifts_16th_Sep_2025_Shift_2_EN.pdf,73,1,,,,C
SSC_CGL_Tier_1_Question_Paper_2025_45_Shifts_16th_Sep_2025_Shift_2_EN.pdf,74,1,,,,A
SSC_CGL_Tier_1_Question_Paper_2025_45_Shifts_16th_Sep_2025_Shift_2_EN.pdf,75,1,,,,C
SSC_CGL_Tier_1_Question_Paper_2025_45_Shifts_16th_Sep_2025_Shift_2_EN.pdf,76,1,,,,C
SSC_CGL_Tier_1_Question_Paper_2025_45_Shifts_16th_Sep_2025_Shift_2_EN.pdf,77,1,,,,A
SSC_CGL_Tier_1_Question_Paper_2025_45_Shifts_16th_Sep_2025_Shift_2_EN.pdf,78,1,,,,D
SSC_CGL_Tier_1_Question_Paper_2025_45_Shifts_16th_Sep_2025_Shift_2_EN.pdf,79,1,,,,A
SSC_CGL_Tier_1_Question_Paper_2025_45_Shifts_16th_Sep_2025_Shift_2_EN.pdf,80,1,,,,A
SSC_CGL_Tier_1_Question_Paper_2025_45_Shifts_16th_Sep_2025_Shift_2_EN.pdf,81,1,,,,D
SSC_CGL_Tier_1_Question_Paper_2025_45_Shifts_16th_Sep_2025_Shift_2_EN.pdf,82,1,,,,A
SSC_CGL_Tier_1_Question_Paper_2025_45_Shifts_16th_Sep_2025_Shift_2_EN.pdf,83,1,,,,B
SSC_CGL_Tier_1_Question_Paper_2025_45_Shifts_16th_Sep_2025_Shift_2_EN.pdf,84,1,,,,A
SSC_CGL_Tier_1_Question_Paper_2025_45_Shifts_16th_Sep_2025_Shift_2_EN.pdf,85,1,,,,D
SSC_CGL_Tier_1_Question_Paper_2025_45_Shifts_16th_Sep_2025_Shift_2_EN.pdf,86,1,,,,B
SSC_CGL_Tier_1_Question_Paper_2025_45_Shifts_16th_Sep_2025_Shift_2_EN.pdf,87,1,,,,C
SSC_CGL_Tier_1_Question_Paper_2025_45_Shifts_16th_Sep_2025_Shift_2_EN.pdf,88,1,,,,A
SSC_CGL_Tier_1_Question_Paper_2025_45_Shifts_16th_Sep_2025_Shift_2_EN.pdf,89,1,,,,C
SSC_CGL_Tier_1_Question_Paper_2025_45_Shifts_16th_Sep_2025_Shift_2_EN.pdf,90,1,,,,B
SSC_CGL_Tier_1_Question_Paper_2025_45_Shifts_16th_Sep_2025_Shift_2_EN.pdf,91,1,,,,B
SSC_CGL_Tier_1_Question_Paper_2025_45_Shifts_16th_Sep_2025_Shift_2_EN.pdf,92,1,,,,B
SSC_CGL_Tier_1_Question_Paper_2025_45_Shifts_16th_Sep_2025_Shift_2_EN.pdf,93,1,,,,C
SSC_CGL_Tier_1_Question_Paper_2025_45_Shifts_16th_Sep_2025_Shift_2_EN.pdf,94,1,,,,B
SSC_CGL_Tier_1_Question_Paper_2025_45_Shifts_16th_Sep_2025_Shift_2_EN.pdf,95,1,,,,C
SSC_CGL_Tier_1_Question_Paper_2025_45_Shifts_16th_Sep_2025_Shift_2_EN.pdf,96,1,,,,C
SSC_CGL_Tier_1_Question_Paper_2025_45_Shifts_16th_Sep_2025_Shift_2_EN.pdf,97,1,,,,B
SSC_CGL_Tier_1_Question_Paper_2025_45_Shifts_16th_Sep_2025_Shift_2_EN.pdf,98,1,,,,B
SSC_CGL_Tier_1_Question_Paper_2025_45_Shifts_16th_Sep_2025_Shift_2_EN.pdf,99,1,,,,C
SSC_CGL_Tier_1_Question_Paper_2025_45_Shifts_16th_Sep_2025_Shift_2_EN.pdf,100,1,,,,A
SSC_CGL_Tier_1_Question_Paper_2025_45_Shifts_16th_Sep_2025_Shift_3_EN.pdf,1,1,,,,D
SSC_CGL_Tier_1_Question_Paper_2025_45_Shifts_16th_Sep_2025_Shift_3_EN.pdf,2,1,,,,A
SSC_CGL_Tier_1_Question_Paper_2025_45_Shifts_16th_Sep_2025_Shift_3_EN.pdf,3,1,,,,C
SSC_CGL_Tier_1_Question_Paper_2025_45_Shifts_16th_Sep_2025_Shift_3_EN.pdf,4,1,,,,B
SSC_CGL_Tier_1_Question_Paper_2025_45_Shifts_16th_Sep_2025_Shift_3_EN.pdf,5,1,,,,D
SSC_CGL_Tier_1_Question_Paper_2025_45_Shifts_16th_Sep_2025_Shift_3_EN.pdf,6,1,,,,A
SSC_CGL_Tier_1_Question_Paper_2025_45_Shifts_16th_Sep_2025_Shift_3_EN.pdf,7,1,,,,A
SSC_CGL_Tier_1_Question_Paper_2025_45_Shifts_16th_Sep_2025_Shift_3_EN.pdf,8,1,,,,A
SSC_CGL_Tier_1_Question_Paper_2025_45_Shifts_16th_Sep_2025_Shift_3_EN.pdf,9,1,,,,C
SSC_CGL_Tier_1_Question_Paper_2025_45_Shifts_16th_Sep_2025_Shift_3_EN.pdf,10,1,,,,D
SSC_CGL_Tier_1_Question_Paper_2025_45_Shifts_16th_Sep_2025_Shift_3_EN.pdf,11,1,,,,B
SSC_CGL_Tier_1_Question_Paper_2025_45_Shifts_16th_Sep_2025_Shift_3_EN.pdf,12,1,,,,A
SSC_CGL_Tier_1_Question_Paper_2025_45_Shifts_16th_Sep_2025_Shift_3_EN.pdf,13,1,,,,B
SSC_CGL_Tier_1_Question_Paper_2025_45_Shifts_16th_Sep_2025_Shift_3_EN.pdf,14,1,,,,A
SSC_CGL_Tier_1_Question_Paper_2025_45_Shifts_16th_Sep_2025_Shift_3_EN.pdf,15,1,,,,D
SSC_CGL_Tier_1_Question_Paper_2025_45_Shifts_16th_Sep_2025_Shift_3_EN.pdf,16,1,,,,A
SSC_CGL_Tier_1_Question_Paper_2025_45_Shifts_16th_Sep_2025_Shift_3_EN.pdf,17,1,,,,A
SSC_CGL_Tier_1_Question_Paper_2025_45_Shifts_16th_Sep_2025_Shift_3_EN.pdf,18,1,,,,B
SSC_CGL_Tier_1_Question_Paper_2025_45_Shifts_16th_Sep_2025_Shift_3_EN.pdf,19,1,,,,B
SSC_CGL_Tier_1_Question_Paper_2025_45_Shifts_16th_Sep_2025_Shift_3_EN.pdf,20,1,,,,A
SSC_CGL_Tier_1_Question_Paper_2025_45_Shifts_16th_Sep_2025_Shift_3_EN.pdf,21,1,,,,B
SSC_CGL_Tier_1_Question_Paper_2025_45_Shifts_16th_Sep_2025_Shift_3_EN.pdf,22,1,,,,A
SSC_CGL_Tier_1_Question_Paper_2025_45_Shifts_16th_Sep_2025_Shift_3_EN.pdf,23,1,,,,A
SSC_CGL_Tier_1_Question_Paper_2025_45_Shifts_16th_Sep_2025_Shift_3_EN.pdf,24,1,,,,B
SSC_CGL_Tier_1_Question_Paper_2025_45_Shifts_16th_Sep_2025_Shift_3_EN.pdf,25,1,,,,C
SSC_CGL_Tier_1_Question_Paper_2025_45_Shifts_16th_Sep_2025_Shift_3_EN.pdf,26,1,,,,B
SSC_CGL_Tier_1_Question_Paper_2025_45_Shifts_16th_Sep_2025_Shift_3_EN.pdf,27,1,,,,B
SSC_CGL_Tier_1_Question_Paper_2025_45_Shifts_16th_Sep_2025_Shift_3_EN.pdf,28,1,,,,C
SSC_CGL_Tier_1_Question_Paper_2025_45_Shifts_16th_Sep_2025_Shift_3_EN.pdf,29,1,,,,B
SSC_CGL_Tier_1_Question_Paper_2025_45_Shifts_16th_Sep_2025_Shift_3_EN.pdf,30,1,,,,C
SSC_CGL_Tier_1_Question_Paper_2025_45_Shifts_16th_Sep_2025_Shift_3_EN.pdf,31,1,,,,B
SSC_CGL_Tier_1_Question_Paper_2025_45_Shifts_16th_Sep_2025_Shift_3_EN.pdf,32,1,,,,B
SSC_CGL_Tier_1_Question_Paper_2025_45_Shifts_16th_Sep_2025_Shift_3_EN.pdf,33,1,,,,A
SSC_CGL_Tier_1_Question_Paper_2025_45_Shifts_16th_Sep_2025_Shift_3_EN.pdf,34,1,,,,A
SSC_CGL_Tier_1_Question_Paper_2025_45_Shifts_16th_Sep_2025_Shift_3_EN.pdf,35,1,,,,A
SSC_CGL_Tier_1_Question_Paper_2025_45_Shifts_16th_Sep_2025_Shift_3_EN.pdf,36,1,,,,C
SSC_CGL_Tier_1_Question_Paper_2025_45_Shifts_16th_Sep_2025_Shift_3_EN.pdf,37,1,,,,B
SSC_CGL_Tier_1_Question_Paper_2025_45_Shifts_16th_Sep_2025_Shift_3_EN.pdf,38,1,,,,A
SSC_CGL_Tier_1_Question_Paper_2025_45_Shifts_16th_Sep_2025_Shift_3_EN.pdf,39,1,,,,B
SSC_CGL_Tier_1_Question_Paper_2025_45_Shifts_16th_Sep_2025_Shift_3_EN.pdf,40,1,,,,B
SSC_CGL_Tier_1_Question_Paper_2025_45_Shifts_16th_Sep_2025_Shift_3_EN.pdf,41,1,,,,A
SSC_CGL_Tier_1_Question_Paper_2025_45_Shifts_16th_Sep_2025_Shift_3_EN.pdf,42,1,,,,C
SSC_CGL_Tier_1_Question_Paper_2025_45_Shifts_16th_Sep_2025_Shift_3_EN.pdf,43,1,,,,A
SSC_CGL_Tier_1_Question_Paper_2025_45_Shifts_16th_Sep_2025_Shift_3_EN.pdf,44,1,,,,B
SSC_CGL_Tier_1_Question_Paper_2025_45_Shifts_16th_Sep_2025_Shift_3_EN.pdf,45,1,,,,C
SSC_CGL_Tier_1_Question_Paper_2025_45_Shifts_16th_Sep_2025_Shift_3_EN.pdf,46,1,,,,C
SSC_CGL_Tier_1_Question_Paper_2025_45_Shifts_16th_Sep_2025_Shift_3_EN.pdf,47,1,,,,B
SSC_CGL_Tier_1_Question_Paper_2025_45_Shifts_16th_Sep_2025_Shift_3_EN.pdf,48,1,,,,A
SSC_CGL_Tier_1_Question_Paper_2025_45_Shifts_16th_Sep_2025_Shift_3_EN.pdf,49,1,,,,C
SSC_CGL_Tier_1_Question_Paper_2025_45_Shifts_16th_Sep_2025_Shift_3_EN.pdf,50,1,,,,A
SSC_CGL_Tier_1_Question_Paper_2025_45_Shifts_16th_Sep_2025_Shift_3_EN.pdf,51,1,,,,A
SSC_CGL_Tier_1_Question_Paper_2025_45_Shifts_16th_Sep_2025_Shift_3_EN.pdf,52,1,,,,B
SSC_CGL_Tier_1_Question_Paper_2025_45_Shifts_16th_Sep_2025_Shift_3_EN.pdf,53,1,,,,A
SSC_CGL_Tier_1_Question_Paper_2025_45_Shifts_16th_Sep_2025_Shift_3_EN.pdf,54,1,,,,A
SSC_CGL_Tier_1_Question_Paper_2025_45_Shifts_16th_Sep_2025_Shift_3_EN.pdf,55,1,,,,A
SSC_CGL_Tier_1_Question_Paper_2025_45_Shifts_16th_Sep_2025_Shift_3_EN.pdf,56,1,,,,C
SSC_CGL_Tier_1_Question_Paper_2025_45_Shifts_16th_Sep_2025_Shift_3_EN.pdf,57,1,,,,A
SSC_CGL_Tier_1_Question_Paper_2025_45_Shifts_16th_Sep_2025_Shift_3_EN.pdf,58,1,,,,B
SSC_CGL_Tier_1_Question_Paper_2025_45_Shifts_16th_Sep_2025_Shift_3_EN.pdf,59,1,,,,B
SSC_CGL_Tier_1_Question_Paper_2025_45_Shifts_16th_Sep_2025_Shift_3_EN.pdf,60,1,,,,
SSC_CGL_Tier_1_Question_Paper_2025_45_Shifts_16th_Sep_2025_Shift_3_EN.pdf,61,1,,,,C
SSC_CGL_Tier_1_Question_Paper_2025_45_Shifts_16th_Sep_2025_Shift_3_EN.pdf,62,1,,,,A
SSC_CGL_Tier_1_Question_Paper_2025_45_Shifts_16th_Sep_2025_Shift_3_EN.pdf,63,1,,,,B
SSC_CGL_Tier_1_Question_Paper_2025_45_Shifts_16th_Sep_2025_Shift_3_EN.pdf,64,1,,,,A
SSC_CGL_Tier_1_Question_Paper_2025_45_Shifts_16th_Sep_2025_Shift_3_EN.pdf,65,1,,,,B
SSC_CGL_Tier_1_Question_Paper_2025_45_Shifts_16th_Sep_2025_Shift_3_EN.pdf,66,1,,,,A
SSC_CGL_Tier_1_Question_Paper_2025_45_Shifts_16th_Sep_2025_Shift_3_EN.pdf,67,1,,,,A
SSC_CGL_Tier_1_Question_Paper_2025_45_Shifts_16th_Sep_2025_Shift_3_EN.pdf,68,1,,,,B
SSC_CGL_Tier_1_Question_Paper_2025_45_Shifts_16th_Sep_2025_Shift_3_EN.pdf,69,1,,,,A
SSC_CGL_Tier_1_Question_Paper_2025_45_Shifts_16th_Sep_2025_Shift_3_EN.pdf,70,1,,,,A
SSC_CGL_Tier_1_Question_Paper_2025_45_Shifts_16th_Sep_2025_Shift_3_EN.pdf,71,1,,,,A
SSC_CGL_Tier_1_Question_Paper_2025_45_Shifts_16th_Sep_2025_Shift_3_EN.pdf,72,1,,,,C
SSC_CGL_Tier_1_Question_Paper_2025_45_Shifts_16th_Sep_2025_Shift_3_EN.pdf,73,1,,,,B
SSC_CGL_Tier_1_Question_Paper_2025_45_Shifts_16th_Sep_2025_Shift_3_EN.pdf,74,1,,,,B
SSC_CGL_Tier_1_Question_Paper_2025_45_Shifts_16th_Sep_2025_Shift_3_EN.pdf,75,1,,,,A
SSC_CGL_Tier_1_Question_Paper_2025_45_Shifts_16th_Sep_2025_Shift_3_EN.pdf,76,1,,,,C
SSC_CGL_Tier_1_Question_Paper_2025_45_Shifts_16th_Sep_2025_Shift_3_EN.pdf,77,1,,,,A
SSC_CGL_Tier_1_Question_Paper_2025_45_Shifts_16th_Sep_2025_Shift_3_EN.pdf,78,1,,,,D
SSC_CGL_Tier_1_Question_Paper_2025_45_Shifts_16th_Sep_2025_Shift_3_EN.pdf,79,1,,,,D
SSC_CGL_Tier_1_Question_Paper_2025_45_Shifts_16th_Sep_2025_Shift_3_EN.pdf,80,1,,,,B
SSC_CGL_Tier_1_Question_Paper_2025_45_Shifts_16th_Sep_2025_Shift_3_EN.pdf,81,1,,,,A
SSC_CGL_Tier_1_Question_Paper_2025_45_Shifts_16th_Sep_2025_Shift_3_EN.pdf,82,1,,,,B
SSC_CGL_Tier_1_Question_Paper_2025_45_Shifts_16th_Sep_2025_Shift_3_EN.pdf,83,1,,,,D
SSC_CGL_Tier_1_Question_Paper_2025_45_Shifts_16th_Sep_2025_Shift_3_EN.pdf,84,1,,,,C
SSC_CGL_Tier_1_Question_Paper_2025_45_Shifts_16th_Sep_2025_Shift_3_EN.pdf,85,1,,,,C
SSC_CGL_Tier_1_Question_Paper_2025_45_Shifts_16th_Sep_2025_Shift_3_EN.pdf,86,1,,,,B
SSC_CGL_Tier_1_Question_Paper_2025_45_Shifts_16th_Sep_2025_Shift_3_EN.pdf,87,1,,,,B
SSC_CGL_Tier_1_Question_Paper_2025_45_Shifts_16th_Sep_2025_Shift_3_EN.pdf,88,1,,,,D
SSC_CGL_Tier_1_Question_Paper_2025_45_Shifts_16th_Sep_2025_Shift_3_EN.pdf,89,1,,,,B
SSC_CGL_Tier_1_Question_Paper_2025_45_Shifts_16th_Sep_2025_Shift_3_EN.pdf,90,1,,,,A
SSC_CGL_Tier_1_Question_Paper_2025_45_Shifts_16th_Sep_2025_Shift_3_EN.pdf,91,1,,,,A
SSC_CGL_Tier_1_Question_Paper_2025_45_Shifts_16th_Sep_2025_Shift_3_EN.pdf,92,1,,,,B
SSC_CGL_Tier_1_Question_Paper_2025_45_Shifts_16th_Sep_2025_Shift_3_EN.pdf,93,1,,,,B
SSC_CGL_Tier_1_Question_Paper_2025_45_Shifts_16th_Sep_2025_Shift_3_EN.pdf,94,1,,,,C
SSC_CGL_Tier_1_Question_Paper_2025_45_Shifts_16th_Sep_2025_Shift_3_EN.pdf,95,1,,,,D
SSC_CGL_Tier_1_Question_Paper_2025_45_Shifts_16th_Sep_2025_Shift_3_EN.pdf,96,1,,,,C
SSC_CGL_Tier_1_Question_Paper_2025_45_Shifts_16th_Sep_2025_Shift_3_EN.pdf,97,1,,,,B
SSC_CGL_Tier_1_Question_Paper_2025_45_Shifts_16th_Sep_2025_Shift_3_EN.pdf,98,1,,,,A
SSC_CGL_Tier_1_Question_Paper_2025_45_Shifts_16th_Sep_2025_Shift_3_EN.pdf,99,1,,,,B
SSC_CGL_Tier_1_Question_Paper_2025_45_Shifts_16th_Sep_2025_Shift_3_EN.pdf,100,1,,,,B
SSC_CGL_Tier_1_Question_Paper_2025_45_Shifts_17th_Sep_2025_Shift_1_EN.pdf,1,1,,,,A
SSC_CGL_Tier_1_Question_Paper_2025_45_Shifts_17th_Sep_2025_Shift_1_EN.pdf,2,1,,,,D
SSC_CGL_Tier_1_Question_Paper_2025_45_Shifts_17th_Sep_2025_Shift_1_EN.pdf,3,1,,,,B
SSC_CGL_Tier_1_Question_Paper_2025_45_Shifts_17th_Sep_2025_Shift_1_EN.pdf,4,1,,,,D
SSC_CGL_Tier_1_Question_Paper_2025_45_Shifts_17th_Sep_2025_Shift_1_EN.pdf,5,1,,,,A
SSC_CGL_Tier_1_Question_Paper_2025_45_Shifts_17th_Sep_2025_Shift_1_EN.pdf,6,1,,,,A
SSC_CGL_Tier_1_Question_Paper_2025_45_Shifts_17th_Sep_2025_Shift_1_EN.pdf,7,1,,,,C
SSC_CGL_Tier_1_Question_Paper_2025_45_Shifts_17th_Sep_2025_Shift_1_EN.pdf,8,1,,,,D
SSC_CGL_Tier_1_Question_Paper_2025_45_Shifts_17th_Sep_2025_Shift_1_EN.pdf,9,1,,,,A
SSC_CGL_Tier_1_Question_Paper_2025_45_Shifts_17th_Sep_2025_Shift_1_EN.pdf,10,1,,,,B
SSC_CGL_Tier_1_Question_Paper_2025_45_Shifts_17th_Sep_2025_Shift_1_EN.pdf,11,1,,,,C
SSC_CGL_Tier_1_Question_Paper_2025_45_Shifts_17th_Sep_2025_Shift_1_EN.pdf,12,1,,,,D
SSC_CGL_Tier_1_Question_Paper_2025_45_Shifts_17th_Sep_2025_Shift_1_EN.pdf,13,1,,,,A
SSC_CGL_Tier_1_Question_Paper_2025_45_Shifts_17th_Sep_2025_Shift_1_EN.pdf,14,1,,,,A
SSC_CGL_Tier_1_Question_Paper_2025_45_Shifts_17th_Sep_2025_Shift_1_EN.pdf,15,1,,,,B
SSC_CGL_Tier_1_Question_Paper_2025_45_Shifts_17th_Sep_2025_Shift_1_EN.pdf,16,1,,,,B
SSC_CGL_Tier_1_Question_Paper_2025_45_Shifts_17th_Sep_2025_Shift_1_EN.pdf,17,1,,,,B
SSC_CGL_Tier_1_Question_Paper_2025_45_Shifts_17th_Sep_2025_Shift_1_EN.pdf,18,1,,,,C
SSC_CGL_Tier_1_Question_Paper_2025_45_Shifts_17th_Sep_2025_Shift_1_EN.pdf,19,1,,,,B
SSC_CGL_Tier_1_Question_Paper_2025_45_Shifts_17th_Sep_2025_Shift_1_EN.pdf,20,1,,,,A
SSC_CGL_Tier_1_Question_Paper_2025_45_Shifts_17th_Sep_2025_Shift_1_EN.pdf,21,1,,,,B
SSC_CGL_Tier_1_Question_Paper_2025_45_Shifts_17th_Sep_2025_Shift_1_EN.pdf,22,1,,,,C
SSC_CGL_Tier_1_Question_Paper_2025_45_Shifts_17th_Sep_2025_Shift_1_EN.pdf,23,1,,,,A
SSC_CGL_Tier_1_Question_Paper_2025_45_Shifts_17th_Sep_2025_Shift_1_EN.pdf,24,1,,,,D
SSC_CGL_Tier_1_Question_Paper_2025_45_Shifts_17th_Sep_2025_Shift_1_EN.pdf,25,1,,,,C
SSC_CGL_Tier_1_Question_Paper_2025_45_Shifts_17th_Sep_2025_Shift_1_EN.pdf,26,1,,,,C
SSC_CGL_Tier_1_Question_Paper_2025_45_Shifts_17th_Sep_2025_Shift_1_EN.pdf,27,1,,,,C
SSC_CGL_Tier_1_Question_Paper_2025_45_Shifts_17th_Sep_2025_Shift_1_EN.pdf,28,1,,,,C
SSC_CGL_Tier_1_Question_Paper_2025_45_Shifts_17th_Sep_2025_Shift_1_EN.pdf,29,1,,,,B
SSC_CGL_Tier_1_Question_Paper_2025_45_Shifts_17th_Sep_2025_Shift_1_EN.pdf,30,1,,,,A
SSC_CGL_Tier_1_Question_Paper_2025_45_Shifts_17th_Sep_2025_Shift_1_EN.pdf,31,1,,,,A
SSC_CGL_Tier_1_Question_Paper_2025_45_Shifts_17th_Sep_2025_Shift_1_EN.pdf,32,1,,,,A
SSC_CGL_Tier_1_Question_Paper_2025_45_Shifts_17th_Sep_2025_Shift_1_EN.pdf,33,1,,,,B
SSC_CGL_Tier_1_Question_Paper_2025_45_Shifts_17th_Sep_2025_Shift_1_EN.pdf,34,1,,,,A
SSC_CGL_Tier_1_Question_Paper_2025_45_Shifts_17th_Sep_2025_Shift_1_EN.pdf,35,1,,,,A
SSC_CGL_Tier_1_Question_Paper_2025_45_Shifts_17th_Sep_2025_Shift_1_EN.pdf,36,1,,,,A
SSC_CGL_Tier_1_Question_Paper_2025_45_Shifts_17th_Sep_2025_Shift_1_EN.pdf,37,1,,,,C
SSC_CGL_Tier_1_Question_Paper_2025_45_Shifts_17th_Sep_2025_Shift_1_EN.pdf,38,1,,,,B
SSC_CGL_Tier_1_Question_Paper_2025_45_Shifts_17th_Sep_2025_Shift_1_EN.pdf,39,1,,,,C
SSC_CGL_Tier_1_Question_Paper_2025_45_Shifts_17th_Sep_2025_Shift_1_EN.pdf,40,1,,,,A
SSC_CGL_Tier_1_Question_Paper_2025_45_Shifts_17th_Sep_2025_Shift_1_EN.pdf,41,1,,,,B
SSC_CGL_Tier_1_Question_Paper_2025_45_Shifts_17th_Sep_2025_Shift_1_EN.pdf,42,1,,,,B
SSC_CGL_Tier_1_Question_Paper_2025_45_Shifts_17th_Sep_2025_Shift_1_EN.pdf,43,1,,,,B
SSC_CGL_Tier_1_Question_Paper_2025_45_Shifts_17th_Sep_2025_Shift_1_EN.pdf,44,1,,,,C
SSC_CGL_Tier_1_Question_Paper_2025_45_Shifts_17th_Sep_2025_Shift_1_EN.pdf,45,1,,,,A
SSC_CGL_Tier_1_Question_Paper_2025_45_Shifts_17th_Sep_2025_Shift_1_EN.pdf,46,1,,,,B
SSC_CGL_Tier_1_Question_Paper_2025_45_Shifts_17th_Sep_2025_Shift_1_EN.pdf,47,1,,,,C
SSC_CGL_Tier_1_Question_Paper_2025_45_Shifts_17th_Sep_2025_Shift_1_EN.pdf,48,1,,,,B
SSC_CGL_Tier_1_Question_Paper_2025_45_Shifts_17th_Sep_2025_Shift_1_EN.pdf,49,1,,,,B
SSC_CGL_Tier_1_Question_Paper_2025_45_Shifts_17th_Sep_2025_Shift_1_EN.pdf,50,1,,,,B
SSC_CGL_Tier_1_Question_Paper_2025_45_Shifts_17th_Sep_2025_Shift_1_EN.pdf,51,1,,,,C
SSC_CGL_Tier_1_Question_Paper_2025_45_Shifts_17th_Sep_2025_Shift_1_EN.pdf,52,1,,,,C
SSC_CGL_Tier_1_Question_Paper_2025_45_Shifts_17th_Sep_2025_Shift_1_EN.pdf,53,1,,,,B
SSC_CGL_Tier_1_Question_Paper_2025_45_Shifts_17th_Sep_2025_Shift_1_EN.pdf,54,1,,,,A
SSC_CGL_Tier_1_Question_Paper_2025_45_Shifts_17th_Sep_2025_Shift_1_EN.pdf,55,1,,,,A
SSC_CGL_Tier_1_Question_Paper_2025_45_Shifts_17th_Sep_2025_Shift_1_EN.pdf,56,1,,,,B
SSC_CGL_Tier_1_Question_Paper_2025_45_Shifts_17th_Sep_2025_Shift_1_EN.pdf,57,1,,,,B
SSC_CGL_Tier_1_Question_Paper_2025_45_Shifts_17th_Sep_2025_Shift_1_EN.pdf,58,1,,,,A
SSC_CGL_Tier_1_Question_Paper_2025_45_Shifts_17th_Sep_2025_Shift_1_EN.pdf,59,1,,,,C
SSC_CGL_Tier_1_Question_Paper_2025_45_Shifts_17th_Sep_2025_Shift_1_EN.pdf,60,1,,,,C
SSC_CGL_Tier_1_Question_Paper_2025_45_Shifts_17th_Sep_2025_Shift_1_EN.pdf,61,1,,,,C
SSC_CGL_Tier_1_Question_Paper_2025_45_Shifts_17th_Sep_2025_Shift_1_EN.pdf,62,1,,,,B
SSC_CGL_Tier_1_Question_Paper_2025_45_Shifts_17th_Sep_2025_Shift_1_EN.pdf,63,1,,,,C
SSC_CGL_Tier_1_Question_Paper_2025_45_Shifts_17th_Sep_2025_Shift_1_EN.pdf,64,1,,,,A
SSC_CGL_Tier_1_Question_Paper_2025_45_Shifts_17th_Sep_2025_Shift_1_EN.pdf,65,1,,,,C
SSC_CGL_Tier_1_Question_Paper_2025_45_Shifts_17th_Sep_2025_Shift_1_EN.pdf,66,1,,,,C
SSC_CGL_Tier_1_Question_Paper_2025_45_Shifts_17th_Sep_2025_Shift_1_EN.pdf,67,1,,,,C
SSC_CGL_Tier_1_Question_Paper_2025_45_Shifts_17th_Sep_2025_Shift_1_EN.pdf,68,1,,,,B
SSC_CGL_Tier_1_Question_Paper_2025_45_Shifts_17th_Sep_2025_Shift_1_EN.pdf,69,1,,,,A
SSC_CGL_Tier_1_Question_Paper_2025_45_Shifts_17th_Sep_2025_Shift_1_EN.pdf,70,1,,,,A
SSC_CGL_Tier_1_Question_Paper_2025_45_Shifts_17th_Sep_2025_Shift_1_EN.pdf,71,1,,,,C
SSC_CGL_Tier_1_Question_Paper_2025_45_Shifts_17th_Sep_2025_Shift_1_EN.pdf,72,1,,,,A
SSC_CGL_Tier_1_Question_Paper_2025_45_Shifts_17th_Sep_2025_Shift_1_EN.pdf,73,1,,,,B
SSC_CGL_Tier_1_Question_Paper_2025_45_Shifts_17th_Sep_2025_Shift_1_EN.pdf,74,1,,,,B
SSC_CGL_Tier_1_Question_Paper_2025_45_Shifts_17th_Sep_2025_Shift_1_EN.pdf,75,1,,,,A
SSC_CGL_Tier_1_Question_Paper_2025_45_Shifts_17th_Sep_2025_Shift_1_EN.pdf,76,1,,,,B
SSC_CGL_Tier_1_Question_Paper_2025_45_Shifts_17th_Sep_2025_Shift_1_EN.pdf,77,1,,,,A
SSC_CGL_Tier_1_Question_Paper_2025_45_Shifts_17th_Sep_2025_Shift_1_EN.pdf,78,1,,,,A
SSC_CGL_Tier_1_Question_Paper_2025_45_Shifts_17th_Sep_2025_Shift_1_EN.pdf,79,1,,,,C
SSC_CGL_Tier_1_Question_Paper_2025_45_Shifts_17th_Sep_2025_Shift_1_EN.pdf,80,1,,,,C
SSC_CGL_Tier_1_Question_Paper_2025_45_Shifts_17th_Sep_2025_Shift_1_EN.pdf,81,1,,,,C
SSC_CGL_Tier_1_Question_Paper_2025_45_Shifts_17th_Sep_2025_Shift_1_EN.pdf,82,1,,,,D
SSC_CGL_Tier_1_Question_Paper_2025_45_Shifts_17th_Sep_2025_Shift_1_EN.pdf,83,1,,,,C
SSC_CGL_Tier_1_Question_Paper_2025_45_Shifts_17th_Sep_2025_Shift_1_EN.pdf,84,1,,,,C
SSC_CGL_Tier_1_Question_Paper_2025_45_Shifts_17th_Sep_2025_Shift_1_EN.pdf,85,1,,,,A
SSC_CGL_Tier_1_Question_Paper_2025_45_Shifts_17th_Sep_2025_Shift_1_EN.pdf,86,1,,,,A
SSC_CGL_Tier_1_Question_Paper_2025_45_Shifts_17th_Sep_2025_Shift_1_EN.pdf,87,1,,,,B
SSC_CGL_Tier_1_Question_Paper_2025_45_Shifts_17th_Sep_2025_Shift_1_EN.pdf,88,1,,,,C
SSC_CGL_Tier_1_Question_Paper_2025_45_Shifts_17th_Sep_2025_Shift_1_EN.pdf,89,1,,,,A
SSC_CGL_Tier_1_Question_Paper_2025_45_Shifts_17th_Sep_2025_Shift_1_EN.pdf,90,1,,,,D
SSC_CGL_Tier_1_Question_Paper_2025_45_Shifts_17th_Sep_2025_Shift_1_EN.pdf,91,1,,,,C
SSC_CGL_Tier_1_Question_Paper_2025_45_Shifts_17th_Sep_2025_Shift_1_EN.pdf,92,1,,,,C
SSC_CGL_Tier_1_Question_Paper_2025_45_Shifts_17th_Sep_2025_Shift_1_EN.pdf,93,1,,,,B
SSC_CGL_Tier_1_Question_Paper_2025_45_Shifts_17th_Sep_2025_Shift_1_EN.pdf,94,1,,,,C
SSC_CGL_Tier_1_Question_Paper_2025_45_Shifts_17th_Sep_2025_Shift_1_EN.pdf,95,1,,,,C
SSC_CGL_Tier_1_Question_Paper_2025_45_Shifts_17th_Sep_2025_Shift_1_EN.pdf,96,1,,,,C
SSC_CGL_Tier_1_Question_Paper_2025_45_Shifts_17th_Sep_2025_Shift_1_EN.pdf,97,1,,,,C
SSC_CGL_Tier_1_Question_Paper_2025_45_Shifts_17th_Sep_2025_Shift_1_EN.pdf,98,1,,,,A
SSC_CGL_Tier_1_Question_Paper_2025_45_Shifts_17th_Sep_2025_Shift_1_EN.pdf,99,1,,,,A
SSC_CGL_Tier_1_Question_Paper_2025_45_Shifts_17th_Sep_2025_Shift_1_EN.pdf,100,1,,,,C
SSC_CGL_Tier_1_Question_Paper_2025_45_Shifts_17th_Sep_2025_Shift_2_EN.pdf,1,1,,,,A
SSC_CGL_Tier_1_Question_Paper_2025_45_Shifts_17th_Sep_2025_Shift_2_EN.pdf,2,1,,,,A
SSC_CGL_Tier_1_Question_Paper_2025_45_Shifts_17th_Sep_2025_Shift_2_EN.pdf,3,1,,,,B
SSC_CGL_Tier_1_Question_Paper_2025_45_Shifts_17th_Sep_2025_Shift_2_EN.pdf,4,1,,,,A
SSC_CGL_Tier_1_Question_Paper_2025_45_Shifts_17th_Sep_2025_Shift_2_EN.pdf,5,1,,,,D
SSC_CGL_Tier_1_Question_Paper_2025_45_Shifts_17th_Sep_2025_Shift_2_EN.pdf,6,1,,,,D
SSC_CGL_Tier_1_Question_Paper_2025_45_Shifts_17th_Sep_2025_Shift_2_EN.pdf,7,1,,,,A
SSC_CGL_Tier_1_Question_Paper_2025_45_Shifts_17th_Sep_2025_Shift_2_EN.pdf,8,1,,,,A
SSC_CGL_Tier_1_Question_Paper_2025_45_Shifts_17th_Sep_2025_Shift_2_EN.pdf,9,1,,,,D
SSC_CGL_Tier_1_Question_Paper_2025_45_Shifts_17th_Sep_2025_Shift_2_EN.pdf,10,1,,,,D
SSC_CGL_Tier_1_Question_Paper_2025_45_Shifts_17th_Sep_2025_Shift_2_EN.pdf,11,1,,,,B
SSC_CGL_Tier_1_Question_Paper_2025_45_Shifts_17th_Sep_2025_Shift_2_EN.pdf,12,1,,,,A
SSC_CGL_Tier_1_Question_Paper_2025_45_Shifts_17th_Sep_2025_Shift_2_EN.pdf,13,1,,,,B
SSC_CGL_Tier_1_Question_Paper_2025_45_Shifts_17th_Sep_2025_Shift_2_EN.pdf,14,1,,,,A
SSC_CGL_Tier_1_Question_Paper_2025_45_Shifts_17th_Sep_2025_Shift_2_EN.pdf,15,1,,,,D
SSC_CGL_Tier_1_Question_Paper_2025_45_Shifts_17th_Sep_2025_Shift_2_EN.pdf,16,1,,,,A
SSC_CGL_Tier_1_Question_Paper_2025_45_Shifts_17th_Sep_2025_Shift_2_EN.pdf,17,1,,,,C
SSC_CGL_Tier_1_Question_Paper_2025_45_Shifts_17th_Sep_2025_Shift_2_EN.pdf,18,1,,,,A
SSC_CGL_Tier_1_Question_Paper_2025_45_Shifts_17th_Sep_2025_Shift_2_EN.pdf,19,1,,,,C
SSC_CGL_Tier_1_Question_Paper_2025_45_Shifts_17th_Sep_2025_Shift_2_EN.pdf,20,1,,,,B
SSC_CGL_Tier_1_Question_Paper_2025_45_Shifts_17th_Sep_2025_Shift_2_EN.pdf,21,1,,,,A
SSC_CGL_Tier_1_Question_Paper_2025_45_Shifts_17th_Sep_2025_Shift_2_EN.pdf,22,1,,,,C
SSC_CGL_Tier_1_Question_Paper_2025_45_Shifts_17th_Sep_2025_Shift_2_EN.pdf,23,1,,,,C
SSC_CGL_Tier_1_Question_Paper_2025_45_Shifts_17th_Sep_2025_Shift_2_EN.pdf,24,1,,,,A
SSC_CGL_Tier_1_Question_Paper_2025_45_Shifts_17th_Sep_2025_Shift_2_EN.pdf,25,1,,,,C
SSC_CGL_Tier_1_Question_Paper_2025_45_Shifts_17th_Sep_2025_Shift_2_EN.pdf,26,1,,,,A
SSC_CGL_Tier_1_Question_Paper_2025_45_Shifts_17th_Sep_2025_Shift_2_EN.pdf,27,1,,,,B
SSC_CGL_Tier_1_Question_Paper_2025_45_Shifts_17th_Sep_2025_Shift_2_EN.pdf,28,1,,,,C
SSC_CGL_Tier_1_Question_Paper_2025_45_Shifts_17th_Sep_2025_Shift_2_EN.pdf,29,1,,,,B
SSC_CGL_Tier_1_Question_Paper_2025_45_Shifts_17th_Sep_2025_Shift_2_EN.pdf,30,1,,,,A
SSC_CGL_Tier_1_Question_Paper_2025_45_Shifts_17th_Sep_2025_Shift_2_EN.pdf,31,1,,,,B
SSC_CGL_Tier_1_Question_Paper_2025_45_Shifts_17th_Sep_2025_Shift_2_EN.pdf,32,1,,,,B
SSC_CGL_Tier_1_Question_Paper_2025_45_Shifts_17th_Sep_2025_Shift_2_EN.pdf,33,1,,,,A
SSC_CGL_Tier_1_Question_Paper_2025_45_Shifts_17th_Sep_2025_Shift_2_EN.pdf,34,1,,,,B
SSC_CGL_Tier_1_Question_Paper_2025_45_Shifts_17th_Sep_2025_Shift_2_EN.pdf,35,1,,,,A
SSC_CGL_Tier_1_Question_Paper_2025_45_Shifts_17th_Sep_2025_Shift_2_EN.pdf,36,1,,,,A
SSC_CGL_Tier_1_Question_Paper_2025_45_Shifts_17th_Sep_2025_Shift_2_EN.pdf,37,1,,,,B
SSC_CGL_Tier_1_Question_Paper_2025_45_Shifts_17th_Sep_2025_Shift_2_EN.pdf,38,1,,,,C
SSC_CGL_Tier_1_Question_Paper_2025_45_Shifts_17th_Sep_2025_Shift_2_EN.pdf,39,1,,,,A
SSC_CGL_Tier_1_Question_Paper_2025_45_Shifts_17th_Sep_2025_Shift_2_EN.pdf,40,1,,,,C
SSC_CGL_Tier_1_Question_Paper_2025_45_Shifts_17th_Sep_2025_Shift_2_EN.pdf,41,1,,,,A
SSC_CGL_Tier_1_Question_Paper_2025_45_Shifts_17th_Sep_2025_Shift_2_EN.pdf,42,1,,,,A
SSC_CGL_Tier_1_Question_Paper_2025_45_Shifts_17th_Sep_2025_Shift_2_EN.pdf,43,1,,,,A
SSC_CGL_Tier_1_Question_Paper_2025_45_Shifts_17th_Sep_2025_Shift_2_EN.pdf,44,1,,,,B
SSC_CGL_Tier_1_Question_Paper_2025_45_Shifts_17th_Sep_2025_Shift_2_EN.pdf,45,1,,,,B
SSC_CGL_Tier_1_Question_Paper_2025_45_Shifts_17th_Sep_2025_Shift_2_EN.pdf,46,1,,,,A
SSC_CGL_Tier_1_Question_Paper_2025_45_Shifts_17th_Sep_2025_Shift_2_EN.pdf,47,1,,,,B
SSC_CGL_Tier_1_Question_Paper_2025_45_Shifts_17th_Sep_2025_Shift_2_EN.pdf,48,1,,,,D
SSC_CGL_Tier_1_Question_Paper_2025_45_Shifts_17th_Sep_2025_Shift_2_EN.pdf,49,1,,,,A
SSC_CGL_Tier_1_Question_Paper_2025_45_Shifts_17th_Sep_2025_Shift_2_EN.pdf,50,1,,,,B
SSC_CGL_Tier_1_Question_Paper_2025_45_Shifts_17th_Sep_2025_Shift_2_EN.pdf,51,1,,,,B
SSC_CGL_Tier_1_Question_Paper_2025_45_Shifts_17th_Sep_2025_Shift_2_EN.pdf,52,1,,,,A
SSC_CGL_Tier_1_Question_Paper_2025_45_Shifts_17th_Sep_2025_Shift_2_EN.pdf,53,1,,,,C
SSC_CGL_Tier_1_Question_Paper_2025_45_Shifts_17th_Sep_2025_Shift_2_EN.pdf,54,1,,,,B
SSC_CGL_Tier_1_Question_Paper_2025_45_Shifts_17th_Sep_2025_Shift_2_EN.pdf,55,1,,,,B
SSC_CGL_Tier_1_Question_Paper_2025_45_Shifts_17th_Sep_2025_Shift_2_EN.pdf,56,1,,,,B
SSC_CGL_Tier_1_Question_Paper_2025_45_Shifts_17th_Sep_2025_Shift_2_EN.pdf,57,1,,,,B
SSC_CGL_Tier_1_Question_Paper_2025_45_Shifts_17th_Sep_2025_Shift_2_EN.pdf,58,1,,,,B
SSC_CGL_Tier_1_Question_Paper_2025_45_Shifts_17th_Sep_2025_Shift_2_EN.pdf,59,1,,,,C
SSC_CGL_Tier_1_Question_Paper_2025_45_Shifts_17th_Sep_2025_Shift_2_EN.pdf,60,1,,,,A
SSC_CGL_Tier_1_Question_Paper_2025_45_Shifts_17th_Sep_2025_Shift_2_EN.pdf,61,1,,,,D
SSC_CGL_Tier_1_Question_Paper_2025_45_Shifts_17th_Sep_2025_Shift_2_EN.pdf,62,1,,,,D
SSC_CGL_Tier_1_Question_Paper_2025_45_Shifts_17th_Sep_2025_Shift_2_EN.pdf,63,1,,,,C
SSC_CGL_Tier_1_Question_Paper_2025_45_Shifts_17th_Sep_2025_Shift_2_EN.pdf,64,1,,,,A
SSC_CGL_Tier_1_Question_Paper_2025_45_Shifts_17th_Sep_2025_Shift_2_EN.pdf,65,1,,,,D
SSC_CGL_Tier_1_Question_Paper_2025_45_Shifts_17th_Sep_2025_Shift_2_EN.pdf,66,1,,,,A
SSC_CGL_Tier_1_Question_Paper_2025_45_Shifts_17th_Sep_2025_Shift_2_EN.pdf,67,1,,,,C
SSC_CGL_Tier_1_Question_Paper_2025_45_Shifts_17th_Sep_2025_Shift_2_EN.pdf,68,1,,,,A
SSC_CGL_Tier_1_Question_Paper_2025_45_Shifts_17th_Sep_2025_Shift_2_EN.pdf,69,1,,,,A
SSC_CGL_Tier_1_Question_Paper_2025_45_Shifts_17th_Sep_2025_Shift_2_EN.pdf,70,1,,,,C
SSC_CGL_Tier_1_Question_Paper_2025_45_Shifts_17th_Sep_2025_Shift_2_EN.pdf,71,1,,,,A
SSC_CGL_Tier_1_Question_Paper_2025_45_Shifts_17th_Sep_2025_Shift_2_EN.pdf,72,1,,,,C
SSC_CGL_Tier_1_Question_Paper_2025_45_Shifts_17th_Sep_2025_Shift_2_EN.pdf,73,1,,,,D
SSC_CGL_Tier_1_Question_Paper_2025_45_Shifts_17th_Sep_2025_Shift_2_EN.pdf,74,1,,,,B
SSC_CGL_Tier_1_Question_Paper_2025_45_Shifts_17th_Sep_2025_Shift_2_EN.pdf,75,1,,,,A
SSC_CGL_Tier_1_Question_Paper_2025_45_Shifts_17th_Sep_2025_Shift_2_EN.pdf,76,1,,,,B
SSC_CGL_Tier_1_Question_Paper_2025_45_Shifts_17th_Sep_2025_Shift_2_EN.pdf,77,1,,,,B
SSC_CGL_Tier_1_Question_Paper_2025_45_Shifts_17th_Sep_2025_Shift_2_EN.pdf,78,1,,,,A
SSC_CGL_Tier_1_Question_Paper_2025_45_Shifts_17th_Sep_2025_Shift_2_EN.pdf,79,1,,,,A
SSC_CGL_Tier_1_Question_Paper_2025_45_Shifts_17th_Sep_2025_Shift_2_EN.pdf,80,1,,,,A
SSC_CGL_Tier_1_Question_Paper_2025_45_Shifts_17th_Sep_2025_Shift_2_EN.pdf,81,1,,,,C
SSC_CGL_Tier_1_Question_Paper_2025_45_Shifts_17th_Sep_2025_Shift_2_EN.pdf,82,1,,,,D
SSC_CGL_Tier_1_Question_Paper_2025_45_Shifts_17th_Sep_2025_Shift_2_EN.pdf,83,1,,,,D
SSC_CGL_Tier_1_Question_Paper_2025_45_Shifts_17th_Sep_2025_Shift_2_EN.pdf,84,1,,,,D
SSC_CGL_Tier_1_Question_Paper_2025_45_Shifts_17th_Sep_2025_Shift_2_EN.pdf,85,1,,,,B
SSC_CGL_Tier_1_Question_Paper_2025_45_Shifts_17th_Sep_2025_Shift_2_EN.pdf,86,1,,,,C
SSC_CGL_Tier_1_Question_Paper_2025_45_Shifts_17th_Sep_2025_Shift_2_EN.pdf,87,1,,,,D
SSC_CGL_Tier_1_Question_Paper_2025_45_Shifts_17th_Sep_2025_Shift_2_EN.pdf,88,1,,,,B
SSC_CGL_Tier_1_Question_Paper_2025_45_Shifts_17th_Sep_2025_Shift_2_EN.pdf,89,1,,,,C
SSC_CGL_Tier_1_Question_Paper_2025_45_Shifts_17th_Sep_2025_Shift_2_EN.pdf,90,1,,,,C
SSC_CGL_Tier_1_Question_Paper_2025_45_Shifts_17th_Sep_2025_Shift_2_EN.pdf,91,1,,,,D
SSC_CGL_Tier_1_Question_Paper_2025_45_Shifts_17th_Sep_2025_Shift_2_EN.pdf,92,1,,,,C
SSC_CGL_Tier_1_Question_Paper_2025_45_Shifts_17th_Sep_2025_Shift_2_EN.pdf,93,1,,,,B
SSC_CGL_Tier_1_Question_Paper_2025_45_Shifts_17th_Sep_2025_Shift_2_EN.pdf,94,1,,,,B
SSC_CGL_Tier_1_Question_Paper_2025_45_Shifts_17th_Sep_2025_Shift_2_EN.pdf,95,1,,,,C
SSC_CGL_Tier_1_Question_Paper_2025_45_Shifts_17th_Sep_2025_Shift_2_EN.pdf,96,1,,,,A
SSC_CGL_Tier_1_Question_Paper_2025_45_Shifts_17th_Sep_2025_Shift_2_EN.pdf,97,1,,,,A
SSC_CGL_Tier_1_Question_Paper_2025_45_Shifts_17th_Sep_2025_Shift_2_EN.pdf,98,1,,,,A
SSC_CGL_Tier_1_Question_Paper_2025_45_Shifts_17th_Sep_2025_Shift_2_EN.pdf,99,1,,,,A
SSC_CGL_Tier_1_Question_Paper_2025_45_Shifts_17th_Sep_2025_Shift_2_EN.pdf,100,1,,,,A
SSC_CGL_Tier_1_Question_Paper_2025_45_Shifts_17th_Sep_2025_Shift_3_EN.pdf,1,1,,,,A
SSC_CGL_Tier_1_Question_Paper_2025_45_Shifts_17th_Sep_2025_Shift_3_EN.pdf,2,1,,,,A
SSC_CGL_Tier_1_Question_Paper_2025_45_Shifts_17th_Sep_2025_Shift_3_EN.pdf,3,1,,,,A
SSC_CGL_Tier_1_Question_Paper_2025_45_Shifts_17th_Sep_2025_Shift_3_EN.pdf,4,1,,,,B
SSC_CGL_Tier_1_Question_Paper_2025_45_Shifts_17th_Sep_2025_Shift_3_EN.pdf,5,1,,,,B
SSC_CGL_Tier_1_Question_Paper_2025_45_Shifts_17th_Sep_2025_Shift_3_EN.pdf,6,1,,,,A
SSC_CGL_Tier_1_Question_Paper_2025_45_Shifts_17th_Sep_2025_Shift_3_EN.pdf,7,1,,,,B
SSC_CGL_Tier_1_Question_Paper_2025_45_Shifts_17th_Sep_2025_Shift_3_EN.pdf,8,1,,,,A
SSC_CGL_Tier_1_Question_Paper_2025_45_Shifts_17th_Sep_2025_Shift_3_EN.pdf,9,1,,,,B
SSC_CGL_Tier_1_Question_Paper_2025_45_Shifts_17th_Sep_2025_Shift_3_EN.pdf,10,1,,,,C
SSC_CGL_Tier_1_Question_Paper_2025_45_Shifts_17th_Sep_2025_Shift_3_EN.pdf,11,1,,,,B
SSC_CGL_Tier_1_Question_Paper_2025_45_Shifts_17th_Sep_2025_Shift_3_EN.pdf,12,1,,,,A
SSC_CGL_Tier_1_Question_Paper_2025_45_Shifts_17th_Sep_2025_Shift_3_EN.pdf,13,1,,,,A
SSC_CGL_Tier_1_Question_Paper_2025_45_Shifts_17th_Sep_2025_Shift_3_EN.pdf,14,1,,,,D
SSC_CGL_Tier_1_Question_Paper_2025_45_Shifts_17th_Sep_2025_Shift_3_EN.pdf,15,1,,,,A
SSC_CGL_Tier_1_Question_Paper_2025_45_Shifts_17th_Sep_2025_Shift_3_EN.pdf,16,1,,,,B
SSC_CGL_Tier_1_Question_Paper_2025_45_Shifts_17th_Sep_2025_Shift_3_EN.pdf,17,1,,,,A
SSC_CGL_Tier_1_Question_Paper_2025_45_Shifts_17th_Sep_2025_Shift_3_EN.pdf,18,1,,,,A
SSC_CGL_Tier_1_Question_Paper_2025_45_Shifts_17th_Sep_2025_Shift_3_EN.pdf,19,1,,,,C
SSC_CGL_Tier_1_Question_Paper_2025_45_Shifts_17th_Sep_2025_Shift_3_EN.pdf,20,1,,,,D
SSC_CGL_Tier_1_Question_Paper_2025_45_Shifts_17th_Sep_2025_Shift_3_EN.pdf,21,1,,,,A
SSC_CGL_Tier_1_Question_Paper_2025_45_Shifts_17th_Sep_2025_Shift_3_EN.pdf,22,1,,,,D
SSC_CGL_Tier_1_Question_Paper_2025_45_Shifts_17th_Sep_2025_Shift_3_EN.pdf,23,1,,,,B
SSC_CGL_Tier_1_Question_Paper_2025_45_Shifts_17th_Sep_2025_Shift_3_EN.pdf,24,1,,,,A
SSC_CGL_Tier_1_Question_Paper_2025_45_Shifts_17th_Sep_2025_Shift_3_EN.pdf,25,1,,,,B
SSC_CGL_Tier_1_Question_Paper_2025_45_Shifts_17th_Sep_2025_Shift_3_EN.pdf,26,1,,,,B
SSC_CGL_Tier_1_Question_Paper_2025_45_Shifts_17th_Sep_2025_Shift_3_EN.pdf,27,1,,,,C
SSC_CGL_Tier_1_Question_Paper_2025_45_Shifts_17th_Sep_2025_Shift_3_EN.pdf,28,1,,,,B
SSC_CGL_Tier_1_Question_Paper_2025_45_Shifts_17th_Sep_2025_Shift_3_EN.pdf,29,1,,,,B
SSC_CGL_Tier_1_Question_Paper_2025_45_Shifts_17th_Sep_2025_Shift_3_EN.pdf,30,1,,,,A
SSC_CGL_Tier_1_Question_Paper_2025_45_Shifts_17th_Sep_2025_Shift_3_EN.pdf,31,1,,,,A
SSC_CGL_Tier_1_Question_Paper_2025_45_Shifts_17th_Sep_2025_Shift_3_EN.pdf,32,1,,,,D
SSC_CGL_Tier_1_Question_Paper_2025_45_Shifts_17th_Sep_2025_Shift_3_EN.pdf,33,1,,,,B
SSC_CGL_Tier_1_Question_Paper_2025_45_Shifts_17th_Sep_2025_Shift_3_EN.pdf,34,1,,,,A
SSC_CGL_Tier_1_Question_Paper_2025_45_Shifts_17th_Sep_2025_Shift_3_EN.pdf,35,1,,,,C
SSC_CGL_Tier_1_Question_Paper_2025_45_Shifts_17th_Sep_2025_Shift_3_EN.pdf,36,1,,,,C
SSC_CGL_Tier_1_Question_Paper_2025_45_Shifts_17th_Sep_2025_Shift_3_EN.pdf,37,1,,,,B
SSC_CGL_Tier_1_Question_Paper_2025_45_Shifts_17th_Sep_2025_Shift_3_EN.pdf,38,1,,,,A
SSC_CGL_Tier_1_Question_Paper_2025_45_Shifts_17th_Sep_2025_Shift_3_EN.pdf,39,1,,,,B
SSC_CGL_Tier_1_Question_Paper_2025_45_Shifts_17th_Sep_2025_Shift_3_EN.pdf,40,1,,,,A
SSC_CGL_Tier_1_Question_Paper_2025_45_Shifts_17th_Sep_2025_Shift_3_EN.pdf,41,1,,,,B
SSC_CGL_Tier_1_Question_Paper_2025_45_Shifts_17th_Sep_2025_Shift_3_EN.pdf,42,1,,,,A
SSC_CGL_Tier_1_Question_Paper_2025_45_Shifts_17th_Sep_2025_Shift_3_EN.pdf,43,1,,,,B
SSC_CGL_Tier_1_Question_Paper_2025_45_Shifts_17th_Sep_2025_Shift_3_EN.pdf,44,1,,,,A
SSC_CGL_Tier_1_Question_Paper_2025_45_Shifts_17th_Sep_2025_Shift_3_EN.pdf,45,1,,,,A
SSC_CGL_Tier_1_Question_Paper_2025_45_Shifts_17th_Sep_2025_Shift_3_EN.pdf,46,1,,,,B
SSC_CGL_Tier_1_Question_Paper_2025_45_Shifts_17th_Sep_2025_Shift_3_EN.pdf,47,1,,,,B
SSC_CGL_Tier_1_Question_Paper_2025_45_Shifts_17th_Sep_2025_Shift_3_EN.pdf,48,1,,,,A
SSC_CGL_Tier_1_Question_Paper_2025_45_Shifts_17th_Sep_2025_Shift_3_EN.pdf,49,1,,,,A
SSC_CGL_Tier_1_Question_Paper_2025_45_Shifts_17th_Sep_2025_Shift_3_EN.pdf,50,1,,,,B
SSC_CGL_Tier_1_Question_Paper_2025_45_Shifts_17th_Sep_2025_Shift_3_EN.pdf,51,1,,,,C
SSC_CGL_Tier_1_Question_Paper_2025_45_Shifts_17th_Sep_2025_Shift_3_EN.pdf,52,1,,,,C
SSC_CGL_Tier_1_Question_Paper_2025_45_Shifts_17th_Sep_2025_Shift_3_EN.pdf,53,1,,,,A
SSC_CGL_Tier_1_Question_Paper_2025_45_Shifts_17th_Sep_2025_Shift_3_EN.pdf,54,1,,,,A
SSC_CGL_Tier_1_Question_Paper_2025_45_Shifts_17th_Sep_2025_Shift_3_EN.pdf,55,1,,,,A
SSC_CGL_Tier_1_Question_Paper_2025_45_Shifts_17th_Sep_2025_Shift_3_EN.pdf,56,1,,,,D
SSC_CGL_Tier_1_Question_Paper_2025_45_Shifts_17th_Sep_2025_Shift_3_EN.pdf,57,1,,,,C
SSC_CGL_Tier_1_Question_Paper_2025_45_Shifts_17th_Sep_2025_Shift_3_EN.pdf,58,1,,,,B
SSC_CGL_Tier_1_Question_Paper_2025_45_Shifts_17th_Sep_2025_Shift_3_EN.pdf,59,1,,,,B
SSC_CGL_Tier_1_Question_Paper_2025_45_Shifts_17th_Sep_2025_Shift_3_EN.pdf,60,1,,,,A
SSC_CGL_Tier_1_Question_Paper_2025_45_Shifts_17th_Sep_2025_Shift_3_EN.pdf,61,1,,,,D
SSC_CGL_Tier_1_Question_Paper_2025_45_Shifts_17th_Sep_2025_Shift_3_EN.pdf,62,1,,,,B
SSC_CGL_Tier_1_Question_Paper_2025_45_Shifts_17th_Sep_2025_Shift_3_EN.pdf,63,1,,,,B
SSC_CGL_Tier_1_Question_Paper_2025_45_Shifts_17th_Sep_2025_Shift_3_EN.pdf,64,1,,,,A
SSC_CGL_Tier_1_Question_Paper_2025_45_Shifts_17th_Sep_2025_Shift_3_EN.pdf,65,1,,,,C
SSC_CGL_Tier_1_Question_Paper_2025_45_Shifts_17th_Sep_2025_Shift_3_EN.pdf,66,1,,,,A
SSC_CGL_Tier_1_Question_Paper_2025_45_Shifts_17th_Sep_2025_Shift_3_EN.pdf,67,1,,,,A
SSC_CGL_Tier_1_Question_Paper_2025_45_Shifts_17th_Sep_2025_Shift_3_EN.pdf,68,1,,,,A
SSC_CGL_Tier_1_Question_Paper_2025_45_Shifts_17th_Sep_2025_Shift_3_EN.pdf,69,1,,,,C
SSC_CGL_Tier_1_Question_Paper_2025_45_Shifts_17th_Sep_2025_Shift_3_EN.pdf,70,1,,,,A
SSC_CGL_Tier_1_Question_Paper_2025_45_Shifts_17th_Sep_2025_Shift_3_EN.pdf,71,1,,,,C
SSC_CGL_Tier_1_Question_Paper_2025_45_Shifts_17th_Sep_2025_Shift_3_EN.pdf,72,1,,,,B
SSC_CGL_Tier_1_Question_Paper_2025_45_Shifts_17th_Sep_2025_Shift_3_EN.pdf,73,1,,,,B
SSC_CGL_Tier_1_Question_Paper_2025_45_Shifts_17th_Sep_2025_Shift_3_EN.pdf,74,1,,,,D
SSC_CGL_Tier_1_Question_Paper_2025_45_Shifts_17th_Sep_2025_Shift_3_EN.pdf,75,1,,,,A
SSC_CGL_Tier_1_Question_Paper_2025_45_Shifts_17th_Sep_2025_Shift_3_EN.pdf,76,1,,,,A
SSC_CGL_Tier_1_Question_Paper_2025_45_Shifts_17th_Sep_2025_Shift_3_EN.pdf,77,1,,,,B
SSC_CGL_Tier_1_Question_Paper_2025_45_Shifts_17th_Sep_2025_Shift_3_EN.pdf,78,1,,,,A
SSC_CGL_Tier_1_Question_Paper_2025_45_Shifts_17th_Sep_2025_Shift_3_EN.pdf,79,1,,,,C
SSC_CGL_Tier_1_Question_Paper_2025_45_Shifts_17th_Sep_2025_Shift_3_EN.pdf,80,1,,,,A
SSC_CGL_Tier_1_Question_Paper_2025_45_Shifts_17th_Sep_2025_Shift_3_EN.pdf,81,1,,,,C
SSC_CGL_Tier_1_Question_Paper_2025_45_Shifts_17th_Sep_2025_Shift_3_EN.pdf,82,1,,,,C
SSC_CGL_Tier_1_Question_Paper_2025_45_Shifts_17th_Sep_2025_Shift_3_EN.pdf,83,1,,,,D
SSC_CGL_Tier_1_Question_Paper_2025_45_Shifts_17th_Sep_2025_Shift_3_EN.pdf,84,1,,,,C
SSC_CGL_Tier_1_Question_Paper_2025_45_Shifts_17th_Sep_2025_Shift_3_EN.pdf,85,1,,,,D
SSC_CGL_Tier_1_Question_Paper_2025_45_Shifts_17th_Sep_2025_Shift_3_EN.pdf,86,1,,,,C
SSC_CGL_Tier_1_Question_Paper_2025_45_Shifts_17th_Sep_2025_Shift_3_EN.pdf,87,1,,,,C
SSC_CGL_Tier_1_Question_Paper_2025_45_Shifts_17th_Sep_2025_Shift_3_EN.pdf,88,1,,,,B
SSC_CGL_Tier_1_Question_Paper_2025_45_Shifts_17th_Sep_2025_Shift_3_EN.pdf,89,1,,,,B
SSC_CGL_Tier_1_Question_Paper_2025_45_Shifts_17th_Sep_2025_Shift_3_EN.pdf,90,1,,,,C
SSC_CGL_Tier_1_Question_Paper_2025_45_Shifts_17th_Sep_2025_Shift_3_EN.pdf,91,1,,,,B
SSC_CGL_Tier_1_Question_Paper_2025_45_Shifts_17th_Sep_2025_Shift_3_EN.pdf,92,1,,,,A
SSC_CGL_Tier_1_Question_Paper_2025_45_Shifts_17th_Sep_2025_Shift_3_EN.pdf,93,1,,,,B
SSC_CGL_Tier_1_Question_Paper_2025_45_Shifts_17th_Sep_2025_Shift_3_EN.pdf,94,1,,,,B
SSC_CGL_Tier_1_Question_Paper_2025_45_Shifts_17th_Sep_2025_Shift_3_EN.pdf,95,1,,,,B
SSC_CGL_Tier_1_Question_Paper_2025_45_Shifts_17th_Sep_2025_Shift_3_EN.pdf,96,1,,,,B
SSC_CGL_Tier_1_Question_Paper_2025_45_Shifts_17th_Sep_2025_Shift_3_EN.pdf,97,1,,,,B
SSC_CGL_Tier_1_Question_Paper_2025_45_Shifts_17th_Sep_2025_Shift_3_EN.pdf,98,1,,,,A
SSC_CGL_Tier_1_Question_Paper_2025_45_Shifts_17th_Sep_2025_Shift_3_EN.pdf,99,1,,,,B
SSC_CGL_Tier_1_Question_Paper_2025_45_Shifts_17th_Sep_2025_Shift_3_EN.pdf,100,1,,,,B
SSC_CGL_Tier_1_Question_Paper_2025_45_Shifts_18th_Sep_2025_Shift_1_EN.pdf,1,1,,,,B
SSC_CGL_Tier_1_Question_Paper_2025_45_Shifts_18th_Sep_2025_Shift_1_EN.pdf,2,1,,,,A
SSC_CGL_Tier_1_Question_Paper_2025_45_Shifts_18th_Sep_2025_Shift_1_EN.pdf,3,1,,,,A
SSC_CGL_Tier_1_Question_Paper_2025_45_Shifts_18th_Sep_2025_Shift_1_EN.pdf,4,1,,,,C
SSC_CGL_Tier_1_Question_Paper_2025_45_Shifts_18th_Sep_2025_Shift_1_EN.pdf,5,1,,,,B
SSC_CGL_Tier_1_Question_Paper_2025_45_Shifts_18th_Sep_2025_Shift_1_EN.pdf,6,1,,,,B
SSC_CGL_Tier_1_Question_Paper_2025_45_Shifts_18th_Sep_2025_Shift_1_EN.pdf,7,1,,,,C
SSC_CGL_Tier_1_Question_Paper_2025_45_Shifts_18th_Sep_2025_Shift_1_EN.pdf,8,1,,,,A
SSC_CGL_Tier_1_Question_Paper_2025_45_Shifts_18th_Sep_2025_Shift_1_EN.pdf,9,1,,,,D
SSC_CGL_Tier_1_Question_Paper_2025_45_Shifts_18th_Sep_2025_Shift_1_EN.pdf,10,1,,,,A
SSC_CGL_Tier_1_Question_Paper_2025_45_Shifts_18th_Sep_2025_Shift_1_EN.pdf,11,1,,,,B
SSC_CGL_Tier_1_Question_Paper_2025_45_Shifts_18th_Sep_2025_Shift_1_EN.pdf,12,1,,,,B
SSC_CGL_Tier_1_Question_Paper_2025_45_Shifts_18th_Sep_2025_Shift_1_EN.pdf,13,1,,,,D
SSC_CGL_Tier_1_Question_Paper_2025_45_Shifts_18th_Sep_2025_Shift_1_EN.pdf,14,1,,,,D
SSC_CGL_Tier_1_Question_Paper_2025_45_Shifts_18th_Sep_2025_Shift_1_EN.pdf,15,1,,,,B
SSC_CGL_Tier_1_Question_Paper_2025_45_Shifts_18th_Sep_2025_Shift_1_EN.pdf,16,1,,,,C
SSC_CGL_Tier_1_Question_Paper_2025_45_Shifts_18th_Sep_2025_Shift_1_EN.pdf,17,1,,,,A
SSC_CGL_Tier_1_Question_Paper_2025_45_Shifts_18th_Sep_2025_Shift_1_EN.pdf,18,1,,,,C
SSC_CGL_Tier_1_Question_Paper_2025_45_Shifts_18th_Sep_2025_Shift_1_EN.pdf,19,1,,,,A
SSC_CGL_Tier_1_Question_Paper_2025_45_Shifts_18th_Sep_2025_Shift_1_EN.pdf,20,1,,,,A
SSC_CGL_Tier_1_Question_Paper_2025_45_Shifts_18th_Sep_2025_Shift_1_EN.pdf,21,1,,,,D
SSC_CGL_Tier_1_Question_Paper_2025_45_Shifts_18th_Sep_2025_Shift_1_EN.pdf,22,1,,,,C
SSC_CGL_Tier_1_Question_Paper_2025_45_Shifts_18th_Sep_2025_Shift_1_EN.pdf,23,1,,,,B
SSC_CGL_Tier_1_Question_Paper_2025_45_Shifts_18th_Sep_2025_Shift_1_EN.pdf,24,1,,,,B
SSC_CGL_Tier_1_Question_Paper_2025_45_Shifts_18th_Sep_2025_Shift_1_EN.pdf,25,1,,,,A
SSC_CGL_Tier_1_Question_Paper_2025_45_Shifts_18th_Sep_2025_Shift_1_EN.pdf,26,1,,,,A
SSC_CGL_Tier_1_Question_Paper_2025_45_Shifts_18th_Sep_2025_Shift_1_EN.pdf,27,1,,,,A
SSC_CGL_Tier_1_Question_Paper_2025_45_Shifts_18th_Sep_2025_Shift_1_EN.pdf,28,1,,,,A
SSC_CGL_Tier_1_Question_Paper_2025_45_Shifts_18th_Sep_2025_Shift_1_EN.pdf,29,1,,,,B
SSC_CGL_Tier_1_Question_Paper_2025_45_Shifts_18th_Sep_2025_Shift_1_EN.pdf,30,1,,,,B
SSC_CGL_Tier_1_Question_Paper_2025_45_Shifts_18th_Sep_2025_Shift_1_EN.pdf,31,1,,,,B
SSC_CGL_Tier_1_Question_Paper_2025_45_Shifts_18th_Sep_2025_Shift_1_EN.pdf,32,1,,,,B
SSC_CGL_Tier_1_Question_Paper_2025_45_Shifts_18th_Sep_2025_Shift_1_EN.pdf,33,1,,,,D
SSC_CGL_Tier_1_Question_Paper_2025_45_Shifts_18th_Sep_2025_Shift_1_EN.pdf,34,1,,,,B
SSC_CGL_Tier_1_Question_Paper_2025_45_Shifts_18th_Sep_2025_Shift_1_EN.pdf,35,1,,,,B
SSC_CGL_Tier_1_Question_Paper_2025_45_Shifts_18th_Sep_2025_Shift_1_EN.pdf,36,1,,,,A
SSC_CGL_Tier_1_Question_Paper_2025_45_Shifts_18th_Sep_2025_Shift_1_EN.pdf,37,1,,,,C
SSC_CGL_Tier_1_Question_Paper_2025_45_Shifts_18th_Sep_2025_Shift_1_EN.pdf,38,1,,,,B
SSC_CGL_Tier_1_Question_Paper_2025_45_Shifts_18th_Sep_2025_Shift_1_EN.pdf,39,1,,,,A
SSC_CGL_Tier_1_Question_Paper_2025_45_Shifts_18th_Sep_2025_Shift_1_EN.pdf,40,1,,,,C
SSC_CGL_Tier_1_Question_Paper_2025_45_Shifts_18th_Sep_2025_Shift_1_EN.pdf,41,1,,,,B
SSC_CGL_Tier_1_Question_Paper_2025_45_Shifts_18th_Sep_2025_Shift_1_EN.pdf,42,1,,,,B
SSC_CGL_Tier_1_Question_Paper_2025_45_Shifts_18th_Sep_2025_Shift_1_EN.pdf,43,1,,,,C
SSC_CGL_Tier_1_Question_Paper_2025_45_Shifts_18th_Sep_2025_Shift_1_EN.pdf,44,1,,,,A
SSC_CGL_Tier_1_Question_Paper_2025_45_Shifts_18th_Sep_2025_Shift_1_EN.pdf,45,1,,,,B
SSC_CGL_Tier_1_Question_Paper_2025_45_Shifts_18th_Sep_2025_Shift_1_EN.pdf,46,1,,,,A
SSC_CGL_Tier_1_Question_Paper_2025_45_Shifts_18th_Sep_2025_Shift_1_EN.pdf,47,1,,,,B
SSC_CGL_Tier_1_Question_Paper_2025_45_Shifts_18th_Sep_2025_Shift_1_EN.pdf,48,1,,,,A
SSC_CGL_Tier_1_Question_Paper_2025_45_Shifts_18th_Sep_2025_Shift_1_EN.pdf,49,1,,,,C
SSC_CGL_Tier_1_Question_Paper_2025_45_Shifts_18th_Sep_2025_Shift_1_EN.pdf,50,1,,,,C
SSC_CGL_Tier_1_Question_Paper_2025_45_Shifts_18th_Sep_2025_Shift_1_EN.pdf,51,1,,,,B
SSC_CGL_Tier_1_Question_Paper_2025_45_Shifts_18th_Sep_2025_Shift_1_EN.pdf,52,1,,,,C
SSC_CGL_Tier_1_Question_Paper_2025_45_Shifts_18th_Sep_2025_Shift_1_EN.pdf,53,1,,,,C
SSC_CGL_Tier_1_Question_Paper_2025_45_Shifts_18th_Sep_2025_Shift_1_EN.pdf,54,1,,,,B
SSC_CGL_Tier_1_Question_Paper_2025_45_Shifts_18th_Sep_2025_Shift_1_EN.pdf,55,1,,,,C
SSC_CGL_Tier_1_Question_Paper_2025_45_Shifts_18th_Sep_2025_Shift_1_EN.pdf,56,1,,,,A
SSC_CGL_Tier_1_Question_Paper_2025_45_Shifts_18th_Sep_2025_Shift_1_EN.pdf,57,1,,,,B
SSC_CGL_Tier_1_Question_Paper_2025_45_Shifts_18th_Sep_2025_Shift_1_EN.pdf,58,1,,,,C
SSC_CGL_Tier_1_Question_Paper_2025_45_Shifts_18th_Sep_2025_Shift_1_EN.pdf,59,1,,,,B
SSC_CGL_Tier_1_Question_Paper_2025_45_Shifts_18th_Sep_2025_Shift_1_EN.pdf,60,1,,,,A
SSC_CGL_Tier_1_Question_Paper_2025_45_Shifts_18th_Sep_2025_Shift_1_EN.pdf,61,1,,,,B
SSC_CGL_Tier_1_Question_Paper_2025_45_Shifts_18th_Sep_2025_Shift_1_EN.pdf,62,1,,,,B
SSC_CGL_Tier_1_Question_Paper_2025_45_Shifts_18th_Sep_2025_Shift_1_EN.pdf,63,1,,,,A
SSC_CGL_Tier_1_Question_Paper_2025_45_Shifts_18th_Sep_2025_Shift_1_EN.pdf,64,1,,,,B
SSC_CGL_Tier_1_Question_Paper_2025_45_Shifts_18th_Sep_2025_Shift_1_EN.pdf,65,1,,,,A
SSC_CGL_Tier_1_Question_Paper_2025_45_Shifts_18th_Sep_2025_Shift_1_EN.pdf,66,1,,,,C
SSC_CGL_Tier_1_Question_Paper_2025_45_Shifts_18th_Sep_2025_Shift_1_EN.pdf,67,1,,,,B
SSC_CGL_Tier_1_Question_Paper_2025_45_Shifts_18th_Sep_2025_Shift_1_EN.pdf,68,1,,,,B
SSC_CGL_Tier_1_Question_Paper_2025_45_Shifts_18th_Sep_2025_Shift_1_EN.pdf,69,1,,,,C
SSC_CGL_Tier_1_Question_Paper_2025_45_Shifts_18th_Sep_2025_Shift_1_EN.pdf,70,1,,,,C
SSC_CGL_Tier_1_Question_Paper_2025_45_Shifts_18th_Sep_2025_Shift_1_EN.pdf,71,1,,,,C
SSC_CGL_Tier_1_Question_Paper_2025_45_Shifts_18th_Sep_2025_Shift_1_EN.pdf,72,1,,,,A
SSC_CGL_Tier_1_Question_Paper_2025_45_Shifts_18th_Sep_2025_Shift_1_EN.pdf,73,1,,,,B
SSC_CGL_Tier_1_Question_Paper_2025_45_Shifts_18th_Sep_2025_Shift_1_EN.pdf,74,1,,,,C
SSC_CGL_Tier_1_Question_Paper_2025_45_Shifts_18th_Sep_2025_Shift_1_EN.pdf,75,1,,,,C
SSC_CGL_Tier_1_Question_Paper_2025_45_Shifts_18th_Sep_2025_Shift_1_EN.pdf,76,1,,,,A
SSC_CGL_Tier_1_Question_Paper_2025_45_Shifts_18th_Sep_2025_Shift_1_EN.pdf,77,1,,,,B
SSC_CGL_Tier_1_Question_Paper_2025_45_Shifts_18th_Sep_2025_Shift_1_EN.pdf,78,1,,,,B
SSC_CGL_Tier_1_Question_Paper_2025_45_Shifts_18th_Sep_2025_Shift_1_EN.pdf,79,1,,,,B
SSC_CGL_Tier_1_Question_Paper_2025_45_Shifts_18th_Sep_2025_Shift_1_EN.pdf,80,1,,,,C
SSC_CGL_Tier_1_Question_Paper_2025_45_Shifts_18th_Sep_2025_Shift_1_EN.pdf,81,1,,,,B
SSC_CGL_Tier_1_Question_Paper_2025_45_Shifts_18th_Sep_2025_Shift_1_EN.pdf,82,1,,,,C
SSC_CGL_Tier_1_Question_Paper_2025_45_Shifts_18th_Sep_2025_Shift_1_EN.pdf,83,1,,,,A
SSC_CGL_Tier_1_Question_Paper_2025_45_Shifts_18th_Sep_2025_Shift_1_EN.pdf,84,1,,,,C
SSC_CGL_Tier_1_Question_Paper_2025_45_Shifts_18th_Sep_2025_Shift_1_EN.pdf,85,1,,,,A
SSC_CGL_Tier_1_Question_Paper_2025_45_Shifts_18th_Sep_2025_Shift_1_EN.pdf,86,1,,,,A
SSC_CGL_Tier_1_Question_Paper_2025_45_Shifts_18th_Sep_2025_Shift_1_EN.pdf,87,1,,,,C
SSC_CGL_Tier_1_Question_Paper_2025_45_Shifts_18th_Sep_2025_Shift_1_EN.pdf,88,1,,,,A
SSC_CGL_Tier_1_Question_Paper_2025_45_Shifts_18th_Sep_2025_Shift_1_EN.pdf,89,1,,,,B
SSC_CGL_Tier_1_Question_Paper_2025_45_Shifts_18th_Sep_2025_Shift_1_EN.pdf,90,1,,,,B
SSC_CGL_Tier_1_Question_Paper_2025_45_Shifts_18th_Sep_2025_Shift_1_EN.pdf,91,1,,,,A
SSC_CGL_Tier_1_Question_Paper_2025_45_Shifts_18th_Sep_2025_Shift_1_EN.pdf,92,1,,,,D
SSC_CGL_Tier_1_Question_Paper_2025_45_Shifts_18th_Sep_2025_Shift_1_EN.pdf,93,1,,,,A
SSC_CGL_Tier_1_Question_Paper_2025_45_Shifts_18th_Sep_2025_Shift_1_EN.pdf,94,1,,,,A
SSC_CGL_Tier_1_Question_Paper_2025_45_Shifts_18th_Sep_2025_Shift_1_EN.pdf,95,1,,,,A
SSC_CGL_Tier_1_Question_Paper_2025_45_Shifts_18th_Sep_2025_Shift_1_EN.pdf,96,1,,,,A
SSC_CGL_Tier_1_Question_Paper_2025_45_Shifts_18th_Sep_2025_Shift_1_EN.pdf,97,1,,,,C
SSC_CGL_Tier_1_Question_Paper_2025_45_Shifts_18th_Sep_2025_Shift_1_EN.pdf,98,1,,,,A
SSC_CGL_Tier_1_Question_Paper_2025_45_Shifts_18th_Sep_2025_Shift_1_EN.pdf,99,1,,,,B
SSC_CGL_Tier_1_Question_Paper_2025_45_Shifts_18th_Sep_2025_Shift_1_EN.pdf,100,1,,,,C
SSC_CGL_Tier_1_Question_Paper_2025_45_Shifts_18th_Sep_2025_Shift_2_EN.pdf,1,1,,,,B
SSC_CGL_Tier_1_Question_Paper_2025_45_Shifts_18th_Sep_2025_Shift_2_EN.pdf,2,1,,,,B
SSC_CGL_Tier_1_Question_Paper_2025_45_Shifts_18th_Sep_2025_Shift_2_EN.pdf,3,1,,,,C
SSC_CGL_Tier_1_Question_Paper_2025_45_Shifts_18th_Sep_2025_Shift_2_EN.pdf,4,1,,,,A
SSC_CGL_Tier_1_Question_Paper_2025_45_Shifts_18th_Sep_2025_Shift_2_EN.pdf,5,1,,,,D
SSC_CGL_Tier_1_Question_Paper_2025_45_Shifts_18th_Sep_2025_Shift_2_EN.pdf,6,1,,,,D
SSC_CGL_Tier_1_Question_Paper_2025_45_Shifts_18th_Sep_2025_Shift_2_EN.pdf,7,1,,,,C
SSC_CGL_Tier_1_Question_Paper_2025_45_Shifts_18th_Sep_2025_Shift_2_EN.pdf,8,1,,,,A
SSC_CGL_Tier_1_Question_Paper_2025_45_Shifts_18th_Sep_2025_Shift_2_EN.pdf,9,1,,,,C
SSC_CGL_Tier_1_Question_Paper_2025_45_Shifts_18th_Sep_2025_Shift_2_EN.pdf,10,1,,,,D
SSC_CGL_Tier_1_Question_Paper_2025_45_Shifts_18th_Sep_2025_Shift_2_EN.pdf,11,1,,,,B
SSC_CGL_Tier_1_Question_Paper_2025_45_Shifts_18th_Sep_2025_Shift_2_EN.pdf,12,1,,,,D
SSC_CGL_Tier_1_Question_Paper_2025_45_Shifts_18th_Sep_2025_Shift_2_EN.pdf,13,1,,,,B
SSC_CGL_Tier_1_Question_Paper_2025_45_Shifts_18th_Sep_2025_Shift_2_EN.pdf,14,1,,,,A
SSC_CGL_Tier_1_Question_Paper_2025_45_Shifts_18th_Sep_2025_Shift_2_EN.pdf,15,1,,,,D
SSC_CGL_Tier_1_Question_Paper_2025_45_Shifts_18th_Sep_2025_Shift_2_EN.pdf,16,1,,,,A
SSC_CGL_Tier_1_Question_Paper_2025_45_Shifts_18th_Sep_2025_Shift_2_EN.pdf,17,1,,,,B
SSC_CGL_Tier_1_Question_Paper_2025_45_Shifts_18th_Sep_2025_Shift_2_EN.pdf,18,1,,,,B
SSC_CGL_Tier_1_Question_Paper_2025_45_Shifts_18th_Sep_2025_Shift_2_EN.pdf,19,1,,,,B
SSC_CGL_Tier_1_Question_Paper_2025_45_Shifts_18th_Sep_2025_Shift_2_EN.pdf,20,1,,,,B
SSC_CGL_Tier_1_Question_Paper_2025_45_Shifts_18th_Sep_2025_Shift_2_EN.pdf,21,1,,,,A
SSC_CGL_Tier_1_Question_Paper_2025_45_Shifts_18th_Sep_2025_Shift_2_EN.pdf,22,1,,,,C
SSC_CGL_Tier_1_Question_Paper_2025_45_Shifts_18th_Sep_2025_Shift_2_EN.pdf,23,1,,,,B
SSC_CGL_Tier_1_Question_Paper_2025_45_Shifts_18th_Sep_2025_Shift_2_EN.pdf,24,1,,,,A
SSC_CGL_Tier_1_Question_Paper_2025_45_Shifts_18th_Sep_2025_Shift_2_EN.pdf,25,1,,,,C
SSC_CGL_Tier_1_Question_Paper_2025_45_Shifts_18th_Sep_2025_Shift_2_EN.pdf,26,1,,,,C
SSC_CGL_Tier_1_Question_Paper_2025_45_Shifts_18th_Sep_2025_Shift_2_EN.pdf,27,1,,,,C
SSC_CGL_Tier_1_Question_Paper_2025_45_Shifts_18th_Sep_2025_Shift_2_EN.pdf,28,1,,,,A
SSC_CGL_Tier_1_Question_Paper_2025_45_Shifts_18th_Sep_2025_Shift_2_EN.pdf,29,1,,,,A
SSC_CGL_Tier_1_Question_Paper_2025_45_Shifts_18th_Sep_2025_Shift_2_EN.pdf,30,1,,,,A
SSC_CGL_Tier_1_Question_Paper_2025_45_Shifts_18th_Sep_2025_Shift_2_EN.pdf,31,1,,,,A
SSC_CGL_Tier_1_Question_Paper_2025_45_Shifts_18th_Sep_2025_Shift_2_EN.pdf,32,1,,,,B
SSC_CGL_Tier_1_Question_Paper_2025_45_Shifts_18th_Sep_2025_Shift_2_EN.pdf,33,1,,,,C
SSC_CGL_Tier_1_Question_Paper_2025_45_Shifts_18th_Sep_2025_Shift_2_EN.pdf,34,1,,,,B
SSC_CGL_Tier_1_Question_Paper_2025_45_Shifts_18th_Sep_2025_Shift_2_EN.pdf,35,1,,,,C
SSC_CGL_Tier_1_Question_Paper_2025_45_Shifts_18th_Sep_2025_Shift_2_EN.pdf,36,1,,,,C
SSC_CGL_Tier_1_Question_Paper_2025_45_Shifts_18th_Sep_2025_Shift_2_EN.pdf,37,1,,,,A
SSC_CGL_Tier_1_Question_Paper_2025_45_Shifts_18th_Sep_2025_Shift_2_EN.pdf,38,1,,,,C
SSC_CGL_Tier_1_Question_Paper_2025_45_Shifts_18th_Sep_2025_Shift_2_EN.pdf,39,1,,,,C
SSC_CGL_Tier_1_Question_Paper_2025_45_Shifts_18th_Sep_2025_Shift_2_EN.pdf,40,1,,,,C
SSC_CGL_Tier_1_Question_Paper_2025_45_Shifts_18th_Sep_2025_Shift_2_EN.pdf,41,1,,,,A
SSC_CGL_Tier_1_Question_Paper_2025_45_Shifts_18th_Sep_2025_Shift_2_EN.pdf,42,1,,,,A
SSC_CGL_Tier_1_Question_Paper_2025_45_Shifts_18th_Sep_2025_Shift_2_EN.pdf,43,1,,,,B
SSC_CGL_Tier_1_Question_Paper_2025_45_Shifts_18th_Sep_2025_Shift_2_EN.pdf,44,1,,,,B
SSC_CGL_Tier_1_Question_Paper_2025_45_Shifts_18th_Sep_2025_Shift_2_EN.pdf,45,1,,,,C
SSC_CGL_Tier_1_Question_Paper_2025_45_Shifts_18th_Sep_2025_Shift_2_EN.pdf,46,1,,,,A
SSC_CGL_Tier_1_Question_Paper_2025_45_Shifts_18th_Sep_2025_Shift_2_EN.pdf,47,1,,,,B
SSC_CGL_Tier_1_Question_Paper_2025_45_Shifts_18th_Sep_2025_Shift_2_EN.pdf,48,1,,,,B
SSC_CGL_Tier_1_Question_Paper_2025_45_Shifts_18th_Sep_2025_Shift_2_EN.pdf,49,1,,,,C
SSC_CGL_Tier_1_Question_Paper_2025_45_Shifts_18th_Sep_2025_Shift_2_EN.pdf,50,1,,,,A
SSC_CGL_Tier_1_Question_Paper_2025_45_Shifts_18th_Sep_2025_Shift_2_EN.pdf,51,1,,,,C
SSC_CGL_Tier_1_Question_Paper_2025_45_Shifts_18th_Sep_2025_Shift_2_EN.pdf,52,1,,,,B
SSC_CGL_Tier_1_Question_Paper_2025_45_Shifts_18th_Sep_2025_Shift_2_EN.pdf,53,1,,,,C
SSC_CGL_Tier_1_Question_Paper_2025_45_Shifts_18th_Sep_2025_Shift_2_EN.pdf,54,1,,,,B
SSC_CGL_Tier_1_Question_Paper_2025_45_Shifts_18th_Sep_2025_Shift_2_EN.pdf,55,1,,,,B
SSC_CGL_Tier_1_Question_Paper_2025_45_Shifts_18th_Sep_2025_Shift_2_EN.pdf,56,1,,,,B
SSC_CGL_Tier_1_Question_Paper_2025_45_Shifts_18th_Sep_2025_Shift_2_EN.pdf,57,1,,,,B
SSC_CGL_Tier_1_Question_Paper_2025_45_Shifts_18th_Sep_2025_Shift_2_EN.pdf,58,1,,,,C
SSC_CGL_Tier_1_Question_Paper_2025_45_Shifts_18th_Sep_2025_Shift_2_EN.pdf,59,1,,,,B
SSC_CGL_Tier_1_Question_Paper_2025_45_Shifts_18th_Sep_2025_Shift_2_EN.pdf,60,1,,,,B
SSC_CGL_Tier_1_Question_Paper_2025_45_Shifts_18th_Sep_2025_Shift_2_EN.pdf,61,1,,,,C
SSC_CGL_Tier_1_Question_Paper_2025_45_Shifts_18th_Sep_2025_Shift_2_EN.pdf,62,1,,,,C
SSC_CGL_Tier_1_Question_Paper_2025_45_Shifts_18th_Sep_2025_Shift_2_EN.pdf,63,1,,,,D
SSC_CGL_Tier_1_Question_Paper_2025_45_Shifts_18th_Sep_2025_Shift_2_EN.pdf,64,1,,,,A
SSC_CGL_Tier_1_Question_Paper_2025_45_Shifts_18th_Sep_2025_Shift_2_EN.pdf,65,1,,,,A
SSC_CGL_Tier_1_Question_Paper_2025_45_Shifts_18th_Sep_2025_Shift_2_EN.pdf,66,1,,,,D
SSC_CGL_Tier_1_Question_Paper_2025_45_Shifts_18th_Sep_2025_Shift_2_EN.pdf,67,1,,,,C
SSC_CGL_Tier_1_Question_Paper_2025_45_Shifts_18th_Sep_2025_Shift_2_EN.pdf,68,1,,,,C
SSC_CGL_Tier_1_Question_Paper_2025_45_Shifts_18th_Sep_2025_Shift_2_EN.pdf,69,1,,,,D
SSC_CGL_Tier_1_Question_Paper_2025_45_Shifts_18th_Sep_2025_Shift_2_EN.pdf,70,1,,,,B
SSC_CGL_Tier_1_Question_Paper_2025_45_Shifts_18th_Sep_2025_Shift_2_EN.pdf,71,1,,,,C
SSC_CGL_Tier_1_Question_Paper_2025_45_Shifts_18th_Sep_2025_Shift_2_EN.pdf,72,1,,,,A
SSC_CGL_Tier_1_Question_Paper_2025_45_Shifts_18th_Sep_2025_Shift_2_EN.pdf,73,1,,,,B
SSC_CGL_Tier_1_Question_Paper_2025_45_Shifts_18th_Sep_2025_Shift_2_EN.pdf,74,1,,,,D
SSC_CGL_Tier_1_Question_Paper_2025_45_Shifts_18th_Sep_2025_Shift_2_EN.pdf,75,1,,,,A
SSC_CGL_Tier_1_Question_Paper_2025_45_Shifts_18th_Sep_2025_Shift_2_EN.pdf,76,1,,,,B
SSC_CGL_Tier_1_Question_Paper_2025_45_Shifts_18th_Sep_2025_Shift_2_EN.pdf,77,1,,,,A
SSC_CGL_Tier_1_Question_Paper_2025_45_Shifts_18th_Sep_2025_Shift_2_EN.pdf,78,1,,,,A
SSC_CGL_Tier_1_Question_Paper_2025_45_Shifts_18th_Sep_2025_Shift_2_EN.pdf,79,1,,,,B
SSC_CGL_Tier_1_Question_Paper_2025_45_Shifts_18th_Sep_2025_Shift_2_EN.pdf,80,1,,,,B
SSC_CGL_Tier_1_Question_Paper_2025_45_Shifts_18th_Sep_2025_Shift_2_EN.pdf,81,1,,,,A
SSC_CGL_Tier_1_Question_Paper_2025_45_Shifts_18th_Sep_2025_Shift_2_EN.pdf,82,1,,,,A
SSC_CGL_Tier_1_Question_Paper_2025_45_Shifts_18th_Sep_2025_Shift_2_EN.pdf,83,1,,,,A
SSC_CGL_Tier_1_Question_Paper_2025_45_Shifts_18th_Sep_2025_Shift_2_EN.pdf,84,1,,,,C
SSC_CGL_Tier_1_Question_Paper_2025_45_Shifts_18th_Sep_2025_Shift_2_EN.pdf,85,1,,,,C
SSC_CGL_Tier_1_Question_Paper_2025_45_Shifts_18th_Sep_2025_Shift_2_EN.pdf,86,1,,,,B
SSC_CGL_Tier_1_Question_Paper_2025_45_Shifts_18th_Sep_2025_Shift_2_EN.pdf,87,1,,,,B
SSC_CGL_Tier_1_Question_Paper_2025_45_Shifts_18th_Sep_2025_Shift_2_EN.pdf,88,1,,,,B
SSC_CGL_Tier_1_Question_Paper_2025_45_Shifts_18th_Sep_2025_Shift_2_EN.pdf,89,1,,,,A
SSC_CGL_Tier_1_Question_Paper_2025_45_Shifts_18th_Sep_2025_Shift_2_EN.pdf,90,1,,,,C
SSC_CGL_Tier_1_Question_Paper_2025_45_Shifts_18th_Sep_2025_Shift_2_EN.pdf,91,1,,,,C
SSC_CGL_Tier_1_Question_Paper_2025_45_Shifts_18th_Sep_2025_Shift_2_EN.pdf,92,1,,,,B
SSC_CGL_Tier_1_Question_Paper_2025_45_Shifts_18th_Sep_2025_Shift_2_EN.pdf,93,1,,,,B
SSC_CGL_Tier_1_Question_Paper_2025_45_Shifts_18th_Sep_2025_Shift_2_EN.pdf,94,1,,,,C
SSC_CGL_Tier_1_Question_Paper_2025_45_Shifts_18th_Sep_2025_Shift_2_EN.pdf,95,1,,,,C
SSC_CGL_Tier_1_Question_Paper_2025_45_Shifts_18th_Sep_2025_Shift_2_EN.pdf,96,1,,,,B
SSC_CGL_Tier_1_Question_Paper_2025_45_Shifts_18th_Sep_2025_Shift_2_EN.pdf,97,1,,,,B
SSC_CGL_Tier_1_Question_Paper_2025_45_Shifts_18th_Sep_2025_Shift_2_EN.pdf,98,1,,,,C
SSC_CGL_Tier_1_Question_Paper_2025_45_Shifts_18th_Sep_2025_Shift_2_EN.pdf,99,1,,,,A
SSC_CGL_Tier_1_Question_Paper_2025_45_Shifts_18th_Sep_2025_Shift_2_EN.pdf,100,1,,,,B
SSC_CGL_Tier_1_Question_Paper_2025_45_Shifts_18th_Sep_2025_Shift_3_EN.pdf,1,1,,,,C
SSC_CGL_Tier_1_Question_Paper_2025_45_Shifts_18th_Sep_2025_Shift_3_EN.pdf,2,1,,,,B
SSC_CGL_Tier_1_Question_Paper_2025_45_Shifts_18th_Sep_2025_Shift_3_EN.pdf,3,1,,,,B
SSC_CGL_Tier_1_Question_Paper_2025_45_Shifts_18th_Sep_2025_Shift_3_EN.pdf,4,1,,,,C
SSC_CGL_Tier_1_Question_Paper_2025_45_Shifts_18th_Sep_2025_Shift_3_EN.pdf,5,1,,,,A
SSC_CGL_Tier_1_Question_Paper_2025_45_Shifts_18th_Sep_2025_Shift_3_EN.pdf,6,1,,,,D
SSC_CGL_Tier_1_Question_Paper_2025_45_Shifts_18th_Sep_2025_Shift_3_EN.pdf,7,1,,,,A
SSC_CGL_Tier_1_Question_Paper_2025_45_Shifts_18th_Sep_2025_Shift_3_EN.pdf,8,1,,,,C
SSC_CGL_Tier_1_Question_Paper_2025_45_Shifts_18th_Sep_2025_Shift_3_EN.pdf,9,1,,,,D
SSC_CGL_Tier_1_Question_Paper_2025_45_Shifts_18th_Sep_2025_Shift_3_EN.pdf,10,1,,,,C
SSC_CGL_Tier_1_Question_Paper_2025_45_Shifts_18th_Sep_2025_Shift_3_EN.pdf,11,1,,,,B
SSC_CGL_Tier_1_Question_Paper_2025_45_Shifts_18th_Sep_2025_Shift_3_EN.pdf,12,1,,,,D
SSC_CGL_Tier_1_Question_Paper_2025_45_Shifts_18th_Sep_2025_Shift_3_EN.pdf,13,1,,,,B
SSC_CGL_Tier_1_Question_Paper_2025_45_Shifts_18th_Sep_2025_Shift_3_EN.pdf,14,1,,,,B
SSC_CGL_Tier_1_Question_Paper_2025_45_Shifts_18th_Sep_2025_Shift_3_EN.pdf,15,1,,,,B
SSC_CGL_Tier_1_Question_Paper_2025_45_Shifts_18th_Sep_2025_Shift_3_EN.pdf,16,1,,,,D
SSC_CGL_Tier_1_Question_Paper_2025_45_Shifts_18th_Sep_2025_Shift_3_EN.pdf,17,1,,,,A
SSC_CGL_Tier_1_Question_Paper_2025_45_Shifts_18th_Sep_2025_Shift_3_EN.pdf,18,1,,,,D
SSC_CGL_Tier_1_Question_Paper_2025_45_Shifts_18th_Sep_2025_Shift_3_EN.pdf,19,1,,,,A
SSC_CGL_Tier_1_Question_Paper_2025_45_Shifts_18th_Sep_2025_Shift_3_EN.pdf,20,1,,,,C
SSC_CGL_Tier_1_Question_Paper_2025_45_Shifts_18th_Sep_2025_Shift_3_EN.pdf,21,1,,,,A
SSC_CGL_Tier_1_Question_Paper_2025_45_Shifts_18th_Sep_2025_Shift_3_EN.pdf,22,1,,,,C
SSC_CGL_Tier_1_Question_Paper_2025_45_Shifts_18th_Sep_2025_Shift_3_EN.pdf,23,1,,,,D
SSC_CGL_Tier_1_Question_Paper_2025_45_Shifts_18th_Sep_2025_Shift_3_EN.pdf,24,1,,,,C
SSC_CGL_Tier_1_Question_Paper_2025_45_Shifts_18th_Sep_2025_Shift_3_EN.pdf,25,1,,,,A
SSC_CGL_Tier_1_Question_Paper_2025_45_Shifts_18th_Sep_2025_Shift_3_EN.pdf,26,1,,,,C
SSC_CGL_Tier_1_Question_Paper_2025_45_Shifts_18th_Sep_2025_Shift_3_EN.pdf,27,1,,,,A
SSC_CGL_Tier_1_Question_Paper_2025_45_Shifts_18th_Sep_2025_Shift_3_EN.pdf,28,1,,,,B
SSC_CGL_Tier_1_Question_Paper_2025_45_Shifts_18th_Sep_2025_Shift_3_EN.pdf,29,1,,,,B
SSC_CGL_Tier_1_Question_Paper_2025_45_Shifts_18th_Sep_2025_Shift_3_EN.pdf,30,1,,,,B
SSC_CGL_Tier_1_Question_Paper_2025_45_Shifts_18th_Sep_2025_Shift_3_EN.pdf,31,1,,,,B
SSC_CGL_Tier_1_Question_Paper_2025_45_Shifts_18th_Sep_2025_Shift_3_EN.pdf,32,1,,,,C
SSC_CGL_Tier_1_Question_Paper_2025_45_Shifts_18th_Sep_2025_Shift_3_EN.pdf,33,1,,,,C
SSC_CGL_Tier_1_Question_Paper_2025_45_Shifts_18th_Sep_2025_Shift_3_EN.pdf,34,1,,,,C
SSC_CGL_Tier_1_Question_Paper_2025_45_Shifts_18th_Sep_2025_Shift_3_EN.pdf,35,1,,,,B
SSC_CGL_Tier_1_Question_Paper_2025_45_Shifts_18th_Sep_2025_Shift_3_EN.pdf,36,1,,,,C
SSC_CGL_Tier_1_Question_Paper_2025_45_Shifts_18th_Sep_2025_Shift_3_EN.pdf,37,1,,,,A
SSC_CGL_Tier_1_Question_Paper_2025_45_Shifts_18th_Sep_2025_Shift_3_EN.pdf,38,1,,,,D
SSC_CGL_Tier_1_Question_Paper_2025_45_Shifts_18th_Sep_2025_Shift_3_EN.pdf,39,1,,,,B
SSC_CGL_Tier_1_Question_Paper_2025_45_Shifts_18th_Sep_2025_Shift_3_EN.pdf,40,1,,,,A
SSC_CGL_Tier_1_Question_Paper_2025_45_Shifts_18th_Sep_2025_Shift_3_EN.pdf,41,1,,,,C
SSC_CGL_Tier_1_Question_Paper_2025_45_Shifts_18th_Sep_2025_Shift_3_EN.pdf,42,1,,,,B
SSC_CGL_Tier_1_Question_Paper_2025_45_Shifts_18th_Sep_2025_Shift_3_EN.pdf,43,1,,,,A
SSC_CGL_Tier_1_Question_Paper_2025_45_Shifts_18th_Sep_2025_Shift_3_EN.pdf,44,1,,,,A
SSC_CGL_Tier_1_Question_Paper_2025_45_Shifts_18th_Sep_2025_Shift_3_EN.pdf,45,1,,,,C
SSC_CGL_Tier_1_Question_Paper_2025_45_Shifts_18th_Sep_2025_Shift_3_EN.pdf,46,1,,,,B
SSC_CGL_Tier_1_Question_Paper_2025_45_Shifts_18th_Sep_2025_Shift_3_EN.pdf,47,1,,,,B
SSC_CGL_Tier_1_Question_Paper_2025_45_Shifts_18th_Sep_2025_Shift_3_EN.pdf,48,1,,,,B
SSC_CGL_Tier_1_Question_Paper_2025_45_Shifts_18th_Sep_2025_Shift_3_EN.pdf,49,1,,,,C
SSC_CGL_Tier_1_Question_Paper_2025_45_Shifts_18th_Sep_2025_Shift_3_EN.pdf,50,1,,,,A
SSC_CGL_Tier_1_Question_Paper_2025_45_Shifts_18th_Sep_2025_Shift_3_EN.pdf,51,1,,,,A
SSC_CGL_Tier_1_Question_Paper_2025_45_Shifts_18th_Sep_2025_Shift_3_EN.pdf,52,1,,,,A
SSC_CGL_Tier_1_Question_Paper_2025_45_Shifts_18th_Sep_2025_Shift_3_EN.pdf,53,1,,,,B
SSC_CGL_Tier_1_Question_Paper_2025_45_Shifts_18th_Sep_2025_Shift_3_EN.pdf,54,1,,,,B
SSC_CGL_Tier_1_Question_Paper_2025_45_Shifts_18th_Sep_2025_Shift_3_EN.pdf,55,1,,,,A
SSC_CGL_Tier_1_Question_Paper_2025_45_Shifts_18th_Sep_2025_Shift_3_EN.pdf,56,1,,,,A
SSC_CGL_Tier_1_Question_Paper_2025_45_Shifts_18th_Sep_2025_Shift_3_EN.pdf,57,1,,,,D
SSC_CGL_Tier_1_Question_Paper_2025_45_Shifts_18th_Sep_2025_Shift_3_EN.pdf,58,1,,,,B
SSC_CGL_Tier_1_Question_Paper_2025_45_Shifts_18th_Sep_2025_Shift_3_EN.pdf,59,1,,,,C
SSC_CGL_Tier_1_Question_Paper_2025_45_Shifts_18th_Sep_2025_Shift_3_EN.pdf,60,1,,,,A
SSC_CGL_Tier_1_Question_Paper_2025_45_Shifts_18th_Sep_2025_Shift_3_EN.pdf,61,1,,,,A
SSC_CGL_Tier_1_Question_Paper_2025_45_Shifts_18th_Sep_2025_Shift_3_EN.pdf,62,1,,,,C
SSC_CGL_Tier_1_Question_Paper_2025_45_Shifts_18th_Sep_2025_Shift_3_EN.pdf,63,1,,,,A
SSC_CGL_Tier_1_Question_Paper_2025_45_Shifts_18th_Sep_2025_Shift_3_EN.pdf,64,1,,,,A
SSC_CGL_Tier_1_Question_Paper_2025_45_Shifts_18th_Sep_2025_Shift_3_EN.pdf,65,1,,,,A
SSC_CGL_Tier_1_Question_Paper_2025_45_Shifts_18th_Sep_2025_Shift_3_EN.pdf,66,1,,,,A
SSC_CGL_Tier_1_Question_Paper_2025_45_Shifts_18th_Sep_2025_Shift_3_EN.pdf,67,1,,,,C
SSC_CGL_Tier_1_Question_Paper_2025_45_Shifts_18th_Sep_2025_Shift_3_EN.pdf,68,1,,,,B
SSC_CGL_Tier_1_Question_Paper_2025_45_Shifts_18th_Sep_2025_Shift_3_EN.pdf,69,1,,,,C
SSC_CGL_Tier_1_Question_Paper_2025_45_Shifts_18th_Sep_2025_Shift_3_EN.pdf,70,1,,,,A
SSC_CGL_Tier_1_Question_Paper_2025_45_Shifts_18th_Sep_2025_Shift_3_EN.pdf,71,1,,,,A
SSC_CGL_Tier_1_Question_Paper_2025_45_Shifts_18th_Sep_2025_Shift_3_EN.pdf,72,1,,,,C
SSC_CGL_Tier_1_Question_Paper_2025_45_Shifts_18th_Sep_2025_Shift_3_EN.pdf,73,1,,,,A
SSC_CGL_Tier_1_Question_Paper_2025_45_Shifts_18th_Sep_2025_Shift_3_EN.pdf,74,1,,,,C
SSC_CGL_Tier_1_Question_Paper_2025_45_Shifts_18th_Sep_2025_Shift_3_EN.pdf,75,1,,,,C
SSC_CGL_Tier_1_Question_Paper_2025_45_Shifts_18th_Sep_2025_Shift_3_EN.pdf,76,1,,,,A
SSC_CGL_Tier_1_Question_Paper_2025_45_Shifts_18th_Sep_2025_Shift_3_EN.pdf,77,1,,,,C
SSC_CGL_Tier_1_Question_Paper_2025_45_Shifts_18th_Sep_2025_Shift_3_EN.pdf,78,1,,,,B
SSC_CGL_Tier_1_Question_Paper_2025_45_Shifts_18th_Sep_2025_Shift_3_EN.pdf,79,1,,,,B
SSC_CGL_Tier_1_Question_Paper_2025_45_Shifts_18th_Sep_2025_Shift_3_EN.pdf,80,1,,,,B
SSC_CGL_Tier_1_Question_Paper_2025_45_Shifts_18th_Sep_2025_Shift_3_EN.pdf,81,1,,,,B
SSC_CGL_Tier_1_Question_Paper_2025_45_Shifts_18th_Sep_2025_Shift_3_EN.pdf,82,1,,,,B
SSC_CGL_Tier_1_Question_Paper_2025_45_Shifts_18th_Sep_2025_Shift_3_EN.pdf,83,1,,,,C
SSC_CGL_Tier_1_Question_Paper_2025_45_Shifts_18th_Sep_2025_Shift_3_EN.pdf,84,1,,,,B
SSC_CGL_Tier_1_Question_Paper_2025_45_Shifts_18th_Sep_2025_Shift_3_EN.pdf,85,1,,,,B
SSC_CGL_Tier_1_Question_Paper_2025_45_Shifts_18th_Sep_2025_Shift_3_EN.pdf,86,1,,,,A
SSC_CGL_Tier_1_Question_Paper_2025_45_Shifts_18th_Sep_2025_Shift_3_EN.pdf,87,1,,,,A
SSC_CGL_Tier_1_Question_Paper_2025_45_Shifts_18th_Sep_2025_Shift_3_EN.pdf,88,1,,,,A
SSC_CGL_Tier_1_Question_Paper_2025_45_Shifts_18th_Sep_2025_Shift_3_EN.pdf,89,1,,,,B
SSC_CGL_Tier_1_Question_Paper_2025_45_Shifts_18th_Sep_2025_Shift_3_EN.pdf,90,1,,,,B
SSC_CGL_Tier_1_Question_Paper_2025_45_Shifts_18th_Sep_2025_Shift_3_EN.pdf,91,1,,,,A
SSC_CGL_Tier_1_Question_Paper_2025_45_Shifts_18th_Sep_2025_Shift_3_EN.pdf,92,1,,,,B
SSC_CGL_Tier_1_Question_Paper_2025_45_Shifts_18th_Sep_2025_Shift_3_EN.pdf,93,1,,,,C
SSC_CGL_Tier_1_Question_Paper_2025_45_Shifts_18th_Sep_2025_Shift_3_EN.pdf,94,1,,,,A
SSC_CGL_Tier_1_Question_Paper_2025_45_Shifts_18th_Sep_2025_Shift_3_EN.pdf,95,1,,,,B
SSC_CGL_Tier_1_Question_Paper_2025_45_Shifts_18th_Sep_2025_Shift_3_EN.pdf,96,1,,,,A
SSC_CGL_Tier_1_Question_Paper_2025_45_Shifts_18th_Sep_2025_Shift_3_EN.pdf,97,1,,,,C
SSC_CGL_Tier_1_Question_Paper_2025_45_Shifts_18th_Sep_2025_Shift_3_EN.pdf,98,1,,,,C
SSC_CGL_Tier_1_Question_Paper_2025_45_Shifts_18th_Sep_2025_Shift_3_EN.pdf,99,1,,,,A
SSC_CGL_Tier_1_Question_Paper_2025_45_Shifts_18th_Sep_2025_Shift_3_EN.pdf,100,1,,,,C
SSC_CGL_Tier_1_Question_Paper_2025_45_Shifts_19th_Sep_2025_Shift_1_EN.pdf,1,1,,,,B
SSC_CGL_Tier_1_Question_Paper_2025_45_Shifts_19th_Sep_2025_Shift_1_EN.pdf,2,1,,,,B
SSC_CGL_Tier_1_Question_Paper_2025_45_Shifts_19th_Sep_2025_Shift_1_EN.pdf,3,1,,,,D
SSC_CGL_Tier_1_Question_Paper_2025_45_Shifts_19th_Sep_2025_Shift_1_EN.pdf,4,1,,,,A
SSC_CGL_Tier_1_Question_Paper_2025_45_Shifts_19th_Sep_2025_Shift_1_EN.pdf,5,1,,,,C
SSC_CGL_Tier_1_Question_Paper_2025_45_Shifts_19th_Sep_2025_Shift_1_EN.pdf,6,1,,,,B
SSC_CGL_Tier_1_Question_Paper_2025_45_Shifts_19th_Sep_2025_Shift_1_EN.pdf,7,1,,,,A
SSC_CGL_Tier_1_Question_Paper_2025_45_Shifts_19th_Sep_2025_Shift_1_EN.pdf,8,1,,,,B
SSC_CGL_Tier_1_Question_Paper_2025_45_Shifts_19th_Sep_2025_Shift_1_EN.pdf,9,1,,,,C
SSC_CGL_Tier_1_Question_Paper_2025_45_Shifts_19th_Sep_2025_Shift_1_EN.pdf,10,1,,,,D
SSC_CGL_Tier_1_Question_Paper_2025_45_Shifts_19th_Sep_2025_Shift_1_EN.pdf,11,1,,,,C
SSC_CGL_Tier_1_Question_Paper_2025_45_Shifts_19th_Sep_2025_Shift_1_EN.pdf,12,1,,,,A
SSC_CGL_Tier_1_Question_Paper_2025_45_Shifts_19th_Sep_2025_Shift_1_EN.pdf,13,1,,,,A
SSC_CGL_Tier_1_Question_Paper_2025_45_Shifts_19th_Sep_2025_Shift_1_EN.pdf,14,1,,,,B
SSC_CGL_Tier_1_Question_Paper_2025_45_Shifts_19th_Sep_2025_Shift_1_EN.pdf,15,1,,,,C
SSC_CGL_Tier_1_Question_Paper_2025_45_Shifts_19th_Sep_2025_Shift_1_EN.pdf,16,1,,,,A
SSC_CGL_Tier_1_Question_Paper_2025_45_Shifts_19th_Sep_2025_Shift_1_EN.pdf,17,1,,,,D
SSC_CGL_Tier_1_Question_Paper_2025_45_Shifts_19th_Sep_2025_Shift_1_EN.pdf,18,1,,,,A
SSC_CGL_Tier_1_Question_Paper_2025_45_Shifts_19th_Sep_2025_Shift_1_EN.pdf,19,1,,,,B
SSC_CGL_Tier_1_Question_Paper_2025_45_Shifts_19th_Sep_2025_Shift_1_EN.pdf,20,1,,,,A
SSC_CGL_Tier_1_Question_Paper_2025_45_Shifts_19th_Sep_2025_Shift_1_EN.pdf,21,1,,,,A
SSC_CGL_Tier_1_Question_Paper_2025_45_Shifts_19th_Sep_2025_Shift_1_EN.pdf,22,1,,,,C
SSC_CGL_Tier_1_Question_Paper_2025_45_Shifts_19th_Sep_2025_Shift_1_EN.pdf,23,1,,,,A
SSC_CGL_Tier_1_Question_Paper_2025_45_Shifts_19th_Sep_2025_Shift_1_EN.pdf,24,1,,,,A
SSC_CGL_Tier_1_Question_Paper_2025_45_Shifts_19th_Sep_2025_Shift_1_EN.pdf,25,1,,,,C
SSC_CGL_Tier_1_Question_Paper_2025_45_Shifts_19th_Sep_2025_Shift_1_EN.pdf,26,1,,,,C
SSC_CGL_Tier_1_Question_Paper_2025_45_Shifts_19th_Sep_2025_Shift_1_EN.pdf,27,1,,,,A
SSC_CGL_Tier_1_Question_Paper_2025_45_Shifts_19th_Sep_2025_Shift_1_EN.pdf,28,1,,,,B
SSC_CGL_Tier_1_Question_Paper_2025_45_Shifts_19th_Sep_2025_Shift_1_EN.pdf,29,1,,,,B
SSC_CGL_Tier_1_Question_Paper_2025_45_Shifts_19th_Sep_2025_Shift_1_EN.pdf,30,1,,,,A
SSC_CGL_Tier_1_Question_Paper_2025_45_Shifts_19th_Sep_2025_Shift_1_EN.pdf,31,1,,,,A
SSC_CGL_Tier_1_Question_Paper_2025_45_Shifts_19th_Sep_2025_Shift_1_EN.pdf,32,1,,,,A
SSC_CGL_Tier_1_Question_Paper_2025_45_Shifts_19th_Sep_2025_Shift_1_EN.pdf,33,1,,,,A
SSC_CGL_Tier_1_Question_Paper_2025_45_Shifts_19th_Sep_2025_Shift_1_EN.pdf,34,1,,,,A
SSC_CGL_Tier_1_Question_Paper_2025_45_Shifts_19th_Sep_2025_Shift_1_EN.pdf,35,1,,,,A
SSC_CGL_Tier_1_Question_Paper_2025_45_Shifts_19th_Sep_2025_Shift_1_EN.pdf,36,1,,,,D
SSC_CGL_Tier_1_Question_Paper_2025_45_Shifts_19th_Sep_2025_Shift_1_EN.pdf,37,1,,,,B
SSC_CGL_Tier_1_Question_Paper_2025_45_Shifts_19th_Sep_2025_Shift_1_EN.pdf,38,1,,,,A
SSC_CGL_Tier_1_Question_Paper_2025_45_Shifts_19th_Sep_2025_Shift_1_EN.pdf,39,1,,,,A
SSC_CGL_Tier_1_Question_Paper_2025_45_Shifts_19th_Sep_2025_Shift_1_EN.pdf,40,1,,,,A
SSC_CGL_Tier_1_Question_Paper_2025_45_Shifts_19th_Sep_2025_Shift_1_EN.pdf,41,1,,,,C
SSC_CGL_Tier_1_Question_Paper_2025_45_Shifts_19th_Sep_2025_Shift_1_EN.pdf,42,1,,,,C
SSC_CGL_Tier_1_Question_Paper_2025_45_Shifts_19th_Sep_2025_Shift_1_EN.pdf,43,1,,,,B
SSC_CGL_Tier_1_Question_Paper_2025_45_Shifts_19th_Sep_2025_Shift_1_EN.pdf,44,1,,,,B
SSC_CGL_Tier_1_Question_Paper_2025_45_Shifts_19th_Sep_2025_Shift_1_EN.pdf,45,1,,,,B
SSC_CGL_Tier_1_Question_Paper_2025_45_Shifts_19th_Sep_2025_Shift_1_EN.pdf,46,1,,,,C
SSC_CGL_Tier_1_Question_Paper_2025_45_Shifts_19th_Sep_2025_Shift_1_EN.pdf,47,1,,,,A
SSC_CGL_Tier_1_Question_Paper_2025_45_Shifts_19th_Sep_2025_Shift_1_EN.pdf,48,1,,,,B
SSC_CGL_Tier_1_Question_Paper_2025_45_Shifts_19th_Sep_2025_Shift_1_EN.pdf,49,1,,,,A
SSC_CGL_Tier_1_Question_Paper_2025_45_Shifts_19th_Sep_2025_Shift_1_EN.pdf,50,1,,,,C
SSC_CGL_Tier_1_Question_Paper_2025_45_Shifts_19th_Sep_2025_Shift_1_EN.pdf,51,1,,,,A
SSC_CGL_Tier_1_Question_Paper_2025_45_Shifts_19th_Sep_2025_Shift_1_EN.pdf,52,1,,,,D
SSC_CGL_Tier_1_Question_Paper_2025_45_Shifts_19th_Sep_2025_Shift_1_EN.pdf,53,1,,,,A
SSC_CGL_Tier_1_Question_Paper_2025_45_Shifts_19th_Sep_2025_Shift_1_EN.pdf,54,1,,,,C
SSC_CGL_Tier_1_Question_Paper_2025_45_Shifts_19th_Sep_2025_Shift_1_EN.pdf,55,1,,,,D
SSC_CGL_Tier_1_Question_Paper_2025_45_Shifts_19th_Sep_2025_Shift_1_EN.pdf,56,1,,,,C
SSC_CGL_Tier_1_Question_Paper_2025_45_Shifts_19th_Sep_2025_Shift_1_EN.pdf,57,1,,,,C
SSC_CGL_Tier_1_Question_Paper_2025_45_Shifts_19th_Sep_2025_Shift_1_EN.pdf,58,1,,,,B
SSC_CGL_Tier_1_Question_Paper_2025_45_Shifts_19th_Sep_2025_Shift_1_EN.pdf,59,1,,,,C
SSC_CGL_Tier_1_Question_Paper_2025_45_Shifts_19th_Sep_2025_Shift_1_EN.pdf,60,1,,,,C
SSC_CGL_Tier_1_Question_Paper_2025_45_Shifts_19th_Sep_2025_Shift_1_EN.pdf,61,1,,,,A
SSC_CGL_Tier_1_Question_Paper_2025_45_Shifts_19th_Sep_2025_Shift_1_EN.pdf,62,1,,,,A
SSC_CGL_Tier_1_Question_Paper_2025_45_Shifts_19th_Sep_2025_Shift_1_EN.pdf,63,1,,,,D
SSC_CGL_Tier_1_Question_Paper_2025_45_Shifts_19th_Sep_2025_Shift_1_EN.pdf,64,1,,,,B
SSC_CGL_Tier_1_Question_Paper_2025_45_Shifts_19th_Sep_2025_Shift_1_EN.pdf,65,1,,,,D
SSC_CGL_Tier_1_Question_Paper_2025_45_Shifts_19th_Sep_2025_Shift_1_EN.pdf,66,1,,,,C
SSC_CGL_Tier_1_Question_Paper_2025_45_Shifts_19th_Sep_2025_Shift_1_EN.pdf,67,1,,,,B
SSC_CGL_Tier_1_Question_Paper_2025_45_Shifts_19th_Sep_2025_Shift_1_EN.pdf,68,1,,,,A
SSC_CGL_Tier_1_Question_Paper_2025_45_Shifts_19th_Sep_2025_Shift_1_EN.pdf,69,1,,,,D
SSC_CGL_Tier_1_Question_Paper_2025_45_Shifts_19th_Sep_2025_Shift_1_EN.pdf,70,1,,,,B
SSC_CGL_Tier_1_Question_Paper_2025_45_Shifts_19th_Sep_2025_Shift_1_EN.pdf,71,1,,,,D
SSC_CGL_Tier_1_Question_Paper_2025_45_Shifts_19th_Sep_2025_Shift_1_EN.pdf,72,1,,,,A
SSC_CGL_Tier_1_Question_Paper_2025_45_Shifts_19th_Sep_2025_Shift_1_EN.pdf,73,1,,,,B
SSC_CGL_Tier_1_Question_Paper_2025_45_Shifts_19th_Sep_2025_Shift_1_EN.pdf,74,1,,,,B
SSC_CGL_Tier_1_Question_Paper_2025_45_Shifts_19th_Sep_2025_Shift_1_EN.pdf,75,1,,,,C
SSC_CGL_Tier_1_Question_Paper_2025_45_Shifts_19th_Sep_2025_Shift_1_EN.pdf,76,1,,,,C
SSC_CGL_Tier_1_Question_Paper_2025_45_Shifts_19th_Sep_2025_Shift_1_EN.pdf,77,1,,,,A
SSC_CGL_Tier_1_Question_Paper_2025_45_Shifts_19th_Sep_2025_Shift_1_EN.pdf,78,1,,,,C
SSC_CGL_Tier_1_Question_Paper_2025_45_Shifts_19th_Sep_2025_Shift_1_EN.pdf,79,1,,,,A
SSC_CGL_Tier_1_Question_Paper_2025_45_Shifts_19th_Sep_2025_Shift_1_EN.pdf,80,1,,,,B
SSC_CGL_Tier_1_Question_Paper_2025_45_Shifts_19th_Sep_2025_Shift_1_EN.pdf,81,1,,,,C
SSC_CGL_Tier_1_Question_Paper_2025_45_Shifts_19th_Sep_2025_Shift_1_EN.pdf,82,1,,,,B
SSC_CGL_Tier_1_Question_Paper_2025_45_Shifts_19th_Sep_2025_Shift_1_EN.pdf,83,1,,,,C
SSC_CGL_Tier_1_Question_Paper_2025_45_Shifts_19th_Sep_2025_Shift_1_EN.pdf,84,1,,,,C
SSC_CGL_Tier_1_Question_Paper_2025_45_Shifts_19th_Sep_2025_Shift_1_EN.pdf,85,1,,,,C
SSC_CGL_Tier_1_Question_Paper_2025_45_Shifts_19th_Sep_2025_Shift_1_EN.pdf,86,1,,,,C
SSC_CGL_Tier_1_Question_Paper_2025_45_Shifts_19th_Sep_2025_Shift_1_EN.pdf,87,1,,,,A
SSC_CGL_Tier_1_Question_Paper_2025_45_Shifts_19th_Sep_2025_Shift_1_EN.pdf,88,1,,,,C
SSC_CGL_Tier_1_Question_Paper_2025_45_Shifts_19th_Sep_2025_Shift_1_EN.pdf,89,1,,,,A
SSC_CGL_Tier_1_Question_Paper_2025_45_Shifts_19th_Sep_2025_Shift_1_EN.pdf,90,1,,,,A
SSC_CGL_Tier_1_Question_Paper_2025_45_Shifts_19th_Sep_2025_Shift_1_EN.pdf,91,1,,,,C
SSC_CGL_Tier_1_Question_Paper_2025_45_Shifts_19th_Sep_2025_Shift_1_EN.pdf,92,1,,,,C
SSC_CGL_Tier_1_Question_Paper_2025_45_Shifts_19th_Sep_2025_Shift_1_EN.pdf,93,1,,,,C
SSC_CGL_Tier_1_Question_Paper_2025_45_Shifts_19th_Sep_2025_Shift_1_EN.pdf,94,1,,,,B
SSC_CGL_Tier_1_Question_Paper_2025_45_Shifts_19th_Sep_2025_Shift_1_EN.pdf,95,1,,,,C
SSC_CGL_Tier_1_Question_Paper_2025_45_Shifts_19th_Sep_2025_Shift_1_EN.pdf,96,1,,,,A
SSC_CGL_Tier_1_Question_Paper_2025_45_Shifts_19th_Sep_2025_Shift_1_EN.pdf,97,1,,,,D
SSC_CGL_Tier_1_Question_Paper_2025_45_Shifts_19th_Sep_2025_Shift_1_EN.pdf,98,1,,,,A
SSC_CGL_Tier_1_Question_Paper_2025_45_Shifts_19th_Sep_2025_Shift_1_EN.pdf,99,1,,,,D
SSC_CGL_Tier_1_Question_Paper_2025_45_Shifts_19th_Sep_2025_Shift_1_EN.pdf,100,1,,,,C
SSC_CGL_Tier_1_Question_Paper_2025_45_Shifts_19th_Sep_2025_Shift_2_EN.pdf,1,1,,,,D
SSC_CGL_Tier_1_Question_Paper_2025_45_Shifts_19th_Sep_2025_Shift_2_EN.pdf,2,1,,,,B
SSC_CGL_Tier_1_Question_Paper_2025_45_Shifts_19th_Sep_2025_Shift_2_EN.pdf,3,1,,,,C
SSC_CGL_Tier_1_Question_Paper_2025_45_Shifts_19th_Sep_2025_Shift_2_EN.pdf,4,1,,,,A
SSC_CGL_Tier_1_Question_Paper_2025_45_Shifts_19th_Sep_2025_Shift_2_EN.pdf,5,1,,,,C
SSC_CGL_Tier_1_Question_Paper_2025_45_Shifts_19th_Sep_2025_Shift_2_EN.pdf,6,1,,,,A
SSC_CGL_Tier_1_Question_Paper_2025_45_Shifts_19th_Sep_2025_Shift_2_EN.pdf,7,1,,,,C
SSC_CGL_Tier_1_Question_Paper_2025_45_Shifts_19th_Sep_2025_Shift_2_EN.pdf,8,1,,,,D
SSC_CGL_Tier_1_Question_Paper_2025_45_Shifts_19th_Sep_2025_Shift_2_EN.pdf,9,1,,,,D
SSC_CGL_Tier_1_Question_Paper_2025_45_Shifts_19th_Sep_2025_Shift_2_EN.pdf,10,1,,,,D
SSC_CGL_Tier_1_Question_Paper_2025_45_Shifts_19th_Sep_2025_Shift_2_EN.pdf,11,1,,,,B
SSC_CGL_Tier_1_Question_Paper_2025_45_Shifts_19th_Sep_2025_Shift_2_EN.pdf,12,1,,,,C
SSC_CGL_Tier_1_Question_Paper_2025_45_Shifts_19th_Sep_2025_Shift_2_EN.pdf,13,1,,,,C
SSC_CGL_Tier_1_Question_Paper_2025_45_Shifts_19th_Sep_2025_Shift_2_EN.pdf,14,1,,,,A
SSC_CGL_Tier_1_Question_Paper_2025_45_Shifts_19th_Sep_2025_Shift_2_EN.pdf,15,1,,,,C
SSC_CGL_Tier_1_Question_Paper_2025_45_Shifts_19th_Sep_2025_Shift_2_EN.pdf,16,1,,,,A
SSC_CGL_Tier_1_Question_Paper_2025_45_Shifts_19th_Sep_2025_Shift_2_EN.pdf,17,1,,,,C
SSC_CGL_Tier_1_Question_Paper_2025_45_Shifts_19th_Sep_2025_Shift_2_EN.pdf,18,1,,,,D
SSC_CGL_Tier_1_Question_Paper_2025_45_Shifts_19th_Sep_2025_Shift_2_EN.pdf,19,1,,,,A
SSC_CGL_Tier_1_Question_Paper_2025_45_Shifts_19th_Sep_2025_Shift_2_EN.pdf,20,1,,,,A
SSC_CGL_Tier_1_Question_Paper_2025_45_Shifts_19th_Sep_2025_Shift_2_EN.pdf,21,1,,,,C
SSC_CGL_Tier_1_Question_Paper_2025_45_Shifts_19th_Sep_2025_Shift_2_EN.pdf,22,1,,,,B
SSC_CGL_Tier_1_Question_Paper_2025_45_Shifts_19th_Sep_2025_Shift_2_EN.pdf,23,1,,,,C
SSC_CGL_Tier_1_Question_Paper_2025_45_Shifts_19th_Sep_2025_Shift_2_EN.pdf,24,1,,,,A
SSC_CGL_Tier_1_Question_Paper_2025_45_Shifts_19th_Sep_2025_Shift_2_EN.pdf,25,1,,,,D
SSC_CGL_Tier_1_Question_Paper_2025_45_Shifts_19th_Sep_2025_Shift_2_EN.pdf,26,1,,,,B
SSC_CGL_Tier_1_Question_Paper_2025_45_Shifts_19th_Sep_2025_Shift_2_EN.pdf,27,1,,,,A
SSC_CGL_Tier_1_Question_Paper_2025_45_Shifts_19th_Sep_2025_Shift_2_EN.pdf,28,1,,,,C
SSC_CGL_Tier_1_Question_Paper_2025_45_Shifts_19th_Sep_2025_Shift_2_EN.pdf,29,1,,,,C
SSC_CGL_Tier_1_Question_Paper_2025_45_Shifts_19th_Sep_2025_Shift_2_EN.pdf,30,1,,,,C
SSC_CGL_Tier_1_Question_Paper_2025_45_Shifts_19th_Sep_2025_Shift_2_EN.pdf,31,1,,,,A
SSC_CGL_Tier_1_Question_Paper_2025_45_Shifts_19th_Sep_2025_Shift_2_EN.pdf,32,1,,,,B
SSC_CGL_Tier_1_Question_Paper_2025_45_Shifts_19th_Sep_2025_Shift_2_EN.pdf,33,1,,,,A
SSC_CGL_Tier_1_Question_Paper_2025_45_Shifts_19th_Sep_2025_Shift_2_EN.pdf,34,1,,,,A
SSC_CGL_Tier_1_Question_Paper_2025_45_Shifts_19th_Sep_2025_Shift_2_EN.pdf,35,1,,,,A
SSC_CGL_Tier_1_Question_Paper_2025_45_Shifts_19th_Sep_2025_Shift_2_EN.pdf,36,1,,,,B
SSC_CGL_Tier_1_Question_Paper_2025_45_Shifts_19th_Sep_2025_Shift_2_EN.pdf,37,1,,,,B
SSC_CGL_Tier_1_Question_Paper_2025_45_Shifts_19th_Sep_2025_Shift_2_EN.pdf,38,1,,,,B
SSC_CGL_Tier_1_Question_Paper_2025_45_Shifts_19th_Sep_2025_Shift_2_EN.pdf,39,1,,,,A
SSC_CGL_Tier_1_Question_Paper_2025_45_Shifts_19th_Sep_2025_Shift_2_EN.pdf,40,1,,,,A
SSC_CGL_Tier_1_Question_Paper_2025_45_Shifts_19th_Sep_2025_Shift_2_EN.pdf,41,1,,,,B
SSC_CGL_Tier_1_Question_Paper_2025_45_Shifts_19th_Sep_2025_Shift_2_EN.pdf,42,1,,,,B
SSC_CGL_Tier_1_Question_Paper_2025_45_Shifts_19th_Sep_2025_Shift_2_EN.pdf,43,1,,,,B
SSC_CGL_Tier_1_Question_Paper_2025_45_Shifts_19th_Sep_2025_Shift_2_EN.pdf,44,1,,,,C
SSC_CGL_Tier_1_Question_Paper_2025_45_Shifts_19th_Sep_2025_Shift_2_EN.pdf,45,1,,,,C
SSC_CGL_Tier_1_Question_Paper_2025_45_Shifts_19th_Sep_2025_Shift_2_EN.pdf,46,1,,,,B
SSC_CGL_Tier_1_Question_Paper_2025_45_Shifts_19th_Sep_2025_Shift_2_EN.pdf,47,1,,,,C
SSC_CGL_Tier_1_Question_Paper_2025_45_Shifts_19th_Sep_2025_Shift_2_EN.pdf,48,1,,,,A
SSC_CGL_Tier_1_Question_Paper_2025_45_Shifts_19th_Sep_2025_Shift_2_EN.pdf,49,1,,,,B
SSC_CGL_Tier_1_Question_Paper_2025_45_Shifts_19th_Sep_2025_Shift_2_EN.pdf,50,1,,,,C
SSC_CGL_Tier_1_Question_Paper_2025_45_Shifts_19th_Sep_2025_Shift_2_EN.pdf,51,1,,,,A
SSC_CGL_Tier_1_Question_Paper_2025_45_Shifts_19th_Sep_2025_Shift_2_EN.pdf,52,1,,,,A
SSC_CGL_Tier_1_Question_Paper_2025_45_Shifts_19th_Sep_2025_Shift_2_EN.pdf,53,1,,,,A
SSC_CGL_Tier_1_Question_Paper_2025_45_Shifts_19th_Sep_2025_Shift_2_EN.pdf,54,1,,,,A
SSC_CGL_Tier_1_Question_Paper_2025_45_Shifts_19th_Sep_2025_Shift_2_EN.pdf,55,1,,,,A
SSC_CGL_Tier_1_Question_Paper_2025_45_Shifts_19th_Sep_2025_Shift_2_EN.pdf,56,1,,,,B
SSC_CGL_Tier_1_Question_Paper_2025_45_Shifts_19th_Sep_2025_Shift_2_EN.pdf,57,1,,,,B
SSC_CGL_Tier_1_Question_Paper_2025_45_Shifts_19th_Sep_2025_Shift_2_EN.pdf,58,1,,,,B
SSC_CGL_Tier_1_Question_Paper_2025_45_Shifts_19th_Sep_2025_Shift_2_EN.pdf,59,1,,,,D
SSC_CGL_Tier_1_Question_Paper_2025_45_Shifts_19th_Sep_2025_Shift_2_EN.pdf,60,1,,,,B
SSC_CGL_Tier_1_Question_Paper_2025_45_Shifts_19th_Sep_2025_Shift_2_EN.pdf,61,1,,,,C
SSC_CGL_Tier_1_Question_Paper_2025_45_Shifts_19th_Sep_2025_Shift_2_EN.pdf,62,1,,,,B
SSC_CGL_Tier_1_Question_Paper_2025_45_Shifts_19th_Sep_2025_Shift_2_EN.pdf,63,1,,,,C
SSC_CGL_Tier_1_Question_Paper_2025_45_Shifts_19th_Sep_2025_Shift_2_EN.pdf,64,1,,,,C
SSC_CGL_Tier_1_Question_Paper_2025_45_Shifts_19th_Sep_2025_Shift_2_EN.pdf,65,1,,,,C
SSC_CGL_Tier_1_Question_Paper_2025_45_Shifts_19th_Sep_2025_Shift_2_EN.pdf,66,1,,,,A
SSC_CGL_Tier_1_Question_Paper_2025_45_Shifts_19th_Sep_2025_Shift_2_EN.pdf,67,1,,,,A
SSC_CGL_Tier_1_Question_Paper_2025_45_Shifts_19th_Sep_2025_Shift_2_EN.pdf,68,1,,,,B
SSC_CGL_Tier_1_Question_Paper_2025_45_Shifts_19th_Sep_2025_Shift_2_EN.pdf,69,1,,,,B
SSC_CGL_Tier_1_Question_Paper_2025_45_Shifts_19th_Sep_2025_Shift_2_EN.pdf,70,1,,,,A
SSC_CGL_Tier_1_Question_Paper_2025_45_Shifts_19th_Sep_2025_Shift_2_EN.pdf,71,1,,,,A
SSC_CGL_Tier_1_Question_Paper_2025_45_Shifts_19th_Sep_2025_Shift_2_EN.pdf,72,1,,,,C
SSC_CGL_Tier_1_Question_Paper_2025_45_Shifts_19th_Sep_2025_Shift_2_EN.pdf,73,1,,,,D
SSC_CGL_Tier_1_Question_Paper_2025_45_Shifts_19th_Sep_2025_Shift_2_EN.pdf,74,1,,,,B
SSC_CGL_Tier_1_Question_Paper_2025_45_Shifts_19th_Sep_2025_Shift_2_EN.pdf,75,1,,,,B
SSC_CGL_Tier_1_Question_Paper_2025_45_Shifts_19th_Sep_2025_Shift_2_EN.pdf,76,1,,,,A
SSC_CGL_Tier_1_Question_Paper_2025_45_Shifts_19th_Sep_2025_Shift_2_EN.pdf,77,1,,,,B
SSC_CGL_Tier_1_Question_Paper_2025_45_Shifts_19th_Sep_2025_Shift_2_EN.pdf,78,1,,,,B
SSC_CGL_Tier_1_Question_Paper_2025_45_Shifts_19th_Sep_2025_Shift_2_EN.pdf,79,1,,,,C
SSC_CGL_Tier_1_Question_Paper_2025_45_Shifts_19th_Sep_2025_Shift_2_EN.pdf,80,1,,,,D
SSC_CGL_Tier_1_Question_Paper_2025_45_Shifts_19th_Sep_2025_Shift_2_EN.pdf,81,1,,,,B
SSC_CGL_Tier_1_Question_Paper_2025_45_Shifts_19th_Sep_2025_Shift_2_EN.pdf,82,1,,,,B
SSC_CGL_Tier_1_Question_Paper_2025_45_Shifts_19th_Sep_2025_Shift_2_EN.pdf,83,1,,,,D
SSC_CGL_Tier_1_Question_Paper_2025_45_Shifts_19th_Sep_2025_Shift_2_EN.pdf,84,1,,,,B
SSC_CGL_Tier_1_Question_Paper_2025_45_Shifts_19th_Sep_2025_Shift_2_EN.pdf,85,1,,,,B
SSC_CGL_Tier_1_Question_Paper_2025_45_Shifts_19th_Sep_2025_Shift_2_EN.pdf,86,1,,,,B
SSC_CGL_Tier_1_Question_Paper_2025_45_Shifts_19th_Sep_2025_Shift_2_EN.pdf,87,1,,,,B
SSC_CGL_Tier_1_Question_Paper_2025_45_Shifts_19th_Sep_2025_Shift_2_EN.pdf,88,1,,,,A
SSC_CGL_Tier_1_Question_Paper_2025_45_Shifts_19th_Sep_2025_Shift_2_EN.pdf,89,1,,,,A
SSC_CGL_Tier_1_Question_Paper_2025_45_Shifts_19th_Sep_2025_Shift_2_EN.pdf,90,1,,,,C
SSC_CGL_Tier_1_Question_Paper_2025_45_Shifts_19th_Sep_2025_Shift_2_EN.pdf,91,1,,,,A
SSC_CGL_Tier_1_Question_Paper_2025_45_Shifts_19th_Sep_2025_Shift_2_EN.pdf,92,1,,,,B
SSC_CGL_Tier_1_Question_Paper_2025_45_Shifts_19th_Sep_2025_Shift_2_EN.pdf,93,1,,,,B
SSC_CGL_Tier_1_Question_Paper_2025_45_Shifts_19th_Sep_2025_Shift_2_EN.pdf,94,1,,,,C
SSC_CGL_Tier_1_Question_Paper_2025_45_Shifts_19th_Sep_2025_Shift_2_EN.pdf,95,1,,,,B
SSC_CGL_Tier_1_Question_Paper_2025_45_Shifts_19th_Sep_2025_Shift_2_EN.pdf,96,1,,,,D
SSC_CGL_Tier_1_Question_Paper_2025_45_Shifts_19th_Sep_2025_Shift_2_EN.pdf,97,1,,,,B
SSC_CGL_Tier_1_Question_Paper_2025_45_Shifts_19th_Sep_2025_Shift_2_EN.pdf,98,1,,,,C
SSC_CGL_Tier_1_Question_Paper_2025_45_Shifts_19th_Sep_2025_Shift_2_EN.pdf,99,1,,,,C
SSC_CGL_Tier_1_Question_Paper_2025_45_Shifts_19th_Sep_2025_Shift_2_EN.pdf,100,1,,,,A
SSC_CGL_Tier_1_Question_Paper_2025_45_Shifts_19th_Sep_2025_Shift_3_EN.pdf,1,1,,,,C
SSC_CGL_Tier_1_Question_Paper_2025_45_Shifts_19th_Sep_2025_Shift_3_EN.pdf,2,1,,,,A
SSC_CGL_Tier_1_Question_Paper_2025_45_Shifts_19th_Sep_2025_Shift_3_EN.pdf,3,1,,,,A
SSC_CGL_Tier_1_Question_Paper_2025_45_Shifts_19th_Sep_2025_Shift_3_EN.pdf,4,1,,,,A
SSC_CGL_Tier_1_Question_Paper_2025_45_Shifts_19th_Sep_2025_Shift_3_EN.pdf,5,1,,,,C
SSC_CGL_Tier_1_Question_Paper_2025_45_Shifts_19th_Sep_2025_Shift_3_EN.pdf,6,1,,,,D
SSC_CGL_Tier_1_Question_Paper_2025_45_Shifts_19th_Sep_2025_Shift_3_EN.pdf,7,1,,,,C
SSC_CGL_Tier_1_Question_Paper_2025_45_Shifts_19th_Sep_2025_Shift_3_EN.pdf,8,1,,,,A
SSC_CGL_Tier_1_Question_Paper_2025_45_Shifts_19th_Sep_2025_Shift_3_EN.pdf,9,1,,,,C
SSC_CGL_Tier_1_Question_Paper_2025_45_Shifts_19th_Sep_2025_Shift_3_EN.pdf,10,1,,,,C
SSC_CGL_Tier_1_Question_Paper_2025_45_Shifts_19th_Sep_2025_Shift_3_EN.pdf,11,1,,,,D
SSC_CGL_Tier_1_Question_Paper_2025_45_Shifts_19th_Sep_2025_Shift_3_EN.pdf,12,1,,,,B
SSC_CGL_Tier_1_Question_Paper_2025_45_Shifts_19th_Sep_2025_Shift_3_EN.pdf,13,1,,,,A
SSC_CGL_Tier_1_Question_Paper_2025_45_Shifts_19th_Sep_2025_Shift_3_EN.pdf,14,1,,,,D
SSC_CGL_Tier_1_Question_Paper_2025_45_Shifts_19th_Sep_2025_Shift_3_EN.pdf,15,1,,,,B
SSC_CGL_Tier_1_Question_Paper_2025_45_Shifts_19th_Sep_2025_Shift_3_EN.pdf,16,1,,,,B
SSC_CGL_Tier_1_Question_Paper_2025_45_Shifts_19th_Sep_2025_Shift_3_EN.pdf,17,1,,,,D
SSC_CGL_Tier_1_Question_Paper_2025_45_Shifts_19th_Sep_2025_Shift_3_EN.pdf,18,1,,,,B
SSC_CGL_Tier_1_Question_Paper_2025_45_Shifts_19th_Sep_2025_Shift_3_EN.pdf,19,1,,,,B
SSC_CGL_Tier_1_Question_Paper_2025_45_Shifts_19th_Sep_2025_Shift_3_EN.pdf,20,1,,,,B
SSC_CGL_Tier_1_Question_Paper_2025_45_Shifts_19th_Sep_2025_Shift_3_EN.pdf,21,1,,,,A
SSC_CGL_Tier_1_Question_Paper_2025_45_Shifts_19th_Sep_2025_Shift_3_EN.pdf,22,1,,,,A
SSC_CGL_Tier_1_Question_Paper_2025_45_Shifts_19th_Sep_2025_Shift_3_EN.pdf,23,1,,,,A
SSC_CGL_Tier_1_Question_Paper_2025_45_Shifts_19th_Sep_2025_Shift_3_EN.pdf,24,1,,,,B
SSC_CGL_Tier_1_Question_Paper_2025_45_Shifts_19th_Sep_2025_Shift_3_EN.pdf,25,1,,,,B
SSC_CGL_Tier_1_Question_Paper_2025_45_Shifts_19th_Sep_2025_Shift_3_EN.pdf,26,1,,,,B
SSC_CGL_Tier_1_Question_Paper_2025_45_Shifts_19th_Sep_2025_Shift_3_EN.pdf,27,1,,,,C
SSC_CGL_Tier_1_Question_Paper_2025_45_Shifts_19th_Sep_2025_Shift_3_EN.pdf,28,1,,,,C
SSC_CGL_Tier_1_Question_Paper_2025_45_Shifts_19th_Sep_2025_Shift_3_EN.pdf,29,1,,,,A
SSC_CGL_Tier_1_Question_Paper_2025_45_Shifts_19th_Sep_2025_Shift_3_EN.pdf,30,1,,,,B
SSC_CGL_Tier_1_Question_Paper_2025_45_Shifts_19th_Sep_2025_Shift_3_EN.pdf,31,1,,,,B
SSC_CGL_Tier_1_Question_Paper_2025_45_Shifts_19th_Sep_2025_Shift_3_EN.pdf,32,1,,,,B
SSC_CGL_Tier_1_Question_Paper_2025_45_Shifts_19th_Sep_2025_Shift_3_EN.pdf,33,1,,,,C
SSC_CGL_Tier_1_Question_Paper_2025_45_Shifts_19th_Sep_2025_Shift_3_EN.pdf,34,1,,,,C
SSC_CGL_Tier_1_Question_Paper_2025_45_Shifts_19th_Sep_2025_Shift_3_EN.pdf,35,1,,,,B
SSC_CGL_Tier_1_Question_Paper_2025_45_Shifts_19th_Sep_2025_Shift_3_EN.pdf,36,1,,,,B
SSC_CGL_Tier_1_Question_Paper_2025_45_Shifts_19th_Sep_2025_Shift_3_EN.pdf,37,1,,,,C
SSC_CGL_Tier_1_Question_Paper_2025_45_Shifts_19th_Sep_2025_Shift_3_EN.pdf,38,1,,,,C
SSC_CGL_Tier_1_Question_Paper_2025_45_Shifts_19th_Sep_2025_Shift_3_EN.pdf,39,1,,,,C
SSC_CGL_Tier_1_Question_Paper_2025_45_Shifts_19th_Sep_2025_Shift_3_EN.pdf,40,1,,,,B
SSC_CGL_Tier_1_Question_Paper_2025_45_Shifts_19th_Sep_2025_Shift_3_EN.pdf,41,1,,,,C
SSC_CGL_Tier_1_Question_Paper_2025_45_Shifts_19th_Sep_2025_Shift_3_EN.pdf,42,1,,,,A
SSC_CGL_Tier_1_Question_Paper_2025_45_Shifts_19th_Sep_2025_Shift_3_EN.pdf,43,1,,,,A
SSC_CGL_Tier_1_Question_Paper_2025_45_Shifts_19th_Sep_2025_Shift_3_EN.pdf,44,1,,,,A
SSC_CGL_Tier_1_Question_Paper_2025_45_Shifts_19th_Sep_2025_Shift_3_EN.pdf,45,1,,,,A
SSC_CGL_Tier_1_Question_Paper_2025_45_Shifts_19th_Sep_2025_Shift_3_EN.pdf,46,1,,,,C
SSC_CGL_Tier_1_Question_Paper_2025_45_Shifts_19th_Sep_2025_Shift_3_EN.pdf,47,1,,,,A
SSC_CGL_Tier_1_Question_Paper_2025_45_Shifts_19th_Sep_2025_Shift_3_EN.pdf,48,1,,,,A
SSC_CGL_Tier_1_Question_Paper_2025_45_Shifts_19th_Sep_2025_Shift_3_EN.pdf,49,1,,,,C
SSC_CGL_Tier_1_Question_Paper_2025_45_Shifts_19th_Sep_2025_Shift_3_EN.pdf,50,1,,,,A
SSC_CGL_Tier_1_Question_Paper_2025_45_Shifts_19th_Sep_2025_Shift_3_EN.pdf,51,1,,,,B
SSC_CGL_Tier_1_Question_Paper_2025_45_Shifts_19th_Sep_2025_Shift_3_EN.pdf,52,1,,,,A
SSC_CGL_Tier_1_Question_Paper_2025_45_Shifts_19th_Sep_2025_Shift_3_EN.pdf,53,1,,,,A
SSC_CGL_Tier_1_Question_Paper_2025_45_Shifts_19th_Sep_2025_Shift_3_EN.pdf,54,1,,,,B
SSC_CGL_Tier_1_Question_Paper_2025_45_Shifts_19th_Sep_2025_Shift_3_EN.pdf,55,1,,,,D
SSC_CGL_Tier_1_Question_Paper_2025_45_Shifts_19th_Sep_2025_Shift_3_EN.pdf,56,1,,,,A
SSC_CGL_Tier_1_Question_Paper_2025_45_Shifts_19th_Sep_2025_Shift_3_EN.pdf,57,1,,,,A
SSC_CGL_Tier_1_Question_Paper_2025_45_Shifts_19th_Sep_2025_Shift_3_EN.pdf,58,1,,,,B
SSC_CGL_Tier_1_Question_Paper_2025_45_Shifts_19th_Sep_2025_Shift_3_EN.pdf,59,1,,,,A
SSC_CGL_Tier_1_Question_Paper_2025_45_Shifts_19th_Sep_2025_Shift_3_EN.pdf,60,1,,,,A
SSC_CGL_Tier_1_Question_Paper_2025_45_Shifts_19th_Sep_2025_Shift_3_EN.pdf,61,1,,,,B
SSC_CGL_Tier_1_Question_Paper_2025_45_Shifts_19th_Sep_2025_Shift_3_EN.pdf,62,1,,,,D
SSC_CGL_Tier_1_Question_Paper_2025_45_Shifts_19th_Sep_2025_Shift_3_EN.pdf,63,1,,,,A
SSC_CGL_Tier_1_Question_Paper_2025_45_Shifts_19th_Sep_2025_Shift_3_EN.pdf,64,1,,,,D
SSC_CGL_Tier_1_Question_Paper_2025_45_Shifts_19th_Sep_2025_Shift_3_EN.pdf,65,1,,,,A
SSC_CGL_Tier_1_Question_Paper_2025_45_Shifts_19th_Sep_2025_Shift_3_EN.pdf,66,1,,,,C
SSC_CGL_Tier_1_Question_Paper_2025_45_Shifts_19th_Sep_2025_Shift_3_EN.pdf,67,1,,,,D
SSC_CGL_Tier_1_Question_Paper_2025_45_Shifts_19th_Sep_2025_Shift_3_EN.pdf,68,1,,,,B
SSC_CGL_Tier_1_Question_Paper_2025_45_Shifts_19th_Sep_2025_Shift_3_EN.pdf,69,1,,,,D
SSC_CGL_Tier_1_Question_Paper_2025_45_Shifts_19th_Sep_2025_Shift_3_EN.pdf,70,1,,,,D
SSC_CGL_Tier_1_Question_Paper_2025_45_Shifts_19th_Sep_2025_Shift_3_EN.pdf,71,1,,,,A
SSC_CGL_Tier_1_Question_Paper_2025_45_Shifts_19th_Sep_2025_Shift_3_EN.pdf,72,1,,,,A
SSC_CGL_Tier_1_Question_Paper_2025_45_Shifts_19th_Sep_2025_Shift_3_EN.pdf,73,1,,,,D
SSC_CGL_Tier_1_Question_Paper_2025_45_Shifts_19th_Sep_2025_Shift_3_EN.pdf,74,1,,,,A
SSC_CGL_Tier_1_Question_Paper_2025_45_Shifts_19th_Sep_2025_Shift_3_EN.pdf,75,1,,,,A
SSC_CGL_Tier_1_Question_Paper_2025_45_Shifts_19th_Sep_2025_Shift_3_EN.pdf,76,1,,,,A
SSC_CGL_Tier_1_Question_Paper_2025_45_Shifts_19th_Sep_2025_Shift_3_EN.pdf,77,1,,,,B
SSC_CGL_Tier_1_Question_Paper_2025_45_Shifts_19th_Sep_2025_Shift_3_EN.pdf,78,1,,,,A
SSC_CGL_Tier_1_Question_Paper_2025_45_Shifts_19th_Sep_2025_Shift_3_EN.pdf,79,1,,,,B
SSC_CGL_Tier_1_Question_Paper_2025_45_Shifts_19th_Sep_2025_Shift_3_EN.pdf,80,1,,,,A
SSC_CGL_Tier_1_Question_Paper_2025_45_Shifts_19th_Sep_2025_Shift_3_EN.pdf,81,1,,,,B
SSC_CGL_Tier_1_Question_Paper_2025_45_Shifts_19th_Sep_2025_Shift_3_EN.pdf,82,1,,,,D
SSC_CGL_Tier_1_Question_Paper_2025_45_Shifts_19th_Sep_2025_Shift_3_EN.pdf,83,1,,,,A
SSC_CGL_Tier_1_Question_Paper_2025_45_Shifts_19th_Sep_2025_Shift_3_EN.pdf,84,1,,,,A
SSC_CGL_Tier_1_Question_Paper_2025_45_Shifts_19th_Sep_2025_Shift_3_EN.pdf,85,1,,,,B
SSC_CGL_Tier_1_Question_Paper_2025_45_Shifts_19th_Sep_2025_Shift_3_EN.pdf,86,1,,,,A
SSC_CGL_Tier_1_Question_Paper_2025_45_Shifts_19th_Sep_2025_Shift_3_EN.pdf,87,1,,,,A
SSC_CGL_Tier_1_Question_Paper_2025_45_Shifts_19th_Sep_2025_Shift_3_EN.pdf,88,1,,,,A
SSC_CGL_Tier_1_Question_Paper_2025_45_Shifts_19th_Sep_2025_Shift_3_EN.pdf,89,1,,,,C
SSC_CGL_Tier_1_Question_Paper_2025_45_Shifts_19th_Sep_2025_Shift_3_EN.pdf,90,1,,,,A
SSC_CGL_Tier_1_Question_Paper_2025_45_Shifts_19th_Sep_2025_Shift_3_EN.pdf,91,1,,,,B
SSC_CGL_Tier_1_Question_Paper_2025_45_Shifts_19th_Sep_2025_Shift_3_EN.pdf,92,1,,,,A
SSC_CGL_Tier_1_Question_Paper_2025_45_Shifts_19th_Sep_2025_Shift_3_EN.pdf,93,1,,,,B
SSC_CGL_Tier_1_Question_Paper_2025_45_Shifts_19th_Sep_2025_Shift_3_EN.pdf,94,1,,,,B
SSC_CGL_Tier_1_Question_Paper_2025_45_Shifts_19th_Sep_2025_Shift_3_EN.pdf,95,1,,,,B
SSC_CGL_Tier_1_Question_Paper_2025_45_Shifts_19th_Sep_2025_Shift_3_EN.pdf,96,1,,,,C
SSC_CGL_Tier_1_Question_Paper_2025_45_Shifts_19th_Sep_2025_Shift_3_EN.pdf,97,1,,,,C
SSC_CGL_Tier_1_Question_Paper_2025_45_Shifts_19th_Sep_2025_Shift_3_EN.pdf,98,1,,,,B
SSC_CGL_Tier_1_Question_Paper_2025_45_Shifts_19th_Sep_2025_Shift_3_EN.pdf,99,1,,,,B
SSC_CGL_Tier_1_Question_Paper_2025_45_Shifts_19th_Sep_2025_Shift_3_EN.pdf,100,1,,,,A
SSC_CGL_Tier_1_Question_Paper_2025_45_Shifts_20th_Sep_2025_Shift_1_EN.pdf,1,1,,,,C
SSC_CGL_Tier_1_Question_Paper_2025_45_Shifts_20th_Sep_2025_Shift_1_EN.pdf,2,1,,,,C
SSC_CGL_Tier_1_Question_Paper_2025_45_Shifts_20th_Sep_2025_Shift_1_EN.pdf,3,1,,,,A
SSC_CGL_Tier_1_Question_Paper_2025_45_Shifts_20th_Sep_2025_Shift_1_EN.pdf,4,1,,,,A
SSC_CGL_Tier_1_Question_Paper_2025_45_Shifts_20th_Sep_2025_Shift_1_EN.pdf,5,1,,,,D
SSC_CGL_Tier_1_Question_Paper_2025_45_Shifts_20th_Sep_2025_Shift_1_EN.pdf,6,1,,,,A
SSC_CGL_Tier_1_Question_Paper_2025_45_Shifts_20th_Sep_2025_Shift_1_EN.pdf,7,1,,,,A
SSC_CGL_Tier_1_Question_Paper_2025_45_Shifts_20th_Sep_2025_Shift_1_EN.pdf,8,1,,,,D
SSC_CGL_Tier_1_Question_Paper_2025_45_Shifts_20th_Sep_2025_Shift_1_EN.pdf,9,1,,,,D
SSC_CGL_Tier_1_Question_Paper_2025_45_Shifts_20th_Sep_2025_Shift_1_EN.pdf,10,1,,,,A
SSC_CGL_Tier_1_Question_Paper_2025_45_Shifts_20th_Sep_2025_Shift_1_EN.pdf,11,1,,,,B
SSC_CGL_Tier_1_Question_Paper_2025_45_Shifts_20th_Sep_2025_Shift_1_EN.pdf,12,1,,,,A
SSC_CGL_Tier_1_Question_Paper_2025_45_Shifts_20th_Sep_2025_Shift_1_EN.pdf,13,1,,,,B
SSC_CGL_Tier_1_Question_Paper_2025_45_Shifts_20th_Sep_2025_Shift_1_EN.pdf,14,1,,,,A
SSC_CGL_Tier_1_Question_Paper_2025_45_Shifts_20th_Sep_2025_Shift_1_EN.pdf,15,1,,,,A
SSC_CGL_Tier_1_Question_Paper_2025_45_Shifts_20th_Sep_2025_Shift_1_EN.pdf,16,1,,,,B
SSC_CGL_Tier_1_Question_Paper_2025_45_Shifts_20th_Sep_2025_Shift_1_EN.pdf,17,1,,,,B
SSC_CGL_Tier_1_Question_Paper_2025_45_Shifts_20th_Sep_2025_Shift_1_EN.pdf,18,1,,,,A
SSC_CGL_Tier_1_Question_Paper_2025_45_Shifts_20th_Sep_2025_Shift_1_EN.pdf,19,1,,,,B
SSC_CGL_Tier_1_Question_Paper_2025_45_Shifts_20th_Sep_2025_Shift_1_EN.pdf,20,1,,,,B
SSC_CGL_Tier_1_Question_Paper_2025_45_Shifts_20th_Sep_2025_Shift_1_EN.pdf,21,1,,,,B
SSC_CGL_Tier_1_Question_Paper_2025_45_Shifts_20th_Sep_2025_Shift_1_EN.pdf,22,1,,,,A
SSC_CGL_Tier_1_Question_Paper_2025_45_Shifts_20th_Sep_2025_Shift_1_EN.pdf,23,1,,,,C
SSC_CGL_Tier_1_Question_Paper_2025_45_Shifts_20th_Sep_2025_Shift_1_EN.pdf,24,1,,,,D
SSC_CGL_Tier_1_Question_Paper_2025_45_Shifts_20th_Sep_2025_Shift_1_EN.pdf,25,1,,,,B
SSC_CGL_Tier_1_Question_Paper_2025_45_Shifts_20th_Sep_2025_Shift_1_EN.pdf,26,1,,,,C
SSC_CGL_Tier_1_Question_Paper_2025_45_Shifts_20th_Sep_2025_Shift_1_EN.pdf,27,1,,,,B
SSC_CGL_Tier_1_Question_Paper_2025_45_Shifts_20th_Sep_2025_Shift_1_EN.pdf,28,1,,,,B
SSC_CGL_Tier_1_Question_Paper_2025_45_Shifts_20th_Sep_2025_Shift_1_EN.pdf,29,1,,,,C
SSC_CGL_Tier_1_Question_Paper_2025_45_Shifts_20th_Sep_2025_Shift_1_EN.pdf,30,1,,,,A
SSC_CGL_Tier_1_Question_Paper_2025_45_Shifts_20th_Sep_2025_Shift_1_EN.pdf,31,1,,,,B
SSC_CGL_Tier_1_Question_Paper_2025_45_Shifts_20th_Sep_2025_Shift_1_EN.pdf,32,1,,,,A
SSC_CGL_Tier_1_Question_Paper_2025_45_Shifts_20th_Sep_2025_Shift_1_EN.pdf,33,1,,,,A
SSC_CGL_Tier_1_Question_Paper_2025_45_Shifts_20th_Sep_2025_Shift_1_EN.pdf,34,1,,,,B
SSC_CGL_Tier_1_Question_Paper_2025_45_Shifts_20th_Sep_2025_Shift_1_EN.pdf,35,1,,,,B
SSC_CGL_Tier_1_Question_Paper_2025_45_Shifts_20th_Sep_2025_Shift_1_EN.pdf,36,1,,,,C
SSC_CGL_Tier_1_Question_Paper_2025_45_Shifts_20th_Sep_2025_Shift_1_EN.pdf,37,1,,,,B
SSC_CGL_Tier_1_Question_Paper_2025_45_Shifts_20th_Sep_2025_Shift_1_EN.pdf,38,1,,,,B
SSC_CGL_Tier_1_Question_Paper_2025_45_Shifts_20th_Sep_2025_Shift_1_EN.pdf,39,1,,,,B
SSC_CGL_Tier_1_Question_Paper_2025_45_Shifts_20th_Sep_2025_Shift_1_EN.pdf,40,1,,,,C
SSC_CGL_Tier_1_Question_Paper_2025_45_Shifts_20th_Sep_2025_Shift_1_EN.pdf,41,1,,,,B
SSC_CGL_Tier_1_Question_Paper_2025_45_Shifts_20th_Sep_2025_Shift_1_EN.pdf,42,1,,,,B
SSC_CGL_Tier_1_Question_Paper_2025_45_Shifts_20th_Sep_2025_Shift_1_EN.pdf,43,1,,,,B
SSC_CGL_Tier_1_Question_Paper_2025_45_Shifts_20th_Sep_2025_Shift_1_EN.pdf,44,1,,,,A
SSC_CGL_Tier_1_Question_Paper_2025_45_Shifts_20th_Sep_2025_Shift_1_EN.pdf,45,1,,,,C
SSC_CGL_Tier_1_Question_Paper_2025_45_Shifts_20th_Sep_2025_Shift_1_EN.pdf,46,1,,,,C
SSC_CGL_Tier_1_Question_Paper_2025_45_Shifts_20th_Sep_2025_Shift_1_EN.pdf,47,1,,,,A
SSC_CGL_Tier_1_Question_Paper_2025_45_Shifts_20th_Sep_2025_Shift_1_EN.pdf,48,1,,,,C
SSC_CGL_Tier_1_Question_Paper_2025_45_Shifts_20th_Sep_2025_Shift_1_EN.pdf,49,1,,,,B
SSC_CGL_Tier_1_Question_Paper_2025_45_Shifts_20th_Sep_2025_Shift_1_EN.pdf,50,1,,,,C
SSC_CGL_Tier_1_Question_Paper_2025_45_Shifts_20th_Sep_2025_Shift_1_EN.pdf,51,1,,,,A
SSC_CGL_Tier_1_Question_Paper_2025_45_Shifts_20th_Sep_2025_Shift_1_EN.pdf,52,1,,,,A
SSC_CGL_Tier_1_Question_Paper_2025_45_Shifts_20th_Sep_2025_Shift_1_EN.pdf,53,1,,,,B
SSC_CGL_Tier_1_Question_Paper_2025_45_Shifts_20th_Sep_2025_Shift_1_EN.pdf,54,1,,,,A
SSC_CGL_Tier_1_Question_Paper_2025_45_Shifts_20th_Sep_2025_Shift_1_EN.pdf,55,1,,,,D
SSC_CGL_Tier_1_Question_Paper_2025_45_Shifts_20th_Sep_2025_Shift_1_EN.pdf,56,1,,,,C
SSC_CGL_Tier_1_Question_Paper_2025_45_Shifts_20th_Sep_2025_Shift_1_EN.pdf,57,1,,,,B
SSC_CGL_Tier_1_Question_Paper_2025_45_Shifts_20th_Sep_2025_Shift_1_EN.pdf,58,1,,,,C
SSC_CGL_Tier_1_Question_Paper_2025_45_Shifts_20th_Sep_2025_Shift_1_EN.pdf,59,1,,,,A
SSC_CGL_Tier_1_Question_Paper_2025_45_Shifts_20th_Sep_2025_Shift_1_EN.pdf,60,1,,,,C
SSC_CGL_Tier_1_Question_Paper_2025_45_Shifts_20th_Sep_2025_Shift_1_EN.pdf,61,1,,,,B
SSC_CGL_Tier_1_Question_Paper_2025_45_Shifts_20th_Sep_2025_Shift_1_EN.pdf,62,1,,,,A
SSC_CGL_Tier_1_Question_Paper_2025_45_Shifts_20th_Sep_2025_Shift_1_EN.pdf,63,1,,,,B
SSC_CGL_Tier_1_Question_Paper_2025_45_Shifts_20th_Sep_2025_Shift_1_EN.pdf,64,1,,,,D
SSC_CGL_Tier_1_Question_Paper_2025_45_Shifts_20th_Sep_2025_Shift_1_EN.pdf,65,1,,,,A
SSC_CGL_Tier_1_Question_Paper_2025_45_Shifts_20th_Sep_2025_Shift_1_EN.pdf,66,1,,,,D
SSC_CGL_Tier_1_Question_Paper_2025_45_Shifts_20th_Sep_2025_Shift_1_EN.pdf,67,1,,,,B
SSC_CGL_Tier_1_Question_Paper_2025_45_Shifts_20th_Sep_2025_Shift_1_EN.pdf,68,1,,,,B
SSC_CGL_Tier_1_Question_Paper_2025_45_Shifts_20th_Sep_2025_Shift_1_EN.pdf,69,1,,,,C
SSC_CGL_Tier_1_Question_Paper_2025_45_Shifts_20th_Sep_2025_Shift_1_EN.pdf,70,1,,,,B
SSC_CGL_Tier_1_Question_Paper_2025_45_Shifts_20th_Sep_2025_Shift_1_EN.pdf,71,1,,,,A
SSC_CGL_Tier_1_Question_Paper_2025_45_Shifts_20th_Sep_2025_Shift_1_EN.pdf,72,1,,,,D
SSC_CGL_Tier_1_Question_Paper_2025_45_Shifts_20th_Sep_2025_Shift_1_EN.pdf,73,1,,,,A
SSC_CGL_Tier_1_Question_Paper_2025_45_Shifts_20th_Sep_2025_Shift_1_EN.pdf,74,1,,,,B
SSC_CGL_Tier_1_Question_Paper_2025_45_Shifts_20th_Sep_2025_Shift_1_EN.pdf,75,1,,,,D
SSC_CGL_Tier_1_Question_Paper_2025_45_Shifts_20th_Sep_2025_Shift_1_EN.pdf,76,1,,,,A
SSC_CGL_Tier_1_Question_Paper_2025_45_Shifts_20th_Sep_2025_Shift_1_EN.pdf,77,1,,,,B
SSC_CGL_Tier_1_Question_Paper_2025_45_Shifts_20th_Sep_2025_Shift_1_EN.pdf,78,1,,,,B
SSC_CGL_Tier_1_Question_Paper_2025_45_Shifts_20th_Sep_2025_Shift_1_EN.pdf,79,1,,,,B
SSC_CGL_Tier_1_Question_Paper_2025_45_Shifts_20th_Sep_2025_Shift_1_EN.pdf,80,1,,,,B
SSC_CGL_Tier_1_Question_Paper_2025_45_Shifts_20th_Sep_2025_Shift_1_EN.pdf,81,1,,,,B
SSC_CGL_Tier_1_Question_Paper_2025_45_Shifts_20th_Sep_2025_Shift_1_EN.pdf,82,1,,,,B
SSC_CGL_Tier_1_Question_Paper_2025_45_Shifts_20th_Sep_2025_Shift_1_EN.pdf,83,1,,,,C
SSC_CGL_Tier_1_Question_Paper_2025_45_Shifts_20th_Sep_2025_Shift_1_EN.pdf,84,1,,,,A
SSC_CGL_Tier_1_Question_Paper_2025_45_Shifts_20th_Sep_2025_Shift_1_EN.pdf,85,1,,,,A
SSC_CGL_Tier_1_Question_Paper_2025_45_Shifts_20th_Sep_2025_Shift_1_EN.pdf,86,1,,,,A
SSC_CGL_Tier_1_Question_Paper_2025_45_Shifts_20th_Sep_2025_Shift_1_EN.pdf,87,1,,,,D
SSC_CGL_Tier_1_Question_Paper_2025_45_Shifts_20th_Sep_2025_Shift_1_EN.pdf,88,1,,,,B
SSC_CGL_Tier_1_Question_Paper_2025_45_Shifts_20th_Sep_2025_Shift_1_EN.pdf,89,1,,,,C
SSC_CGL_Tier_1_Question_Paper_2025_45_Shifts_20th_Sep_2025_Shift_1_EN.pdf,90,1,,,,D
SSC_CGL_Tier_1_Question_Paper_2025_45_Shifts_20th_Sep_2025_Shift_1_EN.pdf,91,1,,,,A
SSC_CGL_Tier_1_Question_Paper_2025_45_Shifts_20th_Sep_2025_Shift_1_EN.pdf,92,1,,,,C
SSC_CGL_Tier_1_Question_Paper_2025_45_Shifts_20th_Sep_2025_Shift_1_EN.pdf,93,1,,,,A
SSC_CGL_Tier_1_Question_Paper_2025_45_Shifts_20th_Sep_2025_Shift_1_EN.pdf,94,1,,,,C
SSC_CGL_Tier_1_Question_Paper_2025_45_Shifts_20th_Sep_2025_Shift_1_EN.pdf,95,1,,,,B
SSC_CGL_Tier_1_Question_Paper_2025_45_Shifts_20th_Sep_2025_Shift_1_EN.pdf,96,1,,,,B
SSC_CGL_Tier_1_Question_Paper_2025_45_Shifts_20th_Sep_2025_Shift_1_EN.pdf,97,1,,,,A
SSC_CGL_Tier_1_Question_Paper_2025_45_Shifts_20th_Sep_2025_Shift_1_EN.pdf,98,1,,,,A
SSC_CGL_Tier_1_Question_Paper_2025_45_Shifts_20th_Sep_2025_Shift_1_EN.pdf,99,1,,,,C
SSC_CGL_Tier_1_Question_Paper_2025_45_Shifts_20th_Sep_2025_Shift_1_EN.pdf,100,1,,,,B
SSC_CGL_Tier_1_Question_Paper_2025_45_Shifts_20th_Sep_2025_Shift_2_EN.pdf,1,1,,,,A
SSC_CGL_Tier_1_Question_Paper_2025_45_Shifts_20th_Sep_2025_Shift_2_EN.pdf,2,1,,,,C
SSC_CGL_Tier_1_Question_Paper_2025_45_Shifts_20th_Sep_2025_Shift_2_EN.pdf,3,1,,,,A
SSC_CGL_Tier_1_Question_Paper_2025_45_Shifts_20th_Sep_2025_Shift_2_EN.pdf,4,1,,,,B
SSC_CGL_Tier_1_Question_Paper_2025_45_Shifts_20th_Sep_2025_Shift_2_EN.pdf,5,1,,,,B
SSC_CGL_Tier_1_Question_Paper_2025_45_Shifts_20th_Sep_2025_Shift_2_EN.pdf,6,1,,,,B
SSC_CGL_Tier_1_Question_Paper_2025_45_Shifts_20th_Sep_2025_Shift_2_EN.pdf,7,1,,,,B
SSC_CGL_Tier_1_Question_Paper_2025_45_Shifts_20th_Sep_2025_Shift_2_EN.pdf,8,1,,,,C
SSC_CGL_Tier_1_Question_Paper_2025_45_Shifts_20th_Sep_2025_Shift_2_EN.pdf,9,1,,,,D
SSC_CGL_Tier_1_Question_Paper_2025_45_Shifts_20th_Sep_2025_Shift_2_EN.pdf,10,1,,,,B
SSC_CGL_Tier_1_Question_Paper_2025_45_Shifts_20th_Sep_2025_Shift_2_EN.pdf,11,1,,,,C
SSC_CGL_Tier_1_Question_Paper_2025_45_Shifts_20th_Sep_2025_Shift_2_EN.pdf,12,1,,,,C
SSC_CGL_Tier_1_Question_Paper_2025_45_Shifts_20th_Sep_2025_Shift_2_EN.pdf,13,1,,,,A
SSC_CGL_Tier_1_Question_Paper_2025_45_Shifts_20th_Sep_2025_Shift_2_EN.pdf,14,1,,,,B
SSC_CGL_Tier_1_Question_Paper_2025_45_Shifts_20th_Sep_2025_Shift_2_EN.pdf,15,1,,,,D
SSC_CGL_Tier_1_Question_Paper_2025_45_Shifts_20th_Sep_2025_Shift_2_EN.pdf,16,1,,,,B
SSC_CGL_Tier_1_Question_Paper_2025_45_Shifts_20th_Sep_2025_Shift_2_EN.pdf,17,1,,,,C
SSC_CGL_Tier_1_Question_Paper_2025_45_Shifts_20th_Sep_2025_Shift_2_EN.pdf,18,1,,,,B
SSC_CGL_Tier_1_Question_Paper_2025_45_Shifts_20th_Sep_2025_Shift_2_EN.pdf,19,1,,,,D
SSC_CGL_Tier_1_Question_Paper_2025_45_Shifts_20th_Sep_2025_Shift_2_EN.pdf,20,1,,,,D
SSC_CGL_Tier_1_Question_Paper_2025_45_Shifts_20th_Sep_2025_Shift_2_EN.pdf,21,1,,,,D
SSC_CGL_Tier_1_Question_Paper_2025_45_Shifts_20th_Sep_2025_Shift_2_EN.pdf,22,1,,,,C
SSC_CGL_Tier_1_Question_Paper_2025_45_Shifts_20th_Sep_2025_Shift_2_EN.pdf,23,1,,,,B
SSC_CGL_Tier_1_Question_Paper_2025_45_Shifts_20th_Sep_2025_Shift_2_EN.pdf,24,1,,,,B
SSC_CGL_Tier_1_Question_Paper_2025_45_Shifts_20th_Sep_2025_Shift_2_EN.pdf,25,1,,,,A
SSC_CGL_Tier_1_Question_Paper_2025_45_Shifts_20th_Sep_2025_Shift_2_EN.pdf,26,1,,,,A
SSC_CGL_Tier_1_Question_Paper_2025_45_Shifts_20th_Sep_2025_Shift_2_EN.pdf,27,1,,,,B
SSC_CGL_Tier_1_Question_Paper_2025_45_Shifts_20th_Sep_2025_Shift_2_EN.pdf,28,1,,,,A
SSC_CGL_Tier_1_Question_Paper_2025_45_Shifts_20th_Sep_2025_Shift_2_EN.pdf,29,1,,,,A
SSC_CGL_Tier_1_Question_Paper_2025_45_Shifts_20th_Sep_2025_Shift_2_EN.pdf,30,1,,,,B
SSC_CGL_Tier_1_Question_Paper_2025_45_Shifts_20th_Sep_2025_Shift_2_EN.pdf,31,1,,,,C
SSC_CGL_Tier_1_Question_Paper_2025_45_Shifts_20th_Sep_2025_Shift_2_EN.pdf,32,1,,,,A
SSC_CGL_Tier_1_Question_Paper_2025_45_Shifts_20th_Sep_2025_Shift_2_EN.pdf,33,1,,,,C
SSC_CGL_Tier_1_Question_Paper_2025_45_Shifts_20th_Sep_2025_Shift_2_EN.pdf,34,1,,,,A
SSC_CGL_Tier_1_Question_Paper_2025_45_Shifts_20th_Sep_2025_Shift_2_EN.pdf,35,1,,,,B
SSC_CGL_Tier_1_Question_Paper_2025_45_Shifts_20th_Sep_2025_Shift_2_EN.pdf,36,1,,,,C
SSC_CGL_Tier_1_Question_Paper_2025_45_Shifts_20th_Sep_2025_Shift_2_EN.pdf,37,1,,,,A
SSC_CGL_Tier_1_Question_Paper_2025_45_Shifts_20th_Sep_2025_Shift_2_EN.pdf,38,1,,,,B
SSC_CGL_Tier_1_Question_Paper_2025_45_Shifts_20th_Sep_2025_Shift_2_EN.pdf,39,1,,,,B
SSC_CGL_Tier_1_Question_Paper_2025_45_Shifts_20th_Sep_2025_Shift_2_EN.pdf,40,1,,,,A
SSC_CGL_Tier_1_Question_Paper_2025_45_Shifts_20th_Sep_2025_Shift_2_EN.pdf,41,1,,,,B
SSC_CGL_Tier_1_Question_Paper_2025_45_Shifts_20th_Sep_2025_Shift_2_EN.pdf,42,1,,,,C
SSC_CGL_Tier_1_Question_Paper_2025_45_Shifts_20th_Sep_2025_Shift_2_EN.pdf,43,1,,,,B
SSC_CGL_Tier_1_Question_Paper_2025_45_Shifts_20th_Sep_2025_Shift_2_EN.pdf,44,1,,,,B
SSC_CGL_Tier_1_Question_Paper_2025_45_Shifts_20th_Sep_2025_Shift_2_EN.pdf,45,1,,,,B
SSC_CGL_Tier_1_Question_Paper_2025_45_Shifts_20th_Sep_2025_Shift_2_EN.pdf,46,1,,,,B
SSC_CGL_Tier_1_Question_Paper_2025_45_Shifts_20th_Sep_2025_Shift_2_EN.pdf,47,1,,,,C
SSC_CGL_Tier_1_Question_Paper_2025_45_Shifts_20th_Sep_2025_Shift_2_EN.pdf,48,1,,,,B
SSC_CGL_Tier_1_Question_Paper_2025_45_Shifts_20th_Sep_2025_Shift_2_EN.pdf,49,1,,,,C
SSC_CGL_Tier_1_Question_Paper_2025_45_Shifts_20th_Sep_2025_Shift_2_EN.pdf,50,1,,,,B
SSC_CGL_Tier_1_Question_Paper_2025_45_Shifts_20th_Sep_2025_Shift_2_EN.pdf,51,1,,,,B
SSC_CGL_Tier_1_Question_Paper_2025_45_Shifts_20th_Sep_2025_Shift_2_EN.pdf,52,1,,,,C
SSC_CGL_Tier_1_Question_Paper_2025_45_Shifts_20th_Sep_2025_Shift_2_EN.pdf,53,1,,,,C
SSC_CGL_Tier_1_Question_Paper_2025_45_Shifts_20th_Sep_2025_Shift_2_EN.pdf,54,1,,,,B
SSC_CGL_Tier_1_Question_Paper_2025_45_Shifts_20th_Sep_2025_Shift_2_EN.pdf,55,1,,,,B
SSC_CGL_Tier_1_Question_Paper_2025_45_Shifts_20th_Sep_2025_Shift_2_EN.pdf,56,1,,,,D
SSC_CGL_Tier_1_Question_Paper_2025_45_Shifts_20th_Sep_2025_Shift_2_EN.pdf,57,1,,,,D
SSC_CGL_Tier_1_Question_Paper_2025_45_Shifts_20th_Sep_2025_Shift_2_EN.pdf,58,1,,,,B
SSC_CGL_Tier_1_Question_Paper_2025_45_Shifts_20th_Sep_2025_Shift_2_EN.pdf,59,1,,,,C
SSC_CGL_Tier_1_Question_Paper_2025_45_Shifts_20th_Sep_2025_Shift_2_EN.pdf,60,1,,,,A
SSC_CGL_Tier_1_Question_Paper_2025_45_Shifts_20th_Sep_2025_Shift_2_EN.pdf,61,1,,,,C
SSC_CGL_Tier_1_Question_Paper_2025_45_Shifts_20th_Sep_2025_Shift_2_EN.pdf,62,1,,,,B
SSC_CGL_Tier_1_Question_Paper_2025_45_Shifts_20th_Sep_2025_Shift_2_EN.pdf,63,1,,,,A
SSC_CGL_Tier_1_Question_Paper_2025_45_Shifts_20th_Sep_2025_Shift_2_EN.pdf,64,1,,,,B
SSC_CGL_Tier_1_Question_Paper_2025_45_Shifts_20th_Sep_2025_Shift_2_EN.pdf,65,1,,,,C
SSC_CGL_Tier_1_Question_Paper_2025_45_Shifts_20th_Sep_2025_Shift_2_EN.pdf,66,1,,,,D
SSC_CGL_Tier_1_Question_Paper_2025_45_Shifts_20th_Sep_2025_Shift_2_EN.pdf,67,1,,,,C
SSC_CGL_Tier_1_Question_Paper_2025_45_Shifts_20th_Sep_2025_Shift_2_EN.pdf,68,1,,,,B
SSC_CGL_Tier_1_Question_Paper_2025_45_Shifts_20th_Sep_2025_Shift_2_EN.pdf,69,1,,,,D
SSC_CGL_Tier_1_Question_Paper_2025_45_Shifts_20th_Sep_2025_Shift_2_EN.pdf,70,1,,,,A
SSC_CGL_Tier_1_Question_Paper_2025_45_Shifts_20th_Sep_2025_Shift_2_EN.pdf,71,1,,,,B
SSC_CGL_Tier_1_Question_Paper_2025_45_Shifts_20th_Sep_2025_Shift_2_EN.pdf,72,1,,,,B
SSC_CGL_Tier_1_Question_Paper_2025_45_Shifts_20th_Sep_2025_Shift_2_EN.pdf,73,1,,,,B
SSC_CGL_Tier_1_Question_Paper_2025_45_Shifts_20th_Sep_2025_Shift_2_EN.pdf,74,1,,,,B
SSC_CGL_Tier_1_Question_Paper_2025_45_Shifts_20th_Sep_2025_Shift_2_EN.pdf,75,1,,,,A
SSC_CGL_Tier_1_Question_Paper_2025_45_Shifts_20th_Sep_2025_Shift_2_EN.pdf,76,1,,,,D
SSC_CGL_Tier_1_Question_Paper_2025_45_Shifts_20th_Sep_2025_Shift_2_EN.pdf,77,1,,,,A
SSC_CGL_Tier_1_Question_Paper_2025_45_Shifts_20th_Sep_2025_Shift_2_EN.pdf,78,1,,,,A
SSC_CGL_Tier_1_Question_Paper_2025_45_Shifts_20th_Sep_2025_Shift_2_EN.pdf,79,1,,,,A
SSC_CGL_Tier_1_Question_Paper_2025_45_Shifts_20th_Sep_2025_Shift_2_EN.pdf,80,1,,,,A
SSC_CGL_Tier_1_Question_Paper_2025_45_Shifts_20th_Sep_2025_Shift_2_EN.pdf,81,1,,,,D
SSC_CGL_Tier_1_Question_Paper_2025_45_Shifts_20th_Sep_2025_Shift_2_EN.pdf,82,1,,,,B
SSC_CGL_Tier_1_Question_Paper_2025_45_Shifts_20th_Sep_2025_Shift_2_EN.pdf,83,1,,,,C
SSC_CGL_Tier_1_Question_Paper_2025_45_Shifts_20th_Sep_2025_Shift_2_EN.pdf,84,1,,,,C
SSC_CGL_Tier_1_Question_Paper_2025_45_Shifts_20th_Sep_2025_Shift_2_EN.pdf,85,1,,,,B
SSC_CGL_Tier_1_Question_Paper_2025_45_Shifts_20th_Sep_2025_Shift_2_EN.pdf,86,1,,,,C
SSC_CGL_Tier_1_Question_Paper_2025_45_Shifts_20th_Sep_2025_Shift_2_EN.pdf,87,1,,,,C
SSC_CGL_Tier_1_Question_Paper_2025_45_Shifts_20th_Sep_2025_Shift_2_EN.pdf,88,1,,,,C
SSC_CGL_Tier_1_Question_Paper_2025_45_Shifts_20th_Sep_2025_Shift_2_EN.pdf,89,1,,,,A
SSC_CGL_Tier_1_Question_Paper_2025_45_Shifts_20th_Sep_2025_Shift_2_EN.pdf,90,1,,,,D
SSC_CGL_Tier_1_Question_Paper_2025_45_Shifts_20th_Sep_2025_Shift_2_EN.pdf,91,1,,,,A
SSC_CGL_Tier_1_Question_Paper_2025_45_Shifts_20th_Sep_2025_Shift_2_EN.pdf,92,1,,,,B
SSC_CGL_Tier_1_Question_Paper_2025_45_Shifts_20th_Sep_2025_Shift_2_EN.pdf,93,1,,,,A
SSC_CGL_Tier_1_Question_Paper_2025_45_Shifts_20th_Sep_2025_Shift_2_EN.pdf,94,1,,,,A
SSC_CGL_Tier_1_Question_Paper_2025_45_Shifts_20th_Sep_2025_Shift_2_EN.pdf,95,1,,,,C
SSC_CGL_Tier_1_Question_Paper_2025_45_Shifts_20th_Sep_2025_Shift_2_EN.pdf,96,1,,,,A
SSC_CGL_Tier_1_Question_Paper_2025_45_Shifts_20th_Sep_2025_Shift_2_EN.pdf,97,1,,,,A
SSC_CGL_Tier_1_Question_Paper_2025_45_Shifts_20th_Sep_2025_Shift_2_EN.pdf,98,1,,,,C
SSC_CGL_Tier_1_Question_Paper_2025_45_Shifts_20th_Sep_2025_Shift_2_EN.pdf,99,1,,,,A
SSC_CGL_Tier_1_Question_Paper_2025_45_Shifts_20th_Sep_2025_Shift_2_EN.pdf,100,1,,,,A
SSC_CGL_Tier_1_Question_Paper_2025_45_Shifts_20th_Sep_2025_Shift_3_EN.pdf,1,1,,,,A
SSC_CGL_Tier_1_Question_Paper_2025_45_Shifts_20th_Sep_2025_Shift_3_EN.pdf,2,1,,,,A
SSC_CGL_Tier_1_Question_Paper_2025_45_Shifts_20th_Sep_2025_Shift_3_EN.pdf,3,1,,,,D
SSC_CGL_Tier_1_Question_Paper_2025_45_Shifts_20th_Sep_2025_Shift_3_EN.pdf,4,1,,,,D
SSC_CGL_Tier_1_Question_Paper_2025_45_Shifts_20th_Sep_2025_Shift_3_EN.pdf,5,1,,,,A
SSC_CGL_Tier_1_Question_Paper_2025_45_Shifts_20th_Sep_2025_Shift_3_EN.pdf,6,1,,,,D
SSC_CGL_Tier_1_Question_Paper_2025_45_Shifts_20th_Sep_2025_Shift_3_EN.pdf,7,1,,,,A
SSC_CGL_Tier_1_Question_Paper_2025_45_Shifts_20th_Sep_2025_Shift_3_EN.pdf,8,1,,,,C
SSC_CGL_Tier_1_Question_Paper_2025_45_Shifts_20th_Sep_2025_Shift_3_EN.pdf,9,1,,,,D
SSC_CGL_Tier_1_Question_Paper_2025_45_Shifts_20th_Sep_2025_Shift_3_EN.pdf,10,1,,,,D
SSC_CGL_Tier_1_Question_Paper_2025_45_Shifts_20th_Sep_2025_Shift_3_EN.pdf,11,1,,,,A
SSC_CGL_Tier_1_Question_Paper_2025_45_Shifts_20th_Sep_2025_Shift_3_EN.pdf,12,1,,,,A
SSC_CGL_Tier_1_Question_Paper_2025_45_Shifts_20th_Sep_2025_Shift_3_EN.pdf,13,1,,,,B
SSC_CGL_Tier_1_Question_Paper_2025_45_Shifts_20th_Sep_2025_Shift_3_EN.pdf,14,1,,,,A
SSC_CGL_Tier_1_Question_Paper_2025_45_Shifts_20th_Sep_2025_Shift_3_EN.pdf,15,1,,,,A
SSC_CGL_Tier_1_Question_Paper_2025_45_Shifts_20th_Sep_2025_Shift_3_EN.pdf,16,1,,,,A
SSC_CGL_Tier_1_Question_Paper_2025_45_Shifts_20th_Sep_2025_Shift_3_EN.pdf,17,1,,,,B
SSC_CGL_Tier_1_Question_Paper_2025_45_Shifts_20th_Sep_2025_Shift_3_EN.pdf,18,1,,,,B
SSC_CGL_Tier_1_Question_Paper_2025_45_Shifts_20th_Sep_2025_Shift_3_EN.pdf,19,1,,,,A
SSC_CGL_Tier_1_Question_Paper_2025_45_Shifts_20th_Sep_2025_Shift_3_EN.pdf,20,1,,,,A
SSC_CGL_Tier_1_Question_Paper_2025_45_Shifts_20th_Sep_2025_Shift_3_EN.pdf,21,1,,,,A
SSC_CGL_Tier_1_Question_Paper_2025_45_Shifts_20th_Sep_2025_Shift_3_EN.pdf,22,1,,,,B
SSC_CGL_Tier_1_Question_Paper_2025_45_Shifts_20th_Sep_2025_Shift_3_EN.pdf,23,1,,,,D
SSC_CGL_Tier_1_Question_Paper_2025_45_Shifts_20th_Sep_2025_Shift_3_EN.pdf,24,1,,,,A
SSC_CGL_Tier_1_Question_Paper_2025_45_Shifts_20th_Sep_2025_Shift_3_EN.pdf,25,1,,,,A
SSC_CGL_Tier_1_Question_Paper_2025_45_Shifts_20th_Sep_2025_Shift_3_EN.pdf,26,1,,,,C
SSC_CGL_Tier_1_Question_Paper_2025_45_Shifts_20th_Sep_2025_Shift_3_EN.pdf,27,1,,,,C
SSC_CGL_Tier_1_Question_Paper_2025_45_Shifts_20th_Sep_2025_Shift_3_EN.pdf,28,1,,,,A
SSC_CGL_Tier_1_Question_Paper_2025_45_Shifts_20th_Sep_2025_Shift_3_EN.pdf,29,1,,,,B
SSC_CGL_Tier_1_Question_Paper_2025_45_Shifts_20th_Sep_2025_Shift_3_EN.pdf,30,1,,,,C
SSC_CGL_Tier_1_Question_Paper_2025_45_Shifts_20th_Sep_2025_Shift_3_EN.pdf,31,1,,,,C
SSC_CGL_Tier_1_Question_Paper_2025_45_Shifts_20th_Sep_2025_Shift_3_EN.pdf,32,1,,,,A
SSC_CGL_Tier_1_Question_Paper_2025_45_Shifts_20th_Sep_2025_Shift_3_EN.pdf,33,1,,,,A
SSC_CGL_Tier_1_Question_Paper_2025_45_Shifts_20th_Sep_2025_Shift_3_EN.pdf,34,1,,,,C
SSC_CGL_Tier_1_Question_Paper_2025_45_Shifts_20th_Sep_2025_Shift_3_EN.pdf,35,1,,,,A
SSC_CGL_Tier_1_Question_Paper_2025_45_Shifts_20th_Sep_2025_Shift_3_EN.pdf,36,1,,,,B
SSC_CGL_Tier_1_Question_Paper_2025_45_Shifts_20th_Sep_2025_Shift_3_EN.pdf,37,1,,,,B
SSC_CGL_Tier_1_Question_Paper_2025_45_Shifts_20th_Sep_2025_Shift_3_EN.pdf,38,1,,,,A
SSC_CGL_Tier_1_Question_Paper_2025_45_Shifts_20th_Sep_2025_Shift_3_EN.pdf,39,1,,,,A
SSC_CGL_Tier_1_Question_Paper_2025_45_Shifts_20th_Sep_2025_Shift_3_EN.pdf,40,1,,,,A
SSC_CGL_Tier_1_Question_Paper_2025_45_Shifts_20th_Sep_2025_Shift_3_EN.pdf,41,1,,,,C
SSC_CGL_Tier_1_Question_Paper_2025_45_Shifts_20th_Sep_2025_Shift_3_EN.pdf,42,1,,,,B
SSC_CGL_Tier_1_Question_Paper_2025_45_Shifts_20th_Sep_2025_Shift_3_EN.pdf,43,1,,,,B
SSC_CGL_Tier_1_Question_Paper_2025_45_Shifts_20th_Sep_2025_Shift_3_EN.pdf,44,1,,,,B
SSC_CGL_Tier_1_Question_Paper_2025_45_Shifts_20th_Sep_2025_Shift_3_EN.pdf,45,1,,,,B
SSC_CGL_Tier_1_Question_Paper_2025_45_Shifts_20th_Sep_2025_Shift_3_EN.pdf,46,1,,,,B
SSC_CGL_Tier_1_Question_Paper_2025_45_Shifts_20th_Sep_2025_Shift_3_EN.pdf,47,1,,,,B
SSC_CGL_Tier_1_Question_Paper_2025_45_Shifts_20th_Sep_2025_Shift_3_EN.pdf,48,1,,,,B
SSC_CGL_Tier_1_Question_Paper_2025_45_Shifts_20th_Sep_2025_Shift_3_EN.pdf,49,1,,,,B
SSC_CGL_Tier_1_Question_Paper_2025_45_Shifts_20th_Sep_2025_Shift_3_EN.pdf,50,1,,,,B
SSC_CGL_Tier_1_Question_Paper_2025_45_Shifts_20th_Sep_2025_Shift_3_EN.pdf,51,1,,,,B
SSC_CGL_Tier_1_Question_Paper_2025_45_Shifts_20th_Sep_2025_Shift_3_EN.pdf,52,1,,,,B
SSC_CGL_Tier_1_Question_Paper_2025_45_Shifts_20th_Sep_2025_Shift_3_EN.pdf,53,1,,,,B
SSC_CGL_Tier_1_Question_Paper_2025_45_Shifts_20th_Sep_2025_Shift_3_EN.pdf,54,1,,,,C
SSC_CGL_Tier_1_Question_Paper_2025_45_Shifts_20th_Sep_2025_Shift_3_EN.pdf,55,1,,,,B
SSC_CGL_Tier_1_Question_Paper_2025_45_Shifts_20th_Sep_2025_Shift_3_EN.pdf,56,1,,,,C
SSC_CGL_Tier_1_Question_Paper_2025_45_Shifts_20th_Sep_2025_Shift_3_EN.pdf,57,1,,,,C
SSC_CGL_Tier_1_Question_Paper_2025_45_Shifts_20th_Sep_2025_Shift_3_EN.pdf,58,1,,,,C
SSC_CGL_Tier_1_Question_Paper_2025_45_Shifts_20th_Sep_2025_Shift_3_EN.pdf,59,1,,,,C
SSC_CGL_Tier_1_Question_Paper_2025_45_Shifts_20th_Sep_2025_Shift_3_EN.pdf,60,1,,,,C
SSC_CGL_Tier_1_Question_Paper_2025_45_Shifts_20th_Sep_2025_Shift_3_EN.pdf,61,1,,,,C
SSC_CGL_Tier_1_Question_Paper_2025_45_Shifts_20th_Sep_2025_Shift_3_EN.pdf,62,1,,,,A
SSC_CGL_Tier_1_Question_Paper_2025_45_Shifts_20th_Sep_2025_Shift_3_EN.pdf,63,1,,,,D
SSC_CGL_Tier_1_Question_Paper_2025_45_Shifts_20th_Sep_2025_Shift_3_EN.pdf,64,1,,,,A
SSC_CGL_Tier_1_Question_Paper_2025_45_Shifts_20th_Sep_2025_Shift_3_EN.pdf,65,1,,,,D
SSC_CGL_Tier_1_Question_Paper_2025_45_Shifts_20th_Sep_2025_Shift_3_EN.pdf,66,1,,,,C
SSC_CGL_Tier_1_Question_Paper_2025_45_Shifts_20th_Sep_2025_Shift_3_EN.pdf,67,1,,,,B
SSC_CGL_Tier_1_Question_Paper_2025_45_Shifts_20th_Sep_2025_Shift_3_EN.pdf,68,1,,,,A
SSC_CGL_Tier_1_Question_Paper_2025_45_Shifts_20th_Sep_2025_Shift_3_EN.pdf,69,1,,,,C
SSC_CGL_Tier_1_Question_Paper_2025_45_Shifts_20th_Sep_2025_Shift_3_EN.pdf,70,1,,,,B
SSC_CGL_Tier_1_Question_Paper_2025_45_Shifts_20th_Sep_2025_Shift_3_EN.pdf,71,1,,,,A
SSC_CGL_Tier_1_Question_Paper_2025_45_Shifts_20th_Sep_2025_Shift_3_EN.pdf,72,1,,,,A
SSC_CGL_Tier_1_Question_Paper_2025_45_Shifts_20th_Sep_2025_Shift_3_EN.pdf,73,1,,,,C
SSC_CGL_Tier_1_Question_Paper_2025_45_Shifts_20th_Sep_2025_Shift_3_EN.pdf,74,1,,,,A
SSC_CGL_Tier_1_Question_Paper_2025_45_Shifts_20th_Sep_2025_Shift_3_EN.pdf,75,1,,,,B
SSC_CGL_Tier_1_Question_Paper_2025_45_Shifts_20th_Sep_2025_Shift_3_EN.pdf,76,1,,,,A
SSC_CGL_Tier_1_Question_Paper_2025_45_Shifts_20th_Sep_2025_Shift_3_EN.pdf,77,1,,,,B
SSC_CGL_Tier_1_Question_Paper_2025_45_Shifts_20th_Sep_2025_Shift_3_EN.pdf,78,1,,,,A
SSC_CGL_Tier_1_Question_Paper_2025_45_Shifts_20th_Sep_2025_Shift_3_EN.pdf,79,1,,,,B
SSC_CGL_Tier_1_Question_Paper_2025_45_Shifts_20th_Sep_2025_Shift_3_EN.pdf,80,1,,,,A
SSC_CGL_Tier_1_Question_Paper_2025_45_Shifts_20th_Sep_2025_Shift_3_EN.pdf,81,1,,,,D
SSC_CGL_Tier_1_Question_Paper_2025_45_Shifts_20th_Sep_2025_Shift_3_EN.pdf,82,1,,,,B
SSC_CGL_Tier_1_Question_Paper_2025_45_Shifts_20th_Sep_2025_Shift_3_EN.pdf,83,1,,,,A
SSC_CGL_Tier_1_Question_Paper_2025_45_Shifts_20th_Sep_2025_Shift_3_EN.pdf,84,1,,,,B
SSC_CGL_Tier_1_Question_Paper_2025_45_Shifts_20th_Sep_2025_Shift_3_EN.pdf,85,1,,,,C
SSC_CGL_Tier_1_Question_Paper_2025_45_Shifts_20th_Sep_2025_Shift_3_EN.pdf,86,1,,,,A
SSC_CGL_Tier_1_Question_Paper_2025_45_Shifts_20th_Sep_2025_Shift_3_EN.pdf,87,1,,,,D
SSC_CGL_Tier_1_Question_Paper_2025_45_Shifts_20th_Sep_2025_Shift_3_EN.pdf,88,1,,,,B
SSC_CGL_Tier_1_Question_Paper_2025_45_Shifts_20th_Sep_2025_Shift_3_EN.pdf,89,1,,,,A
SSC_CGL_Tier_1_Question_Paper_2025_45_Shifts_20th_Sep_2025_Shift_3_EN.pdf,90,1,,,,C
SSC_CGL_Tier_1_Question_Paper_2025_45_Shifts_20th_Sep_2025_Shift_3_EN.pdf,91,1,,,,B
SSC_CGL_Tier_1_Question_Paper_2025_45_Shifts_20th_Sep_2025_Shift_3_EN.pdf,92,1,,,,B
SSC_CGL_Tier_1_Question_Paper_2025_45_Shifts_20th_Sep_2025_Shift_3_EN.pdf,93,1,,,,B
SSC_CGL_Tier_1_Question_Paper_2025_45_Shifts_20th_Sep_2025_Shift_3_EN.pdf,94,1,,,,C
SSC_CGL_Tier_1_Question_Paper_2025_45_Shifts_20th_Sep_2025_Shift_3_EN.pdf,95,1,,,,B
SSC_CGL_Tier_1_Question_Paper_2025_45_Shifts_20th_Sep_2025_Shift_3_EN.pdf,96,1,,,,A
SSC_CGL_Tier_1_Question_Paper_2025_45_Shifts_20th_Sep_2025_Shift_3_EN.pdf,97,1,,,,B
SSC_CGL_Tier_1_Question_Paper_2025_45_Shifts_20th_Sep_2025_Shift_3_EN.pdf,98,1,,,,B
SSC_CGL_Tier_1_Question_Paper_2025_45_Shifts_20th_Sep_2025_Shift_3_EN.pdf,99,1,,,,B
SSC_CGL_Tier_1_Question_Paper_2025_45_Shifts_20th_Sep_2025_Shift_3_EN.pdf,100,1,,,,B
SSC_CGL_Tier_1_Question_Paper_2025_45_Shifts_21st_Sep_2025_Shift_1_EN.pdf,1,1,,,,A
SSC_CGL_Tier_1_Question_Paper_2025_45_Shifts_21st_Sep_2025_Shift_1_EN.pdf,2,1,,,,C
SSC_CGL_Tier_1_Question_Paper_2025_45_Shifts_21st_Sep_2025_Shift_1_EN.pdf,3,1,,,,B
SSC_CGL_Tier_1_Question_Paper_2025_45_Shifts_21st_Sep_2025_Shift_1_EN.pdf,4,1,,,,A
SSC_CGL_Tier_1_Question_Paper_2025_45_Shifts_21st_Sep_2025_Shift_1_EN.pdf,5,1,,,,C
SSC_CGL_Tier_1_Question_Paper_2025_45_Shifts_21st_Sep_2025_Shift_1_EN.pdf,6,1,,,,A
SSC_CGL_Tier_1_Question_Paper_2025_45_Shifts_21st_Sep_2025_Shift_1_EN.pdf,7,1,,,,D
SSC_CGL_Tier_1_Question_Paper_2025_45_Shifts_21st_Sep_2025_Shift_1_EN.pdf,8,1,,,,B
SSC_CGL_Tier_1_Question_Paper_2025_45_Shifts_21st_Sep_2025_Shift_1_EN.pdf,9,1,,,,A
SSC_CGL_Tier_1_Question_Paper_2025_45_Shifts_21st_Sep_2025_Shift_1_EN.pdf,10,1,,,,A
SSC_CGL_Tier_1_Question_Paper_2025_45_Shifts_21st_Sep_2025_Shift_1_EN.pdf,11,1,,,,A
SSC_CGL_Tier_1_Question_Paper_2025_45_Shifts_21st_Sep_2025_Shift_1_EN.pdf,12,1,,,,A
SSC_CGL_Tier_1_Question_Paper_2025_45_Shifts_21st_Sep_2025_Shift_1_EN.pdf,13,1,,,,B
SSC_CGL_Tier_1_Question_Paper_2025_45_Shifts_21st_Sep_2025_Shift_1_EN.pdf,14,1,,,,A
SSC_CGL_Tier_1_Question_Paper_2025_45_Shifts_21st_Sep_2025_Shift_1_EN.pdf,15,1,,,,A
SSC_CGL_Tier_1_Question_Paper_2025_45_Shifts_21st_Sep_2025_Shift_1_EN.pdf,16,1,,,,C
SSC_CGL_Tier_1_Question_Paper_2025_45_Shifts_21st_Sep_2025_Shift_1_EN.pdf,17,1,,,,C
SSC_CGL_Tier_1_Question_Paper_2025_45_Shifts_21st_Sep_2025_Shift_1_EN.pdf,18,1,,,,B
SSC_CGL_Tier_1_Question_Paper_2025_45_Shifts_21st_Sep_2025_Shift_1_EN.pdf,19,1,,,,C
SSC_CGL_Tier_1_Question_Paper_2025_45_Shifts_21st_Sep_2025_Shift_1_EN.pdf,20,1,,,,C
SSC_CGL_Tier_1_Question_Paper_2025_45_Shifts_21st_Sep_2025_Shift_1_EN.pdf,21,1,,,,B
SSC_CGL_Tier_1_Question_Paper_2025_45_Shifts_21st_Sep_2025_Shift_1_EN.pdf,22,1,,,,B
SSC_CGL_Tier_1_Question_Paper_2025_45_Shifts_21st_Sep_2025_Shift_1_EN.pdf,23,1,,,,B
SSC_CGL_Tier_1_Question_Paper_2025_45_Shifts_21st_Sep_2025_Shift_1_EN.pdf,24,1,,,,A
SSC_CGL_Tier_1_Question_Paper_2025_45_Shifts_21st_Sep_2025_Shift_1_EN.pdf,25,1,,,,B
SSC_CGL_Tier_1_Question_Paper_2025_45_Shifts_21st_Sep_2025_Shift_1_EN.pdf,26,1,,,,A
SSC_CGL_Tier_1_Question_Paper_2025_45_Shifts_21st_Sep_2025_Shift_1_EN.pdf,27,1,,,,A
SSC_CGL_Tier_1_Question_Paper_2025_45_Shifts_21st_Sep_2025_Shift_1_EN.pdf,28,1,,,,B
SSC_CGL_Tier_1_Question_Paper_2025_45_Shifts_21st_Sep_2025_Shift_1_EN.pdf,29,1,,,,A
SSC_CGL_Tier_1_Question_Paper_2025_45_Shifts_21st_Sep_2025_Shift_1_EN.pdf,30,1,,,,A
SSC_CGL_Tier_1_Question_Paper_2025_45_Shifts_21st_Sep_2025_Shift_1_EN.pdf,31,1,,,,B
SSC_CGL_Tier_1_Question_Paper_2025_45_Shifts_21st_Sep_2025_Shift_1_EN.pdf,32,1,,,,C
SSC_CGL_Tier_1_Question_Paper_2025_45_Shifts_21st_Sep_2025_Shift_1_EN.pdf,33,1,,,,B
SSC_CGL_Tier_1_Question_Paper_2025_45_Shifts_21st_Sep_2025_Shift_1_EN.pdf,34,1,,,,A
SSC_CGL_Tier_1_Question_Paper_2025_45_Shifts_21st_Sep_2025_Shift_1_EN.pdf,35,1,,,,C
SSC_CGL_Tier_1_Question_Paper_2025_45_Shifts_21st_Sep_2025_Shift_1_EN.pdf,36,1,,,,A
SSC_CGL_Tier_1_Question_Paper_2025_45_Shifts_21st_Sep_2025_Shift_1_EN.pdf,37,1,,,,A
SSC_CGL_Tier_1_Question_Paper_2025_45_Shifts_21st_Sep_2025_Shift_1_EN.pdf,38,1,,,,C
SSC_CGL_Tier_1_Question_Paper_2025_45_Shifts_21st_Sep_2025_Shift_1_EN.pdf,39,1,,,,A
SSC_CGL_Tier_1_Question_Paper_2025_45_Shifts_21st_Sep_2025_Shift_1_EN.pdf,40,1,,,,C
SSC_CGL_Tier_1_Question_Paper_2025_45_Shifts_21st_Sep_2025_Shift_1_EN.pdf,41,1,,,,C
SSC_CGL_Tier_1_Question_Paper_2025_45_Shifts_21st_Sep_2025_Shift_1_EN.pdf,42,1,,,,A
SSC_CGL_Tier_1_Question_Paper_2025_45_Shifts_21st_Sep_2025_Shift_1_EN.pdf,43,1,,,,A
SSC_CGL_Tier_1_Question_Paper_2025_45_Shifts_21st_Sep_2025_Shift_1_EN.pdf,44,1,,,,A
SSC_CGL_Tier_1_Question_Paper_2025_45_Shifts_21st_Sep_2025_Shift_1_EN.pdf,45,1,,,,A
SSC_CGL_Tier_1_Question_Paper_2025_45_Shifts_21st_Sep_2025_Shift_1_EN.pdf,46,1,,,,C
SSC_CGL_Tier_1_Question_Paper_2025_45_Shifts_21st_Sep_2025_Shift_1_EN.pdf,47,1,,,,C
SSC_CGL_Tier_1_Question_Paper_2025_45_Shifts_21st_Sep_2025_Shift_1_EN.pdf,48,1,,,,A
SSC_CGL_Tier_1_Question_Paper_2025_45_Shifts_21st_Sep_2025_Shift_1_EN.pdf,49,1,,,,C
SSC_CGL_Tier_1_Question_Paper_2025_45_Shifts_21st_Sep_2025_Shift_1_EN.pdf,50,1,,,,B
SSC_CGL_Tier_1_Question_Paper_2025_45_Shifts_21st_Sep_2025_Shift_1_EN.pdf,51,1,,,,C
SSC_CGL_Tier_1_Question_Paper_2025_45_Shifts_21st_Sep_2025_Shift_1_EN.pdf,52,1,,,,B
SSC_CGL_Tier_1_Question_Paper_2025_45_Shifts_21st_Sep_2025_Shift_1_EN.pdf,53,1,,,,D
SSC_CGL_Tier_1_Question_Paper_2025_45_Shifts_21st_Sep_2025_Shift_1_EN.pdf,54,1,,,,C
SSC_CGL_Tier_1_Question_Paper_2025_45_Shifts_21st_Sep_2025_Shift_1_EN.pdf,55,1,,,,C
SSC_CGL_Tier_1_Question_Paper_2025_45_Shifts_21st_Sep_2025_Shift_1_EN.pdf,56,1,,,,B
SSC_CGL_Tier_1_Question_Paper_2025_45_Shifts_21st_Sep_2025_Shift_1_EN.pdf,57,1,,,,C
SSC_CGL_Tier_1_Question_Paper_2025_45_Shifts_21st_Sep_2025_Shift_1_EN.pdf,58,1,,,,D
SSC_CGL_Tier_1_Question_Paper_2025_45_Shifts_21st_Sep_2025_Shift_1_EN.pdf,59,1,,,,B
SSC_CGL_Tier_1_Question_Paper_2025_45_Shifts_21st_Sep_2025_Shift_1_EN.pdf,60,1,,,,B
SSC_CGL_Tier_1_Question_Paper_2025_45_Shifts_21st_Sep_2025_Shift_1_EN.pdf,61,1,,,,A
SSC_CGL_Tier_1_Question_Paper_2025_45_Shifts_21st_Sep_2025_Shift_1_EN.pdf,62,1,,,,C
SSC_CGL_Tier_1_Question_Paper_2025_45_Shifts_21st_Sep_2025_Shift_1_EN.pdf,63,1,,,,B
SSC_CGL_Tier_1_Question_Paper_2025_45_Shifts_21st_Sep_2025_Shift_1_EN.pdf,64,1,,,,C
SSC_CGL_Tier_1_Question_Paper_2025_45_Shifts_21st_Sep_2025_Shift_1_EN.pdf,65,1,,,,B
SSC_CGL_Tier_1_Question_Paper_2025_45_Shifts_21st_Sep_2025_Shift_1_EN.pdf,66,1,,,,B
SSC_CGL_Tier_1_Question_Paper_2025_45_Shifts_21st_Sep_2025_Shift_1_EN.pdf,67,1,,,,B
SSC_CGL_Tier_1_Question_Paper_2025_45_Shifts_21st_Sep_2025_Shift_1_EN.pdf,68,1,,,,D
SSC_CGL_Tier_1_Question_Paper_2025_45_Shifts_21st_Sep_2025_Shift_1_EN.pdf,69,1,,,,B
SSC_CGL_Tier_1_Question_Paper_2025_45_Shifts_21st_Sep_2025_Shift_1_EN.pdf,70,1,,,,B
SSC_CGL_Tier_1_Question_Paper_2025_45_Shifts_21st_Sep_2025_Shift_1_EN.pdf,71,1,,,,C
SSC_CGL_Tier_1_Question_Paper_2025_45_Shifts_21st_Sep_2025_Shift_1_EN.pdf,72,1,,,,A
SSC_CGL_Tier_1_Question_Paper_2025_45_Shifts_21st_Sep_2025_Shift_1_EN.pdf,73,1,,,,A
SSC_CGL_Tier_1_Question_Paper_2025_45_Shifts_21st_Sep_2025_Shift_1_EN.pdf,74,1,,,,D
SSC_CGL_Tier_1_Question_Paper_2025_45_Shifts_21st_Sep_2025_Shift_1_EN.pdf,75,1,,,,B
SSC_CGL_Tier_1_Question_Paper_2025_45_Shifts_21st_Sep_2025_Shift_1_EN.pdf,76,1,,,,A
SSC_CGL_Tier_1_Question_Paper_2025_45_Shifts_21st_Sep_2025_Shift_1_EN.pdf,77,1,,,,B
SSC_CGL_Tier_1_Question_Paper_2025_45_Shifts_21st_Sep_2025_Shift_1_EN.pdf,78,1,,,,B
SSC_CGL_Tier_1_Question_Paper_2025_45_Shifts_21st_Sep_2025_Shift_1_EN.pdf,79,1,,,,B
SSC_CGL_Tier_1_Question_Paper_2025_45_Shifts_21st_Sep_2025_Shift_1_EN.pdf,80,1,,,,B
SSC_CGL_Tier_1_Question_Paper_2025_45_Shifts_21st_Sep_2025_Shift_1_EN.pdf,81,1,,,,A
SSC_CGL_Tier_1_Question_Paper_2025_45_Shifts_21st_Sep_2025_Shift_1_EN.pdf,82,1,,,,B
SSC_CGL_Tier_1_Question_Paper_2025_45_Shifts_21st_Sep_2025_Shift_1_EN.pdf,83,1,,,,A
SSC_CGL_Tier_1_Question_Paper_2025_45_Shifts_21st_Sep_2025_Shift_1_EN.pdf,84,1,,,,C
SSC_CGL_Tier_1_Question_Paper_2025_45_Shifts_21st_Sep_2025_Shift_1_EN.pdf,85,1,,,,A
SSC_CGL_Tier_1_Question_Paper_2025_45_Shifts_21st_Sep_2025_Shift_1_EN.pdf,86,1,,,,A
SSC_CGL_Tier_1_Question_Paper_2025_45_Shifts_21st_Sep_2025_Shift_1_EN.pdf,87,1,,,,B
SSC_CGL_Tier_1_Question_Paper_2025_45_Shifts_21st_Sep_2025_Shift_1_EN.pdf,88,1,,,,B
SSC_CGL_Tier_1_Question_Paper_2025_45_Shifts_21st_Sep_2025_Shift_1_EN.pdf,89,1,,,,A
SSC_CGL_Tier_1_Question_Paper_2025_45_Shifts_21st_Sep_2025_Shift_1_EN.pdf,90,1,,,,B
SSC_CGL_Tier_1_Question_Paper_2025_45_Shifts_21st_Sep_2025_Shift_1_EN.pdf,91,1,,,,D
SSC_CGL_Tier_1_Question_Paper_2025_45_Shifts_21st_Sep_2025_Shift_1_EN.pdf,92,1,,,,B
SSC_CGL_Tier_1_Question_Paper_2025_45_Shifts_21st_Sep_2025_Shift_1_EN.pdf,93,1,,,,C
SSC_CGL_Tier_1_Question_Paper_2025_45_Shifts_21st_Sep_2025_Shift_1_EN.pdf,94,1,,,,C
SSC_CGL_Tier_1_Question_Paper_2025_45_Shifts_21st_Sep_2025_Shift_1_EN.pdf,95,1,,,,D
SSC_CGL_Tier_1_Question_Paper_2025_45_Shifts_21st_Sep_2025_Shift_1_EN.pdf,96,1,,,,B
SSC_CGL_Tier_1_Question_Paper_2025_45_Shifts_21st_Sep_2025_Shift_1_EN.pdf,97,1,,,,B
SSC_CGL_Tier_1_Question_Paper_2025_45_Shifts_21st_Sep_2025_Shift_1_EN.pdf,98,1,,,,D
SSC_CGL_Tier_1_Question_Paper_2025_45_Shifts_21st_Sep_2025_Shift_1_EN.pdf,99,1,,,,C
SSC_CGL_Tier_1_Question_Paper_2025_45_Shifts_21st_Sep_2025_Shift_1_EN.pdf,100,1,,,,A
SSC_CGL_Tier_1_Question_Paper_2025_45_Shifts_21st_Sep_2025_Shift_2_EN.pdf,1,1,,,,B
SSC_CGL_Tier_1_Question_Paper_2025_45_Shifts_21st_Sep_2025_Shift_2_EN.pdf,2,1,,,,B
SSC_CGL_Tier_1_Question_Paper_2025_45_Shifts_21st_Sep_2025_Shift_2_EN.pdf,3,1,,,,C
SSC_CGL_Tier_1_Question_Paper_2025_45_Shifts_21st_Sep_2025_Shift_2_EN.pdf,4,1,,,,A
SSC_CGL_Tier_1_Question_Paper_2025_45_Shifts_21st_Sep_2025_Shift_2_EN.pdf,5,1,,,,A
SSC_CGL_Tier_1_Question_Paper_2025_45_Shifts_21st_Sep_2025_Shift_2_EN.pdf,6,1,,,,C
SSC_CGL_Tier_1_Question_Paper_2025_45_Shifts_21st_Sep_2025_Shift_2_EN.pdf,7,1,,,,C
SSC_CGL_Tier_1_Question_Paper_2025_45_Shifts_21st_Sep_2025_Shift_2_EN.pdf,8,1,,,,C
SSC_CGL_Tier_1_Question_Paper_2025_45_Shifts_21st_Sep_2025_Shift_2_EN.pdf,9,1,,,,D
SSC_CGL_Tier_1_Question_Paper_2025_45_Shifts_21st_Sep_2025_Shift_2_EN.pdf,10,1,,,,A
SSC_CGL_Tier_1_Question_Paper_2025_45_Shifts_21st_Sep_2025_Shift_2_EN.pdf,11,1,,,,A
SSC_CGL_Tier_1_Question_Paper_2025_45_Shifts_21st_Sep_2025_Shift_2_EN.pdf,12,1,,,,A
SSC_CGL_Tier_1_Question_Paper_2025_45_Shifts_21st_Sep_2025_Shift_2_EN.pdf,13,1,,,,A
SSC_CGL_Tier_1_Question_Paper_2025_45_Shifts_21st_Sep_2025_Shift_2_EN.pdf,14,1,,,,B
SSC_CGL_Tier_1_Question_Paper_2025_45_Shifts_21st_Sep_2025_Shift_2_EN.pdf,15,1,,,,C
SSC_CGL_Tier_1_Question_Paper_2025_45_Shifts_21st_Sep_2025_Shift_2_EN.pdf,16,1,,,,C
SSC_CGL_Tier_1_Question_Paper_2025_45_Shifts_21st_Sep_2025_Shift_2_EN.pdf,17,1,,,,A
SSC_CGL_Tier_1_Question_Paper_2025_45_Shifts_21st_Sep_2025_Shift_2_EN.pdf,18,1,,,,C
SSC_CGL_Tier_1_Question_Paper_2025_45_Shifts_21st_Sep_2025_Shift_2_EN.pdf,19,1,,,,B
SSC_CGL_Tier_1_Question_Paper_2025_45_Shifts_21st_Sep_2025_Shift_2_EN.pdf,20,1,,,,B
SSC_CGL_Tier_1_Question_Paper_2025_45_Shifts_21st_Sep_2025_Shift_2_EN.pdf,21,1,,,,D
SSC_CGL_Tier_1_Question_Paper_2025_45_Shifts_21st_Sep_2025_Shift_2_EN.pdf,22,1,,,,A
SSC_CGL_Tier_1_Question_Paper_2025_45_Shifts_21st_Sep_2025_Shift_2_EN.pdf,23,1,,,,D
SSC_CGL_Tier_1_Question_Paper_2025_45_Shifts_21st_Sep_2025_Shift_2_EN.pdf,24,1,,,,A
SSC_CGL_Tier_1_Question_Paper_2025_45_Shifts_21st_Sep_2025_Shift_2_EN.pdf,25,1,,,,A
SSC_CGL_Tier_1_Question_Paper_2025_45_Shifts_21st_Sep_2025_Shift_2_EN.pdf,26,1,,,,B
SSC_CGL_Tier_1_Question_Paper_2025_45_Shifts_21st_Sep_2025_Shift_2_EN.pdf,27,1,,,,B
SSC_CGL_Tier_1_Question_Paper_2025_45_Shifts_21st_Sep_2025_Shift_2_EN.pdf,28,1,,,,C
SSC_CGL_Tier_1_Question_Paper_2025_45_Shifts_21st_Sep_2025_Shift_2_EN.pdf,29,1,,,,B
SSC_CGL_Tier_1_Question_Paper_2025_45_Shifts_21st_Sep_2025_Shift_2_EN.pdf,30,1,,,,A
SSC_CGL_Tier_1_Question_Paper_2025_45_Shifts_21st_Sep_2025_Shift_2_EN.pdf,31,1,,,,B
SSC_CGL_Tier_1_Question_Paper_2025_45_Shifts_21st_Sep_2025_Shift_2_EN.pdf,32,1,,,,B
SSC_CGL_Tier_1_Question_Paper_2025_45_Shifts_21st_Sep_2025_Shift_2_EN.pdf,33,1,,,,A
SSC_CGL_Tier_1_Question_Paper_2025_45_Shifts_21st_Sep_2025_Shift_2_EN.pdf,34,1,,,,B
SSC_CGL_Tier_1_Question_Paper_2025_45_Shifts_21st_Sep_2025_Shift_2_EN.pdf,35,1,,,,A
SSC_CGL_Tier_1_Question_Paper_2025_45_Shifts_21st_Sep_2025_Shift_2_EN.pdf,36,1,,,,B
SSC_CGL_Tier_1_Question_Paper_2025_45_Shifts_21st_Sep_2025_Shift_2_EN.pdf,37,1,,,,B
SSC_CGL_Tier_1_Question_Paper_2025_45_Shifts_21st_Sep_2025_Shift_2_EN.pdf,38,1,,,,C
SSC_CGL_Tier_1_Question_Paper_2025_45_Shifts_21st_Sep_2025_Shift_2_EN.pdf,39,1,,,,C
SSC_CGL_Tier_1_Question_Paper_2025_45_Shifts_21st_Sep_2025_Shift_2_EN.pdf,40,1,,,,A
SSC_CGL_Tier_1_Question_Paper_2025_45_Shifts_21st_Sep_2025_Shift_2_EN.pdf,41,1,,,,B
SSC_CGL_Tier_1_Question_Paper_2025_45_Shifts_21st_Sep_2025_Shift_2_EN.pdf,42,1,,,,A
SSC_CGL_Tier_1_Question_Paper_2025_45_Shifts_21st_Sep_2025_Shift_2_EN.pdf,43,1,,,,A
SSC_CGL_Tier_1_Question_Paper_2025_45_Shifts_21st_Sep_2025_Shift_2_EN.pdf,44,1,,,,C
SSC_CGL_Tier_1_Question_Paper_2025_45_Shifts_21st_Sep_2025_Shift_2_EN.pdf,45,1,,,,C
SSC_CGL_Tier_1_Question_Paper_2025_45_Shifts_21st_Sep_2025_Shift_2_EN.pdf,46,1,,,,B
SSC_CGL_Tier_1_Question_Paper_2025_45_Shifts_21st_Sep_2025_Shift_2_EN.pdf,47,1,,,,C
SSC_CGL_Tier_1_Question_Paper_2025_45_Shifts_21st_Sep_2025_Shift_2_EN.pdf,48,1,,,,A
SSC_CGL_Tier_1_Question_Paper_2025_45_Shifts_21st_Sep_2025_Shift_2_EN.pdf,49,1,,,,A
SSC_CGL_Tier_1_Question_Paper_2025_45_Shifts_21st_Sep_2025_Shift_2_EN.pdf,50,1,,,,D
SSC_CGL_Tier_1_Question_Paper_2025_45_Shifts_21st_Sep_2025_Shift_2_EN.pdf,51,1,,,,C
SSC_CGL_Tier_1_Question_Paper_2025_45_Shifts_21st_Sep_2025_Shift_2_EN.pdf,52,1,,,,C
SSC_CGL_Tier_1_Question_Paper_2025_45_Shifts_21st_Sep_2025_Shift_2_EN.pdf,53,1,,,,B
SSC_CGL_Tier_1_Question_Paper_2025_45_Shifts_21st_Sep_2025_Shift_2_EN.pdf,54,1,,,,B
SSC_CGL_Tier_1_Question_Paper_2025_45_Shifts_21st_Sep_2025_Shift_2_EN.pdf,55,1,,,,A
SSC_CGL_Tier_1_Question_Paper_2025_45_Shifts_21st_Sep_2025_Shift_2_EN.pdf,56,1,,,,D
SSC_CGL_Tier_1_Question_Paper_2025_45_Shifts_21st_Sep_2025_Shift_2_EN.pdf,57,1,,,,A
SSC_CGL_Tier_1_Question_Paper_2025_45_Shifts_21st_Sep_2025_Shift_2_EN.pdf,58,1,,,,B
SSC_CGL_Tier_1_Question_Paper_2025_45_Shifts_21st_Sep_2025_Shift_2_EN.pdf,59,1,,,,B
SSC_CGL_Tier_1_Question_Paper_2025_45_Shifts_21st_Sep_2025_Shift_2_EN.pdf,60,1,,,,B
SSC_CGL_Tier_1_Question_Paper_2025_45_Shifts_21st_Sep_2025_Shift_2_EN.pdf,61,1,,,,C
SSC_CGL_Tier_1_Question_Paper_2025_45_Shifts_21st_Sep_2025_Shift_2_EN.pdf,62,1,,,,C
SSC_CGL_Tier_1_Question_Paper_2025_45_Shifts_21st_Sep_2025_Shift_2_EN.pdf,63,1,,,,C
SSC_CGL_Tier_1_Question_Paper_2025_45_Shifts_21st_Sep_2025_Shift_2_EN.pdf,64,1,,,,B
SSC_CGL_Tier_1_Question_Paper_2025_45_Shifts_21st_Sep_2025_Shift_2_EN.pdf,65,1,,,,D
SSC_CGL_Tier_1_Question_Paper_2025_45_Shifts_21st_Sep_2025_Shift_2_EN.pdf,66,1,,,,B
SSC_CGL_Tier_1_Question_Paper_2025_45_Shifts_21st_Sep_2025_Shift_2_EN.pdf,67,1,,,,B
SSC_CGL_Tier_1_Question_Paper_2025_45_Shifts_21st_Sep_2025_Shift_2_EN.pdf,68,1,,,,B
SSC_CGL_Tier_1_Question_Paper_2025_45_Shifts_21st_Sep_2025_Shift_2_EN.pdf,69,1,,,,A
SSC_CGL_Tier_1_Question_Paper_2025_45_Shifts_21st_Sep_2025_Shift_2_EN.pdf,70,1,,,,D
SSC_CGL_Tier_1_Question_Paper_2025_45_Shifts_21st_Sep_2025_Shift_2_EN.pdf,71,1,,,,A
SSC_CGL_Tier_1_Question_Paper_2025_45_Shifts_21st_Sep_2025_Shift_2_EN.pdf,72,1,,,,B
SSC_CGL_Tier_1_Question_Paper_2025_45_Shifts_21st_Sep_2025_Shift_2_EN.pdf,73,1,,,,A
SSC_CGL_Tier_1_Question_Paper_2025_45_Shifts_21st_Sep_2025_Shift_2_EN.pdf,74,1,,,,C
SSC_CGL_Tier_1_Question_Paper_2025_45_Shifts_21st_Sep_2025_Shift_2_EN.pdf,75,1,,,,B
SSC_CGL_Tier_1_Question_Paper_2025_45_Shifts_21st_Sep_2025_Shift_2_EN.pdf,76,1,,,,C
SSC_CGL_Tier_1_Question_Paper_2025_45_Shifts_21st_Sep_2025_Shift_2_EN.pdf,77,1,,,,B
SSC_CGL_Tier_1_Question_Paper_2025_45_Shifts_21st_Sep_2025_Shift_2_EN.pdf,78,1,,,,C
SSC_CGL_Tier_1_Question_Paper_2025_45_Shifts_21st_Sep_2025_Shift_2_EN.pdf,79,1,,,,C
SSC_CGL_Tier_1_Question_Paper_2025_45_Shifts_21st_Sep_2025_Shift_2_EN.pdf,80,1,,,,B
SSC_CGL_Tier_1_Question_Paper_2025_45_Shifts_21st_Sep_2025_Shift_2_EN.pdf,81,1,,,,D
SSC_CGL_Tier_1_Question_Paper_2025_45_Shifts_21st_Sep_2025_Shift_2_EN.pdf,82,1,,,,B
SSC_CGL_Tier_1_Question_Paper_2025_45_Shifts_21st_Sep_2025_Shift_2_EN.pdf,83,1,,,,B
SSC_CGL_Tier_1_Question_Paper_2025_45_Shifts_21st_Sep_2025_Shift_2_EN.pdf,84,1,,,,C
SSC_CGL_Tier_1_Question_Paper_2025_45_Shifts_21st_Sep_2025_Shift_2_EN.pdf,85,1,,,,C
SSC_CGL_Tier_1_Question_Paper_2025_45_Shifts_21st_Sep_2025_Shift_2_EN.pdf,86,1,,,,D
SSC_CGL_Tier_1_Question_Paper_2025_45_Shifts_21st_Sep_2025_Shift_2_EN.pdf,87,1,,,,B
SSC_CGL_Tier_1_Question_Paper_2025_45_Shifts_21st_Sep_2025_Shift_2_EN.pdf,88,1,,,,B
SSC_CGL_Tier_1_Question_Paper_2025_45_Shifts_21st_Sep_2025_Shift_2_EN.pdf,89,1,,,,B
SSC_CGL_Tier_1_Question_Paper_2025_45_Shifts_21st_Sep_2025_Shift_2_EN.pdf,90,1,,,,C
SSC_CGL_Tier_1_Question_Paper_2025_45_Shifts_21st_Sep_2025_Shift_2_EN.pdf,91,1,,,,C
SSC_CGL_Tier_1_Question_Paper_2025_45_Shifts_21st_Sep_2025_Shift_2_EN.pdf,92,1,,,,C
SSC_CGL_Tier_1_Question_Paper_2025_45_Shifts_21st_Sep_2025_Shift_2_EN.pdf,93,1,,,,A
SSC_CGL_Tier_1_Question_Paper_2025_45_Shifts_21st_Sep_2025_Shift_2_EN.pdf,94,1,,,,C
SSC_CGL_Tier_1_Question_Paper_2025_45_Shifts_21st_Sep_2025_Shift_2_EN.pdf,95,1,,,,C
SSC_CGL_Tier_1_Question_Paper_2025_45_Shifts_21st_Sep_2025_Shift_2_EN.pdf,96,1,,,,A
SSC_CGL_Tier_1_Question_Paper_2025_45_Shifts_21st_Sep_2025_Shift_2_EN.pdf,97,1,,,,B
SSC_CGL_Tier_1_Question_Paper_2025_45_Shifts_21st_Sep_2025_Shift_2_EN.pdf,98,1,,,,B
SSC_CGL_Tier_1_Question_Paper_2025_45_Shifts_21st_Sep_2025_Shift_2_EN.pdf,99,1,,,,C
SSC_CGL_Tier_1_Question_Paper_2025_45_Shifts_21st_Sep_2025_Shift_2_EN.pdf,100,1,,,,B
SSC_CGL_Tier_1_Question_Paper_2025_45_Shifts_21st_Sep_2025_Shift_3_EN.pdf,1,1,,,,C
SSC_CGL_Tier_1_Question_Paper_2025_45_Shifts_21st_Sep_2025_Shift_3_EN.pdf,2,1,,,,C
SSC_CGL_Tier_1_Question_Paper_2025_45_Shifts_21st_Sep_2025_Shift_3_EN.pdf,3,1,,,,C
SSC_CGL_Tier_1_Question_Paper_2025_45_Shifts_21st_Sep_2025_Shift_3_EN.pdf,4,1,,,,D
SSC_CGL_Tier_1_Question_Paper_2025_45_Shifts_21st_Sep_2025_Shift_3_EN.pdf,5,1,,,,B
SSC_CGL_Tier_1_Question_Paper_2025_45_Shifts_21st_Sep_2025_Shift_3_EN.pdf,6,1,,,,A
SSC_CGL_Tier_1_Question_Paper_2025_45_Shifts_21st_Sep_2025_Shift_3_EN.pdf,7,1,,,,A
SSC_CGL_Tier_1_Question_Paper_2025_45_Shifts_21st_Sep_2025_Shift_3_EN.pdf,8,1,,,,D
SSC_CGL_Tier_1_Question_Paper_2025_45_Shifts_21st_Sep_2025_Shift_3_EN.pdf,9,1,,,,D
SSC_CGL_Tier_1_Question_Paper_2025_45_Shifts_21st_Sep_2025_Shift_3_EN.pdf,10,1,,,,A
SSC_CGL_Tier_1_Question_Paper_2025_45_Shifts_21st_Sep_2025_Shift_3_EN.pdf,11,1,,,,D
SSC_CGL_Tier_1_Question_Paper_2025_45_Shifts_21st_Sep_2025_Shift_3_EN.pdf,12,1,,,,C
SSC_CGL_Tier_1_Question_Paper_2025_45_Shifts_21st_Sep_2025_Shift_3_EN.pdf,13,1,,,,C
SSC_CGL_Tier_1_Question_Paper_2025_45_Shifts_21st_Sep_2025_Shift_3_EN.pdf,14,1,,,,B
SSC_CGL_Tier_1_Question_Paper_2025_45_Shifts_21st_Sep_2025_Shift_3_EN.pdf,15,1,,,,A
SSC_CGL_Tier_1_Question_Paper_2025_45_Shifts_21st_Sep_2025_Shift_3_EN.pdf,16,1,,,,A
SSC_CGL_Tier_1_Question_Paper_2025_45_Shifts_21st_Sep_2025_Shift_3_EN.pdf,17,1,,,,A
SSC_CGL_Tier_1_Question_Paper_2025_45_Shifts_21st_Sep_2025_Shift_3_EN.pdf,18,1,,,,C
SSC_CGL_Tier_1_Question_Paper_2025_45_Shifts_21st_Sep_2025_Shift_3_EN.pdf,19,1,,,,A
SSC_CGL_Tier_1_Question_Paper_2025_45_Shifts_21st_Sep_2025_Shift_3_EN.pdf,20,1,,,,C
SSC_CGL_Tier_1_Question_Paper_2025_45_Shifts_21st_Sep_2025_Shift_3_EN.pdf,21,1,,,,A
SSC_CGL_Tier_1_Question_Paper_2025_45_Shifts_21st_Sep_2025_Shift_3_EN.pdf,22,1,,,,B
SSC_CGL_Tier_1_Question_Paper_2025_45_Shifts_21st_Sep_2025_Shift_3_EN.pdf,23,1,,,,A
SSC_CGL_Tier_1_Question_Paper_2025_45_Shifts_21st_Sep_2025_Shift_3_EN.pdf,24,1,,,,B
SSC_CGL_Tier_1_Question_Paper_2025_45_Shifts_21st_Sep_2025_Shift_3_EN.pdf,25,1,,,,A
SSC_CGL_Tier_1_Question_Paper_2025_45_Shifts_21st_Sep_2025_Shift_3_EN.pdf,26,1,,,,B
SSC_CGL_Tier_1_Question_Paper_2025_45_Shifts_21st_Sep_2025_Shift_3_EN.pdf,27,1,,,,B
SSC_CGL_Tier_1_Question_Paper_2025_45_Shifts_21st_Sep_2025_Shift_3_EN.pdf,28,1,,,,A
SSC_CGL_Tier_1_Question_Paper_2025_45_Shifts_21st_Sep_2025_Shift_3_EN.pdf,29,1,,,,A
SSC_CGL_Tier_1_Question_Paper_2025_45_Shifts_21st_Sep_2025_Shift_3_EN.pdf,30,1,,,,C
SSC_CGL_Tier_1_Question_Paper_2025_45_Shifts_21st_Sep_2025_Shift_3_EN.pdf,31,1,,,,B
SSC_CGL_Tier_1_Question_Paper_2025_45_Shifts_21st_Sep_2025_Shift_3_EN.pdf,32,1,,,,A
SSC_CGL_Tier_1_Question_Paper_2025_45_Shifts_21st_Sep_2025_Shift_3_EN.pdf,33,1,,,,A
SSC_CGL_Tier_1_Question_Paper_2025_45_Shifts_21st_Sep_2025_Shift_3_EN.pdf,34,1,,,,B
SSC_CGL_Tier_1_Question_Paper_2025_45_Shifts_21st_Sep_2025_Shift_3_EN.pdf,35,1,,,,A
SSC_CGL_Tier_1_Question_Paper_2025_45_Shifts_21st_Sep_2025_Shift_3_EN.pdf,36,1,,,,B
SSC_CGL_Tier_1_Question_Paper_2025_45_Shifts_21st_Sep_2025_Shift_3_EN.pdf,37,1,,,,A
SSC_CGL_Tier_1_Question_Paper_2025_45_Shifts_21st_Sep_2025_Shift_3_EN.pdf,38,1,,,,B
SSC_CGL_Tier_1_Question_Paper_2025_45_Shifts_21st_Sep_2025_Shift_3_EN.pdf,39,1,,,,C
SSC_CGL_Tier_1_Question_Paper_2025_45_Shifts_21st_Sep_2025_Shift_3_EN.pdf,40,1,,,,B
SSC_CGL_Tier_1_Question_Paper_2025_45_Shifts_21st_Sep_2025_Shift_3_EN.pdf,41,1,,,,A
SSC_CGL_Tier_1_Question_Paper_2025_45_Shifts_21st_Sep_2025_Shift_3_EN.pdf,42,1,,,,A
SSC_CGL_Tier_1_Question_Paper_2025_45_Shifts_21st_Sep_2025_Shift_3_EN.pdf,43,1,,,,B
SSC_CGL_Tier_1_Question_Paper_2025_45_Shifts_21st_Sep_2025_Shift_3_EN.pdf,44,1,,,,A
SSC_CGL_Tier_1_Question_Paper_2025_45_Shifts_21st_Sep_2025_Shift_3_EN.pdf,45,1,,,,A
SSC_CGL_Tier_1_Question_Paper_2025_45_Shifts_21st_Sep_2025_Shift_3_EN.pdf,46,1,,,,A
SSC_CGL_Tier_1_Question_Paper_2025_45_Shifts_21st_Sep_2025_Shift_3_EN.pdf,47,1,,,,A
SSC_CGL_Tier_1_Question_Paper_2025_45_Shifts_21st_Sep_2025_Shift_3_EN.pdf,48,1,,,,B
SSC_CGL_Tier_1_Question_Paper_2025_45_Shifts_21st_Sep_2025_Shift_3_EN.pdf,49,1,,,,A
SSC_CGL_Tier_1_Question_Paper_2025_45_Shifts_21st_Sep_2025_Shift_3_EN.pdf,50,1,,,,B
SSC_CGL_Tier_1_Question_Paper_2025_45_Shifts_21st_Sep_2025_Shift_3_EN.pdf,51,1,,,,A
SSC_CGL_Tier_1_Question_Paper_2025_45_Shifts_21st_Sep_2025_Shift_3_EN.pdf,52,1,,,,A
SSC_CGL_Tier_1_Question_Paper_2025_45_Shifts_21st_Sep_2025_Shift_3_EN.pdf,53,1,,,,C
SSC_CGL_Tier_1_Question_Paper_2025_45_Shifts_21st_Sep_2025_Shift_3_EN.pdf,54,1,,,,B
SSC_CGL_Tier_1_Question_Paper_2025_45_Shifts_21st_Sep_2025_Shift_3_EN.pdf,55,1,,,,B
SSC_CGL_Tier_1_Question_Paper_2025_45_Shifts_21st_Sep_2025_Shift_3_EN.pdf,56,1,,,,D
SSC_CGL_Tier_1_Question_Paper_2025_45_Shifts_21st_Sep_2025_Shift_3_EN.pdf,57,1,,,,A
SSC_CGL_Tier_1_Question_Paper_2025_45_Shifts_21st_Sep_2025_Shift_3_EN.pdf,58,1,,,,B
SSC_CGL_Tier_1_Question_Paper_2025_45_Shifts_21st_Sep_2025_Shift_3_EN.pdf,59,1,,,,C
SSC_CGL_Tier_1_Question_Paper_2025_45_Shifts_21st_Sep_2025_Shift_3_EN.pdf,60,1,,,,D
SSC_CGL_Tier_1_Question_Paper_2025_45_Shifts_21st_Sep_2025_Shift_3_EN.pdf,61,1,,,,A
SSC_CGL_Tier_1_Question_Paper_2025_45_Shifts_21st_Sep_2025_Shift_3_EN.pdf,62,1,,,,C
SSC_CGL_Tier_1_Question_Paper_2025_45_Shifts_21st_Sep_2025_Shift_3_EN.pdf,63,1,,,,A
SSC_CGL_Tier_1_Question_Paper_2025_45_Shifts_21st_Sep_2025_Shift_3_EN.pdf,64,1,,,,B
SSC_CGL_Tier_1_Question_Paper_2025_45_Shifts_21st_Sep_2025_Shift_3_EN.pdf,65,1,,,,A
SSC_CGL_Tier_1_Question_Paper_2025_45_Shifts_21st_Sep_2025_Shift_3_EN.pdf,66,1,,,,C
SSC_CGL_Tier_1_Question_Paper_2025_45_Shifts_21st_Sep_2025_Shift_3_EN.pdf,67,1,,,,D
SSC_CGL_Tier_1_Question_Paper_2025_45_Shifts_21st_Sep_2025_Shift_3_EN.pdf,68,1,,,,A
SSC_CGL_Tier_1_Question_Paper_2025_45_Shifts_21st_Sep_2025_Shift_3_EN.pdf,69,1,,,,C
SSC_CGL_Tier_1_Question_Paper_2025_45_Shifts_21st_Sep_2025_Shift_3_EN.pdf,70,1,,,,C
SSC_CGL_Tier_1_Question_Paper_2025_45_Shifts_21st_Sep_2025_Shift_3_EN.pdf,71,1,,,,D
SSC_CGL_Tier_1_Question_Paper_2025_45_Shifts_21st_Sep_2025_Shift_3_EN.pdf,72,1,,,,A
SSC_CGL_Tier_1_Question_Paper_2025_45_Shifts_21st_Sep_2025_Shift_3_EN.pdf,73,1,,,,B
SSC_CGL_Tier_1_Question_Paper_2025_45_Shifts_21st_Sep_2025_Shift_3_EN.pdf,74,1,,,,D
SSC_CGL_Tier_1_Question_Paper_2025_45_Shifts_21st_Sep_2025_Shift_3_EN.pdf,75,1,,,,D
SSC_CGL_Tier_1_Question_Paper_2025_45_Shifts_21st_Sep_2025_Shift_3_EN.pdf,76,1,,,,D
SSC_CGL_Tier_1_Question_Paper_2025_45_Shifts_21st_Sep_2025_Shift_3_EN.pdf,77,1,,,,C
SSC_CGL_Tier_1_Question_Paper_2025_45_Shifts_21st_Sep_2025_Shift_3_EN.pdf,78,1,,,,B
SSC_CGL_Tier_1_Question_Paper_2025_45_Shifts_21st_Sep_2025_Shift_3_EN.pdf,79,1,,,,C
SSC_CGL_Tier_1_Question_Paper_2025_45_Shifts_21st_Sep_2025_Shift_3_EN.pdf,80,1,,,,D
SSC_CGL_Tier_1_Question_Paper_2025_45_Shifts_21st_Sep_2025_Shift_3_EN.pdf,81,1,,,,C
SSC_CGL_Tier_1_Question_Paper_2025_45_Shifts_21st_Sep_2025_Shift_3_EN.pdf,82,1,,,,C
SSC_CGL_Tier_1_Question_Paper_2025_45_Shifts_21st_Sep_2025_Shift_3_EN.pdf,83,1,,,,C
SSC_CGL_Tier_1_Question_Paper_2025_45_Shifts_21st_Sep_2025_Shift_3_EN.pdf,84,1,,,,A
SSC_CGL_Tier_1_Question_Paper_2025_45_Shifts_21st_Sep_2025_Shift_3_EN.pdf,85,1,,,,A
SSC_CGL_Tier_1_Question_Paper_2025_45_Shifts_21st_Sep_2025_Shift_3_EN.pdf,86,1,,,,B
SSC_CGL_Tier_1_Question_Paper_2025_45_Shifts_21st_Sep_2025_Shift_3_EN.pdf,87,1,,,,C
SSC_CGL_Tier_1_Question_Paper_2025_45_Shifts_21st_Sep_2025_Shift_3_EN.pdf,88,1,,,,A
SSC_CGL_Tier_1_Question_Paper_2025_45_Shifts_21st_Sep_2025_Shift_3_EN.pdf,89,1,,,,C
SSC_CGL_Tier_1_Question_Paper_2025_45_Shifts_21st_Sep_2025_Shift_3_EN.pdf,90,1,,,,B
SSC_CGL_Tier_1_Question_Paper_2025_45_Shifts_21st_Sep_2025_Shift_3_EN.pdf,91,1,,,,D
SSC_CGL_Tier_1_Question_Paper_2025_45_Shifts_21st_Sep_2025_Shift_3_EN.pdf,92,1,,,,B
SSC_CGL_Tier_1_Question_Paper_2025_45_Shifts_21st_Sep_2025_Shift_3_EN.pdf,93,1,,,,C
SSC_CGL_Tier_1_Question_Paper_2025_45_Shifts_21st_Sep_2025_Shift_3_EN.pdf,94,1,,,,A
SSC_CGL_Tier_1_Question_Paper_2025_45_Shifts_21st_Sep_2025_Shift_3_EN.pdf,95,1,,,,D
SSC_CGL_Tier_1_Question_Paper_2025_45_Shifts_21st_Sep_2025_Shift_3_EN.pdf,96,1,,,,C
SSC_CGL_Tier_1_Question_Paper_2025_45_Shifts_21st_Sep_2025_Shift_3_EN.pdf,97,1,,,,B
SSC_CGL_Tier_1_Question_Paper_2025_45_Shifts_21st_Sep_2025_Shift_3_EN.pdf,98,1,,,,B
SSC_CGL_Tier_1_Question_Paper_2025_45_Shifts_21st_Sep_2025_Shift_3_EN.pdf,99,1,,,,C
SSC_CGL_Tier_1_Question_Paper_2025_45_Shifts_21st_Sep_2025_Shift_3_EN.pdf,100,1,,,,B
SSC_CGL_Tier_1_Question_Paper_2025_45_Shifts_22nd_Sep_2025_Shift_1_EN.pdf,1,1,,,,C
SSC_CGL_Tier_1_Question_Paper_2025_45_Shifts_22nd_Sep_2025_Shift_1_EN.pdf,2,1,,,,C
SSC_CGL_Tier_1_Question_Paper_2025_45_Shifts_22nd_Sep_2025_Shift_1_EN.pdf,3,1,,,,C
SSC_CGL_Tier_1_Question_Paper_2025_45_Shifts_22nd_Sep_2025_Shift_1_EN.pdf,4,1,,,,C
SSC_CGL_Tier_1_Question_Paper_2025_45_Shifts_22nd_Sep_2025_Shift_1_EN.pdf,5,1,,,,A
SSC_CGL_Tier_1_Question_Paper_2025_45_Shifts_22nd_Sep_2025_Shift_1_EN.pdf,6,1,,,,C
SSC_CGL_Tier_1_Question_Paper_2025_45_Shifts_22nd_Sep_2025_Shift_1_EN.pdf,7,1,,,,A
SSC_CGL_Tier_1_Question_Paper_2025_45_Shifts_22nd_Sep_2025_Shift_1_EN.pdf,8,1,,,,B
SSC_CGL_Tier_1_Question_Paper_2025_45_Shifts_22nd_Sep_2025_Shift_1_EN.pdf,9,1,,,,A
SSC_CGL_Tier_1_Question_Paper_2025_45_Shifts_22nd_Sep_2025_Shift_1_EN.pdf,10,1,,,,C
SSC_CGL_Tier_1_Question_Paper_2025_45_Shifts_22nd_Sep_2025_Shift_1_EN.pdf,11,1,,,,A
SSC_CGL_Tier_1_Question_Paper_2025_45_Shifts_22nd_Sep_2025_Shift_1_EN.pdf,12,1,,,,A
SSC_CGL_Tier_1_Question_Paper_2025_45_Shifts_22nd_Sep_2025_Shift_1_EN.pdf,13,1,,,,A
SSC_CGL_Tier_1_Question_Paper_2025_45_Shifts_22nd_Sep_2025_Shift_1_EN.pdf,14,1,,,,B
SSC_CGL_Tier_1_Question_Paper_2025_45_Shifts_22nd_Sep_2025_Shift_1_EN.pdf,15,1,,,,B
SSC_CGL_Tier_1_Question_Paper_2025_45_Shifts_22nd_Sep_2025_Shift_1_EN.pdf,16,1,,,,D
SSC_CGL_Tier_1_Question_Paper_2025_45_Shifts_22nd_Sep_2025_Shift_1_EN.pdf,17,1,,,,B
SSC_CGL_Tier_1_Question_Paper_2025_45_Shifts_22nd_Sep_2025_Shift_1_EN.pdf,18,1,,,,D
SSC_CGL_Tier_1_Question_Paper_2025_45_Shifts_22nd_Sep_2025_Shift_1_EN.pdf,19,1,,,,C
SSC_CGL_Tier_1_Question_Paper_2025_45_Shifts_22nd_Sep_2025_Shift_1_EN.pdf,20,1,,,,D
SSC_CGL_Tier_1_Question_Paper_2025_45_Shifts_22nd_Sep_2025_Shift_1_EN.pdf,21,1,,,,D
SSC_CGL_Tier_1_Question_Paper_2025_45_Shifts_22nd_Sep_2025_Shift_1_EN.pdf,22,1,,,,B
SSC_CGL_Tier_1_Question_Paper_2025_45_Shifts_22nd_Sep_2025_Shift_1_EN.pdf,23,1,,,,B
SSC_CGL_Tier_1_Question_Paper_2025_45_Shifts_22nd_Sep_2025_Shift_1_EN.pdf,24,1,,,,B
SSC_CGL_Tier_1_Question_Paper_2025_45_Shifts_22nd_Sep_2025_Shift_1_EN.pdf,25,1,,,,A
SSC_CGL_Tier_1_Question_Paper_2025_45_Shifts_22nd_Sep_2025_Shift_1_EN.pdf,26,1,,,,C
SSC_CGL_Tier_1_Question_Paper_2025_45_Shifts_22nd_Sep_2025_Shift_1_EN.pdf,27,1,,,,A
SSC_CGL_Tier_1_Question_Paper_2025_45_Shifts_22nd_Sep_2025_Shift_1_EN.pdf,28,1,,,,B
SSC_CGL_Tier_1_Question_Paper_2025_45_Shifts_22nd_Sep_2025_Shift_1_EN.pdf,29,1,,,,A
SSC_CGL_Tier_1_Question_Paper_2025_45_Shifts_22nd_Sep_2025_Shift_1_EN.pdf,30,1,,,,B
SSC_CGL_Tier_1_Question_Paper_2025_45_Shifts_22nd_Sep_2025_Shift_1_EN.pdf,31,1,,,,A
SSC_CGL_Tier_1_Question_Paper_2025_45_Shifts_22nd_Sep_2025_Shift_1_EN.pdf,32,1,,,,A
SSC_CGL_Tier_1_Question_Paper_2025_45_Shifts_22nd_Sep_2025_Shift_1_EN.pdf,33,1,,,,C
SSC_CGL_Tier_1_Question_Paper_2025_45_Shifts_22nd_Sep_2025_Shift_1_EN.pdf,34,1,,,,A
SSC_CGL_Tier_1_Question_Paper_2025_45_Shifts_22nd_Sep_2025_Shift_1_EN.pdf,35,1,,,,C
SSC_CGL_Tier_1_Question_Paper_2025_45_Shifts_22nd_Sep_2025_Shift_1_EN.pdf,36,1,,,,A
SSC_CGL_Tier_1_Question_Paper_2025_45_Shifts_22nd_Sep_2025_Shift_1_EN.pdf,37,1,,,,A
SSC_CGL_Tier_1_Question_Paper_2025_45_Shifts_22nd_Sep_2025_Shift_1_EN.pdf,38,1,,,,A
SSC_CGL_Tier_1_Question_Paper_2025_45_Shifts_22nd_Sep_2025_Shift_1_EN.pdf,39,1,,,,D
SSC_CGL_Tier_1_Question_Paper_2025_45_Shifts_22nd_Sep_2025_Shift_1_EN.pdf,40,1,,,,B
SSC_CGL_Tier_1_Question_Paper_2025_45_Shifts_22nd_Sep_2025_Shift_1_EN.pdf,41,1,,,,B
SSC_CGL_Tier_1_Question_Paper_2025_45_Shifts_22nd_Sep_2025_Shift_1_EN.pdf,42,1,,,,A
SSC_CGL_Tier_1_Question_Paper_2025_45_Shifts_22nd_Sep_2025_Shift_1_EN.pdf,43,1,,,,A
SSC_CGL_Tier_1_Question_Paper_2025_45_Shifts_22nd_Sep_2025_Shift_1_EN.pdf,44,1,,,,C
SSC_CGL_Tier_1_Question_Paper_2025_45_Shifts_22nd_Sep_2025_Shift_1_EN.pdf,45,1,,,,A
SSC_CGL_Tier_1_Question_Paper_2025_45_Shifts_22nd_Sep_2025_Shift_1_EN.pdf,46,1,,,,A
SSC_CGL_Tier_1_Question_Paper_2025_45_Shifts_22nd_Sep_2025_Shift_1_EN.pdf,47,1,,,,A
SSC_CGL_Tier_1_Question_Paper_2025_45_Shifts_22nd_Sep_2025_Shift_1_EN.pdf,48,1,,,,A
SSC_CGL_Tier_1_Question_Paper_2025_45_Shifts_22nd_Sep_2025_Shift_1_EN.pdf,49,1,,,,A
SSC_CGL_Tier_1_Question_Paper_2025_45_Shifts_22nd_Sep_2025_Shift_1_EN.pdf,50,1,,,,A
SSC_CGL_Tier_1_Question_Paper_2025_45_Shifts_22nd_Sep_2025_Shift_1_EN.pdf,51,1,,,,C
SSC_CGL_Tier_1_Question_Paper_2025_45_Shifts_22nd_Sep_2025_Shift_1_EN.pdf,52,1,,,,C
SSC_CGL_Tier_1_Question_Paper_2025_45_Shifts_22nd_Sep_2025_Shift_1_EN.pdf,53,1,,,,C
SSC_CGL_Tier_1_Question_Paper_2025_45_Shifts_22nd_Sep_2025_Shift_1_EN.pdf,54,1,,,,C
SSC_CGL_Tier_1_Question_Paper_2025_45_Shifts_22nd_Sep_2025_Shift_1_EN.pdf,55,1,,,,D
SSC_CGL_Tier_1_Question_Paper_2025_45_Shifts_22nd_Sep_2025_Shift_1_EN.pdf,56,1,,,,B
SSC_CGL_Tier_1_Question_Paper_2025_45_Shifts_22nd_Sep_2025_Shift_1_EN.pdf,57,1,,,,A
SSC_CGL_Tier_1_Question_Paper_2025_45_Shifts_22nd_Sep_2025_Shift_1_EN.pdf,58,1,,,,A
SSC_CGL_Tier_1_Question_Paper_2025_45_Shifts_22nd_Sep_2025_Shift_1_EN.pdf,59,1,,,,B
SSC_CGL_Tier_1_Question_Paper_2025_45_Shifts_22nd_Sep_2025_Shift_1_EN.pdf,60,1,,,,C
SSC_CGL_Tier_1_Question_Paper_2025_45_Shifts_22nd_Sep_2025_Shift_1_EN.pdf,61,1,,,,C
SSC_CGL_Tier_1_Question_Paper_2025_45_Shifts_22nd_Sep_2025_Shift_1_EN.pdf,62,1,,,,B
SSC_CGL_Tier_1_Question_Paper_2025_45_Shifts_22nd_Sep_2025_Shift_1_EN.pdf,63,1,,,,A
SSC_CGL_Tier_1_Question_Paper_2025_45_Shifts_22nd_Sep_2025_Shift_1_EN.pdf,64,1,,,,C
SSC_CGL_Tier_1_Question_Paper_2025_45_Shifts_22nd_Sep_2025_Shift_1_EN.pdf,65,1,,,,D
SSC_CGL_Tier_1_Question_Paper_2025_45_Shifts_22nd_Sep_2025_Shift_1_EN.pdf,66,1,,,,C
SSC_CGL_Tier_1_Question_Paper_2025_45_Shifts_22nd_Sep_2025_Shift_1_EN.pdf,67,1,,,,B
SSC_CGL_Tier_1_Question_Paper_2025_45_Shifts_22nd_Sep_2025_Shift_1_EN.pdf,68,1,,,,C
SSC_CGL_Tier_1_Question_Paper_2025_45_Shifts_22nd_Sep_2025_Shift_1_EN.pdf,69,1,,,,C
SSC_CGL_Tier_1_Question_Paper_2025_45_Shifts_22nd_Sep_2025_Shift_1_EN.pdf,70,1,,,,C
SSC_CGL_Tier_1_Question_Paper_2025_45_Shifts_22nd_Sep_2025_Shift_1_EN.pdf,71,1,,,,A
SSC_CGL_Tier_1_Question_Paper_2025_45_Shifts_22nd_Sep_2025_Shift_1_EN.pdf,72,1,,,,D
SSC_CGL_Tier_1_Question_Paper_2025_45_Shifts_22nd_Sep_2025_Shift_1_EN.pdf,73,1,,,,D
SSC_CGL_Tier_1_Question_Paper_2025_45_Shifts_22nd_Sep_2025_Shift_1_EN.pdf,74,1,,,,C
SSC_CGL_Tier_1_Question_Paper_2025_45_Shifts_22nd_Sep_2025_Shift_1_EN.pdf,75,1,,,,C
SSC_CGL_Tier_1_Question_Paper_2025_45_Shifts_22nd_Sep_2025_Shift_1_EN.pdf,76,1,,,,D
SSC_CGL_Tier_1_Question_Paper_2025_45_Shifts_22nd_Sep_2025_Shift_1_EN.pdf,77,1,,,,B
SSC_CGL_Tier_1_Question_Paper_2025_45_Shifts_22nd_Sep_2025_Shift_1_EN.pdf,78,1,,,,C
SSC_CGL_Tier_1_Question_Paper_2025_45_Shifts_22nd_Sep_2025_Shift_1_EN.pdf,79,1,,,,C
SSC_CGL_Tier_1_Question_Paper_2025_45_Shifts_22nd_Sep_2025_Shift_1_EN.pdf,80,1,,,,B
SSC_CGL_Tier_1_Question_Paper_2025_45_Shifts_22nd_Sep_2025_Shift_1_EN.pdf,81,1,,,,C
SSC_CGL_Tier_1_Question_Paper_2025_45_Shifts_22nd_Sep_2025_Shift_1_EN.pdf,82,1,,,,B
SSC_CGL_Tier_1_Question_Paper_2025_45_Shifts_22nd_Sep_2025_Shift_1_EN.pdf,83,1,,,,B
SSC_CGL_Tier_1_Question_Paper_2025_45_Shifts_22nd_Sep_2025_Shift_1_EN.pdf,84,1,,,,B
SSC_CGL_Tier_1_Question_Paper_2025_45_Shifts_22nd_Sep_2025_Shift_1_EN.pdf,85,1,,,,D
SSC_CGL_Tier_1_Question_Paper_2025_45_Shifts_22nd_Sep_2025_Shift_1_EN.pdf,86,1,,,,D
SSC_CGL_Tier_1_Question_Paper_2025_45_Shifts_22nd_Sep_2025_Shift_1_EN.pdf,87,1,,,,C
SSC_CGL_Tier_1_Question_Paper_2025_45_Shifts_22nd_Sep_2025_Shift_1_EN.pdf,88,1,,,,D
SSC_CGL_Tier_1_Question_Paper_2025_45_Shifts_22nd_Sep_2025_Shift_1_EN.pdf,89,1,,,,B
SSC_CGL_Tier_1_Question_Paper_2025_45_Shifts_22nd_Sep_2025_Shift_1_EN.pdf,90,1,,,,B
SSC_CGL_Tier_1_Question_Paper_2025_45_Shifts_22nd_Sep_2025_Shift_1_EN.pdf,91,1,,,,C
SSC_CGL_Tier_1_Question_Paper_2025_45_Shifts_22nd_Sep_2025_Shift_1_EN.pdf,92,1,,,,B
SSC_CGL_Tier_1_Question_Paper_2025_45_Shifts_22nd_Sep_2025_Shift_1_EN.pdf,93,1,,,,D
SSC_CGL_Tier_1_Question_Paper_2025_45_Shifts_22nd_Sep_2025_Shift_1_EN.pdf,94,1,,,,A
SSC_CGL_Tier_1_Question_Paper_2025_45_Shifts_22nd_Sep_2025_Shift_1_EN.pdf,95,1,,,,D
SSC_CGL_Tier_1_Question_Paper_2025_45_Shifts_22nd_Sep_2025_Shift_1_EN.pdf,96,1,,,,B
SSC_CGL_Tier_1_Question_Paper_2025_45_Shifts_22nd_Sep_2025_Shift_1_EN.pdf,97,1,,,,C
SSC_CGL_Tier_1_Question_Paper_2025_45_Shifts_22nd_Sep_2025_Shift_1_EN.pdf,98,1,,,,C
SSC_CGL_Tier_1_Question_Paper_2025_45_Shifts_22nd_Sep_2025_Shift_1_EN.pdf,99,1,,,,C
SSC_CGL_Tier_1_Question_Paper_2025_45_Shifts_22nd_Sep_2025_Shift_1_EN.pdf,100,1,,,,C
SSC_CGL_Tier_1_Question_Paper_2025_45_Shifts_22nd_Sep_2025_Shift_2_EN.pdf,1,1,,,,C
SSC_CGL_Tier_1_Question_Paper_2025_45_Shifts_22nd_Sep_2025_Shift_2_EN.pdf,2,1,,,,D
SSC_CGL_Tier_1_Question_Paper_2025_45_Shifts_22nd_Sep_2025_Shift_2_EN.pdf,3,1,,,,B
SSC_CGL_Tier_1_Question_Paper_2025_45_Shifts_22nd_Sep_2025_Shift_2_EN.pdf,4,1,,,,B
SSC_CGL_Tier_1_Question_Paper_2025_45_Shifts_22nd_Sep_2025_Shift_2_EN.pdf,5,1,,,,B
SSC_CGL_Tier_1_Question_Paper_2025_45_Shifts_22nd_Sep_2025_Shift_2_EN.pdf,6,1,,,,A
SSC_CGL_Tier_1_Question_Paper_2025_45_Shifts_22nd_Sep_2025_Shift_2_EN.pdf,7,1,,,,A
SSC_CGL_Tier_1_Question_Paper_2025_45_Shifts_22nd_Sep_2025_Shift_2_EN.pdf,8,1,,,,D
SSC_CGL_Tier_1_Question_Paper_2025_45_Shifts_22nd_Sep_2025_Shift_2_EN.pdf,9,1,,,,B
SSC_CGL_Tier_1_Question_Paper_2025_45_Shifts_22nd_Sep_2025_Shift_2_EN.pdf,10,1,,,,B
SSC_CGL_Tier_1_Question_Paper_2025_45_Shifts_22nd_Sep_2025_Shift_2_EN.pdf,11,1,,,,B
SSC_CGL_Tier_1_Question_Paper_2025_45_Shifts_22nd_Sep_2025_Shift_2_EN.pdf,12,1,,,,B
SSC_CGL_Tier_1_Question_Paper_2025_45_Shifts_22nd_Sep_2025_Shift_2_EN.pdf,13,1,,,,B
SSC_CGL_Tier_1_Question_Paper_2025_45_Shifts_22nd_Sep_2025_Shift_2_EN.pdf,14,1,,,,D
SSC_CGL_Tier_1_Question_Paper_2025_45_Shifts_22nd_Sep_2025_Shift_2_EN.pdf,15,1,,,,D
SSC_CGL_Tier_1_Question_Paper_2025_45_Shifts_22nd_Sep_2025_Shift_2_EN.pdf,16,1,,,,A
SSC_CGL_Tier_1_Question_Paper_2025_45_Shifts_22nd_Sep_2025_Shift_2_EN.pdf,17,1,,,,A
SSC_CGL_Tier_1_Question_Paper_2025_45_Shifts_22nd_Sep_2025_Shift_2_EN.pdf,18,1,,,,B
SSC_CGL_Tier_1_Question_Paper_2025_45_Shifts_22nd_Sep_2025_Shift_2_EN.pdf,19,1,,,,B
SSC_CGL_Tier_1_Question_Paper_2025_45_Shifts_22nd_Sep_2025_Shift_2_EN.pdf,20,1,,,,A
SSC_CGL_Tier_1_Question_Paper_2025_45_Shifts_22nd_Sep_2025_Shift_2_EN.pdf,21,1,,,,A
SSC_CGL_Tier_1_Question_Paper_2025_45_Shifts_22nd_Sep_2025_Shift_2_EN.pdf,22,1,,,,A
SSC_CGL_Tier_1_Question_Paper_2025_45_Shifts_22nd_Sep_2025_Shift_2_EN.pdf,23,1,,,,B
SSC_CGL_Tier_1_Question_Paper_2025_45_Shifts_22nd_Sep_2025_Shift_2_EN.pdf,24,1,,,,B
SSC_CGL_Tier_1_Question_Paper_2025_45_Shifts_22nd_Sep_2025_Shift_2_EN.pdf,25,1,,,,A
SSC_CGL_Tier_1_Question_Paper_2025_45_Shifts_22nd_Sep_2025_Shift_2_EN.pdf,26,1,,,,B
SSC_CGL_Tier_1_Question_Paper_2025_45_Shifts_22nd_Sep_2025_Shift_2_EN.pdf,27,1,,,,B
SSC_CGL_Tier_1_Question_Paper_2025_45_Shifts_22nd_Sep_2025_Shift_2_EN.pdf,28,1,,,,A
SSC_CGL_Tier_1_Question_Paper_2025_45_Shifts_22nd_Sep_2025_Shift_2_EN.pdf,29,1,,,,D
SSC_CGL_Tier_1_Question_Paper_2025_45_Shifts_22nd_Sep_2025_Shift_2_EN.pdf,30,1,,,,D
SSC_CGL_Tier_1_Question_Paper_2025_45_Shifts_22nd_Sep_2025_Shift_2_EN.pdf,31,1,,,,B
SSC_CGL_Tier_1_Question_Paper_2025_45_Shifts_22nd_Sep_2025_Shift_2_EN.pdf,32,1,,,,C
SSC_CGL_Tier_1_Question_Paper_2025_45_Shifts_22nd_Sep_2025_Shift_2_EN.pdf,33,1,,,,A
SSC_CGL_Tier_1_Question_Paper_2025_45_Shifts_22nd_Sep_2025_Shift_2_EN.pdf,34,1,,,,B
SSC_CGL_Tier_1_Question_Paper_2025_45_Shifts_22nd_Sep_2025_Shift_2_EN.pdf,35,1,,,,B
SSC_CGL_Tier_1_Question_Paper_2025_45_Shifts_22nd_Sep_2025_Shift_2_EN.pdf,36,1,,,,C
SSC_CGL_Tier_1_Question_Paper_2025_45_Shifts_22nd_Sep_2025_Shift_2_EN.pdf,37,1,,,,A
SSC_CGL_Tier_1_Question_Paper_2025_45_Shifts_22nd_Sep_2025_Shift_2_EN.pdf,38,1,,,,B
SSC_CGL_Tier_1_Question_Paper_2025_45_Shifts_22nd_Sep_2025_Shift_2_EN.pdf,39,1,,,,D
SSC_CGL_Tier_1_Question_Paper_2025_45_Shifts_22nd_Sep_2025_Shift_2_EN.pdf,40,1,,,,A
SSC_CGL_Tier_1_Question_Paper_2025_45_Shifts_22nd_Sep_2025_Shift_2_EN.pdf,41,1,,,,C
SSC_CGL_Tier_1_Question_Paper_2025_45_Shifts_22nd_Sep_2025_Shift_2_EN.pdf,42,1,,,,B
SSC_CGL_Tier_1_Question_Paper_2025_45_Shifts_22nd_Sep_2025_Shift_2_EN.pdf,43,1,,,,C
SSC_CGL_Tier_1_Question_Paper_2025_45_Shifts_22nd_Sep_2025_Shift_2_EN.pdf,44,1,,,,C
SSC_CGL_Tier_1_Question_Paper_2025_45_Shifts_22nd_Sep_2025_Shift_2_EN.pdf,45,1,,,,B
SSC_CGL_Tier_1_Question_Paper_2025_45_Shifts_22nd_Sep_2025_Shift_2_EN.pdf,46,1,,,,B
SSC_CGL_Tier_1_Question_Paper_2025_45_Shifts_22nd_Sep_2025_Shift_2_EN.pdf,47,1,,,,B
SSC_CGL_Tier_1_Question_Paper_2025_45_Shifts_22nd_Sep_2025_Shift_2_EN.pdf,48,1,,,,A
SSC_CGL_Tier_1_Question_Paper_2025_45_Shifts_22nd_Sep_2025_Shift_2_EN.pdf,49,1,,,,B
SSC_CGL_Tier_1_Question_Paper_2025_45_Shifts_22nd_Sep_2025_Shift_2_EN.pdf,50,1,,,,A
SSC_CGL_Tier_1_Question_Paper_2025_45_Shifts_22nd_Sep_2025_Shift_2_EN.pdf,51,1,,,,B
SSC_CGL_Tier_1_Question_Paper_2025_45_Shifts_22nd_Sep_2025_Shift_2_EN.pdf,52,1,,,,B
SSC_CGL_Tier_1_Question_Paper_2025_45_Shifts_22nd_Sep_2025_Shift_2_EN.pdf,53,1,,,,A
SSC_CGL_Tier_1_Question_Paper_2025_45_Shifts_22nd_Sep_2025_Shift_2_EN.pdf,54,1,,,,B
SSC_CGL_Tier_1_Question_Paper_2025_45_Shifts_22nd_Sep_2025_Shift_2_EN.pdf,55,1,,,,D
SSC_CGL_Tier_1_Question_Paper_2025_45_Shifts_22nd_Sep_2025_Shift_2_EN.pdf,56,1,,,,A
SSC_CGL_Tier_1_Question_Paper_2025_45_Shifts_22nd_Sep_2025_Shift_2_EN.pdf,57,1,,,,A
SSC_CGL_Tier_1_Question_Paper_2025_45_Shifts_22nd_Sep_2025_Shift_2_EN.pdf,58,1,,,,C
SSC_CGL_Tier_1_Question_Paper_2025_45_Shifts_22nd_Sep_2025_Shift_2_EN.pdf,59,1,,,,A
SSC_CGL_Tier_1_Question_Paper_2025_45_Shifts_22nd_Sep_2025_Shift_2_EN.pdf,60,1,,,,D
SSC_CGL_Tier_1_Question_Paper_2025_45_Shifts_22nd_Sep_2025_Shift_2_EN.pdf,61,1,,,,C
SSC_CGL_Tier_1_Question_Paper_2025_45_Shifts_22nd_Sep_2025_Shift_2_EN.pdf,62,1,,,,C
SSC_CGL_Tier_1_Question_Paper_2025_45_Shifts_22nd_Sep_2025_Shift_2_EN.pdf,63,1,,,,B
SSC_CGL_Tier_1_Question_Paper_2025_45_Shifts_22nd_Sep_2025_Shift_2_EN.pdf,64,1,,,,B
SSC_CGL_Tier_1_Question_Paper_2025_45_Shifts_22nd_Sep_2025_Shift_2_EN.pdf,65,1,,,,D
SSC_CGL_Tier_1_Question_Paper_2025_45_Shifts_22nd_Sep_2025_Shift_2_EN.pdf,66,1,,,,C
SSC_CGL_Tier_1_Question_Paper_2025_45_Shifts_22nd_Sep_2025_Shift_2_EN.pdf,67,1,,,,C
SSC_CGL_Tier_1_Question_Paper_2025_45_Shifts_22nd_Sep_2025_Shift_2_EN.pdf,68,1,,,,D
SSC_CGL_Tier_1_Question_Paper_2025_45_Shifts_22nd_Sep_2025_Shift_2_EN.pdf,69,1,,,,A
SSC_CGL_Tier_1_Question_Paper_2025_45_Shifts_22nd_Sep_2025_Shift_2_EN.pdf,70,1,,,,C
SSC_CGL_Tier_1_Question_Paper_2025_45_Shifts_22nd_Sep_2025_Shift_2_EN.pdf,71,1,,,,D
SSC_CGL_Tier_1_Question_Paper_2025_45_Shifts_22nd_Sep_2025_Shift_2_EN.pdf,72,1,,,,D
SSC_CGL_Tier_1_Question_Paper_2025_45_Shifts_22nd_Sep_2025_Shift_2_EN.pdf,73,1,,,,A
SSC_CGL_Tier_1_Question_Paper_2025_45_Shifts_22nd_Sep_2025_Shift_2_EN.pdf,74,1,,,,B
SSC_CGL_Tier_1_Question_Paper_2025_45_Shifts_22nd_Sep_2025_Shift_2_EN.pdf,75,1,,,,A
SSC_CGL_Tier_1_Question_Paper_2025_45_Shifts_22nd_Sep_2025_Shift_2_EN.pdf,76,1,,,,D
SSC_CGL_Tier_1_Question_Paper_2025_45_Shifts_22nd_Sep_2025_Shift_2_EN.pdf,77,1,,,,B
SSC_CGL_Tier_1_Question_Paper_2025_45_Shifts_22nd_Sep_2025_Shift_2_EN.pdf,78,1,,,,D
SSC_CGL_Tier_1_Question_Paper_2025_45_Shifts_22nd_Sep_2025_Shift_2_EN.pdf,79,1,,,,B
SSC_CGL_Tier_1_Question_Paper_2025_45_Shifts_22nd_Sep_2025_Shift_2_EN.pdf,80,1,,,,B
SSC_CGL_Tier_1_Question_Paper_2025_45_Shifts_22nd_Sep_2025_Shift_2_EN.pdf,81,1,,,,C
SSC_CGL_Tier_1_Question_Paper_2025_45_Shifts_22nd_Sep_2025_Shift_2_EN.pdf,82,1,,,,C
SSC_CGL_Tier_1_Question_Paper_2025_45_Shifts_22nd_Sep_2025_Shift_2_EN.pdf,83,1,,,,B
SSC_CGL_Tier_1_Question_Paper_2025_45_Shifts_22nd_Sep_2025_Shift_2_EN.pdf,84,1,,,,A
SSC_CGL_Tier_1_Question_Paper_2025_45_Shifts_22nd_Sep_2025_Shift_2_EN.pdf,85,1,,,,A
SSC_CGL_Tier_1_Question_Paper_2025_45_Shifts_22nd_Sep_2025_Shift_2_EN.pdf,86,1,,,,B
SSC_CGL_Tier_1_Question_Paper_2025_45_Shifts_22nd_Sep_2025_Shift_2_EN.pdf,87,1,,,,A
SSC_CGL_Tier_1_Question_Paper_2025_45_Shifts_22nd_Sep_2025_Shift_2_EN.pdf,88,1,,,,A
SSC_CGL_Tier_1_Question_Paper_2025_45_Shifts_22nd_Sep_2025_Shift_2_EN.pdf,89,1,,,,A
SSC_CGL_Tier_1_Question_Paper_2025_45_Shifts_22nd_Sep_2025_Shift_2_EN.pdf,90,1,,,,A
SSC_CGL_Tier_1_Question_Paper_2025_45_Shifts_22nd_Sep_2025_Shift_2_EN.pdf,91,1,,,,A
SSC_CGL_Tier_1_Question_Paper_2025_45_Shifts_22nd_Sep_2025_Shift_2_EN.pdf,92,1,,,,B
SSC_CGL_Tier_1_Question_Paper_2025_45_Shifts_22nd_Sep_2025_Shift_2_EN.pdf,93,1,,,,B
SSC_CGL_Tier_1_Question_Paper_2025_45_Shifts_22nd_Sep_2025_Shift_2_EN.pdf,94,1,,,,A
SSC_CGL_Tier_1_Question_Paper_2025_45_Shifts_22nd_Sep_2025_Shift_2_EN.pdf,95,1,,,,A
SSC_CGL_Tier_1_Question_Paper_2025_45_Shifts_22nd_Sep_2025_Shift_2_EN.pdf,96,1,,,,A
SSC_CGL_Tier_1_Question_Paper_2025_45_Shifts_22nd_Sep_2025_Shift_2_EN.pdf,97,1,,,,B
SSC_CGL_Tier_1_Question_Paper_2025_45_Shifts_22nd_Sep_2025_Shift_2_EN.pdf,98,1,,,,A
SSC_CGL_Tier_1_Question_Paper_2025_45_Shifts_22nd_Sep_2025_Shift_2_EN.pdf,99,1,,,,D
SSC_CGL_Tier_1_Question_Paper_2025_45_Shifts_22nd_Sep_2025_Shift_2_EN.pdf,100,1,,,,A
SSC_CGL_Tier_1_Question_Paper_2025_45_Shifts_22nd_Sep_2025_Shift_3_EN.pdf,1,1,,,,A
SSC_CGL_Tier_1_Question_Paper_2025_45_Shifts_22nd_Sep_2025_Shift_3_EN.pdf,2,1,,,,D
SSC_CGL_Tier_1_Question_Paper_2025_45_Shifts_22nd_Sep_2025_Shift_3_EN.pdf,3,1,,,,C
SSC_CGL_Tier_1_Question_Paper_2025_45_Shifts_22nd_Sep_2025_Shift_3_EN.pdf,4,1,,,,A
SSC_CGL_Tier_1_Question_Paper_2025_45_Shifts_22nd_Sep_2025_Shift_3_EN.pdf,5,1,,,,B
SSC_CGL_Tier_1_Question_Paper_2025_45_Shifts_22nd_Sep_2025_Shift_3_EN.pdf,6,1,,,,C
SSC_CGL_Tier_1_Question_Paper_2025_45_Shifts_22nd_Sep_2025_Shift_3_EN.pdf,7,1,,,,A
SSC_CGL_Tier_1_Question_Paper_2025_45_Shifts_22nd_Sep_2025_Shift_3_EN.pdf,8,1,,,,B
SSC_CGL_Tier_1_Question_Paper_2025_45_Shifts_22nd_Sep_2025_Shift_3_EN.pdf,9,1,,,,A
SSC_CGL_Tier_1_Question_Paper_2025_45_Shifts_22nd_Sep_2025_Shift_3_EN.pdf,10,1,,,,B
SSC_CGL_Tier_1_Question_Paper_2025_45_Shifts_22nd_Sep_2025_Shift_3_EN.pdf,11,1,,,,D
SSC_CGL_Tier_1_Question_Paper_2025_45_Shifts_22nd_Sep_2025_Shift_3_EN.pdf,12,1,,,,C
SSC_CGL_Tier_1_Question_Paper_2025_45_Shifts_22nd_Sep_2025_Shift_3_EN.pdf,13,1,,,,B
SSC_CGL_Tier_1_Question_Paper_2025_45_Shifts_22nd_Sep_2025_Shift_3_EN.pdf,14,1,,,,D
SSC_CGL_Tier_1_Question_Paper_2025_45_Shifts_22nd_Sep_2025_Shift_3_EN.pdf,15,1,,,,C
SSC_CGL_Tier_1_Question_Paper_2025_45_Shifts_22nd_Sep_2025_Shift_3_EN.pdf,16,1,,,,C
SSC_CGL_Tier_1_Question_Paper_2025_45_Shifts_22nd_Sep_2025_Shift_3_EN.pdf,17,1,,,,A
SSC_CGL_Tier_1_Question_Paper_2025_45_Shifts_22nd_Sep_2025_Shift_3_EN.pdf,18,1,,,,A
SSC_CGL_Tier_1_Question_Paper_2025_45_Shifts_22nd_Sep_2025_Shift_3_EN.pdf,19,1,,,,A
SSC_CGL_Tier_1_Question_Paper_2025_45_Shifts_22nd_Sep_2025_Shift_3_EN.pdf,20,1,,,,A
SSC_CGL_Tier_1_Question_Paper_2025_45_Shifts_22nd_Sep_2025_Shift_3_EN.pdf,21,1,,,,C
SSC_CGL_Tier_1_Question_Paper_2025_45_Shifts_22nd_Sep_2025_Shift_3_EN.pdf,22,1,,,,A
SSC_CGL_Tier_1_Question_Paper_2025_45_Shifts_22nd_Sep_2025_Shift_3_EN.pdf,23,1,,,,C
SSC_CGL_Tier_1_Question_Paper_2025_45_Shifts_22nd_Sep_2025_Shift_3_EN.pdf,24,1,,,,A
SSC_CGL_Tier_1_Question_Paper_2025_45_Shifts_22nd_Sep_2025_Shift_3_EN.pdf,25,1,,,,C
SSC_CGL_Tier_1_Question_Paper_2025_45_Shifts_22nd_Sep_2025_Shift_3_EN.pdf,26,1,,,,C
SSC_CGL_Tier_1_Question_Paper_2025_45_Shifts_22nd_Sep_2025_Shift_3_EN.pdf,27,1,,,,C
SSC_CGL_Tier_1_Question_Paper_2025_45_Shifts_22nd_Sep_2025_Shift_3_EN.pdf,28,1,,,,C
SSC_CGL_Tier_1_Question_Paper_2025_45_Shifts_22nd_Sep_2025_Shift_3_EN.pdf,29,1,,,,C
SSC_CGL_Tier_1_Question_Paper_2025_45_Shifts_22nd_Sep_2025_Shift_3_EN.pdf,30,1,,,,A
SSC_CGL_Tier_1_Question_Paper_2025_45_Shifts_22nd_Sep_2025_Shift_3_EN.pdf,31,1,,,,A
SSC_CGL_Tier_1_Question_Paper_2025_45_Shifts_22nd_Sep_2025_Shift_3_EN.pdf,32,1,,,,B
SSC_CGL_Tier_1_Question_Paper_2025_45_Shifts_22nd_Sep_2025_Shift_3_EN.pdf,33,1,,,,C
SSC_CGL_Tier_1_Question_Paper_2025_45_Shifts_22nd_Sep_2025_Shift_3_EN.pdf,34,1,,,,A
SSC_CGL_Tier_1_Question_Paper_2025_45_Shifts_22nd_Sep_2025_Shift_3_EN.pdf,35,1,,,,B
SSC_CGL_Tier_1_Question_Paper_2025_45_Shifts_22nd_Sep_2025_Shift_3_EN.pdf,36,1,,,,B
SSC_CGL_Tier_1_Question_Paper_2025_45_Shifts_22nd_Sep_2025_Shift_3_EN.pdf,37,1,,,,C
SSC_CGL_Tier_1_Question_Paper_2025_45_Shifts_22nd_Sep_2025_Shift_3_EN.pdf,38,1,,,,A
SSC_CGL_Tier_1_Question_Paper_2025_45_Shifts_22nd_Sep_2025_Shift_3_EN.pdf,39,1,,,,A
SSC_CGL_Tier_1_Question_Paper_2025_45_Shifts_22nd_Sep_2025_Shift_3_EN.pdf,40,1,,,,B
SSC_CGL_Tier_1_Question_Paper_2025_45_Shifts_22nd_Sep_2025_Shift_3_EN.pdf,41,1,,,,B
SSC_CGL_Tier_1_Question_Paper_2025_45_Shifts_22nd_Sep_2025_Shift_3_EN.pdf,42,1,,,,B
SSC_CGL_Tier_1_Question_Paper_2025_45_Shifts_22nd_Sep_2025_Shift_3_EN.pdf,43,1,,,,B
SSC_CGL_Tier_1_Question_Paper_2025_45_Shifts_22nd_Sep_2025_Shift_3_EN.pdf,44,1,,,,A
SSC_CGL_Tier_1_Question_Paper_2025_45_Shifts_22nd_Sep_2025_Shift_3_EN.pdf,45,1,,,,B
SSC_CGL_Tier_1_Question_Paper_2025_45_Shifts_22nd_Sep_2025_Shift_3_EN.pdf,46,1,,,,A
SSC_CGL_Tier_1_Question_Paper_2025_45_Shifts_22nd_Sep_2025_Shift_3_EN.pdf,47,1,,,,B
SSC_CGL_Tier_1_Question_Paper_2025_45_Shifts_22nd_Sep_2025_Shift_3_EN.pdf,48,1,,,,B
SSC_CGL_Tier_1_Question_Paper_2025_45_Shifts_22nd_Sep_2025_Shift_3_EN.pdf,49,1,,,,A
SSC_CGL_Tier_1_Question_Paper_2025_45_Shifts_22nd_Sep_2025_Shift_3_EN.pdf,50,1,,,,A
SSC_CGL_Tier_1_Question_Paper_2025_45_Shifts_22nd_Sep_2025_Shift_3_EN.pdf,51,1,,,,A
SSC_CGL_Tier_1_Question_Paper_2025_45_Shifts_22nd_Sep_2025_Shift_3_EN.pdf,52,1,,,,D
SSC_CGL_Tier_1_Question_Paper_2025_45_Shifts_22nd_Sep_2025_Shift_3_EN.pdf,53,1,,,,C
SSC_CGL_Tier_1_Question_Paper_2025_45_Shifts_22nd_Sep_2025_Shift_3_EN.pdf,54,1,,,,D
SSC_CGL_Tier_1_Question_Paper_2025_45_Shifts_22nd_Sep_2025_Shift_3_EN.pdf,55,1,,,,C
SSC_CGL_Tier_1_Question_Paper_2025_45_Shifts_22nd_Sep_2025_Shift_3_EN.pdf,56,1,,,,C
SSC_CGL_Tier_1_Question_Paper_2025_45_Shifts_22nd_Sep_2025_Shift_3_EN.pdf,57,1,,,,D
SSC_CGL_Tier_1_Question_Paper_2025_45_Shifts_22nd_Sep_2025_Shift_3_EN.pdf,58,1,,,,A
SSC_CGL_Tier_1_Question_Paper_2025_45_Shifts_22nd_Sep_2025_Shift_3_EN.pdf,59,1,,,,A
SSC_CGL_Tier_1_Question_Paper_2025_45_Shifts_22nd_Sep_2025_Shift_3_EN.pdf,60,1,,,,A
SSC_CGL_Tier_1_Question_Paper_2025_45_Shifts_22nd_Sep_2025_Shift_3_EN.pdf,61,1,,,,B
SSC_CGL_Tier_1_Question_Paper_2025_45_Shifts_22nd_Sep_2025_Shift_3_EN.pdf,62,1,,,,D
SSC_CGL_Tier_1_Question_Paper_2025_45_Shifts_22nd_Sep_2025_Shift_3_EN.pdf,63,1,,,,B
SSC_CGL_Tier_1_Question_Paper_2025_45_Shifts_22nd_Sep_2025_Shift_3_EN.pdf,64,1,,,,C
SSC_CGL_Tier_1_Question_Paper_2025_45_Shifts_22nd_Sep_2025_Shift_3_EN.pdf,65,1,,,,B
SSC_CGL_Tier_1_Question_Paper_2025_45_Shifts_22nd_Sep_2025_Shift_3_EN.pdf,66,1,,,,A
SSC_CGL_Tier_1_Question_Paper_2025_45_Shifts_22nd_Sep_2025_Shift_3_EN.pdf,67,1,,,,A
SSC_CGL_Tier_1_Question_Paper_2025_45_Shifts_22nd_Sep_2025_Shift_3_EN.pdf,68,1,,,,B
SSC_CGL_Tier_1_Question_Paper_2025_45_Shifts_22nd_Sep_2025_Shift_3_EN.pdf,69,1,,,,C
SSC_CGL_Tier_1_Question_Paper_2025_45_Shifts_22nd_Sep_2025_Shift_3_EN.pdf,70,1,,,,D
SSC_CGL_Tier_1_Question_Paper_2025_45_Shifts_22nd_Sep_2025_Shift_3_EN.pdf,71,1,,,,B
SSC_CGL_Tier_1_Question_Paper_2025_45_Shifts_22nd_Sep_2025_Shift_3_EN.pdf,72,1,,,,C
SSC_CGL_Tier_1_Question_Paper_2025_45_Shifts_22nd_Sep_2025_Shift_3_EN.pdf,73,1,,,,C
SSC_CGL_Tier_1_Question_Paper_2025_45_Shifts_22nd_Sep_2025_Shift_3_EN.pdf,74,1,,,,C
SSC_CGL_Tier_1_Question_Paper_2025_45_Shifts_22nd_Sep_2025_Shift_3_EN.pdf,75,1,,,,A
SSC_CGL_Tier_1_Question_Paper_2025_45_Shifts_22nd_Sep_2025_Shift_3_EN.pdf,76,1,,,,C
SSC_CGL_Tier_1_Question_Paper_2025_45_Shifts_22nd_Sep_2025_Shift_3_EN.pdf,77,1,,,,D
SSC_CGL_Tier_1_Question_Paper_2025_45_Shifts_22nd_Sep_2025_Shift_3_EN.pdf,78,1,,,,C
SSC_CGL_Tier_1_Question_Paper_2025_45_Shifts_22nd_Sep_2025_Shift_3_EN.pdf,79,1,,,,A
SSC_CGL_Tier_1_Question_Paper_2025_45_Shifts_22nd_Sep_2025_Shift_3_EN.pdf,80,1,,,,B
SSC_CGL_Tier_1_Question_Paper_2025_45_Shifts_22nd_Sep_2025_Shift_3_EN.pdf,81,1,,,,D
SSC_CGL_Tier_1_Question_Paper_2025_45_Shifts_22nd_Sep_2025_Shift_3_EN.pdf,82,1,,,,B
SSC_CGL_Tier_1_Question_Paper_2025_45_Shifts_22nd_Sep_2025_Shift_3_EN.pdf,83,1,,,,C
SSC_CGL_Tier_1_Question_Paper_2025_45_Shifts_22nd_Sep_2025_Shift_3_EN.pdf,84,1,,,,A
SSC_CGL_Tier_1_Question_Paper_2025_45_Shifts_22nd_Sep_2025_Shift_3_EN.pdf,85,1,,,,B
SSC_CGL_Tier_1_Question_Paper_2025_45_Shifts_22nd_Sep_2025_Shift_3_EN.pdf,86,1,,,,C
SSC_CGL_Tier_1_Question_Paper_2025_45_Shifts_22nd_Sep_2025_Shift_3_EN.pdf,87,1,,,,B
SSC_CGL_Tier_1_Question_Paper_2025_45_Shifts_22nd_Sep_2025_Shift_3_EN.pdf,88,1,,,,C
SSC_CGL_Tier_1_Question_Paper_2025_45_Shifts_22nd_Sep_2025_Shift_3_EN.pdf,89,1,,,,D
SSC_CGL_Tier_1_Question_Paper_2025_45_Shifts_22nd_Sep_2025_Shift_3_EN.pdf,90,1,,,,B
SSC_CGL_Tier_1_Question_Paper_2025_45_Shifts_22nd_Sep_2025_Shift_3_EN.pdf,91,1,,,,B
SSC_CGL_Tier_1_Question_Paper_2025_45_Shifts_22nd_Sep_2025_Shift_3_EN.pdf,92,1,,,,D
SSC_CGL_Tier_1_Question_Paper_2025_45_Shifts_22nd_Sep_2025_Shift_3_EN.pdf,93,1,,,,B
SSC_CGL_Tier_1_Question_Paper_2025_45_Shifts_22nd_Sep_2025_Shift_3_EN.pdf,94,1,,,,C
SSC_CGL_Tier_1_Question_Paper_2025_45_Shifts_22nd_Sep_2025_Shift_3_EN.pdf,95,1,,,,B
SSC_CGL_Tier_1_Question_Paper_2025_45_Shifts_22nd_Sep_2025_Shift_3_EN.pdf,96,1,,,,C
SSC_CGL_Tier_1_Question_Paper_2025_45_Shifts_22nd_Sep_2025_Shift_3_EN.pdf,97,1,,,,B
SSC_CGL_Tier_1_Question_Paper_2025_45_Shifts_22nd_Sep_2025_Shift_3_EN.pdf,98,1,,,,B
SSC_CGL_Tier_1_Question_Paper_2025_45_Shifts_22nd_Sep_2025_Shift_3_EN.pdf,99,1,,,,C
SSC_CGL_Tier_1_Question_Paper_2025_45_Shifts_22nd_Sep_2025_Shift_3_EN.pdf,100,1,,,,B
SSC_CGL_Tier_1_Question_Paper_2025_45_Shifts_23rd_Sep_2025_Shift_1_EN.pdf,1,1,,,,A
SSC_CGL_Tier_1_Question_Paper_2025_45_Shifts_23rd_Sep_2025_Shift_1_EN.pdf,2,1,,,,C
SSC_CGL_Tier_1_Question_Paper_2025_45_Shifts_23rd_Sep_2025_Shift_1_EN.pdf,3,1,,,,A
SSC_CGL_Tier_1_Question_Paper_2025_45_Shifts_23rd_Sep_2025_Shift_1_EN.pdf,4,1,,,,A
SSC_CGL_Tier_1_Question_Paper_2025_45_Shifts_23rd_Sep_2025_Shift_1_EN.pdf,5,1,,,,B
SSC_CGL_Tier_1_Question_Paper_2025_45_Shifts_23rd_Sep_2025_Shift_1_EN.pdf,6,1,,,,A
SSC_CGL_Tier_1_Question_Paper_2025_45_Shifts_23rd_Sep_2025_Shift_1_EN.pdf,7,1,,,,D
SSC_CGL_Tier_1_Question_Paper_2025_45_Shifts_23rd_Sep_2025_Shift_1_EN.pdf,8,1,,,,C
SSC_CGL_Tier_1_Question_Paper_2025_45_Shifts_23rd_Sep_2025_Shift_1_EN.pdf,9,1,,,,C
SSC_CGL_Tier_1_Question_Paper_2025_45_Shifts_23rd_Sep_2025_Shift_1_EN.pdf,10,1,,,,B
SSC_CGL_Tier_1_Question_Paper_2025_45_Shifts_23rd_Sep_2025_Shift_1_EN.pdf,11,1,,,,A
SSC_CGL_Tier_1_Question_Paper_2025_45_Shifts_23rd_Sep_2025_Shift_1_EN.pdf,12,1,,,,D
SSC_CGL_Tier_1_Question_Paper_2025_45_Shifts_23rd_Sep_2025_Shift_1_EN.pdf,13,1,,,,D
SSC_CGL_Tier_1_Question_Paper_2025_45_Shifts_23rd_Sep_2025_Shift_1_EN.pdf,14,1,,,,B
SSC_CGL_Tier_1_Question_Paper_2025_45_Shifts_23rd_Sep_2025_Shift_1_EN.pdf,15,1,,,,C
SSC_CGL_Tier_1_Question_Paper_2025_45_Shifts_23rd_Sep_2025_Shift_1_EN.pdf,16,1,,,,D
SSC_CGL_Tier_1_Question_Paper_2025_45_Shifts_23rd_Sep_2025_Shift_1_EN.pdf,17,1,,,,A
SSC_CGL_Tier_1_Question_Paper_2025_45_Shifts_23rd_Sep_2025_Shift_1_EN.pdf,18,1,,,,A
SSC_CGL_Tier_1_Question_Paper_2025_45_Shifts_23rd_Sep_2025_Shift_1_EN.pdf,19,1,,,,A
SSC_CGL_Tier_1_Question_Paper_2025_45_Shifts_23rd_Sep_2025_Shift_1_EN.pdf,20,1,,,,D
SSC_CGL_Tier_1_Question_Paper_2025_45_Shifts_23rd_Sep_2025_Shift_1_EN.pdf,21,1,,,,A
SSC_CGL_Tier_1_Question_Paper_2025_45_Shifts_23rd_Sep_2025_Shift_1_EN.pdf,22,1,,,,B
SSC_CGL_Tier_1_Question_Paper_2025_45_Shifts_23rd_Sep_2025_Shift_1_EN.pdf,23,1,,,,D
SSC_CGL_Tier_1_Question_Paper_2025_45_Shifts_23rd_Sep_2025_Shift_1_EN.pdf,24,1,,,,A
SSC_CGL_Tier_1_Question_Paper_2025_45_Shifts_23rd_Sep_2025_Shift_1_EN.pdf,25,1,,,,A
SSC_CGL_Tier_1_Question_Paper_2025_45_Shifts_23rd_Sep_2025_Shift_1_EN.pdf,26,1,,,,B
SSC_CGL_Tier_1_Question_Paper_2025_45_Shifts_23rd_Sep_2025_Shift_1_EN.pdf,27,1,,,,C
SSC_CGL_Tier_1_Question_Paper_2025_45_Shifts_23rd_Sep_2025_Shift_1_EN.pdf,28,1,,,,D
SSC_CGL_Tier_1_Question_Paper_2025_45_Shifts_23rd_Sep_2025_Shift_1_EN.pdf,29,1,,,,C
SSC_CGL_Tier_1_Question_Paper_2025_45_Shifts_23rd_Sep_2025_Shift_1_EN.pdf,30,1,,,,B
SSC_CGL_Tier_1_Question_Paper_2025_45_Shifts_23rd_Sep_2025_Shift_1_EN.pdf,31,1,,,,D
SSC_CGL_Tier_1_Question_Paper_2025_45_Shifts_23rd_Sep_2025_Shift_1_EN.pdf,32,1,,,,A
SSC_CGL_Tier_1_Question_Paper_2025_45_Shifts_23rd_Sep_2025_Shift_1_EN.pdf,33,1,,,,C
SSC_CGL_Tier_1_Question_Paper_2025_45_Shifts_23rd_Sep_2025_Shift_1_EN.pdf,34,1,,,,A
SSC_CGL_Tier_1_Question_Paper_2025_45_Shifts_23rd_Sep_2025_Shift_1_EN.pdf,35,1,,,,A
SSC_CGL_Tier_1_Question_Paper_2025_45_Shifts_23rd_Sep_2025_Shift_1_EN.pdf,36,1,,,,A
SSC_CGL_Tier_1_Question_Paper_2025_45_Shifts_23rd_Sep_2025_Shift_1_EN.pdf,37,1,,,,B
SSC_CGL_Tier_1_Question_Paper_2025_45_Shifts_23rd_Sep_2025_Shift_1_EN.pdf,38,1,,,,C
SSC_CGL_Tier_1_Question_Paper_2025_45_Shifts_23rd_Sep_2025_Shift_1_EN.pdf,39,1,,,,B
SSC_CGL_Tier_1_Question_Paper_2025_45_Shifts_23rd_Sep_2025_Shift_1_EN.pdf,40,1,,,,C
SSC_CGL_Tier_1_Question_Paper_2025_45_Shifts_23rd_Sep_2025_Shift_1_EN.pdf,41,1,,,,A
SSC_CGL_Tier_1_Question_Paper_2025_45_Shifts_23rd_Sep_2025_Shift_1_EN.pdf,42,1,,,,C
SSC_CGL_Tier_1_Question_Paper_2025_45_Shifts_23rd_Sep_2025_Shift_1_EN.pdf,43,1,,,,C
SSC_CGL_Tier_1_Question_Paper_2025_45_Shifts_23rd_Sep_2025_Shift_1_EN.pdf,44,1,,,,A
SSC_CGL_Tier_1_Question_Paper_2025_45_Shifts_23rd_Sep_2025_Shift_1_EN.pdf,45,1,,,,C
SSC_CGL_Tier_1_Question_Paper_2025_45_Shifts_23rd_Sep_2025_Shift_1_EN.pdf,46,1,,,,C
SSC_CGL_Tier_1_Question_Paper_2025_45_Shifts_23rd_Sep_2025_Shift_1_EN.pdf,47,1,,,,C
SSC_CGL_Tier_1_Question_Paper_2025_45_Shifts_23rd_Sep_2025_Shift_1_EN.pdf,48,1,,,,A
SSC_CGL_Tier_1_Question_Paper_2025_45_Shifts_23rd_Sep_2025_Shift_1_EN.pdf,49,1,,,,D
SSC_CGL_Tier_1_Question_Paper_2025_45_Shifts_23rd_Sep_2025_Shift_1_EN.pdf,50,1,,,,C
SSC_CGL_Tier_1_Question_Paper_2025_45_Shifts_23rd_Sep_2025_Shift_1_EN.pdf,51,1,,,,B
SSC_CGL_Tier_1_Question_Paper_2025_45_Shifts_23rd_Sep_2025_Shift_1_EN.pdf,52,1,,,,B
SSC_CGL_Tier_1_Question_Paper_2025_45_Shifts_23rd_Sep_2025_Shift_1_EN.pdf,53,1,,,,B
SSC_CGL_Tier_1_Question_Paper_2025_45_Shifts_23rd_Sep_2025_Shift_1_EN.pdf,54,1,,,,A
SSC_CGL_Tier_1_Question_Paper_2025_45_Shifts_23rd_Sep_2025_Shift_1_EN.pdf,55,1,,,,B
SSC_CGL_Tier_1_Question_Paper_2025_45_Shifts_23rd_Sep_2025_Shift_1_EN.pdf,56,1,,,,A
SSC_CGL_Tier_1_Question_Paper_2025_45_Shifts_23rd_Sep_2025_Shift_1_EN.pdf,57,1,,,,A
SSC_CGL_Tier_1_Question_Paper_2025_45_Shifts_23rd_Sep_2025_Shift_1_EN.pdf,58,1,,,,D
SSC_CGL_Tier_1_Question_Paper_2025_45_Shifts_23rd_Sep_2025_Shift_1_EN.pdf,59,1,,,,A
SSC_CGL_Tier_1_Question_Paper_2025_45_Shifts_23rd_Sep_2025_Shift_1_EN.pdf,60,1,,,,B
SSC_CGL_Tier_1_Question_Paper_2025_45_Shifts_23rd_Sep_2025_Shift_1_EN.pdf,61,1,,,,A
SSC_CGL_Tier_1_Question_Paper_2025_45_Shifts_23rd_Sep_2025_Shift_1_EN.pdf,62,1,,,,B
SSC_CGL_Tier_1_Question_Paper_2025_45_Shifts_23rd_Sep_2025_Shift_1_EN.pdf,63,1,,,,D
SSC_CGL_Tier_1_Question_Paper_2025_45_Shifts_23rd_Sep_2025_Shift_1_EN.pdf,64,1,,,,D
SSC_CGL_Tier_1_Question_Paper_2025_45_Shifts_23rd_Sep_2025_Shift_1_EN.pdf,65,1,,,,A
SSC_CGL_Tier_1_Question_Paper_2025_45_Shifts_23rd_Sep_2025_Shift_1_EN.pdf,66,1,,,,A
SSC_CGL_Tier_1_Question_Paper_2025_45_Shifts_23rd_Sep_2025_Shift_1_EN.pdf,67,1,,,,C
SSC_CGL_Tier_1_Question_Paper_2025_45_Shifts_23rd_Sep_2025_Shift_1_EN.pdf,68,1,,,,D
SSC_CGL_Tier_1_Question_Paper_2025_45_Shifts_23rd_Sep_2025_Shift_1_EN.pdf,69,1,,,,C
SSC_CGL_Tier_1_Question_Paper_2025_45_Shifts_23rd_Sep_2025_Shift_1_EN.pdf,70,1,,,,A
SSC_CGL_Tier_1_Question_Paper_2025_45_Shifts_23rd_Sep_2025_Shift_1_EN.pdf,71,1,,,,B
SSC_CGL_Tier_1_Question_Paper_2025_45_Shifts_23rd_Sep_2025_Shift_1_EN.pdf,72,1,,,,A
SSC_CGL_Tier_1_Question_Paper_2025_45_Shifts_23rd_Sep_2025_Shift_1_EN.pdf,73,1,,,,B
SSC_CGL_Tier_1_Question_Paper_2025_45_Shifts_23rd_Sep_2025_Shift_1_EN.pdf,74,1,,,,D
SSC_CGL_Tier_1_Question_Paper_2025_45_Shifts_23rd_Sep_2025_Shift_1_EN.pdf,75,1,,,,A
SSC_CGL_Tier_1_Question_Paper_2025_45_Shifts_23rd_Sep_2025_Shift_1_EN.pdf,76,1,,,,D
SSC_CGL_Tier_1_Question_Paper_2025_45_Shifts_23rd_Sep_2025_Shift_1_EN.pdf,77,1,,,,B
SSC_CGL_Tier_1_Question_Paper_2025_45_Shifts_23rd_Sep_2025_Shift_1_EN.pdf,78,1,,,,C
SSC_CGL_Tier_1_Question_Paper_2025_45_Shifts_23rd_Sep_2025_Shift_1_EN.pdf,79,1,,,,B
SSC_CGL_Tier_1_Question_Paper_2025_45_Shifts_23rd_Sep_2025_Shift_1_EN.pdf,80,1,,,,C
SSC_CGL_Tier_1_Question_Paper_2025_45_Shifts_23rd_Sep_2025_Shift_1_EN.pdf,81,1,,,,D
SSC_CGL_Tier_1_Question_Paper_2025_45_Shifts_23rd_Sep_2025_Shift_1_EN.pdf,82,1,,,,A
SSC_CGL_Tier_1_Question_Paper_2025_45_Shifts_23rd_Sep_2025_Shift_1_EN.pdf,83,1,,,,B
SSC_CGL_Tier_1_Question_Paper_2025_45_Shifts_23rd_Sep_2025_Shift_1_EN.pdf,84,1,,,,B
SSC_CGL_Tier_1_Question_Paper_2025_45_Shifts_23rd_Sep_2025_Shift_1_EN.pdf,85,1,,,,C
SSC_CGL_Tier_1_Question_Paper_2025_45_Shifts_23rd_Sep_2025_Shift_1_EN.pdf,86,1,,,,A
SSC_CGL_Tier_1_Question_Paper_2025_45_Shifts_23rd_Sep_2025_Shift_1_EN.pdf,87,1,,,,B
SSC_CGL_Tier_1_Question_Paper_2025_45_Shifts_23rd_Sep_2025_Shift_1_EN.pdf,88,1,,,,B
SSC_CGL_Tier_1_Question_Paper_2025_45_Shifts_23rd_Sep_2025_Shift_1_EN.pdf,89,1,,,,A
SSC_CGL_Tier_1_Question_Paper_2025_45_Shifts_23rd_Sep_2025_Shift_1_EN.pdf,90,1,,,,C
SSC_CGL_Tier_1_Question_Paper_2025_45_Shifts_23rd_Sep_2025_Shift_1_EN.pdf,91,1,,,,D
SSC_CGL_Tier_1_Question_Paper_2025_45_Shifts_23rd_Sep_2025_Shift_1_EN.pdf,92,1,,,,C
SSC_CGL_Tier_1_Question_Paper_2025_45_Shifts_23rd_Sep_2025_Shift_1_EN.pdf,93,1,,,,C
SSC_CGL_Tier_1_Question_Paper_2025_45_Shifts_23rd_Sep_2025_Shift_1_EN.pdf,94,1,,,,C
SSC_CGL_Tier_1_Question_Paper_2025_45_Shifts_23rd_Sep_2025_Shift_1_EN.pdf,95,1,,,,C
SSC_CGL_Tier_1_Question_Paper_2025_45_Shifts_23rd_Sep_2025_Shift_1_EN.pdf,96,1,,,,B
SSC_CGL_Tier_1_Question_Paper_2025_45_Shifts_23rd_Sep_2025_Shift_1_EN.pdf,97,1,,,,D
SSC_CGL_Tier_1_Question_Paper_2025_45_Shifts_23rd_Sep_2025_Shift_1_EN.pdf,98,1,,,,B
SSC_CGL_Tier_1_Question_Paper_2025_45_Shifts_23rd_Sep_2025_Shift_1_EN.pdf,99,1,,,,B
SSC_CGL_Tier_1_Question_Paper_2025_45_Shifts_23rd_Sep_2025_Shift_1_EN.pdf,100,1,,,,B
SSC_CGL_Tier_1_Question_Paper_2025_45_Shifts_23rd_Sep_2025_Shift_2_EN.pdf,1,1,,,,A
SSC_CGL_Tier_1_Question_Paper_2025_45_Shifts_23rd_Sep_2025_Shift_2_EN.pdf,2,1,,,,B
SSC_CGL_Tier_1_Question_Paper_2025_45_Shifts_23rd_Sep_2025_Shift_2_EN.pdf,3,1,,,,D
SSC_CGL_Tier_1_Question_Paper_2025_45_Shifts_23rd_Sep_2025_Shift_2_EN.pdf,4,1,,,,B
SSC_CGL_Tier_1_Question_Paper_2025_45_Shifts_23rd_Sep_2025_Shift_2_EN.pdf,5,1,,,,A
SSC_CGL_Tier_1_Question_Paper_2025_45_Shifts_23rd_Sep_2025_Shift_2_EN.pdf,6,1,,,,B
SSC_CGL_Tier_1_Question_Paper_2025_45_Shifts_23rd_Sep_2025_Shift_2_EN.pdf,7,1,,,,C
SSC_CGL_Tier_1_Question_Paper_2025_45_Shifts_23rd_Sep_2025_Shift_2_EN.pdf,8,1,,,,C
SSC_CGL_Tier_1_Question_Paper_2025_45_Shifts_23rd_Sep_2025_Shift_2_EN.pdf,9,1,,,,C
SSC_CGL_Tier_1_Question_Paper_2025_45_Shifts_23rd_Sep_2025_Shift_2_EN.pdf,10,1,,,,D
SSC_CGL_Tier_1_Question_Paper_2025_45_Shifts_23rd_Sep_2025_Shift_2_EN.pdf,11,1,,,,A
SSC_CGL_Tier_1_Question_Paper_2025_45_Shifts_23rd_Sep_2025_Shift_2_EN.pdf,12,1,,,,D
SSC_CGL_Tier_1_Question_Paper_2025_45_Shifts_23rd_Sep_2025_Shift_2_EN.pdf,13,1,,,,C
SSC_CGL_Tier_1_Question_Paper_2025_45_Shifts_23rd_Sep_2025_Shift_2_EN.pdf,14,1,,,,A
SSC_CGL_Tier_1_Question_Paper_2025_45_Shifts_23rd_Sep_2025_Shift_2_EN.pdf,15,1,,,,B
SSC_CGL_Tier_1_Question_Paper_2025_45_Shifts_23rd_Sep_2025_Shift_2_EN.pdf,16,1,,,,A
SSC_CGL_Tier_1_Question_Paper_2025_45_Shifts_23rd_Sep_2025_Shift_2_EN.pdf,17,1,,,,C
SSC_CGL_Tier_1_Question_Paper_2025_45_Shifts_23rd_Sep_2025_Shift_2_EN.pdf,18,1,,,,A
SSC_CGL_Tier_1_Question_Paper_2025_45_Shifts_23rd_Sep_2025_Shift_2_EN.pdf,19,1,,,,B
SSC_CGL_Tier_1_Question_Paper_2025_45_Shifts_23rd_Sep_2025_Shift_2_EN.pdf,20,1,,,,A
SSC_CGL_Tier_1_Question_Paper_2025_45_Shifts_23rd_Sep_2025_Shift_2_EN.pdf,21,1,,,,B
SSC_CGL_Tier_1_Question_Paper_2025_45_Shifts_23rd_Sep_2025_Shift_2_EN.pdf,22,1,,,,A
SSC_CGL_Tier_1_Question_Paper_2025_45_Shifts_23rd_Sep_2025_Shift_2_EN.pdf,23,1,,,,A
SSC_CGL_Tier_1_Question_Paper_2025_45_Shifts_23rd_Sep_2025_Shift_2_EN.pdf,24,1,,,,A
SSC_CGL_Tier_1_Question_Paper_2025_45_Shifts_23rd_Sep_2025_Shift_2_EN.pdf,25,1,,,,C
SSC_CGL_Tier_1_Question_Paper_2025_45_Shifts_23rd_Sep_2025_Shift_2_EN.pdf,26,1,,,,C
SSC_CGL_Tier_1_Question_Paper_2025_45_Shifts_23rd_Sep_2025_Shift_2_EN.pdf,27,1,,,,A
SSC_CGL_Tier_1_Question_Paper_2025_45_Shifts_23rd_Sep_2025_Shift_2_EN.pdf,28,1,,,,A
SSC_CGL_Tier_1_Question_Paper_2025_45_Shifts_23rd_Sep_2025_Shift_2_EN.pdf,29,1,,,,C
SSC_CGL_Tier_1_Question_Paper_2025_45_Shifts_23rd_Sep_2025_Shift_2_EN.pdf,30,1,,,,B
SSC_CGL_Tier_1_Question_Paper_2025_45_Shifts_23rd_Sep_2025_Shift_2_EN.pdf,31,1,,,,B
SSC_CGL_Tier_1_Question_Paper_2025_45_Shifts_23rd_Sep_2025_Shift_2_EN.pdf,32,1,,,,A
SSC_CGL_Tier_1_Question_Paper_2025_45_Shifts_23rd_Sep_2025_Shift_2_EN.pdf,33,1,,,,A
SSC_CGL_Tier_1_Question_Paper_2025_45_Shifts_23rd_Sep_2025_Shift_2_EN.pdf,34,1,,,,D
SSC_CGL_Tier_1_Question_Paper_2025_45_Shifts_23rd_Sep_2025_Shift_2_EN.pdf,35,1,,,,B
SSC_CGL_Tier_1_Question_Paper_2025_45_Shifts_23rd_Sep_2025_Shift_2_EN.pdf,36,1,,,,C
SSC_CGL_Tier_1_Question_Paper_2025_45_Shifts_23rd_Sep_2025_Shift_2_EN.pdf,37,1,,,,C
SSC_CGL_Tier_1_Question_Paper_2025_45_Shifts_23rd_Sep_2025_Shift_2_EN.pdf,38,1,,,,B
SSC_CGL_Tier_1_Question_Paper_2025_45_Shifts_23rd_Sep_2025_Shift_2_EN.pdf,39,1,,,,B
SSC_CGL_Tier_1_Question_Paper_2025_45_Shifts_23rd_Sep_2025_Shift_2_EN.pdf,40,1,,,,D
SSC_CGL_Tier_1_Question_Paper_2025_45_Shifts_23rd_Sep_2025_Shift_2_EN.pdf,41,1,,,,C
SSC_CGL_Tier_1_Question_Paper_2025_45_Shifts_23rd_Sep_2025_Shift_2_EN.pdf,42,1,,,,A
SSC_CGL_Tier_1_Question_Paper_2025_45_Shifts_23rd_Sep_2025_Shift_2_EN.pdf,43,1,,,,B
SSC_CGL_Tier_1_Question_Paper_2025_45_Shifts_23rd_Sep_2025_Shift_2_EN.pdf,44,1,,,,B
SSC_CGL_Tier_1_Question_Paper_2025_45_Shifts_23rd_Sep_2025_Shift_2_EN.pdf,45,1,,,,B
SSC_CGL_Tier_1_Question_Paper_2025_45_Shifts_23rd_Sep_2025_Shift_2_EN.pdf,46,1,,,,D
SSC_CGL_Tier_1_Question_Paper_2025_45_Shifts_23rd_Sep_2025_Shift_2_EN.pdf,47,1,,,,B
SSC_CGL_Tier_1_Question_Paper_2025_45_Shifts_23rd_Sep_2025_Shift_2_EN.pdf,48,1,,,,A
SSC_CGL_Tier_1_Question_Paper_2025_45_Shifts_23rd_Sep_2025_Shift_2_EN.pdf,49,1,,,,D
SSC_CGL_Tier_1_Question_Paper_2025_45_Shifts_23rd_Sep_2025_Shift_2_EN.pdf,50,1,,,,C
SSC_CGL_Tier_1_Question_Paper_2025_45_Shifts_23rd_Sep_2025_Shift_2_EN.pdf,51,1,,,,D
SSC_CGL_Tier_1_Question_Paper_2025_45_Shifts_23rd_Sep_2025_Shift_2_EN.pdf,52,1,,,,A
SSC_CGL_Tier_1_Question_Paper_2025_45_Shifts_23rd_Sep_2025_Shift_2_EN.pdf,53,1,,,,C
SSC_CGL_Tier_1_Question_Paper_2025_45_Shifts_23rd_Sep_2025_Shift_2_EN.pdf,54,1,,,,A
SSC_CGL_Tier_1_Question_Paper_2025_45_Shifts_23rd_Sep_2025_Shift_2_EN.pdf,55,1,,,,C
SSC_CGL_Tier_1_Question_Paper_2025_45_Shifts_23rd_Sep_2025_Shift_2_EN.pdf,56,1,,,,C
SSC_CGL_Tier_1_Question_Paper_2025_45_Shifts_23rd_Sep_2025_Shift_2_EN.pdf,57,1,,,,A
SSC_CGL_Tier_1_Question_Paper_2025_45_Shifts_23rd_Sep_2025_Shift_2_EN.pdf,58,1,,,,C
SSC_CGL_Tier_1_Question_Paper_2025_45_Shifts_23rd_Sep_2025_Shift_2_EN.pdf,59,1,,,,A
SSC_CGL_Tier_1_Question_Paper_2025_45_Shifts_23rd_Sep_2025_Shift_2_EN.pdf,60,1,,,,B
SSC_CGL_Tier_1_Question_Paper_2025_45_Shifts_23rd_Sep_2025_Shift_2_EN.pdf,61,1,,,,B
SSC_CGL_Tier_1_Question_Paper_2025_45_Shifts_23rd_Sep_2025_Shift_2_EN.pdf,62,1,,,,A
SSC_CGL_Tier_1_Question_Paper_2025_45_Shifts_23rd_Sep_2025_Shift_2_EN.pdf,63,1,,,,A
SSC_CGL_Tier_1_Question_Paper_2025_45_Shifts_23rd_Sep_2025_Shift_2_EN.pdf,64,1,,,,B
SSC_CGL_Tier_1_Question_Paper_2025_45_Shifts_23rd_Sep_2025_Shift_2_EN.pdf,65,1,,,,D
SSC_CGL_Tier_1_Question_Paper_2025_45_Shifts_23rd_Sep_2025_Shift_2_EN.pdf,66,1,,,,A
SSC_CGL_Tier_1_Question_Paper_2025_45_Shifts_23rd_Sep_2025_Shift_2_EN.pdf,67,1,,,,C
SSC_CGL_Tier_1_Question_Paper_2025_45_Shifts_23rd_Sep_2025_Shift_2_EN.pdf,68,1,,,,B
SSC_CGL_Tier_1_Question_Paper_2025_45_Shifts_23rd_Sep_2025_Shift_2_EN.pdf,69,1,,,,A
SSC_CGL_Tier_1_Question_Paper_2025_45_Shifts_23rd_Sep_2025_Shift_2_EN.pdf,70,1,,,,B
SSC_CGL_Tier_1_Question_Paper_2025_45_Shifts_23rd_Sep_2025_Shift_2_EN.pdf,71,1,,,,D
SSC_CGL_Tier_1_Question_Paper_2025_45_Shifts_23rd_Sep_2025_Shift_2_EN.pdf,72,1,,,,A
SSC_CGL_Tier_1_Question_Paper_2025_45_Shifts_23rd_Sep_2025_Shift_2_EN.pdf,73,1,,,,C
SSC_CGL_Tier_1_Question_Paper_2025_45_Shifts_23rd_Sep_2025_Shift_2_EN.pdf,74,1,,,,B
SSC_CGL_Tier_1_Question_Paper_2025_45_Shifts_23rd_Sep_2025_Shift_2_EN.pdf,75,1,,,,C
SSC_CGL_Tier_1_Question_Paper_2025_45_Shifts_23rd_Sep_2025_Shift_2_EN.pdf,76,1,,,,C
SSC_CGL_Tier_1_Question_Paper_2025_45_Shifts_23rd_Sep_2025_Shift_2_EN.pdf,77,1,,,,C
SSC_CGL_Tier_1_Question_Paper_2025_45_Shifts_23rd_Sep_2025_Shift_2_EN.pdf,78,1,,,,C
SSC_CGL_Tier_1_Question_Paper_2025_45_Shifts_23rd_Sep_2025_Shift_2_EN.pdf,79,1,,,,D
SSC_CGL_Tier_1_Question_Paper_2025_45_Shifts_23rd_Sep_2025_Shift_2_EN.pdf,80,1,,,,A
SSC_CGL_Tier_1_Question_Paper_2025_45_Shifts_23rd_Sep_2025_Shift_2_EN.pdf,81,1,,,,B
SSC_CGL_Tier_1_Question_Paper_2025_45_Shifts_23rd_Sep_2025_Shift_2_EN.pdf,82,1,,,,C
SSC_CGL_Tier_1_Question_Paper_2025_45_Shifts_23rd_Sep_2025_Shift_2_EN.pdf,83,1,,,,C
SSC_CGL_Tier_1_Question_Paper_2025_45_Shifts_23rd_Sep_2025_Shift_2_EN.pdf,84,1,,,,C
SSC_CGL_Tier_1_Question_Paper_2025_45_Shifts_23rd_Sep_2025_Shift_2_EN.pdf,85,1,,,,C
SSC_CGL_Tier_1_Question_Paper_2025_45_Shifts_23rd_Sep_2025_Shift_2_EN.pdf,86,1,,,,C
SSC_CGL_Tier_1_Question_Paper_2025_45_Shifts_23rd_Sep_2025_Shift_2_EN.pdf,87,1,,,,C
SSC_CGL_Tier_1_Question_Paper_2025_45_Shifts_23rd_Sep_2025_Shift_2_EN.pdf,88,1,,,,C
SSC_CGL_Tier_1_Question_Paper_2025_45_Shifts_23rd_Sep_2025_Shift_2_EN.pdf,89,1,,,,B
SSC_CGL_Tier_1_Question_Paper_2025_45_Shifts_23rd_Sep_2025_Shift_2_EN.pdf,90,1,,,,C
SSC_CGL_Tier_1_Question_Paper_2025_45_Shifts_23rd_Sep_2025_Shift_2_EN.pdf,91,1,,,,C
SSC_CGL_Tier_1_Question_Paper_2025_45_Shifts_23rd_Sep_2025_Shift_2_EN.pdf,92,1,,,,B
SSC_CGL_Tier_1_Question_Paper_2025_45_Shifts_23rd_Sep_2025_Shift_2_EN.pdf,93,1,,,,C
SSC_CGL_Tier_1_Question_Paper_2025_45_Shifts_23rd_Sep_2025_Shift_2_EN.pdf,94,1,,,,D
SSC_CGL_Tier_1_Question_Paper_2025_45_Shifts_23rd_Sep_2025_Shift_2_EN.pdf,95,1,,,,D
SSC_CGL_Tier_1_Question_Paper_2025_45_Shifts_23rd_Sep_2025_Shift_2_EN.pdf,96,1,,,,B
SSC_CGL_Tier_1_Question_Paper_2025_45_Shifts_23rd_Sep_2025_Shift_2_EN.pdf,97,1,,,,B
SSC_CGL_Tier_1_Question_Paper_2025_45_Shifts_23rd_Sep_2025_Shift_2_EN.pdf,98,1,,,,B
SSC_CGL_Tier_1_Question_Paper_2025_45_Shifts_23rd_Sep_2025_Shift_2_EN.pdf,99,1,,,,C
SSC_CGL_Tier_1_Question_Paper_2025_45_Shifts_23rd_Sep_2025_Shift_2_EN.pdf,100,1,,,,B
SSC_CGL_Tier_1_Question_Paper_2025_45_Shifts_23rd_Sep_2025_Shift_3_EN.pdf,1,1,,,,C
SSC_CGL_Tier_1_Question_Paper_2025_45_Shifts_23rd_Sep_2025_Shift_3_EN.pdf,2,1,,,,A
SSC_CGL_Tier_1_Question_Paper_2025_45_Shifts_23rd_Sep_2025_Shift_3_EN.pdf,3,1,,,,C
SSC_CGL_Tier_1_Question_Paper_2025_45_Shifts_23rd_Sep_2025_Shift_3_EN.pdf,4,1,,,,B
SSC_CGL_Tier_1_Question_Paper_2025_45_Shifts_23rd_Sep_2025_Shift_3_EN.pdf,5,1,,,,A
SSC_CGL_Tier_1_Question_Paper_2025_45_Shifts_23rd_Sep_2025_Shift_3_EN.pdf,6,1,,,,D
SSC_CGL_Tier_1_Question_Paper_2025_45_Shifts_23rd_Sep_2025_Shift_3_EN.pdf,7,1,,,,B
SSC_CGL_Tier_1_Question_Paper_2025_45_Shifts_23rd_Sep_2025_Shift_3_EN.pdf,8,1,,,,C
SSC_CGL_Tier_1_Question_Paper_2025_45_Shifts_23rd_Sep_2025_Shift_3_EN.pdf,9,1,,,,A
SSC_CGL_Tier_1_Question_Paper_2025_45_Shifts_23rd_Sep_2025_Shift_3_EN.pdf,10,1,,,,B
SSC_CGL_Tier_1_Question_Paper_2025_45_Shifts_23rd_Sep_2025_Shift_3_EN.pdf,11,1,,,,A
SSC_CGL_Tier_1_Question_Paper_2025_45_Shifts_23rd_Sep_2025_Shift_3_EN.pdf,12,1,,,,B
SSC_CGL_Tier_1_Question_Paper_2025_45_Shifts_23rd_Sep_2025_Shift_3_EN.pdf,13,1,,,,A
SSC_CGL_Tier_1_Question_Paper_2025_45_Shifts_23rd_Sep_2025_Shift_3_EN.pdf,14,1,,,,A
SSC_CGL_Tier_1_Question_Paper_2025_45_Shifts_23rd_Sep_2025_Shift_3_EN.pdf,15,1,,,,B
SSC_CGL_Tier_1_Question_Paper_2025_45_Shifts_23rd_Sep_2025_Shift_3_EN.pdf,16,1,,,,B
SSC_CGL_Tier_1_Question_Paper_2025_45_Shifts_23rd_Sep_2025_Shift_3_EN.pdf,17,1,,,,A
SSC_CGL_Tier_1_Question_Paper_2025_45_Shifts_23rd_Sep_2025_Shift_3_EN.pdf,18,1,,,,B
SSC_CGL_Tier_1_Question_Paper_2025_45_Shifts_23rd_Sep_2025_Shift_3_EN.pdf,19,1,,,,A
SSC_CGL_Tier_1_Question_Paper_2025_45_Shifts_23rd_Sep_2025_Shift_3_EN.pdf,20,1,,,,D
SSC_CGL_Tier_1_Question_Paper_2025_45_Shifts_23rd_Sep_2025_Shift_3_EN.pdf,21,1,,,,B
SSC_CGL_Tier_1_Question_Paper_2025_45_Shifts_23rd_Sep_2025_Shift_3_EN.pdf,22,1,,,,B
SSC_CGL_Tier_1_Question_Paper_2025_45_Shifts_23rd_Sep_2025_Shift_3_EN.pdf,23,1,,,,A
SSC_CGL_Tier_1_Question_Paper_2025_45_Shifts_23rd_Sep_2025_Shift_3_EN.pdf,24,1,,,,A
SSC_CGL_Tier_1_Question_Paper_2025_45_Shifts_23rd_Sep_2025_Shift_3_EN.pdf,25,1,,,,A
SSC_CGL_Tier_1_Question_Paper_2025_45_Shifts_23rd_Sep_2025_Shift_3_EN.pdf,26,1,,,,C
SSC_CGL_Tier_1_Question_Paper_2025_45_Shifts_23rd_Sep_2025_Shift_3_EN.pdf,27,1,,,,B
SSC_CGL_Tier_1_Question_Paper_2025_45_Shifts_23rd_Sep_2025_Shift_3_EN.pdf,28,1,,,,B
SSC_CGL_Tier_1_Question_Paper_2025_45_Shifts_23rd_Sep_2025_Shift_3_EN.pdf,29,1,,,,D
SSC_CGL_Tier_1_Question_Paper_2025_45_Shifts_23rd_Sep_2025_Shift_3_EN.pdf,30,1,,,,B
SSC_CGL_Tier_1_Question_Paper_2025_45_Shifts_23rd_Sep_2025_Shift_3_EN.pdf,31,1,,,,A
SSC_CGL_Tier_1_Question_Paper_2025_45_Shifts_23rd_Sep_2025_Shift_3_EN.pdf,32,1,,,,C
SSC_CGL_Tier_1_Question_Paper_2025_45_Shifts_23rd_Sep_2025_Shift_3_EN.pdf,33,1,,,,C
SSC_CGL_Tier_1_Question_Paper_2025_45_Shifts_23rd_Sep_2025_Shift_3_EN.pdf,34,1,,,,C
SSC_CGL_Tier_1_Question_Paper_2025_45_Shifts_23rd_Sep_2025_Shift_3_EN.pdf,35,1,,,,C
SSC_CGL_Tier_1_Question_Paper_2025_45_Shifts_23rd_Sep_2025_Shift_3_EN.pdf,36,1,,,,B
SSC_CGL_Tier_1_Question_Paper_2025_45_Shifts_23rd_Sep_2025_Shift_3_EN.pdf,37,1,,,,A
SSC_CGL_Tier_1_Question_Paper_2025_45_Shifts_23rd_Sep_2025_Shift_3_EN.pdf,38,1,,,,C
SSC_CGL_Tier_1_Question_Paper_2025_45_Shifts_23rd_Sep_2025_Shift_3_EN.pdf,39,1,,,,B
SSC_CGL_Tier_1_Question_Paper_2025_45_Shifts_23rd_Sep_2025_Shift_3_EN.pdf,40,1,,,,C
SSC_CGL_Tier_1_Question_Paper_2025_45_Shifts_23rd_Sep_2025_Shift_3_EN.pdf,41,1,,,,A
SSC_CGL_Tier_1_Question_Paper_2025_45_Shifts_23rd_Sep_2025_Shift_3_EN.pdf,42,1,,,,C
SSC_CGL_Tier_1_Question_Paper_2025_45_Shifts_23rd_Sep_2025_Shift_3_EN.pdf,43,1,,,,C
SSC_CGL_Tier_1_Question_Paper_2025_45_Shifts_23rd_Sep_2025_Shift_3_EN.pdf,44,1,,,,C
SSC_CGL_Tier_1_Question_Paper_2025_45_Shifts_23rd_Sep_2025_Shift_3_EN.pdf,45,1,,,,C
SSC_CGL_Tier_1_Question_Paper_2025_45_Shifts_23rd_Sep_2025_Shift_3_EN.pdf,46,1,,,,B
SSC_CGL_Tier_1_Question_Paper_2025_45_Shifts_23rd_Sep_2025_Shift_3_EN.pdf,47,1,,,,B
SSC_CGL_Tier_1_Question_Paper_2025_45_Shifts_23rd_Sep_2025_Shift_3_EN.pdf,48,1,,,,C
SSC_CGL_Tier_1_Question_Paper_2025_45_Shifts_23rd_Sep_2025_Shift_3_EN.pdf,49,1,,,,A
SSC_CGL_Tier_1_Question_Paper_2025_45_Shifts_23rd_Sep_2025_Shift_3_EN.pdf,50,1,,,,C
SSC_CGL_Tier_1_Question_Paper_2025_45_Shifts_23rd_Sep_2025_Shift_3_EN.pdf,51,1,,,,B
SSC_CGL_Tier_1_Question_Paper_2025_45_Shifts_23rd_Sep_2025_Shift_3_EN.pdf,52,1,,,,B
SSC_CGL_Tier_1_Question_Paper_2025_45_Shifts_23rd_Sep_2025_Shift_3_EN.pdf,53,1,,,,C
SSC_CGL_Tier_1_Question_Paper_2025_45_Shifts_23rd_Sep_2025_Shift_3_EN.pdf,54,1,,,,A
SSC_CGL_Tier_1_Question_Paper_2025_45_Shifts_23rd_Sep_2025_Shift_3_EN.pdf,55,1,,,,B
SSC_CGL_Tier_1_Question_Paper_2025_45_Shifts_23rd_Sep_2025_Shift_3_EN.pdf,56,1,,,,A
SSC_CGL_Tier_1_Question_Paper_2025_45_Shifts_23rd_Sep_2025_Shift_3_EN.pdf,57,1,,,,A
SSC_CGL_Tier_1_Question_Paper_2025_45_Shifts_23rd_Sep_2025_Shift_3_EN.pdf,58,1,,,,C
SSC_CGL_Tier_1_Question_Paper_2025_45_Shifts_23rd_Sep_2025_Shift_3_EN.pdf,59,1,,,,B
SSC_CGL_Tier_1_Question_Paper_2025_45_Shifts_23rd_Sep_2025_Shift_3_EN.pdf,60,1,,,,D
SSC_CGL_Tier_1_Question_Paper_2025_45_Shifts_23rd_Sep_2025_Shift_3_EN.pdf,61,1,,,,A
SSC_CGL_Tier_1_Question_Paper_2025_45_Shifts_23rd_Sep_2025_Shift_3_EN.pdf,62,1,,,,C
SSC_CGL_Tier_1_Question_Paper_2025_45_Shifts_23rd_Sep_2025_Shift_3_EN.pdf,63,1,,,,A
SSC_CGL_Tier_1_Question_Paper_2025_45_Shifts_23rd_Sep_2025_Shift_3_EN.pdf,64,1,,,,A
SSC_CGL_Tier_1_Question_Paper_2025_45_Shifts_23rd_Sep_2025_Shift_3_EN.pdf,65,1,,,,A
SSC_CGL_Tier_1_Question_Paper_2025_45_Shifts_23rd_Sep_2025_Shift_3_EN.pdf,66,1,,,,B
SSC_CGL_Tier_1_Question_Paper_2025_45_Shifts_23rd_Sep_2025_Shift_3_EN.pdf,67,1,,,,A
SSC_CGL_Tier_1_Question_Paper_2025_45_Shifts_23rd_Sep_2025_Shift_3_EN.pdf,68,1,,,,A
SSC_CGL_Tier_1_Question_Paper_2025_45_Shifts_23rd_Sep_2025_Shift_3_EN.pdf,69,1,,,,B
SSC_CGL_Tier_1_Question_Paper_2025_45_Shifts_23rd_Sep_2025_Shift_3_EN.pdf,70,1,,,,C
SSC_CGL_Tier_1_Question_Paper_2025_45_Shifts_23rd_Sep_2025_Shift_3_EN.pdf,71,1,,,,A
SSC_CGL_Tier_1_Question_Paper_2025_45_Shifts_23rd_Sep_2025_Shift_3_EN.pdf,72,1,,,,C
SSC_CGL_Tier_1_Question_Paper_2025_45_Shifts_23rd_Sep_2025_Shift_3_EN.pdf,73,1,,,,C
SSC_CGL_Tier_1_Question_Paper_2025_45_Shifts_23rd_Sep_2025_Shift_3_EN.pdf,74,1,,,,C
SSC_CGL_Tier_1_Question_Paper_2025_45_Shifts_23rd_Sep_2025_Shift_3_EN.pdf,75,1,,,,B
SSC_CGL_Tier_1_Question_Paper_2025_45_Shifts_23rd_Sep_2025_Shift_3_EN.pdf,76,1,,,,B
SSC_CGL_Tier_1_Question_Paper_2025_45_Shifts_23rd_Sep_2025_Shift_3_EN.pdf,77,1,,,,A
SSC_CGL_Tier_1_Question_Paper_2025_45_Shifts_23rd_Sep_2025_Shift_3_EN.pdf,78,1,,,,D
SSC_CGL_Tier_1_Question_Paper_2025_45_Shifts_23rd_Sep_2025_Shift_3_EN.pdf,79,1,,,,A
SSC_CGL_Tier_1_Question_Paper_2025_45_Shifts_23rd_Sep_2025_Shift_3_EN.pdf,80,1,,,,A
SSC_CGL_Tier_1_Question_Paper_2025_45_Shifts_23rd_Sep_2025_Shift_3_EN.pdf,81,1,,,,D
SSC_CGL_Tier_1_Question_Paper_2025_45_Shifts_23rd_Sep_2025_Shift_3_EN.pdf,82,1,,,,A
SSC_CGL_Tier_1_Question_Paper_2025_45_Shifts_23rd_Sep_2025_Shift_3_EN.pdf,83,1,,,,C
SSC_CGL_Tier_1_Question_Paper_2025_45_Shifts_23rd_Sep_2025_Shift_3_EN.pdf,84,1,,,,C
SSC_CGL_Tier_1_Question_Paper_2025_45_Shifts_23rd_Sep_2025_Shift_3_EN.pdf,85,1,,,,C
SSC_CGL_Tier_1_Question_Paper_2025_45_Shifts_23rd_Sep_2025_Shift_3_EN.pdf,86,1,,,,A
SSC_CGL_Tier_1_Question_Paper_2025_45_Shifts_23rd_Sep_2025_Shift_3_EN.pdf,87,1,,,,D
SSC_CGL_Tier_1_Question_Paper_2025_45_Shifts_23rd_Sep_2025_Shift_3_EN.pdf,88,1,,,,D
SSC_CGL_Tier_1_Question_Paper_2025_45_Shifts_23rd_Sep_2025_Shift_3_EN.pdf,89,1,,,,B
SSC_CGL_Tier_1_Question_Paper_2025_45_Shifts_23rd_Sep_2025_Shift_3_EN.pdf,90,1,,,,A
SSC_CGL_Tier_1_Question_Paper_2025_45_Shifts_23rd_Sep_2025_Shift_3_EN.pdf,91,1,,,,C
SSC_CGL_Tier_1_Question_Paper_2025_45_Shifts_23rd_Sep_2025_Shift_3_EN.pdf,92,1,,,,C
SSC_CGL_Tier_1_Question_Paper_2025_45_Shifts_23rd_Sep_2025_Shift_3_EN.pdf,93,1,,,,C
SSC_CGL_Tier_1_Question_Paper_2025_45_Shifts_23rd_Sep_2025_Shift_3_EN.pdf,94,1,,,,D
SSC_CGL_Tier_1_Question_Paper_2025_45_Shifts_23rd_Sep_2025_Shift_3_EN.pdf,95,1,,,,C
SSC_CGL_Tier_1_Question_Paper_2025_45_Shifts_23rd_Sep_2025_Shift_3_EN.pdf,96,1,,,,A
SSC_CGL_Tier_1_Question_Paper_2025_45_Shifts_23rd_Sep_2025_Shift_3_EN.pdf,97,1,,,,C
SSC_CGL_Tier_1_Question_Paper_2025_45_Shifts_23rd_Sep_2025_Shift_3_EN.pdf,98,1,,,,A
SSC_CGL_Tier_1_Question_Paper_2025_45_Shifts_23rd_Sep_2025_Shift_3_EN.pdf,99,1,,,,D
SSC_CGL_Tier_1_Question_Paper_2025_45_Shifts_23rd_Sep_2025_Shift_3_EN.pdf,100,1,,,,B
SSC_CGL_Tier_1_Question_Paper_2025_45_Shifts_24th_Sep_2025_Shift_1_EN.pdf,1,1,,,,C
SSC_CGL_Tier_1_Question_Paper_2025_45_Shifts_24th_Sep_2025_Shift_1_EN.pdf,2,1,,,,A
SSC_CGL_Tier_1_Question_Paper_2025_45_Shifts_24th_Sep_2025_Shift_1_EN.pdf,3,1,,,,A
SSC_CGL_Tier_1_Question_Paper_2025_45_Shifts_24th_Sep_2025_Shift_1_EN.pdf,4,1,,,,A
SSC_CGL_Tier_1_Question_Paper_2025_45_Shifts_24th_Sep_2025_Shift_1_EN.pdf,5,1,,,,A
SSC_CGL_Tier_1_Question_Paper_2025_45_Shifts_24th_Sep_2025_Shift_1_EN.pdf,6,1,,,,C
SSC_CGL_Tier_1_Question_Paper_2025_45_Shifts_24th_Sep_2025_Shift_1_EN.pdf,7,1,,,,C
SSC_CGL_Tier_1_Question_Paper_2025_45_Shifts_24th_Sep_2025_Shift_1_EN.pdf,8,1,,,,B
SSC_CGL_Tier_1_Question_Paper_2025_45_Shifts_24th_Sep_2025_Shift_1_EN.pdf,9,1,,,,A
SSC_CGL_Tier_1_Question_Paper_2025_45_Shifts_24th_Sep_2025_Shift_1_EN.pdf,10,1,,,,B
SSC_CGL_Tier_1_Question_Paper_2025_45_Shifts_24th_Sep_2025_Shift_1_EN.pdf,11,1,,,,D
SSC_CGL_Tier_1_Question_Paper_2025_45_Shifts_24th_Sep_2025_Shift_1_EN.pdf,12,1,,,,B
SSC_CGL_Tier_1_Question_Paper_2025_45_Shifts_24th_Sep_2025_Shift_1_EN.pdf,13,1,,,,A
SSC_CGL_Tier_1_Question_Paper_2025_45_Shifts_24th_Sep_2025_Shift_1_EN.pdf,14,1,,,,A
SSC_CGL_Tier_1_Question_Paper_2025_45_Shifts_24th_Sep_2025_Shift_1_EN.pdf,15,1,,,,B
SSC_CGL_Tier_1_Question_Paper_2025_45_Shifts_24th_Sep_2025_Shift_1_EN.pdf,16,1,,,,A
SSC_CGL_Tier_1_Question_Paper_2025_45_Shifts_24th_Sep_2025_Shift_1_EN.pdf,17,1,,,,C
SSC_CGL_Tier_1_Question_Paper_2025_45_Shifts_24th_Sep_2025_Shift_1_EN.pdf,18,1,,,,A
SSC_CGL_Tier_1_Question_Paper_2025_45_Shifts_24th_Sep_2025_Shift_1_EN.pdf,19,1,,,,A
SSC_CGL_Tier_1_Question_Paper_2025_45_Shifts_24th_Sep_2025_Shift_1_EN.pdf,20,1,,,,B
SSC_CGL_Tier_1_Question_Paper_2025_45_Shifts_24th_Sep_2025_Shift_1_EN.pdf,21,1,,,,A
SSC_CGL_Tier_1_Question_Paper_2025_45_Shifts_24th_Sep_2025_Shift_1_EN.pdf,22,1,,,,A
SSC_CGL_Tier_1_Question_Paper_2025_45_Shifts_24th_Sep_2025_Shift_1_EN.pdf,23,1,,,,C
SSC_CGL_Tier_1_Question_Paper_2025_45_Shifts_24th_Sep_2025_Shift_1_EN.pdf,24,1,,,,D
SSC_CGL_Tier_1_Question_Paper_2025_45_Shifts_24th_Sep_2025_Shift_1_EN.pdf,25,1,,,,C
SSC_CGL_Tier_1_Question_Paper_2025_45_Shifts_24th_Sep_2025_Shift_1_EN.pdf,26,1,,,,D
SSC_CGL_Tier_1_Question_Paper_2025_45_Shifts_24th_Sep_2025_Shift_1_EN.pdf,27,1,,,,C
SSC_CGL_Tier_1_Question_Paper_2025_45_Shifts_24th_Sep_2025_Shift_1_EN.pdf,28,1,,,,B
SSC_CGL_Tier_1_Question_Paper_2025_45_Shifts_24th_Sep_2025_Shift_1_EN.pdf,29,1,,,,C
SSC_CGL_Tier_1_Question_Paper_2025_45_Shifts_24th_Sep_2025_Shift_1_EN.pdf,30,1,,,,C
SSC_CGL_Tier_1_Question_Paper_2025_45_Shifts_24th_Sep_2025_Shift_1_EN.pdf,31,1,,,,B
SSC_CGL_Tier_1_Question_Paper_2025_45_Shifts_24th_Sep_2025_Shift_1_EN.pdf,32,1,,,,C
SSC_CGL_Tier_1_Question_Paper_2025_45_Shifts_24th_Sep_2025_Shift_1_EN.pdf,33,1,,,,B
SSC_CGL_Tier_1_Question_Paper_2025_45_Shifts_24th_Sep_2025_Shift_1_EN.pdf,34,1,,,,B
SSC_CGL_Tier_1_Question_Paper_2025_45_Shifts_24th_Sep_2025_Shift_1_EN.pdf,35,1,,,,A
SSC_CGL_Tier_1_Question_Paper_2025_45_Shifts_24th_Sep_2025_Shift_1_EN.pdf,36,1,,,,A
SSC_CGL_Tier_1_Question_Paper_2025_45_Shifts_24th_Sep_2025_Shift_1_EN.pdf,37,1,,,,B
SSC_CGL_Tier_1_Question_Paper_2025_45_Shifts_24th_Sep_2025_Shift_1_EN.pdf,38,1,,,,C
SSC_CGL_Tier_1_Question_Paper_2025_45_Shifts_24th_Sep_2025_Shift_1_EN.pdf,39,1,,,,C
SSC_CGL_Tier_1_Question_Paper_2025_45_Shifts_24th_Sep_2025_Shift_1_EN.pdf,40,1,,,,C
SSC_CGL_Tier_1_Question_Paper_2025_45_Shifts_24th_Sep_2025_Shift_1_EN.pdf,41,1,,,,A
SSC_CGL_Tier_1_Question_Paper_2025_45_Shifts_24th_Sep_2025_Shift_1_EN.pdf,42,1,,,,B
SSC_CGL_Tier_1_Question_Paper_2025_45_Shifts_24th_Sep_2025_Shift_1_EN.pdf,43,1,,,,C
SSC_CGL_Tier_1_Question_Paper_2025_45_Shifts_24th_Sep_2025_Shift_1_EN.pdf,44,1,,,,D
SSC_CGL_Tier_1_Question_Paper_2025_45_Shifts_24th_Sep_2025_Shift_1_EN.pdf,45,1,,,,A
SSC_CGL_Tier_1_Question_Paper_2025_45_Shifts_24th_Sep_2025_Shift_1_EN.pdf,46,1,,,,D
SSC_CGL_Tier_1_Question_Paper_2025_45_Shifts_24th_Sep_2025_Shift_1_EN.pdf,47,1,,,,B
SSC_CGL_Tier_1_Question_Paper_2025_45_Shifts_24th_Sep_2025_Shift_1_EN.pdf,48,1,,,,C
SSC_CGL_Tier_1_Question_Paper_2025_45_Shifts_24th_Sep_2025_Shift_1_EN.pdf,49,1,,,,B
SSC_CGL_Tier_1_Question_Paper_2025_45_Shifts_24th_Sep_2025_Shift_1_EN.pdf,50,1,,,,D
SSC_CGL_Tier_1_Question_Paper_2025_45_Shifts_24th_Sep_2025_Shift_1_EN.pdf,51,1,,,,C
SSC_CGL_Tier_1_Question_Paper_2025_45_Shifts_24th_Sep_2025_Shift_1_EN.pdf,52,1,,,,A
SSC_CGL_Tier_1_Question_Paper_2025_45_Shifts_24th_Sep_2025_Shift_1_EN.pdf,53,1,,,,D
SSC_CGL_Tier_1_Question_Paper_2025_45_Shifts_24th_Sep_2025_Shift_1_EN.pdf,54,1,,,,B
SSC_CGL_Tier_1_Question_Paper_2025_45_Shifts_24th_Sep_2025_Shift_1_EN.pdf,55,1,,,,D
SSC_CGL_Tier_1_Question_Paper_2025_45_Shifts_24th_Sep_2025_Shift_1_EN.pdf,56,1,,,,B
SSC_CGL_Tier_1_Question_Paper_2025_45_Shifts_24th_Sep_2025_Shift_1_EN.pdf,57,1,,,,A
SSC_CGL_Tier_1_Question_Paper_2025_45_Shifts_24th_Sep_2025_Shift_1_EN.pdf,58,1,,,,C
SSC_CGL_Tier_1_Question_Paper_2025_45_Shifts_24th_Sep_2025_Shift_1_EN.pdf,59,1,,,,A
SSC_CGL_Tier_1_Question_Paper_2025_45_Shifts_24th_Sep_2025_Shift_1_EN.pdf,60,1,,,,A
SSC_CGL_Tier_1_Question_Paper_2025_45_Shifts_24th_Sep_2025_Shift_1_EN.pdf,61,1,,,,A
SSC_CGL_Tier_1_Question_Paper_2025_45_Shifts_24th_Sep_2025_Shift_1_EN.pdf,62,1,,,,B
SSC_CGL_Tier_1_Question_Paper_2025_45_Shifts_24th_Sep_2025_Shift_1_EN.pdf,63,1,,,,D
SSC_CGL_Tier_1_Question_Paper_2025_45_Shifts_24th_Sep_2025_Shift_1_EN.pdf,64,1,,,,C
SSC_CGL_Tier_1_Question_Paper_2025_45_Shifts_24th_Sep_2025_Shift_1_EN.pdf,65,1,,,,C
SSC_CGL_Tier_1_Question_Paper_2025_45_Shifts_24th_Sep_2025_Shift_1_EN.pdf,66,1,,,,B
SSC_CGL_Tier_1_Question_Paper_2025_45_Shifts_24th_Sep_2025_Shift_1_EN.pdf,67,1,,,,B
SSC_CGL_Tier_1_Question_Paper_2025_45_Shifts_24th_Sep_2025_Shift_1_EN.pdf,68,1,,,,D
SSC_CGL_Tier_1_Question_Paper_2025_45_Shifts_24th_Sep_2025_Shift_1_EN.pdf,69,1,,,,D
SSC_CGL_Tier_1_Question_Paper_2025_45_Shifts_24th_Sep_2025_Shift_1_EN.pdf,70,1,,,,A
SSC_CGL_Tier_1_Question_Paper_2025_45_Shifts_24th_Sep_2025_Shift_1_EN.pdf,71,1,,,,A
SSC_CGL_Tier_1_Question_Paper_2025_45_Shifts_24th_Sep_2025_Shift_1_EN.pdf,72,1,,,,B
SSC_CGL_Tier_1_Question_Paper_2025_45_Shifts_24th_Sep_2025_Shift_1_EN.pdf,73,1,,,,B
SSC_CGL_Tier_1_Question_Paper_2025_45_Shifts_24th_Sep_2025_Shift_1_EN.pdf,74,1,,,,C
SSC_CGL_Tier_1_Question_Paper_2025_45_Shifts_24th_Sep_2025_Shift_1_EN.pdf,75,1,,,,B
SSC_CGL_Tier_1_Question_Paper_2025_45_Shifts_24th_Sep_2025_Shift_1_EN.pdf,76,1,,,,D
SSC_CGL_Tier_1_Question_Paper_2025_45_Shifts_24th_Sep_2025_Shift_1_EN.pdf,77,1,,,,B
SSC_CGL_Tier_1_Question_Paper_2025_45_Shifts_24th_Sep_2025_Shift_1_EN.pdf,78,1,,,,D
SSC_CGL_Tier_1_Question_Paper_2025_45_Shifts_24th_Sep_2025_Shift_1_EN.pdf,79,1,,,,D
SSC_CGL_Tier_1_Question_Paper_2025_45_Shifts_24th_Sep_2025_Shift_1_EN.pdf,80,1,,,,C
SSC_CGL_Tier_1_Question_Paper_2025_45_Shifts_24th_Sep_2025_Shift_1_EN.pdf,81,1,,,,D
SSC_CGL_Tier_1_Question_Paper_2025_45_Shifts_24th_Sep_2025_Shift_1_EN.pdf,82,1,,,,A
SSC_CGL_Tier_1_Question_Paper_2025_45_Shifts_24th_Sep_2025_Shift_1_EN.pdf,83,1,,,,C
SSC_CGL_Tier_1_Question_Paper_2025_45_Shifts_24th_Sep_2025_Shift_1_EN.pdf,84,1,,,,D
SSC_CGL_Tier_1_Question_Paper_2025_45_Shifts_24th_Sep_2025_Shift_1_EN.pdf,85,1,,,,B
SSC_CGL_Tier_1_Question_Paper_2025_45_Shifts_24th_Sep_2025_Shift_1_EN.pdf,86,1,,,,A
SSC_CGL_Tier_1_Question_Paper_2025_45_Shifts_24th_Sep_2025_Shift_1_EN.pdf,87,1,,,,D
SSC_CGL_Tier_1_Question_Paper_2025_45_Shifts_24th_Sep_2025_Shift_1_EN.pdf,88,1,,,,B
SSC_CGL_Tier_1_Question_Paper_2025_45_Shifts_24th_Sep_2025_Shift_1_EN.pdf,89,1,,,,A
SSC_CGL_Tier_1_Question_Paper_2025_45_Shifts_24th_Sep_2025_Shift_1_EN.pdf,90,1,,,,A
SSC_CGL_Tier_1_Question_Paper_2025_45_Shifts_24th_Sep_2025_Shift_1_EN.pdf,91,1,,,,A
SSC_CGL_Tier_1_Question_Paper_2025_45_Shifts_24th_Sep_2025_Shift_1_EN.pdf,92,1,,,,C
SSC_CGL_Tier_1_Question_Paper_2025_45_Shifts_24th_Sep_2025_Shift_1_EN.pdf,93,1,,,,D
SSC_CGL_Tier_1_Question_Paper_2025_45_Shifts_24th_Sep_2025_Shift_1_EN.pdf,94,1,,,,C
SSC_CGL_Tier_1_Question_Paper_2025_45_Shifts_24th_Sep_2025_Shift_1_EN.pdf,95,1,,,,B
SSC_CGL_Tier_1_Question_Paper_2025_45_Shifts_24th_Sep_2025_Shift_1_EN.pdf,96,1,,,,C
SSC_CGL_Tier_1_Question_Paper_2025_45_Shifts_24th_Sep_2025_Shift_1_EN.pdf,97,1,,,,C
SSC_CGL_Tier_1_Question_Paper_2025_45_Shifts_24th_Sep_2025_Shift_1_EN.pdf,98,1,,,,B
SSC_CGL_Tier_1_Question_Paper_2025_45_Shifts_24th_Sep_2025_Shift_1_EN.pdf,99,1,,,,B
SSC_CGL_Tier_1_Question_Paper_2025_45_Shifts_24th_Sep_2025_Shift_1_EN.pdf,100,1,,,,B
SSC_CGL_Tier_1_Question_Paper_2025_45_Shifts_24th_Sep_2025_Shift_2_EN.pdf,1,1,,,,A
SSC_CGL_Tier_1_Question_Paper_2025_45_Shifts_24th_Sep_2025_Shift_2_EN.pdf,2,1,,,,A
SSC_CGL_Tier_1_Question_Paper_2025_45_Shifts_24th_Sep_2025_Shift_2_EN.pdf,3,1,,,,A
SSC_CGL_Tier_1_Question_Paper_2025_45_Shifts_24th_Sep_2025_Shift_2_EN.pdf,4,1,,,,B
SSC_CGL_Tier_1_Question_Paper_2025_45_Shifts_24th_Sep_2025_Shift_2_EN.pdf,5,1,,,,A
SSC_CGL_Tier_1_Question_Paper_2025_45_Shifts_24th_Sep_2025_Shift_2_EN.pdf,6,1,,,,D
SSC_CGL_Tier_1_Question_Paper_2025_45_Shifts_24th_Sep_2025_Shift_2_EN.pdf,7,1,,,,C
SSC_CGL_Tier_1_Question_Paper_2025_45_Shifts_24th_Sep_2025_Shift_2_EN.pdf,8,1,,,,B
SSC_CGL_Tier_1_Question_Paper_2025_45_Shifts_24th_Sep_2025_Shift_2_EN.pdf,9,1,,,,D
SSC_CGL_Tier_1_Question_Paper_2025_45_Shifts_24th_Sep_2025_Shift_2_EN.pdf,10,1,,,,A
SSC_CGL_Tier_1_Question_Paper_2025_45_Shifts_24th_Sep_2025_Shift_2_EN.pdf,11,1,,,,C
SSC_CGL_Tier_1_Question_Paper_2025_45_Shifts_24th_Sep_2025_Shift_2_EN.pdf,12,1,,,,B
SSC_CGL_Tier_1_Question_Paper_2025_45_Shifts_24th_Sep_2025_Shift_2_EN.pdf,13,1,,,,C
SSC_CGL_Tier_1_Question_Paper_2025_45_Shifts_24th_Sep_2025_Shift_2_EN.pdf,14,1,,,,D
SSC_CGL_Tier_1_Question_Paper_2025_45_Shifts_24th_Sep_2025_Shift_2_EN.pdf,15,1,,,,C
SSC_CGL_Tier_1_Question_Paper_2025_45_Shifts_24th_Sep_2025_Shift_2_EN.pdf,16,1,,,,B
SSC_CGL_Tier_1_Question_Paper_2025_45_Shifts_24th_Sep_2025_Shift_2_EN.pdf,17,1,,,,C
SSC_CGL_Tier_1_Question_Paper_2025_45_Shifts_24th_Sep_2025_Shift_2_EN.pdf,18,1,,,,B
SSC_CGL_Tier_1_Question_Paper_2025_45_Shifts_24th_Sep_2025_Shift_2_EN.pdf,19,1,,,,C
SSC_CGL_Tier_1_Question_Paper_2025_45_Shifts_24th_Sep_2025_Shift_2_EN.pdf,20,1,,,,D
SSC_CGL_Tier_1_Question_Paper_2025_45_Shifts_24th_Sep_2025_Shift_2_EN.pdf,21,1,,,,A
SSC_CGL_Tier_1_Question_Paper_2025_45_Shifts_24th_Sep_2025_Shift_2_EN.pdf,22,1,,,,A
SSC_CGL_Tier_1_Question_Paper_2025_45_Shifts_24th_Sep_2025_Shift_2_EN.pdf,23,1,,,,A
SSC_CGL_Tier_1_Question_Paper_2025_45_Shifts_24th_Sep_2025_Shift_2_EN.pdf,24,1,,,,C
SSC_CGL_Tier_1_Question_Paper_2025_45_Shifts_24th_Sep_2025_Shift_2_EN.pdf,25,1,,,,A
SSC_CGL_Tier_1_Question_Paper_2025_45_Shifts_24th_Sep_2025_Shift_2_EN.pdf,26,1,,,,A
SSC_CGL_Tier_1_Question_Paper_2025_45_Shifts_24th_Sep_2025_Shift_2_EN.pdf,27,1,,,,C
SSC_CGL_Tier_1_Question_Paper_2025_45_Shifts_24th_Sep_2025_Shift_2_EN.pdf,28,1,,,,A
SSC_CGL_Tier_1_Question_Paper_2025_45_Shifts_24th_Sep_2025_Shift_2_EN.pdf,29,1,,,,B
SSC_CGL_Tier_1_Question_Paper_2025_45_Shifts_24th_Sep_2025_Shift_2_EN.pdf,30,1,,,,B
SSC_CGL_Tier_1_Question_Paper_2025_45_Shifts_24th_Sep_2025_Shift_2_EN.pdf,31,1,,,,B
SSC_CGL_Tier_1_Question_Paper_2025_45_Shifts_24th_Sep_2025_Shift_2_EN.pdf,32,1,,,,C
SSC_CGL_Tier_1_Question_Paper_2025_45_Shifts_24th_Sep_2025_Shift_2_EN.pdf,33,1,,,,C
SSC_CGL_Tier_1_Question_Paper_2025_45_Shifts_24th_Sep_2025_Shift_2_EN.pdf,34,1,,,,C
SSC_CGL_Tier_1_Question_Paper_2025_45_Shifts_24th_Sep_2025_Shift_2_EN.pdf,35,1,,,,C
SSC_CGL_Tier_1_Question_Paper_2025_45_Shifts_24th_Sep_2025_Shift_2_EN.pdf,36,1,,,,C
SSC_CGL_Tier_1_Question_Paper_2025_45_Shifts_24th_Sep_2025_Shift_2_EN.pdf,37,1,,,,C
SSC_CGL_Tier_1_Question_Paper_2025_45_Shifts_24th_Sep_2025_Shift_2_EN.pdf,38,1,,,,B
SSC_CGL_Tier_1_Question_Paper_2025_45_Shifts_24th_Sep_2025_Shift_2_EN.pdf,39,1,,,,B
SSC_CGL_Tier_1_Question_Paper_2025_45_Shifts_24th_Sep_2025_Shift_2_EN.pdf,40,1,,,,B
SSC_CGL_Tier_1_Question_Paper_2025_45_Shifts_24th_Sep_2025_Shift_2_EN.pdf,41,1,,,,B
SSC_CGL_Tier_1_Question_Paper_2025_45_Shifts_24th_Sep_2025_Shift_2_EN.pdf,42,1,,,,C
SSC_CGL_Tier_1_Question_Paper_2025_45_Shifts_24th_Sep_2025_Shift_2_EN.pdf,43,1,,,,A
SSC_CGL_Tier_1_Question_Paper_2025_45_Shifts_24th_Sep_2025_Shift_2_EN.pdf,44,1,,,,B
SSC_CGL_Tier_1_Question_Paper_2025_45_Shifts_24th_Sep_2025_Shift_2_EN.pdf,45,1,,,,C
SSC_CGL_Tier_1_Question_Paper_2025_45_Shifts_24th_Sep_2025_Shift_2_EN.pdf,46,1,,,,D
SSC_CGL_Tier_1_Question_Paper_2025_45_Shifts_24th_Sep_2025_Shift_2_EN.pdf,47,1,,,,D
SSC_CGL_Tier_1_Question_Paper_2025_45_Shifts_24th_Sep_2025_Shift_2_EN.pdf,48,1,,,,D
SSC_CGL_Tier_1_Question_Paper_2025_45_Shifts_24th_Sep_2025_Shift_2_EN.pdf,49,1,,,,D
SSC_CGL_Tier_1_Question_Paper_2025_45_Shifts_24th_Sep_2025_Shift_2_EN.pdf,50,1,,,,C
SSC_CGL_Tier_1_Question_Paper_2025_45_Shifts_24th_Sep_2025_Shift_2_EN.pdf,51,1,,,,C
SSC_CGL_Tier_1_Question_Paper_2025_45_Shifts_24th_Sep_2025_Shift_2_EN.pdf,52,1,,,,B
SSC_CGL_Tier_1_Question_Paper_2025_45_Shifts_24th_Sep_2025_Shift_2_EN.pdf,53,1,,,,B
SSC_CGL_Tier_1_Question_Paper_2025_45_Shifts_24th_Sep_2025_Shift_2_EN.pdf,54,1,,,,A
SSC_CGL_Tier_1_Question_Paper_2025_45_Shifts_24th_Sep_2025_Shift_2_EN.pdf,55,1,,,,A
SSC_CGL_Tier_1_Question_Paper_2025_45_Shifts_24th_Sep_2025_Shift_2_EN.pdf,56,1,,,,B
SSC_CGL_Tier_1_Question_Paper_2025_45_Shifts_24th_Sep_2025_Shift_2_EN.pdf,57,1,,,,B
SSC_CGL_Tier_1_Question_Paper_2025_45_Shifts_24th_Sep_2025_Shift_2_EN.pdf,58,1,,,,B
SSC_CGL_Tier_1_Question_Paper_2025_45_Shifts_24th_Sep_2025_Shift_2_EN.pdf,59,1,,,,D
SSC_CGL_Tier_1_Question_Paper_2025_45_Shifts_24th_Sep_2025_Shift_2_EN.pdf,60,1,,,,B
SSC_CGL_Tier_1_Question_Paper_2025_45_Shifts_24th_Sep_2025_Shift_2_EN.pdf,61,1,,,,C
SSC_CGL_Tier_1_Question_Paper_2025_45_Shifts_24th_Sep_2025_Shift_2_EN.pdf,62,1,,,,B
SSC_CGL_Tier_1_Question_Paper_2025_45_Shifts_24th_Sep_2025_Shift_2_EN.pdf,63,1,,,,C
SSC_CGL_Tier_1_Question_Paper_2025_45_Shifts_24th_Sep_2025_Shift_2_EN.pdf,64,1,,,,A
SSC_CGL_Tier_1_Question_Paper_2025_45_Shifts_24th_Sep_2025_Shift_2_EN.pdf,65,1,,,,C
SSC_CGL_Tier_1_Question_Paper_2025_45_Shifts_24th_Sep_2025_Shift_2_EN.pdf,66,1,,,,A
SSC_CGL_Tier_1_Question_Paper_2025_45_Shifts_24th_Sep_2025_Shift_2_EN.pdf,67,1,,,,C
SSC_CGL_Tier_1_Question_Paper_2025_45_Shifts_24th_Sep_2025_Shift_2_EN.pdf,68,1,,,,A
SSC_CGL_Tier_1_Question_Paper_2025_45_Shifts_24th_Sep_2025_Shift_2_EN.pdf,69,1,,,,D
SSC_CGL_Tier_1_Question_Paper_2025_45_Shifts_24th_Sep_2025_Shift_2_EN.pdf,70,1,,,,B
SSC_CGL_Tier_1_Question_Paper_2025_45_Shifts_24th_Sep_2025_Shift_2_EN.pdf,71,1,,,,C
SSC_CGL_Tier_1_Question_Paper_2025_45_Shifts_24th_Sep_2025_Shift_2_EN.pdf,72,1,,,,A
SSC_CGL_Tier_1_Question_Paper_2025_45_Shifts_24th_Sep_2025_Shift_2_EN.pdf,73,1,,,,A
SSC_CGL_Tier_1_Question_Paper_2025_45_Shifts_24th_Sep_2025_Shift_2_EN.pdf,74,1,,,,A
SSC_CGL_Tier_1_Question_Paper_2025_45_Shifts_24th_Sep_2025_Shift_2_EN.pdf,75,1,,,,A
SSC_CGL_Tier_1_Question_Paper_2025_45_Shifts_24th_Sep_2025_Shift_2_EN.pdf,76,1,,,,C
SSC_CGL_Tier_1_Question_Paper_2025_45_Shifts_24th_Sep_2025_Shift_2_EN.pdf,77,1,,,,A
SSC_CGL_Tier_1_Question_Paper_2025_45_Shifts_24th_Sep_2025_Shift_2_EN.pdf,78,1,,,,B
SSC_CGL_Tier_1_Question_Paper_2025_45_Shifts_24th_Sep_2025_Shift_2_EN.pdf,79,1,,,,B
SSC_CGL_Tier_1_Question_Paper_2025_45_Shifts_24th_Sep_2025_Shift_2_EN.pdf,80,1,,,,C
SSC_CGL_Tier_1_Question_Paper_2025_45_Shifts_24th_Sep_2025_Shift_2_EN.pdf,81,1,,,,D
SSC_CGL_Tier_1_Question_Paper_2025_45_Shifts_24th_Sep_2025_Shift_2_EN.pdf,82,1,,,,A
SSC_CGL_Tier_1_Question_Paper_2025_45_Shifts_24th_Sep_2025_Shift_2_EN.pdf,83,1,,,,B
SSC_CGL_Tier_1_Question_Paper_2025_45_Shifts_24th_Sep_2025_Shift_2_EN.pdf,84,1,,,,C
SSC_CGL_Tier_1_Question_Paper_2025_45_Shifts_24th_Sep_2025_Shift_2_EN.pdf,85,1,,,,C
SSC_CGL_Tier_1_Question_Paper_2025_45_Shifts_24th_Sep_2025_Shift_2_EN.pdf,86,1,,,,B
SSC_CGL_Tier_1_Question_Paper_2025_45_Shifts_24th_Sep_2025_Shift_2_EN.pdf,87,1,,,,D
SSC_CGL_Tier_1_Question_Paper_2025_45_Shifts_24th_Sep_2025_Shift_2_EN.pdf,88,1,,,,C
SSC_CGL_Tier_1_Question_Paper_2025_45_Shifts_24th_Sep_2025_Shift_2_EN.pdf,89,1,,,,B
SSC_CGL_Tier_1_Question_Paper_2025_45_Shifts_24th_Sep_2025_Shift_2_EN.pdf,90,1,,,,D
SSC_CGL_Tier_1_Question_Paper_2025_45_Shifts_24th_Sep_2025_Shift_2_EN.pdf,91,1,,,,A
SSC_CGL_Tier_1_Question_Paper_2025_45_Shifts_24th_Sep_2025_Shift_2_EN.pdf,92,1,,,,B
SSC_CGL_Tier_1_Question_Paper_2025_45_Shifts_24th_Sep_2025_Shift_2_EN.pdf,93,1,,,,C
SSC_CGL_Tier_1_Question_Paper_2025_45_Shifts_24th_Sep_2025_Shift_2_EN.pdf,94,1,,,,B
SSC_CGL_Tier_1_Question_Paper_2025_45_Shifts_24th_Sep_2025_Shift_2_EN.pdf,95,1,,,,C
SSC_CGL_Tier_1_Question_Paper_2025_45_Shifts_24th_Sep_2025_Shift_2_EN.pdf,96,1,,,,D
SSC_CGL_Tier_1_Question_Paper_2025_45_Shifts_24th_Sep_2025_Shift_2_EN.pdf,97,1,,,,B
SSC_CGL_Tier_1_Question_Paper_2025_45_Shifts_24th_Sep_2025_Shift_2_EN.pdf,98,1,,,,D
SSC_CGL_Tier_1_Question_Paper_2025_45_Shifts_24th_Sep_2025_Shift_2_EN.pdf,99,1,,,,C
SSC_CGL_Tier_1_Question_Paper_2025_45_Shifts_24th_Sep_2025_Shift_2_EN.pdf,100,1,,,,D
SSC_CGL_Tier_1_Question_Paper_2025_45_Shifts_24th_Sep_2025_Shift_3_EN.pdf,1,1,,,,A
SSC_CGL_Tier_1_Question_Paper_2025_45_Shifts_24th_Sep_2025_Shift_3_EN.pdf,2,1,,,,A
SSC_CGL_Tier_1_Question_Paper_2025_45_Shifts_24th_Sep_2025_Shift_3_EN.pdf,3,1,,,,B
SSC_CGL_Tier_1_Question_Paper_2025_45_Shifts_24th_Sep_2025_Shift_3_EN.pdf,4,1,,,,B
SSC_CGL_Tier_1_Question_Paper_2025_45_Shifts_24th_Sep_2025_Shift_3_EN.pdf,5,1,,,,C
SSC_CGL_Tier_1_Question_Paper_2025_45_Shifts_24th_Sep_2025_Shift_3_EN.pdf,6,1,,,,B
SSC_CGL_Tier_1_Question_Paper_2025_45_Shifts_24th_Sep_2025_Shift_3_EN.pdf,7,1,,,,A
SSC_CGL_Tier_1_Question_Paper_2025_45_Shifts_24th_Sep_2025_Shift_3_EN.pdf,8,1,,,,A
SSC_CGL_Tier_1_Question_Paper_2025_45_Shifts_24th_Sep_2025_Shift_3_EN.pdf,9,1,,,,A
SSC_CGL_Tier_1_Question_Paper_2025_45_Shifts_24th_Sep_2025_Shift_3_EN.pdf,10,1,,,,B
SSC_CGL_Tier_1_Question_Paper_2025_45_Shifts_24th_Sep_2025_Shift_3_EN.pdf,11,1,,,,A
SSC_CGL_Tier_1_Question_Paper_2025_45_Shifts_24th_Sep_2025_Shift_3_EN.pdf,12,1,,,,A
SSC_CGL_Tier_1_Question_Paper_2025_45_Shifts_24th_Sep_2025_Shift_3_EN.pdf,13,1,,,,C
SSC_CGL_Tier_1_Question_Paper_2025_45_Shifts_24th_Sep_2025_Shift_3_EN.pdf,14,1,,,,A
SSC_CGL_Tier_1_Question_Paper_2025_45_Shifts_24th_Sep_2025_Shift_3_EN.pdf,15,1,,,,D
SSC_CGL_Tier_1_Question_Paper_2025_45_Shifts_24th_Sep_2025_Shift_3_EN.pdf,16,1,,,,A
SSC_CGL_Tier_1_Question_Paper_2025_45_Shifts_24th_Sep_2025_Shift_3_EN.pdf,17,1,,,,A
SSC_CGL_Tier_1_Question_Paper_2025_45_Shifts_24th_Sep_2025_Shift_3_EN.pdf,18,1,,,,A
SSC_CGL_Tier_1_Question_Paper_2025_45_Shifts_24th_Sep_2025_Shift_3_EN.pdf,19,1,,,,C
SSC_CGL_Tier_1_Question_Paper_2025_45_Shifts_24th_Sep_2025_Shift_3_EN.pdf,20,1,,,,A
SSC_CGL_Tier_1_Question_Paper_2025_45_Shifts_24th_Sep_2025_Shift_3_EN.pdf,21,1,,,,D
SSC_CGL_Tier_1_Question_Paper_2025_45_Shifts_24th_Sep_2025_Shift_3_EN.pdf,22,1,,,,A
SSC_CGL_Tier_1_Question_Paper_2025_45_Shifts_24th_Sep_2025_Shift_3_EN.pdf,23,1,,,,A
SSC_CGL_Tier_1_Question_Paper_2025_45_Shifts_24th_Sep_2025_Shift_3_EN.pdf,24,1,,,,B
SSC_CGL_Tier_1_Question_Paper_2025_45_Shifts_24th_Sep_2025_Shift_3_EN.pdf,25,1,,,,A
SSC_CGL_Tier_1_Question_Paper_2025_45_Shifts_24th_Sep_2025_Shift_3_EN.pdf,26,1,,,,C
SSC_CGL_Tier_1_Question_Paper_2025_45_Shifts_24th_Sep_2025_Shift_3_EN.pdf,27,1,,,,A
SSC_CGL_Tier_1_Question_Paper_2025_45_Shifts_24th_Sep_2025_Shift_3_EN.pdf,28,1,,,,B
SSC_CGL_Tier_1_Question_Paper_2025_45_Shifts_24th_Sep_2025_Shift_3_EN.pdf,29,1,,,,A
SSC_CGL_Tier_1_Question_Paper_2025_45_Shifts_24th_Sep_2025_Shift_3_EN.pdf,30,1,,,,A
SSC_CGL_Tier_1_Question_Paper_2025_45_Shifts_24th_Sep_2025_Shift_3_EN.pdf,31,1,,,,C
SSC_CGL_Tier_1_Question_Paper_2025_45_Shifts_24th_Sep_2025_Shift_3_EN.pdf,32,1,,,,D
SSC_CGL_Tier_1_Question_Paper_2025_45_Shifts_24th_Sep_2025_Shift_3_EN.pdf,33,1,,,,B
SSC_CGL_Tier_1_Question_Paper_2025_45_Shifts_24th_Sep_2025_Shift_3_EN.pdf,34,1,,,,D
SSC_CGL_Tier_1_Question_Paper_2025_45_Shifts_24th_Sep_2025_Shift_3_EN.pdf,35,1,,,,D
SSC_CGL_Tier_1_Question_Paper_2025_45_Shifts_24th_Sep_2025_Shift_3_EN.pdf,36,1,,,,B
SSC_CGL_Tier_1_Question_Paper_2025_45_Shifts_24th_Sep_2025_Shift_3_EN.pdf,37,1,,,,A
SSC_CGL_Tier_1_Question_Paper_2025_45_Shifts_24th_Sep_2025_Shift_3_EN.pdf,38,1,,,,A
SSC_CGL_Tier_1_Question_Paper_2025_45_Shifts_24th_Sep_2025_Shift_3_EN.pdf,39,1,,,,C
SSC_CGL_Tier_1_Question_Paper_2025_45_Shifts_24th_Sep_2025_Shift_3_EN.pdf,40,1,,,,B
SSC_CGL_Tier_1_Question_Paper_2025_45_Shifts_24th_Sep_2025_Shift_3_EN.pdf,41,1,,,,C
SSC_CGL_Tier_1_Question_Paper_2025_45_Shifts_24th_Sep_2025_Shift_3_EN.pdf,42,1,,,,D
SSC_CGL_Tier_1_Question_Paper_2025_45_Shifts_24th_Sep_2025_Shift_3_EN.pdf,43,1,,,,B
SSC_CGL_Tier_1_Question_Paper_2025_45_Shifts_24th_Sep_2025_Shift_3_EN.pdf,44,1,,,,C
SSC_CGL_Tier_1_Question_Paper_2025_45_Shifts_24th_Sep_2025_Shift_3_EN.pdf,45,1,,,,D
SSC_CGL_Tier_1_Question_Paper_2025_45_Shifts_24th_Sep_2025_Shift_3_EN.pdf,46,1,,,,B
SSC_CGL_Tier_1_Question_Paper_2025_45_Shifts_24th_Sep_2025_Shift_3_EN.pdf,47,1,,,,B
SSC_CGL_Tier_1_Question_Paper_2025_45_Shifts_24th_Sep_2025_Shift_3_EN.pdf,48,1,,,,B
SSC_CGL_Tier_1_Question_Paper_2025_45_Shifts_24th_Sep_2025_Shift_3_EN.pdf,49,1,,,,C
SSC_CGL_Tier_1_Question_Paper_2025_45_Shifts_24th_Sep_2025_Shift_3_EN.pdf,50,1,,,,C
SSC_CGL_Tier_1_Question_Paper_2025_45_Shifts_24th_Sep_2025_Shift_3_EN.pdf,51,1,,,,C
SSC_CGL_Tier_1_Question_Paper_2025_45_Shifts_24th_Sep_2025_Shift_3_EN.pdf,52,1,,,,C
SSC_CGL_Tier_1_Question_Paper_2025_45_Shifts_24th_Sep_2025_Shift_3_EN.pdf,53,1,,,,C
SSC_CGL_Tier_1_Question_Paper_2025_45_Shifts_24th_Sep_2025_Shift_3_EN.pdf,54,1,,,,D
SSC_CGL_Tier_1_Question_Paper_2025_45_Shifts_24th_Sep_2025_Shift_3_EN.pdf,55,1,,,,A
SSC_CGL_Tier_1_Question_Paper_2025_45_Shifts_24th_Sep_2025_Shift_3_EN.pdf,56,1,,,,A
SSC_CGL_Tier_1_Question_Paper_2025_45_Shifts_24th_Sep_2025_Shift_3_EN.pdf,57,1,,,,C
SSC_CGL_Tier_1_Question_Paper_2025_45_Shifts_24th_Sep_2025_Shift_3_EN.pdf,58,1,,,,D
SSC_CGL_Tier_1_Question_Paper_2025_45_Shifts_24th_Sep_2025_Shift_3_EN.pdf,59,1,,,,D
SSC_CGL_Tier_1_Question_Paper_2025_45_Shifts_24th_Sep_2025_Shift_3_EN.pdf,60,1,,,,D
SSC_CGL_Tier_1_Question_Paper_2025_45_Shifts_24th_Sep_2025_Shift_3_EN.pdf,61,1,,,,A
SSC_CGL_Tier_1_Question_Paper_2025_45_Shifts_24th_Sep_2025_Shift_3_EN.pdf,62,1,,,,D
SSC_CGL_Tier_1_Question_Paper_2025_45_Shifts_24th_Sep_2025_Shift_3_EN.pdf,63,1,,,,A
SSC_CGL_Tier_1_Question_Paper_2025_45_Shifts_24th_Sep_2025_Shift_3_EN.pdf,64,1,,,,A
SSC_CGL_Tier_1_Question_Paper_2025_45_Shifts_24th_Sep_2025_Shift_3_EN.pdf,65,1,,,,C
SSC_CGL_Tier_1_Question_Paper_2025_45_Shifts_24th_Sep_2025_Shift_3_EN.pdf,66,1,,,,A
SSC_CGL_Tier_1_Question_Paper_2025_45_Shifts_24th_Sep_2025_Shift_3_EN.pdf,67,1,,,,A
SSC_CGL_Tier_1_Question_Paper_2025_45_Shifts_24th_Sep_2025_Shift_3_EN.pdf,68,1,,,,A
SSC_CGL_Tier_1_Question_Paper_2025_45_Shifts_24th_Sep_2025_Shift_3_EN.pdf,69,1,,,,B
SSC_CGL_Tier_1_Question_Paper_2025_45_Shifts_24th_Sep_2025_Shift_3_EN.pdf,70,1,,,,A
SSC_CGL_Tier_1_Question_Paper_2025_45_Shifts_24th_Sep_2025_Shift_3_EN.pdf,71,1,,,,D
SSC_CGL_Tier_1_Question_Paper_2025_45_Shifts_24th_Sep_2025_Shift_3_EN.pdf,72,1,,,,A
SSC_CGL_Tier_1_Question_Paper_2025_45_Shifts_24th_Sep_2025_Shift_3_EN.pdf,73,1,,,,D
SSC_CGL_Tier_1_Question_Paper_2025_45_Shifts_24th_Sep_2025_Shift_3_EN.pdf,74,1,,,,B
SSC_CGL_Tier_1_Question_Paper_2025_45_Shifts_24th_Sep_2025_Shift_3_EN.pdf,75,1,,,,C
SSC_CGL_Tier_1_Question_Paper_2025_45_Shifts_24th_Sep_2025_Shift_3_EN.pdf,76,1,,,,C
SSC_CGL_Tier_1_Question_Paper_2025_45_Shifts_24th_Sep_2025_Shift_3_EN.pdf,77,1,,,,C
SSC_CGL_Tier_1_Question_Paper_2025_45_Shifts_24th_Sep_2025_Shift_3_EN.pdf,78,1,,,,C
SSC_CGL_Tier_1_Question_Paper_2025_45_Shifts_24th_Sep_2025_Shift_3_EN.pdf,79,1,,,,C
SSC_CGL_Tier_1_Question_Paper_2025_45_Shifts_24th_Sep_2025_Shift_3_EN.pdf,80,1,,,,C
SSC_CGL_Tier_1_Question_Paper_2025_45_Shifts_24th_Sep_2025_Shift_3_EN.pdf,81,1,,,,D
SSC_CGL_Tier_1_Question_Paper_2025_45_Shifts_24th_Sep_2025_Shift_3_EN.pdf,82,1,,,,D
SSC_CGL_Tier_1_Question_Paper_2025_45_Shifts_24th_Sep_2025_Shift_3_EN.pdf,83,1,,,,B
SSC_CGL_Tier_1_Question_Paper_2025_45_Shifts_24th_Sep_2025_Shift_3_EN.pdf,84,1,,,,A
SSC_CGL_Tier_1_Question_Paper_2025_45_Shifts_24th_Sep_2025_Shift_3_EN.pdf,85,1,,,,C
SSC_CGL_Tier_1_Question_Paper_2025_45_Shifts_24th_Sep_2025_Shift_3_EN.pdf,86,1,,,,D
SSC_CGL_Tier_1_Question_Paper_2025_45_Shifts_24th_Sep_2025_Shift_3_EN.pdf,87,1,,,,C
SSC_CGL_Tier_1_Question_Paper_2025_45_Shifts_24th_Sep_2025_Shift_3_EN.pdf,88,1,,,,C
SSC_CGL_Tier_1_Question_Paper_2025_45_Shifts_24th_Sep_2025_Shift_3_EN.pdf,89,1,,,,A
SSC_CGL_Tier_1_Question_Paper_2025_45_Shifts_24th_Sep_2025_Shift_3_EN.pdf,90,1,,,,C
SSC_CGL_Tier_1_Question_Paper_2025_45_Shifts_24th_Sep_2025_Shift_3_EN.pdf,91,1,,,,B
SSC_CGL_Tier_1_Question_Paper_2025_45_Shifts_24th_Sep_2025_Shift_3_EN.pdf,92,1,,,,A
SSC_CGL_Tier_1_Question_Paper_2025_45_Shifts_24th_Sep_2025_Shift_3_EN.pdf,93,1,,,,C
SSC_CGL_Tier_1_Question_Paper_2025_45_Shifts_24th_Sep_2025_Shift_3_EN.pdf,94,1,,,,B
SSC_CGL_Tier_1_Question_Paper_2025_45_Shifts_24th_Sep_2025_Shift_3_EN.pdf,95,1,,,,C
SSC_CGL_Tier_1_Question_Paper_2025_45_Shifts_24th_Sep_2025_Shift_3_EN.pdf,96,1,,,,D
SSC_CGL_Tier_1_Question_Paper_2025_45_Shifts_24th_Sep_2025_Shift_3_EN.pdf,97,1,,,,B
SSC_CGL_Tier_1_Question_Paper_2025_45_Shifts_24th_Sep_2025_Shift_3_EN.pdf,98,1,,,,C
SSC_CGL_Tier_1_Question_Paper_2025_45_Shifts_24th_Sep_2025_Shift_3_EN.pdf,99,1,,,,A
SSC_CGL_Tier_1_Question_Paper_2025_45_Shifts_24th_Sep_2025_Shift_3_EN.pdf,100,1,,,,C
SSC_CGL_Tier_1_Question_Paper_2025_45_Shifts_25th_Sep_2025_Shift_1_EN.pdf,1,1,,,,A
SSC_CGL_Tier_1_Question_Paper_2025_45_Shifts_25th_Sep_2025_Shift_1_EN.pdf,2,1,,,,C
SSC_CGL_Tier_1_Question_Paper_2025_45_Shifts_25th_Sep_2025_Shift_1_EN.pdf,3,1,,,,A
SSC_CGL_Tier_1_Question_Paper_2025_45_Shifts_25th_Sep_2025_Shift_1_EN.pdf,4,1,,,,C
SSC_CGL_Tier_1_Question_Paper_2025_45_Shifts_25th_Sep_2025_Shift_1_EN.pdf,5,1,,,,A
SSC_CGL_Tier_1_Question_Paper_2025_45_Shifts_25th_Sep_2025_Shift_1_EN.pdf,6,1,,,,A
SSC_CGL_Tier_1_Question_Paper_2025_45_Shifts_25th_Sep_2025_Shift_1_EN.pdf,7,1,,,,A
SSC_CGL_Tier_1_Question_Paper_2025_45_Shifts_25th_Sep_2025_Shift_1_EN.pdf,8,1,,,,A
SSC_CGL_Tier_1_Question_Paper_2025_45_Shifts_25th_Sep_2025_Shift_1_EN.pdf,9,1,,,,A
SSC_CGL_Tier_1_Question_Paper_2025_45_Shifts_25th_Sep_2025_Shift_1_EN.pdf,10,1,,,,B
SSC_CGL_Tier_1_Question_Paper_2025_45_Shifts_25th_Sep_2025_Shift_1_EN.pdf,11,1,,,,A
SSC_CGL_Tier_1_Question_Paper_2025_45_Shifts_25th_Sep_2025_Shift_1_EN.pdf,12,1,,,,A
SSC_CGL_Tier_1_Question_Paper_2025_45_Shifts_25th_Sep_2025_Shift_1_EN.pdf,13,1,,,,B
SSC_CGL_Tier_1_Question_Paper_2025_45_Shifts_25th_Sep_2025_Shift_1_EN.pdf,14,1,,,,A
SSC_CGL_Tier_1_Question_Paper_2025_45_Shifts_25th_Sep_2025_Shift_1_EN.pdf,15,1,,,,D
SSC_CGL_Tier_1_Question_Paper_2025_45_Shifts_25th_Sep_2025_Shift_1_EN.pdf,16,1,,,,D
SSC_CGL_Tier_1_Question_Paper_2025_45_Shifts_25th_Sep_2025_Shift_1_EN.pdf,17,1,,,,B
SSC_CGL_Tier_1_Question_Paper_2025_45_Shifts_25th_Sep_2025_Shift_1_EN.pdf,18,1,,,,A
SSC_CGL_Tier_1_Question_Paper_2025_45_Shifts_25th_Sep_2025_Shift_1_EN.pdf,19,1,,,,A
SSC_CGL_Tier_1_Question_Paper_2025_45_Shifts_25th_Sep_2025_Shift_1_EN.pdf,20,1,,,,C
SSC_CGL_Tier_1_Question_Paper_2025_45_Shifts_25th_Sep_2025_Shift_1_EN.pdf,21,1,,,,C
SSC_CGL_Tier_1_Question_Paper_2025_45_Shifts_25th_Sep_2025_Shift_1_EN.pdf,22,1,,,,A
SSC_CGL_Tier_1_Question_Paper_2025_45_Shifts_25th_Sep_2025_Shift_1_EN.pdf,23,1,,,,B
SSC_CGL_Tier_1_Question_Paper_2025_45_Shifts_25th_Sep_2025_Shift_1_EN.pdf,24,1,,,,B
SSC_CGL_Tier_1_Question_Paper_2025_45_Shifts_25th_Sep_2025_Shift_1_EN.pdf,25,1,,,,D
SSC_CGL_Tier_1_Question_Paper_2025_45_Shifts_25th_Sep_2025_Shift_1_EN.pdf,26,1,,,,A
SSC_CGL_Tier_1_Question_Paper_2025_45_Shifts_25th_Sep_2025_Shift_1_EN.pdf,27,1,,,,C
SSC_CGL_Tier_1_Question_Paper_2025_45_Shifts_25th_Sep_2025_Shift_1_EN.pdf,28,1,,,,A
SSC_CGL_Tier_1_Question_Paper_2025_45_Shifts_25th_Sep_2025_Shift_1_EN.pdf,29,1,,,,D
SSC_CGL_Tier_1_Question_Paper_2025_45_Shifts_25th_Sep_2025_Shift_1_EN.pdf,30,1,,,,B
SSC_CGL_Tier_1_Question_Paper_2025_45_Shifts_25th_Sep_2025_Shift_1_EN.pdf,31,1,,,,C
SSC_CGL_Tier_1_Question_Paper_2025_45_Shifts_25th_Sep_2025_Shift_1_EN.pdf,32,1,,,,C
SSC_CGL_Tier_1_Question_Paper_2025_45_Shifts_25th_Sep_2025_Shift_1_EN.pdf,33,1,,,,A
SSC_CGL_Tier_1_Question_Paper_2025_45_Shifts_25th_Sep_2025_Shift_1_EN.pdf,34,1,,,,A
SSC_CGL_Tier_1_Question_Paper_2025_45_Shifts_25th_Sep_2025_Shift_1_EN.pdf,35,1,,,,C
SSC_CGL_Tier_1_Question_Paper_2025_45_Shifts_25th_Sep_2025_Shift_1_EN.pdf,36,1,,,,D
SSC_CGL_Tier_1_Question_Paper_2025_45_Shifts_25th_Sep_2025_Shift_1_EN.pdf,37,1,,,,C
SSC_CGL_Tier_1_Question_Paper_2025_45_Shifts_25th_Sep_2025_Shift_1_EN.pdf,38,1,,,,D
SSC_CGL_Tier_1_Question_Paper_2025_45_Shifts_25th_Sep_2025_Shift_1_EN.pdf,39,1,,,,A
SSC_CGL_Tier_1_Question_Paper_2025_45_Shifts_25th_Sep_2025_Shift_1_EN.pdf,40,1,,,,B
SSC_CGL_Tier_1_Question_Paper_2025_45_Shifts_25th_Sep_2025_Shift_1_EN.pdf,41,1,,,,C
SSC_CGL_Tier_1_Question_Paper_2025_45_Shifts_25th_Sep_2025_Shift_1_EN.pdf,42,1,,,,B
SSC_CGL_Tier_1_Question_Paper_2025_45_Shifts_25th_Sep_2025_Shift_1_EN.pdf,43,1,,,,B
SSC_CGL_Tier_1_Question_Paper_2025_45_Shifts_25th_Sep_2025_Shift_1_EN.pdf,44,1,,,,C
SSC_CGL_Tier_1_Question_Paper_2025_45_Shifts_25th_Sep_2025_Shift_1_EN.pdf,45,1,,,,B
SSC_CGL_Tier_1_Question_Paper_2025_45_Shifts_25th_Sep_2025_Shift_1_EN.pdf,46,1,,,,C
SSC_CGL_Tier_1_Question_Paper_2025_45_Shifts_25th_Sep_2025_Shift_1_EN.pdf,47,1,,,,A
SSC_CGL_Tier_1_Question_Paper_2025_45_Shifts_25th_Sep_2025_Shift_1_EN.pdf,48,1,,,,B
SSC_CGL_Tier_1_Question_Paper_2025_45_Shifts_25th_Sep_2025_Shift_1_EN.pdf,49,1,,,,B
SSC_CGL_Tier_1_Question_Paper_2025_45_Shifts_25th_Sep_2025_Shift_1_EN.pdf,50,1,,,,D
SSC_CGL_Tier_1_Question_Paper_2025_45_Shifts_25th_Sep_2025_Shift_1_EN.pdf,51,1,,,,D
SSC_CGL_Tier_1_Question_Paper_2025_45_Shifts_25th_Sep_2025_Shift_1_EN.pdf,52,1,,,,A
SSC_CGL_Tier_1_Question_Paper_2025_45_Shifts_25th_Sep_2025_Shift_1_EN.pdf,53,1,,,,A
SSC_CGL_Tier_1_Question_Paper_2025_45_Shifts_25th_Sep_2025_Shift_1_EN.pdf,54,1,,,,B
SSC_CGL_Tier_1_Question_Paper_2025_45_Shifts_25th_Sep_2025_Shift_1_EN.pdf,55,1,,,,A
SSC_CGL_Tier_1_Question_Paper_2025_45_Shifts_25th_Sep_2025_Shift_1_EN.pdf,56,1,,,,A
SSC_CGL_Tier_1_Question_Paper_2025_45_Shifts_25th_Sep_2025_Shift_1_EN.pdf,57,1,,,,B
SSC_CGL_Tier_1_Question_Paper_2025_45_Shifts_25th_Sep_2025_Shift_1_EN.pdf,58,1,,,,A
SSC_CGL_Tier_1_Question_Paper_2025_45_Shifts_25th_Sep_2025_Shift_1_EN.pdf,59,1,,,,C
SSC_CGL_Tier_1_Question_Paper_2025_45_Shifts_25th_Sep_2025_Shift_1_EN.pdf,60,1,,,,C
SSC_CGL_Tier_1_Question_Paper_2025_45_Shifts_25th_Sep_2025_Shift_1_EN.pdf,61,1,,,,D
SSC_CGL_Tier_1_Question_Paper_2025_45_Shifts_25th_Sep_2025_Shift_1_EN.pdf,62,1,,,,C
SSC_CGL_Tier_1_Question_Paper_2025_45_Shifts_25th_Sep_2025_Shift_1_EN.pdf,63,1,,,,A
SSC_CGL_Tier_1_Question_Paper_2025_45_Shifts_25th_Sep_2025_Shift_1_EN.pdf,64,1,,,,B
SSC_CGL_Tier_1_Question_Paper_2025_45_Shifts_25th_Sep_2025_Shift_1_EN.pdf,65,1,,,,D
SSC_CGL_Tier_1_Question_Paper_2025_45_Shifts_25th_Sep_2025_Shift_1_EN.pdf,66,1,,,,A
SSC_CGL_Tier_1_Question_Paper_2025_45_Shifts_25th_Sep_2025_Shift_1_EN.pdf,67,1,,,,A
SSC_CGL_Tier_1_Question_Paper_2025_45_Shifts_25th_Sep_2025_Shift_1_EN.pdf,68,1,,,,B
SSC_CGL_Tier_1_Question_Paper_2025_45_Shifts_25th_Sep_2025_Shift_1_EN.pdf,69,1,,,,B
SSC_CGL_Tier_1_Question_Paper_2025_45_Shifts_25th_Sep_2025_Shift_1_EN.pdf,70,1,,,,A
SSC_CGL_Tier_1_Question_Paper_2025_45_Shifts_25th_Sep_2025_Shift_1_EN.pdf,71,1,,,,A
SSC_CGL_Tier_1_Question_Paper_2025_45_Shifts_25th_Sep_2025_Shift_1_EN.pdf,72,1,,,,A
SSC_CGL_Tier_1_Question_Paper_2025_45_Shifts_25th_Sep_2025_Shift_1_EN.pdf,73,1,,,,B
SSC_CGL_Tier_1_Question_Paper_2025_45_Shifts_25th_Sep_2025_Shift_1_EN.pdf,74,1,,,,A
SSC_CGL_Tier_1_Question_Paper_2025_45_Shifts_25th_Sep_2025_Shift_1_EN.pdf,75,1,,,,D
SSC_CGL_Tier_1_Question_Paper_2025_45_Shifts_25th_Sep_2025_Shift_1_EN.pdf,76,1,,,,D
SSC_CGL_Tier_1_Question_Paper_2025_45_Shifts_25th_Sep_2025_Shift_1_EN.pdf,77,1,,,,A
SSC_CGL_Tier_1_Question_Paper_2025_45_Shifts_25th_Sep_2025_Shift_1_EN.pdf,78,1,,,,A
SSC_CGL_Tier_1_Question_Paper_2025_45_Shifts_25th_Sep_2025_Shift_1_EN.pdf,79,1,,,,B
SSC_CGL_Tier_1_Question_Paper_2025_45_Shifts_25th_Sep_2025_Shift_1_EN.pdf,80,1,,,,B
SSC_CGL_Tier_1_Question_Paper_2025_45_Shifts_25th_Sep_2025_Shift_1_EN.pdf,81,1,,,,B
SSC_CGL_Tier_1_Question_Paper_2025_45_Shifts_25th_Sep_2025_Shift_1_EN.pdf,82,1,,,,B
SSC_CGL_Tier_1_Question_Paper_2025_45_Shifts_25th_Sep_2025_Shift_1_EN.pdf,83,1,,,,C
SSC_CGL_Tier_1_Question_Paper_2025_45_Shifts_25th_Sep_2025_Shift_1_EN.pdf,84,1,,,,D
SSC_CGL_Tier_1_Question_Paper_2025_45_Shifts_25th_Sep_2025_Shift_1_EN.pdf,85,1,,,,B
SSC_CGL_Tier_1_Question_Paper_2025_45_Shifts_25th_Sep_2025_Shift_1_EN.pdf,86,1,,,,D
SSC_CGL_Tier_1_Question_Paper_2025_45_Shifts_25th_Sep_2025_Shift_1_EN.pdf,87,1,,,,D
SSC_CGL_Tier_1_Question_Paper_2025_45_Shifts_25th_Sep_2025_Shift_1_EN.pdf,88,1,,,,B
SSC_CGL_Tier_1_Question_Paper_2025_45_Shifts_25th_Sep_2025_Shift_1_EN.pdf,89,1,,,,A
SSC_CGL_Tier_1_Question_Paper_2025_45_Shifts_25th_Sep_2025_Shift_1_EN.pdf,90,1,,,,A
SSC_CGL_Tier_1_Question_Paper_2025_45_Shifts_25th_Sep_2025_Shift_1_EN.pdf,91,1,,,,A
SSC_CGL_Tier_1_Question_Paper_2025_45_Shifts_25th_Sep_2025_Shift_1_EN.pdf,92,1,,,,C
SSC_CGL_Tier_1_Question_Paper_2025_45_Shifts_25th_Sep_2025_Shift_1_EN.pdf,93,1,,,,C
SSC_CGL_Tier_1_Question_Paper_2025_45_Shifts_25th_Sep_2025_Shift_1_EN.pdf,94,1,,,,B
SSC_CGL_Tier_1_Question_Paper_2025_45_Shifts_25th_Sep_2025_Shift_1_EN.pdf,95,1,,,,A
SSC_CGL_Tier_1_Question_Paper_2025_45_Shifts_25th_Sep_2025_Shift_1_EN.pdf,96,1,,,,B
SSC_CGL_Tier_1_Question_Paper_2025_45_Shifts_25th_Sep_2025_Shift_1_EN.pdf,97,1,,,,B
SSC_CGL_Tier_1_Question_Paper_2025_45_Shifts_25th_Sep_2025_Shift_1_EN.pdf,98,1,,,,A
SSC_CGL_Tier_1_Question_Paper_2025_45_Shifts_25th_Sep_2025_Shift_1_EN.pdf,99,1,,,,A
SSC_CGL_Tier_1_Question_Paper_2025_45_Shifts_25th_Sep_2025_Shift_1_EN.pdf,100,1,,,,B
SSC_CGL_Tier_1_Question_Paper_2025_45_Shifts_25th_Sep_2025_Shift_2_EN.pdf,1,1,,,,A
SSC_CGL_Tier_1_Question_Paper_2025_45_Shifts_25th_Sep_2025_Shift_2_EN.pdf,2,1,,,,B
SSC_CGL_Tier_1_Question_Paper_2025_45_Shifts_25th_Sep_2025_Shift_2_EN.pdf,3,1,,,,A
SSC_CGL_Tier_1_Question_Paper_2025_45_Shifts_25th_Sep_2025_Shift_2_EN.pdf,4,1,,,,A
SSC_CGL_Tier_1_Question_Paper_2025_45_Shifts_25th_Sep_2025_Shift_2_EN.pdf,5,1,,,,B
SSC_CGL_Tier_1_Question_Paper_2025_45_Shifts_25th_Sep_2025_Shift_2_EN.pdf,6,1,,,,A
SSC_CGL_Tier_1_Question_Paper_2025_45_Shifts_25th_Sep_2025_Shift_2_EN.pdf,7,1,,,,C
SSC_CGL_Tier_1_Question_Paper_2025_45_Shifts_25th_Sep_2025_Shift_2_EN.pdf,8,1,,,,A
SSC_CGL_Tier_1_Question_Paper_2025_45_Shifts_25th_Sep_2025_Shift_2_EN.pdf,9,1,,,,B
SSC_CGL_Tier_1_Question_Paper_2025_45_Shifts_25th_Sep_2025_Shift_2_EN.pdf,10,1,,,,B
SSC_CGL_Tier_1_Question_Paper_2025_45_Shifts_25th_Sep_2025_Shift_2_EN.pdf,11,1,,,,C
SSC_CGL_Tier_1_Question_Paper_2025_45_Shifts_25th_Sep_2025_Shift_2_EN.pdf,12,1,,,,A
SSC_CGL_Tier_1_Question_Paper_2025_45_Shifts_25th_Sep_2025_Shift_2_EN.pdf,13,1,,,,A
SSC_CGL_Tier_1_Question_Paper_2025_45_Shifts_25th_Sep_2025_Shift_2_EN.pdf,14,1,,,,D
SSC_CGL_Tier_1_Question_Paper_2025_45_Shifts_25th_Sep_2025_Shift_2_EN.pdf,15,1,,,,B
SSC_CGL_Tier_1_Question_Paper_2025_45_Shifts_25th_Sep_2025_Shift_2_EN.pdf,16,1,,,,A
SSC_CGL_Tier_1_Question_Paper_2025_45_Shifts_25th_Sep_2025_Shift_2_EN.pdf,17,1,,,,A
SSC_CGL_Tier_1_Question_Paper_2025_45_Shifts_25th_Sep_2025_Shift_2_EN.pdf,18,1,,,,B
SSC_CGL_Tier_1_Question_Paper_2025_45_Shifts_25th_Sep_2025_Shift_2_EN.pdf,19,1,,,,D
SSC_CGL_Tier_1_Question_Paper_2025_45_Shifts_25th_Sep_2025_Shift_2_EN.pdf,20,1,,,,B
SSC_CGL_Tier_1_Question_Paper_2025_45_Shifts_25th_Sep_2025_Shift_2_EN.pdf,21,1,,,,B
SSC_CGL_Tier_1_Question_Paper_2025_45_Shifts_25th_Sep_2025_Shift_2_EN.pdf,22,1,,,,B
SSC_CGL_Tier_1_Question_Paper_2025_45_Shifts_25th_Sep_2025_Shift_2_EN.pdf,23,1,,,,C
SSC_CGL_Tier_1_Question_Paper_2025_45_Shifts_25th_Sep_2025_Shift_2_EN.pdf,24,1,,,,A
SSC_CGL_Tier_1_Question_Paper_2025_45_Shifts_25th_Sep_2025_Shift_2_EN.pdf,25,1,,,,B
SSC_CGL_Tier_1_Question_Paper_2025_45_Shifts_25th_Sep_2025_Shift_2_EN.pdf,26,1,,,,B
SSC_CGL_Tier_1_Question_Paper_2025_45_Shifts_25th_Sep_2025_Shift_2_EN.pdf,27,1,,,,C
SSC_CGL_Tier_1_Question_Paper_2025_45_Shifts_25th_Sep_2025_Shift_2_EN.pdf,28,1,,,,C
SSC_CGL_Tier_1_Question_Paper_2025_45_Shifts_25th_Sep_2025_Shift_2_EN.pdf,29,1,,,,B
SSC_CGL_Tier_1_Question_Paper_2025_45_Shifts_25th_Sep_2025_Shift_2_EN.pdf,30,1,,,,B
SSC_CGL_Tier_1_Question_Paper_2025_45_Shifts_25th_Sep_2025_Shift_2_EN.pdf,31,1,,,,A
SSC_CGL_Tier_1_Question_Paper_2025_45_Shifts_25th_Sep_2025_Shift_2_EN.pdf,32,1,,,,A
SSC_CGL_Tier_1_Question_Paper_2025_45_Shifts_25th_Sep_2025_Shift_2_EN.pdf,33,1,,,,B
SSC_CGL_Tier_1_Question_Paper_2025_45_Shifts_25th_Sep_2025_Shift_2_EN.pdf,34,1,,,,B
SSC_CGL_Tier_1_Question_Paper_2025_45_Shifts_25th_Sep_2025_Shift_2_EN.pdf,35,1,,,,B
SSC_CGL_Tier_1_Question_Paper_2025_45_Shifts_25th_Sep_2025_Shift_2_EN.pdf,36,1,,,,B
SSC_CGL_Tier_1_Question_Paper_2025_45_Shifts_25th_Sep_2025_Shift_2_EN.pdf,37,1,,,,B
SSC_CGL_Tier_1_Question_Paper_2025_45_Shifts_25th_Sep_2025_Shift_2_EN.pdf,38,1,,,,C
SSC_CGL_Tier_1_Question_Paper_2025_45_Shifts_25th_Sep_2025_Shift_2_EN.pdf,39,1,,,,D
SSC_CGL_Tier_1_Question_Paper_2025_45_Shifts_25th_Sep_2025_Shift_2_EN.pdf,40,1,,,,B
SSC_CGL_Tier_1_Question_Paper_2025_45_Shifts_25th_Sep_2025_Shift_2_EN.pdf,41,1,,,,C
SSC_CGL_Tier_1_Question_Paper_2025_45_Shifts_25th_Sep_2025_Shift_2_EN.pdf,42,1,,,,B
SSC_CGL_Tier_1_Question_Paper_2025_45_Shifts_25th_Sep_2025_Shift_2_EN.pdf,43,1,,,,C
SSC_CGL_Tier_1_Question_Paper_2025_45_Shifts_25th_Sep_2025_Shift_2_EN.pdf,44,1,,,,C
SSC_CGL_Tier_1_Question_Paper_2025_45_Shifts_25th_Sep_2025_Shift_2_EN.pdf,45,1,,,,A
SSC_CGL_Tier_1_Question_Paper_2025_45_Shifts_25th_Sep_2025_Shift_2_EN.pdf,46,1,,,,A
SSC_CGL_Tier_1_Question_Paper_2025_45_Shifts_25th_Sep_2025_Shift_2_EN.pdf,47,1,,,,B
SSC_CGL_Tier_1_Question_Paper_2025_45_Shifts_25th_Sep_2025_Shift_2_EN.pdf,48,1,,,,D
SSC_CGL_Tier_1_Question_Paper_2025_45_Shifts_25th_Sep_2025_Shift_2_EN.pdf,49,1,,,,A
SSC_CGL_Tier_1_Question_Paper_2025_45_Shifts_25th_Sep_2025_Shift_2_EN.pdf,50,1,,,,C
SSC_CGL_Tier_1_Question_Paper_2025_45_Shifts_25th_Sep_2025_Shift_2_EN.pdf,51,1,,,,D
SSC_CGL_Tier_1_Question_Paper_2025_45_Shifts_25th_Sep_2025_Shift_2_EN.pdf,52,1,,,,B
SSC_CGL_Tier_1_Question_Paper_2025_45_Shifts_25th_Sep_2025_Shift_2_EN.pdf,53,1,,,,D
SSC_CGL_Tier_1_Question_Paper_2025_45_Shifts_25th_Sep_2025_Shift_2_EN.pdf,54,1,,,,C
SSC_CGL_Tier_1_Question_Paper_2025_45_Shifts_25th_Sep_2025_Shift_2_EN.pdf,55,1,,,,C
SSC_CGL_Tier_1_Question_Paper_2025_45_Shifts_25th_Sep_2025_Shift_2_EN.pdf,56,1,,,,C
SSC_CGL_Tier_1_Question_Paper_2025_45_Shifts_25th_Sep_2025_Shift_2_EN.pdf,57,1,,,,A
SSC_CGL_Tier_1_Question_Paper_2025_45_Shifts_25th_Sep_2025_Shift_2_EN.pdf,58,1,,,,B
SSC_CGL_Tier_1_Question_Paper_2025_45_Shifts_25th_Sep_2025_Shift_2_EN.pdf,59,1,,,,C
SSC_CGL_Tier_1_Question_Paper_2025_45_Shifts_25th_Sep_2025_Shift_2_EN.pdf,60,1,,,,C
SSC_CGL_Tier_1_Question_Paper_2025_45_Shifts_25th_Sep_2025_Shift_2_EN.pdf,61,1,,,,B
SSC_CGL_Tier_1_Question_Paper_2025_45_Shifts_25th_Sep_2025_Shift_2_EN.pdf,62,1,,,,A
SSC_CGL_Tier_1_Question_Paper_2025_45_Shifts_25th_Sep_2025_Shift_2_EN.pdf,63,1,,,,C
SSC_CGL_Tier_1_Question_Paper_2025_45_Shifts_25th_Sep_2025_Shift_2_EN.pdf,64,1,,,,D
SSC_CGL_Tier_1_Question_Paper_2025_45_Shifts_25th_Sep_2025_Shift_2_EN.pdf,65,1,,,,B
SSC_CGL_Tier_1_Question_Paper_2025_45_Shifts_25th_Sep_2025_Shift_2_EN.pdf,66,1,,,,D
SSC_CGL_Tier_1_Question_Paper_2025_45_Shifts_25th_Sep_2025_Shift_2_EN.pdf,67,1,,,,A
SSC_CGL_Tier_1_Question_Paper_2025_45_Shifts_25th_Sep_2025_Shift_2_EN.pdf,68,1,,,,A
SSC_CGL_Tier_1_Question_Paper_2025_45_Shifts_25th_Sep_2025_Shift_2_EN.pdf,69,1,,,,D
SSC_CGL_Tier_1_Question_Paper_2025_45_Shifts_25th_Sep_2025_Shift_2_EN.pdf,70,1,,,,B
SSC_CGL_Tier_1_Question_Paper_2025_45_Shifts_25th_Sep_2025_Shift_2_EN.pdf,71,1,,,,D
SSC_CGL_Tier_1_Question_Paper_2025_45_Shifts_25th_Sep_2025_Shift_2_EN.pdf,72,1,,,,B
SSC_CGL_Tier_1_Question_Paper_2025_45_Shifts_25th_Sep_2025_Shift_2_EN.pdf,73,1,,,,B
SSC_CGL_Tier_1_Question_Paper_2025_45_Shifts_25th_Sep_2025_Shift_2_EN.pdf,74,1,,,,B
SSC_CGL_Tier_1_Question_Paper_2025_45_Shifts_25th_Sep_2025_Shift_2_EN.pdf,75,1,,,,A
SSC_CGL_Tier_1_Question_Paper_2025_45_Shifts_25th_Sep_2025_Shift_2_EN.pdf,76,1,,,,C
SSC_CGL_Tier_1_Question_Paper_2025_45_Shifts_25th_Sep_2025_Shift_2_EN.pdf,77,1,,,,C
SSC_CGL_Tier_1_Question_Paper_2025_45_Shifts_25th_Sep_2025_Shift_2_EN.pdf,78,1,,,,A
SSC_CGL_Tier_1_Question_Paper_2025_45_Shifts_25th_Sep_2025_Shift_2_EN.pdf,79,1,,,,A
SSC_CGL_Tier_1_Question_Paper_2025_45_Shifts_25th_Sep_2025_Shift_2_EN.pdf,80,1,,,,C
SSC_CGL_Tier_1_Question_Paper_2025_45_Shifts_25th_Sep_2025_Shift_2_EN.pdf,81,1,,,,B
SSC_CGL_Tier_1_Question_Paper_2025_45_Shifts_25th_Sep_2025_Shift_2_EN.pdf,82,1,,,,B
SSC_CGL_Tier_1_Question_Paper_2025_45_Shifts_25th_Sep_2025_Shift_2_EN.pdf,83,1,,,,A
SSC_CGL_Tier_1_Question_Paper_2025_45_Shifts_25th_Sep_2025_Shift_2_EN.pdf,84,1,,,,C
SSC_CGL_Tier_1_Question_Paper_2025_45_Shifts_25th_Sep_2025_Shift_2_EN.pdf,85,1,,,,C
SSC_CGL_Tier_1_Question_Paper_2025_45_Shifts_25th_Sep_2025_Shift_2_EN.pdf,86,1,,,,B
SSC_CGL_Tier_1_Question_Paper_2025_45_Shifts_25th_Sep_2025_Shift_2_EN.pdf,87,1,,,,C
SSC_CGL_Tier_1_Question_Paper_2025_45_Shifts_25th_Sep_2025_Shift_2_EN.pdf,88,1,,,,B
SSC_CGL_Tier_1_Question_Paper_2025_45_Shifts_25th_Sep_2025_Shift_2_EN.pdf,89,1,,,,D
SSC_CGL_Tier_1_Question_Paper_2025_45_Shifts_25th_Sep_2025_Shift_2_EN.pdf,90,1,,,,A
SSC_CGL_Tier_1_Question_Paper_2025_45_Shifts_25th_Sep_2025_Shift_2_EN.pdf,91,1,,,,B
SSC_CGL_Tier_1_Question_Paper_2025_45_Shifts_25th_Sep_2025_Shift_2_EN.pdf,92,1,,,,B
SSC_CGL_Tier_1_Question_Paper_2025_45_Shifts_25th_Sep_2025_Shift_2_EN.pdf,93,1,,,,A
SSC_CGL_Tier_1_Question_Paper_2025_45_Shifts_25th_Sep_2025_Shift_2_EN.pdf,94,1,,,,A
SSC_CGL_Tier_1_Question_Paper_2025_45_Shifts_25th_Sep_2025_Shift_2_EN.pdf,95,1,,,,A
SSC_CGL_Tier_1_Question_Paper_2025_45_Shifts_25th_Sep_2025_Shift_2_EN.pdf,96,1,,,,D
SSC_CGL_Tier_1_Question_Paper_2025_45_Shifts_25th_Sep_2025_Shift_2_EN.pdf,97,1,,,,D
SSC_CGL_Tier_1_Question_Paper_2025_45_Shifts_25th_Sep_2025_Shift_2_EN.pdf,98,1,,,,B
SSC_CGL_Tier_1_Question_Paper_2025_45_Shifts_25th_Sep_2025_Shift_2_EN.pdf,99,1,,,,B
SSC_CGL_Tier_1_Question_Paper_2025_45_Shifts_25th_Sep_2025_Shift_2_EN.pdf,100,1,,,,C
SSC_CGL_Tier_1_Question_Paper_2025_45_Shifts_25th_Sep_2025_Shift_3_EN.pdf,1,1,,,,A
SSC_CGL_Tier_1_Question_Paper_2025_45_Shifts_25th_Sep_2025_Shift_3_EN.pdf,2,1,,,,C
SSC_CGL_Tier_1_Question_Paper_2025_45_Shifts_25th_Sep_2025_Shift_3_EN.pdf,3,1,,,,B
SSC_CGL_Tier_1_Question_Paper_2025_45_Shifts_25th_Sep_2025_Shift_3_EN.pdf,4,1,,,,C
SSC_CGL_Tier_1_Question_Paper_2025_45_Shifts_25th_Sep_2025_Shift_3_EN.pdf,5,1,,,,A
SSC_CGL_Tier_1_Question_Paper_2025_45_Shifts_25th_Sep_2025_Shift_3_EN.pdf,6,1,,,,D
SSC_CGL_Tier_1_Question_Paper_2025_45_Shifts_25th_Sep_2025_Shift_3_EN.pdf,7,1,,,,C
SSC_CGL_Tier_1_Question_Paper_2025_45_Shifts_25th_Sep_2025_Shift_3_EN.pdf,8,1,,,,B
SSC_CGL_Tier_1_Question_Paper_2025_45_Shifts_25th_Sep_2025_Shift_3_EN.pdf,9,1,,,,C
SSC_CGL_Tier_1_Question_Paper_2025_45_Shifts_25th_Sep_2025_Shift_3_EN.pdf,10,1,,,,A
SSC_CGL_Tier_1_Question_Paper_2025_45_Shifts_25th_Sep_2025_Shift_3_EN.pdf,11,1,,,,A
SSC_CGL_Tier_1_Question_Paper_2025_45_Shifts_25th_Sep_2025_Shift_3_EN.pdf,12,1,,,,A
SSC_CGL_Tier_1_Question_Paper_2025_45_Shifts_25th_Sep_2025_Shift_3_EN.pdf,13,1,,,,B
SSC_CGL_Tier_1_Question_Paper_2025_45_Shifts_25th_Sep_2025_Shift_3_EN.pdf,14,1,,,,B
SSC_CGL_Tier_1_Question_Paper_2025_45_Shifts_25th_Sep_2025_Shift_3_EN.pdf,15,1,,,,C
SSC_CGL_Tier_1_Question_Paper_2025_45_Shifts_25th_Sep_2025_Shift_3_EN.pdf,16,1,,,,D
SSC_CGL_Tier_1_Question_Paper_2025_45_Shifts_25th_Sep_2025_Shift_3_EN.pdf,17,1,,,,D
SSC_CGL_Tier_1_Question_Paper_2025_45_Shifts_25th_Sep_2025_Shift_3_EN.pdf,18,1,,,,D
SSC_CGL_Tier_1_Question_Paper_2025_45_Shifts_25th_Sep_2025_Shift_3_EN.pdf,19,1,,,,A
SSC_CGL_Tier_1_Question_Paper_2025_45_Shifts_25th_Sep_2025_Shift_3_EN.pdf,20,1,,,,B
SSC_CGL_Tier_1_Question_Paper_2025_45_Shifts_25th_Sep_2025_Shift_3_EN.pdf,21,1,,,,D
SSC_CGL_Tier_1_Question_Paper_2025_45_Shifts_25th_Sep_2025_Shift_3_EN.pdf,22,1,,,,B
SSC_CGL_Tier_1_Question_Paper_2025_45_Shifts_25th_Sep_2025_Shift_3_EN.pdf,23,1,,,,A
SSC_CGL_Tier_1_Question_Paper_2025_45_Shifts_25th_Sep_2025_Shift_3_EN.pdf,24,1,,,,C
SSC_CGL_Tier_1_Question_Paper_2025_45_Shifts_25th_Sep_2025_Shift_3_EN.pdf,25,1,,,,A
SSC_CGL_Tier_1_Question_Paper_2025_45_Shifts_25th_Sep_2025_Shift_3_EN.pdf,26,1,,,,B
SSC_CGL_Tier_1_Question_Paper_2025_45_Shifts_25th_Sep_2025_Shift_3_EN.pdf,27,1,,,,C
SSC_CGL_Tier_1_Question_Paper_2025_45_Shifts_25th_Sep_2025_Shift_3_EN.pdf,28,1,,,,D
SSC_CGL_Tier_1_Question_Paper_2025_45_Shifts_25th_Sep_2025_Shift_3_EN.pdf,29,1,,,,C
SSC_CGL_Tier_1_Question_Paper_2025_45_Shifts_25th_Sep_2025_Shift_3_EN.pdf,30,1,,,,A
SSC_CGL_Tier_1_Question_Paper_2025_45_Shifts_25th_Sep_2025_Shift_3_EN.pdf,31,1,,,,B
SSC_CGL_Tier_1_Question_Paper_2025_45_Shifts_25th_Sep_2025_Shift_3_EN.pdf,32,1,,,,B
SSC_CGL_Tier_1_Question_Paper_2025_45_Shifts_25th_Sep_2025_Shift_3_EN.pdf,33,1,,,,C
SSC_CGL_Tier_1_Question_Paper_2025_45_Shifts_25th_Sep_2025_Shift_3_EN.pdf,34,1,,,,A
SSC_CGL_Tier_1_Question_Paper_2025_45_Shifts_25th_Sep_2025_Shift_3_EN.pdf,35,1,,,,B
SSC_CGL_Tier_1_Question_Paper_2025_45_Shifts_25th_Sep_2025_Shift_3_EN.pdf,36,1,,,,A
SSC_CGL_Tier_1_Question_Paper_2025_45_Shifts_25th_Sep_2025_Shift_3_EN.pdf,37,1,,,,B
SSC_CGL_Tier_1_Question_Paper_2025_45_Shifts_25th_Sep_2025_Shift_3_EN.pdf,38,1,,,,C
SSC_CGL_Tier_1_Question_Paper_2025_45_Shifts_25th_Sep_2025_Shift_3_EN.pdf,39,1,,,,B
SSC_CGL_Tier_1_Question_Paper_2025_45_Shifts_25th_Sep_2025_Shift_3_EN.pdf,40,1,,,,C
SSC_CGL_Tier_1_Question_Paper_2025_45_Shifts_25th_Sep_2025_Shift_3_EN.pdf,41,1,,,,B
SSC_CGL_Tier_1_Question_Paper_2025_45_Shifts_25th_Sep_2025_Shift_3_EN.pdf,42,1,,,,A
SSC_CGL_Tier_1_Question_Paper_2025_45_Shifts_25th_Sep_2025_Shift_3_EN.pdf,43,1,,,,A
SSC_CGL_Tier_1_Question_Paper_2025_45_Shifts_25th_Sep_2025_Shift_3_EN.pdf,44,1,,,,C
SSC_CGL_Tier_1_Question_Paper_2025_45_Shifts_25th_Sep_2025_Shift_3_EN.pdf,45,1,,,,A
SSC_CGL_Tier_1_Question_Paper_2025_45_Shifts_25th_Sep_2025_Shift_3_EN.pdf,46,1,,,,B
SSC_CGL_Tier_1_Question_Paper_2025_45_Shifts_25th_Sep_2025_Shift_3_EN.pdf,47,1,,,,B
SSC_CGL_Tier_1_Question_Paper_2025_45_Shifts_25th_Sep_2025_Shift_3_EN.pdf,48,1,,,,A
SSC_CGL_Tier_1_Question_Paper_2025_45_Shifts_25th_Sep_2025_Shift_3_EN.pdf,49,1,,,,C
SSC_CGL_Tier_1_Question_Paper_2025_45_Shifts_25th_Sep_2025_Shift_3_EN.pdf,50,1,,,,A
SSC_CGL_Tier_1_Question_Paper_2025_45_Shifts_25th_Sep_2025_Shift_3_EN.pdf,51,1,,,,B
SSC_CGL_Tier_1_Question_Paper_2025_45_Shifts_25th_Sep_2025_Shift_3_EN.pdf,52,1,,,,A
SSC_CGL_Tier_1_Question_Paper_2025_45_Shifts_25th_Sep_2025_Shift_3_EN.pdf,53,1,,,,C
SSC_CGL_Tier_1_Question_Paper_2025_45_Shifts_25th_Sep_2025_Shift_3_EN.pdf,54,1,,,,A
SSC_CGL_Tier_1_Question_Paper_2025_45_Shifts_25th_Sep_2025_Shift_3_EN.pdf,55,1,,,,B
SSC_CGL_Tier_1_Question_Paper_2025_45_Shifts_25th_Sep_2025_Shift_3_EN.pdf,56,1,,,,D
SSC_CGL_Tier_1_Question_Paper_2025_45_Shifts_25th_Sep_2025_Shift_3_EN.pdf,57,1,,,,B
SSC_CGL_Tier_1_Question_Paper_2025_45_Shifts_25th_Sep_2025_Shift_3_EN.pdf,58,1,,,,D
SSC_CGL_Tier_1_Question_Paper_2025_45_Shifts_25th_Sep_2025_Shift_3_EN.pdf,59,1,,,,C
SSC_CGL_Tier_1_Question_Paper_2025_45_Shifts_25th_Sep_2025_Shift_3_EN.pdf,60,1,,,,A
SSC_CGL_Tier_1_Question_Paper_2025_45_Shifts_25th_Sep_2025_Shift_3_EN.pdf,61,1,,,,D
SSC_CGL_Tier_1_Question_Paper_2025_45_Shifts_25th_Sep_2025_Shift_3_EN.pdf,62,1,,,,B
SSC_CGL_Tier_1_Question_Paper_2025_45_Shifts_25th_Sep_2025_Shift_3_EN.pdf,63,1,,,,C
SSC_CGL_Tier_1_Question_Paper_2025_45_Shifts_25th_Sep_2025_Shift_3_EN.pdf,64,1,,,,B
SSC_CGL_Tier_1_Question_Paper_2025_45_Shifts_25th_Sep_2025_Shift_3_EN.pdf,65,1,,,,B
SSC_CGL_Tier_1_Question_Paper_2025_45_Shifts_25th_Sep_2025_Shift_3_EN.pdf,66,1,,,,B
SSC_CGL_Tier_1_Question_Paper_2025_45_Shifts_25th_Sep_2025_Shift_3_EN.pdf,67,1,,,,C
SSC_CGL_Tier_1_Question_Paper_2025_45_Shifts_25th_Sep_2025_Shift_3_EN.pdf,68,1,,,,C
SSC_CGL_Tier_1_Question_Paper_2025_45_Shifts_25th_Sep_2025_Shift_3_EN.pdf,69,1,,,,C
SSC_CGL_Tier_1_Question_Paper_2025_45_Shifts_25th_Sep_2025_Shift_3_EN.pdf,70,1,,,,B
SSC_CGL_Tier_1_Question_Paper_2025_45_Shifts_25th_Sep_2025_Shift_3_EN.pdf,71,1,,,,C
SSC_CGL_Tier_1_Question_Paper_2025_45_Shifts_25th_Sep_2025_Shift_3_EN.pdf,72,1,,,,D
SSC_CGL_Tier_1_Question_Paper_2025_45_Shifts_25th_Sep_2025_Shift_3_EN.pdf,73,1,,,,B
SSC_CGL_Tier_1_Question_Paper_2025_45_Shifts_25th_Sep_2025_Shift_3_EN.pdf,74,1,,,,C
SSC_CGL_Tier_1_Question_Paper_2025_45_Shifts_25th_Sep_2025_Shift_3_EN.pdf,75,1,,,,A
SSC_CGL_Tier_1_Question_Paper_2025_45_Shifts_25th_Sep_2025_Shift_3_EN.pdf,76,1,,,,A
SSC_CGL_Tier_1_Question_Paper_2025_45_Shifts_25th_Sep_2025_Shift_3_EN.pdf,77,1,,,,C
SSC_CGL_Tier_1_Question_Paper_2025_45_Shifts_25th_Sep_2025_Shift_3_EN.pdf,78,1,,,,B
SSC_CGL_Tier_1_Question_Paper_2025_45_Shifts_25th_Sep_2025_Shift_3_EN.pdf,79,1,,,,C
SSC_CGL_Tier_1_Question_Paper_2025_45_Shifts_25th_Sep_2025_Shift_3_EN.pdf,80,1,,,,C
SSC_CGL_Tier_1_Question_Paper_2025_45_Shifts_25th_Sep_2025_Shift_3_EN.pdf,81,1,,,,C
SSC_CGL_Tier_1_Question_Paper_2025_45_Shifts_25th_Sep_2025_Shift_3_EN.pdf,82,1,,,,A
SSC_CGL_Tier_1_Question_Paper_2025_45_Shifts_25th_Sep_2025_Shift_3_EN.pdf,83,1,,,,B
SSC_CGL_Tier_1_Question_Paper_2025_45_Shifts_25th_Sep_2025_Shift_3_EN.pdf,84,1,,,,D
SSC_CGL_Tier_1_Question_Paper_2025_45_Shifts_25th_Sep_2025_Shift_3_EN.pdf,85,1,,,,B
SSC_CGL_Tier_1_Question_Paper_2025_45_Shifts_25th_Sep_2025_Shift_3_EN.pdf,86,1,,,,A
SSC_CGL_Tier_1_Question_Paper_2025_45_Shifts_25th_Sep_2025_Shift_3_EN.pdf,87,1,,,,B
SSC_CGL_Tier_1_Question_Paper_2025_45_Shifts_25th_Sep_2025_Shift_3_EN.pdf,88,1,,,,A
SSC_CGL_Tier_1_Question_Paper_2025_45_Shifts_25th_Sep_2025_Shift_3_EN.pdf,89,1,,,,B
SSC_CGL_Tier_1_Question_Paper_2025_45_Shifts_25th_Sep_2025_Shift_3_EN.pdf,90,1,,,,A
SSC_CGL_Tier_1_Question_Paper_2025_45_Shifts_25th_Sep_2025_Shift_3_EN.pdf,91,1,,,,C
SSC_CGL_Tier_1_Question_Paper_2025_45_Shifts_25th_Sep_2025_Shift_3_EN.pdf,92,1,,,,C
SSC_CGL_Tier_1_Question_Paper_2025_45_Shifts_25th_Sep_2025_Shift_3_EN.pdf,93,1,,,,B
SSC_CGL_Tier_1_Question_Paper_2025_45_Shifts_25th_Sep_2025_Shift_3_EN.pdf,94,1,,,,C
SSC_CGL_Tier_1_Question_Paper_2025_45_Shifts_25th_Sep_2025_Shift_3_EN.pdf,95,1,,,,A
SSC_CGL_Tier_1_Question_Paper_2025_45_Shifts_25th_Sep_2025_Shift_3_EN.pdf,96,1,,,,A
SSC_CGL_Tier_1_Question_Paper_2025_45_Shifts_25th_Sep_2025_Shift_3_EN.pdf,97,1,,,,A
SSC_CGL_Tier_1_Question_Paper_2025_45_Shifts_25th_Sep_2025_Shift_3_EN.pdf,98,1,,,,B
SSC_CGL_Tier_1_Question_Paper_2025_45_Shifts_25th_Sep_2025_Shift_3_EN.pdf,99,1,,,,C
SSC_CGL_Tier_1_Question_Paper_2025_45_Shifts_25th_Sep_2025_Shift_3_EN.pdf,100,1,,,,B
SSC_CGL_Tier_1_Question_Paper_2025_45_Shifts_26th_Sep_2025_Shift_1_EN.pdf,1,1,,,,C
SSC_CGL_Tier_1_Question_Paper_2025_45_Shifts_26th_Sep_2025_Shift_1_EN.pdf,2,1,,,,A
SSC_CGL_Tier_1_Question_Paper_2025_45_Shifts_26th_Sep_2025_Shift_1_EN.pdf,3,1,,,,D
SSC_CGL_Tier_1_Question_Paper_2025_45_Shifts_26th_Sep_2025_Shift_1_EN.pdf,4,1,,,,C
SSC_CGL_Tier_1_Question_Paper_2025_45_Shifts_26th_Sep_2025_Shift_1_EN.pdf,5,1,,,,D
SSC_CGL_Tier_1_Question_Paper_2025_45_Shifts_26th_Sep_2025_Shift_1_EN.pdf,6,1,,,,A
SSC_CGL_Tier_1_Question_Paper_2025_45_Shifts_26th_Sep_2025_Shift_1_EN.pdf,7,1,,,,B
SSC_CGL_Tier_1_Question_Paper_2025_45_Shifts_26th_Sep_2025_Shift_1_EN.pdf,8,1,,,,D
SSC_CGL_Tier_1_Question_Paper_2025_45_Shifts_26th_Sep_2025_Shift_1_EN.pdf,9,1,,,,A
SSC_CGL_Tier_1_Question_Paper_2025_45_Shifts_26th_Sep_2025_Shift_1_EN.pdf,10,1,,,,D
SSC_CGL_Tier_1_Question_Paper_2025_45_Shifts_26th_Sep_2025_Shift_1_EN.pdf,11,1,,,,A
SSC_CGL_Tier_1_Question_Paper_2025_45_Shifts_26th_Sep_2025_Shift_1_EN.pdf,12,1,,,,A
SSC_CGL_Tier_1_Question_Paper_2025_45_Shifts_26th_Sep_2025_Shift_1_EN.pdf,13,1,,,,A
SSC_CGL_Tier_1_Question_Paper_2025_45_Shifts_26th_Sep_2025_Shift_1_EN.pdf,14,1,,,,B
SSC_CGL_Tier_1_Question_Paper_2025_45_Shifts_26th_Sep_2025_Shift_1_EN.pdf,15,1,,,,D
SSC_CGL_Tier_1_Question_Paper_2025_45_Shifts_26th_Sep_2025_Shift_1_EN.pdf,16,1,,,,C
SSC_CGL_Tier_1_Question_Paper_2025_45_Shifts_26th_Sep_2025_Shift_1_EN.pdf,17,1,,,,C
SSC_CGL_Tier_1_Question_Paper_2025_45_Shifts_26th_Sep_2025_Shift_1_EN.pdf,18,1,,,,B
SSC_CGL_Tier_1_Question_Paper_2025_45_Shifts_26th_Sep_2025_Shift_1_EN.pdf,19,1,,,,B
SSC_CGL_Tier_1_Question_Paper_2025_45_Shifts_26th_Sep_2025_Shift_1_EN.pdf,20,1,,,,A
SSC_CGL_Tier_1_Question_Paper_2025_45_Shifts_26th_Sep_2025_Shift_1_EN.pdf,21,1,,,,B
SSC_CGL_Tier_1_Question_Paper_2025_45_Shifts_26th_Sep_2025_Shift_1_EN.pdf,22,1,,,,C
SSC_CGL_Tier_1_Question_Paper_2025_45_Shifts_26th_Sep_2025_Shift_1_EN.pdf,23,1,,,,A
SSC_CGL_Tier_1_Question_Paper_2025_45_Shifts_26th_Sep_2025_Shift_1_EN.pdf,24,1,,,,C
SSC_CGL_Tier_1_Question_Paper_2025_45_Shifts_26th_Sep_2025_Shift_1_EN.pdf,25,1,,,,A
SSC_CGL_Tier_1_Question_Paper_2025_45_Shifts_26th_Sep_2025_Shift_1_EN.pdf,26,1,,,,B
SSC_CGL_Tier_1_Question_Paper_2025_45_Shifts_26th_Sep_2025_Shift_1_EN.pdf,27,1,,,,D
SSC_CGL_Tier_1_Question_Paper_2025_45_Shifts_26th_Sep_2025_Shift_1_EN.pdf,28,1,,,,D
SSC_CGL_Tier_1_Question_Paper_2025_45_Shifts_26th_Sep_2025_Shift_1_EN.pdf,29,1,,,,A
SSC_CGL_Tier_1_Question_Paper_2025_45_Shifts_26th_Sep_2025_Shift_1_EN.pdf,30,1,,,,D
SSC_CGL_Tier_1_Question_Paper_2025_45_Shifts_26th_Sep_2025_Shift_1_EN.pdf,31,1,,,,A
SSC_CGL_Tier_1_Question_Paper_2025_45_Shifts_26th_Sep_2025_Shift_1_EN.pdf,32,1,,,,B
SSC_CGL_Tier_1_Question_Paper_2025_45_Shifts_26th_Sep_2025_Shift_1_EN.pdf,33,1,,,,C
SSC_CGL_Tier_1_Question_Paper_2025_45_Shifts_26th_Sep_2025_Shift_1_EN.pdf,34,1,,,,D
SSC_CGL_Tier_1_Question_Paper_2025_45_Shifts_26th_Sep_2025_Shift_1_EN.pdf,35,1,,,,C
SSC_CGL_Tier_1_Question_Paper_2025_45_Shifts_26th_Sep_2025_Shift_1_EN.pdf,36,1,,,,D
SSC_CGL_Tier_1_Question_Paper_2025_45_Shifts_26th_Sep_2025_Shift_1_EN.pdf,37,1,,,,C
SSC_CGL_Tier_1_Question_Paper_2025_45_Shifts_26th_Sep_2025_Shift_1_EN.pdf,38,1,,,,B
SSC_CGL_Tier_1_Question_Paper_2025_45_Shifts_26th_Sep_2025_Shift_1_EN.pdf,39,1,,,,C
SSC_CGL_Tier_1_Question_Paper_2025_45_Shifts_26th_Sep_2025_Shift_1_EN.pdf,40,1,,,,C
SSC_CGL_Tier_1_Question_Paper_2025_45_Shifts_26th_Sep_2025_Shift_1_EN.pdf,41,1,,,,B
SSC_CGL_Tier_1_Question_Paper_2025_45_Shifts_26th_Sep_2025_Shift_1_EN.pdf,42,1,,,,A
SSC_CGL_Tier_1_Question_Paper_2025_45_Shifts_26th_Sep_2025_Shift_1_EN.pdf,43,1,,,,A
SSC_CGL_Tier_1_Question_Paper_2025_45_Shifts_26th_Sep_2025_Shift_1_EN.pdf,44,1,,,,A
SSC_CGL_Tier_1_Question_Paper_2025_45_Shifts_26th_Sep_2025_Shift_1_EN.pdf,45,1,,,,D
SSC_CGL_Tier_1_Question_Paper_2025_45_Shifts_26th_Sep_2025_Shift_1_EN.pdf,46,1,,,,B
SSC_CGL_Tier_1_Question_Paper_2025_45_Shifts_26th_Sep_2025_Shift_1_EN.pdf,47,1,,,,B
SSC_CGL_Tier_1_Question_Paper_2025_45_Shifts_26th_Sep_2025_Shift_1_EN.pdf,48,1,,,,B
SSC_CGL_Tier_1_Question_Paper_2025_45_Shifts_26th_Sep_2025_Shift_1_EN.pdf,49,1,,,,B
SSC_CGL_Tier_1_Question_Paper_2025_45_Shifts_26th_Sep_2025_Shift_1_EN.pdf,50,1,,,,B
SSC_CGL_Tier_1_Question_Paper_2025_45_Shifts_26th_Sep_2025_Shift_1_EN.pdf,51,1,,,,C
SSC_CGL_Tier_1_Question_Paper_2025_45_Shifts_26th_Sep_2025_Shift_1_EN.pdf,52,1,,,,A
SSC_CGL_Tier_1_Question_Paper_2025_45_Shifts_26th_Sep_2025_Shift_1_EN.pdf,53,1,,,,C
SSC_CGL_Tier_1_Question_Paper_2025_45_Shifts_26th_Sep_2025_Shift_1_EN.pdf,54,1,,,,C
SSC_CGL_Tier_1_Question_Paper_2025_45_Shifts_26th_Sep_2025_Shift_1_EN.pdf,55,1,,,,B
SSC_CGL_Tier_1_Question_Paper_2025_45_Shifts_26th_Sep_2025_Shift_1_EN.pdf,56,1,,,,C
SSC_CGL_Tier_1_Question_Paper_2025_45_Shifts_26th_Sep_2025_Shift_1_EN.pdf,57,1,,,,A
SSC_CGL_Tier_1_Question_Paper_2025_45_Shifts_26th_Sep_2025_Shift_1_EN.pdf,58,1,,,,C
SSC_CGL_Tier_1_Question_Paper_2025_45_Shifts_26th_Sep_2025_Shift_1_EN.pdf,59,1,,,,B
SSC_CGL_Tier_1_Question_Paper_2025_45_Shifts_26th_Sep_2025_Shift_1_EN.pdf,60,1,,,,B
SSC_CGL_Tier_1_Question_Paper_2025_45_Shifts_26th_Sep_2025_Shift_1_EN.pdf,61,1,,,,A
SSC_CGL_Tier_1_Question_Paper_2025_45_Shifts_26th_Sep_2025_Shift_1_EN.pdf,62,1,,,,D
SSC_CGL_Tier_1_Question_Paper_2025_45_Shifts_26th_Sep_2025_Shift_1_EN.pdf,63,1,,,,A
SSC_CGL_Tier_1_Question_Paper_2025_45_Shifts_26th_Sep_2025_Shift_1_EN.pdf,64,1,,,,D
SSC_CGL_Tier_1_Question_Paper_2025_45_Shifts_26th_Sep_2025_Shift_1_EN.pdf,65,1,,,,A
SSC_CGL_Tier_1_Question_Paper_2025_45_Shifts_26th_Sep_2025_Shift_1_EN.pdf,66,1,,,,C
SSC_CGL_Tier_1_Question_Paper_2025_45_Shifts_26th_Sep_2025_Shift_1_EN.pdf,67,1,,,,B
SSC_CGL_Tier_1_Question_Paper_2025_45_Shifts_26th_Sep_2025_Shift_1_EN.pdf,68,1,,,,D
SSC_CGL_Tier_1_Question_Paper_2025_45_Shifts_26th_Sep_2025_Shift_1_EN.pdf,69,1,,,,A
SSC_CGL_Tier_1_Question_Paper_2025_45_Shifts_26th_Sep_2025_Shift_1_EN.pdf,70,1,,,,B
SSC_CGL_Tier_1_Question_Paper_2025_45_Shifts_26th_Sep_2025_Shift_1_EN.pdf,71,1,,,,C
SSC_CGL_Tier_1_Question_Paper_2025_45_Shifts_26th_Sep_2025_Shift_1_EN.pdf,72,1,,,,A
SSC_CGL_Tier_1_Question_Paper_2025_45_Shifts_26th_Sep_2025_Shift_1_EN.pdf,73,1,,,,B
SSC_CGL_Tier_1_Question_Paper_2025_45_Shifts_26th_Sep_2025_Shift_1_EN.pdf,74,1,,,,A
SSC_CGL_Tier_1_Question_Paper_2025_45_Shifts_26th_Sep_2025_Shift_1_EN.pdf,75,1,,,,D
SSC_CGL_Tier_1_Question_Paper_2025_45_Shifts_26th_Sep_2025_Shift_1_EN.pdf,76,1,,,,B
SSC_CGL_Tier_1_Question_Paper_2025_45_Shifts_26th_Sep_2025_Shift_1_EN.pdf,77,1,,,,C
SSC_CGL_Tier_1_Question_Paper_2025_45_Shifts_26th_Sep_2025_Shift_1_EN.pdf,78,1,,,,A
SSC_CGL_Tier_1_Question_Paper_2025_45_Shifts_26th_Sep_2025_Shift_1_EN.pdf,79,1,,,,B
SSC_CGL_Tier_1_Question_Paper_2025_45_Shifts_26th_Sep_2025_Shift_1_EN.pdf,80,1,,,,B
SSC_CGL_Tier_1_Question_Paper_2025_45_Shifts_26th_Sep_2025_Shift_1_EN.pdf,81,1,,,,A
SSC_CGL_Tier_1_Question_Paper_2025_45_Shifts_26th_Sep_2025_Shift_1_EN.pdf,82,1,,,,D
SSC_CGL_Tier_1_Question_Paper_2025_45_Shifts_26th_Sep_2025_Shift_1_EN.pdf,83,1,,,,D
SSC_CGL_Tier_1_Question_Paper_2025_45_Shifts_26th_Sep_2025_Shift_1_EN.pdf,84,1,,,,A
SSC_CGL_Tier_1_Question_Paper_2025_45_Shifts_26th_Sep_2025_Shift_1_EN.pdf,85,1,,,,C
SSC_CGL_Tier_1_Question_Paper_2025_45_Shifts_26th_Sep_2025_Shift_1_EN.pdf,86,1,,,,D
SSC_CGL_Tier_1_Question_Paper_2025_45_Shifts_26th_Sep_2025_Shift_1_EN.pdf,87,1,,,,A
SSC_CGL_Tier_1_Question_Paper_2025_45_Shifts_26th_Sep_2025_Shift_1_EN.pdf,88,1,,,,B
SSC_CGL_Tier_1_Question_Paper_2025_45_Shifts_26th_Sep_2025_Shift_1_EN.pdf,89,1,,,,A
SSC_CGL_Tier_1_Question_Paper_2025_45_Shifts_26th_Sep_2025_Shift_1_EN.pdf,90,1,,,,C
SSC_CGL_Tier_1_Question_Paper_2025_45_Shifts_26th_Sep_2025_Shift_1_EN.pdf,91,1,,,,B
SSC_CGL_Tier_1_Question_Paper_2025_45_Shifts_26th_Sep_2025_Shift_1_EN.pdf,92,1,,,,B
SSC_CGL_Tier_1_Question_Paper_2025_45_Shifts_26th_Sep_2025_Shift_1_EN.pdf,93,1,,,,C
SSC_CGL_Tier_1_Question_Paper_2025_45_Shifts_26th_Sep_2025_Shift_1_EN.pdf,94,1,,,,B
SSC_CGL_Tier_1_Question_Paper_2025_45_Shifts_26th_Sep_2025_Shift_1_EN.pdf,95,1,,,,B
SSC_CGL_Tier_1_Question_Paper_2025_45_Shifts_26th_Sep_2025_Shift_1_EN.pdf,96,1,,,,B
SSC_CGL_Tier_1_Question_Paper_2025_45_Shifts_26th_Sep_2025_Shift_1_EN.pdf,97,1,,,,C
SSC_CGL_Tier_1_Question_Paper_2025_45_Shifts_26th_Sep_2025_Shift_1_EN.pdf,98,1,,,,B
SSC_CGL_Tier_1_Question_Paper_2025_45_Shifts_26th_Sep_2025_Shift_1_EN.pdf,99,1,,,,A
SSC_CGL_Tier_1_Question_Paper_2025_45_Shifts_26th_Sep_2025_Shift_1_EN.pdf,100,1,,,,B
SSC_CGL_Tier_1_Question_Paper_2025_45_Shifts_26th_Sep_2025_Shift_2_EN.pdf,1,1,,,,A
SSC_CGL_Tier_1_Question_Paper_2025_45_Shifts_26th_Sep_2025_Shift_2_EN.pdf,2,1,,,,B
SSC_CGL_Tier_1_Question_Paper_2025_45_Shifts_26th_Sep_2025_Shift_2_EN.pdf,3,1,,,,A
SSC_CGL_Tier_1_Question_Paper_2025_45_Shifts_26th_Sep_2025_Shift_2_EN.pdf,4,1,,,,A
SSC_CGL_Tier_1_Question_Paper_2025_45_Shifts_26th_Sep_2025_Shift_2_EN.pdf,5,1,,,,C
SSC_CGL_Tier_1_Question_Paper_2025_45_Shifts_26th_Sep_2025_Shift_2_EN.pdf,6,1,,,,D
SSC_CGL_Tier_1_Question_Paper_2025_45_Shifts_26th_Sep_2025_Shift_2_EN.pdf,7,1,,,,B
SSC_CGL_Tier_1_Question_Paper_2025_45_Shifts_26th_Sep_2025_Shift_2_EN.pdf,8,1,,,,B
SSC_CGL_Tier_1_Question_Paper_2025_45_Shifts_26th_Sep_2025_Shift_2_EN.pdf,9,1,,,,D
SSC_CGL_Tier_1_Question_Paper_2025_45_Shifts_26th_Sep_2025_Shift_2_EN.pdf,10,1,,,,C
SSC_CGL_Tier_1_Question_Paper_2025_45_Shifts_26th_Sep_2025_Shift_2_EN.pdf,11,1,,,,A
SSC_CGL_Tier_1_Question_Paper_2025_45_Shifts_26th_Sep_2025_Shift_2_EN.pdf,12,1,,,,A
SSC_CGL_Tier_1_Question_Paper_2025_45_Shifts_26th_Sep_2025_Shift_2_EN.pdf,13,1,,,,A
SSC_CGL_Tier_1_Question_Paper_2025_45_Shifts_26th_Sep_2025_Shift_2_EN.pdf,14,1,,,,C
SSC_CGL_Tier_1_Question_Paper_2025_45_Shifts_26th_Sep_2025_Shift_2_EN.pdf,15,1,,,,B
SSC_CGL_Tier_1_Question_Paper_2025_45_Shifts_26th_Sep_2025_Shift_2_EN.pdf,16,1,,,,A
SSC_CGL_Tier_1_Question_Paper_2025_45_Shifts_26th_Sep_2025_Shift_2_EN.pdf,17,1,,,,A
SSC_CGL_Tier_1_Question_Paper_2025_45_Shifts_26th_Sep_2025_Shift_2_EN.pdf,18,1,,,,A
SSC_CGL_Tier_1_Question_Paper_2025_45_Shifts_26th_Sep_2025_Shift_2_EN.pdf,19,1,,,,A
SSC_CGL_Tier_1_Question_Paper_2025_45_Shifts_26th_Sep_2025_Shift_2_EN.pdf,20,1,,,,B
SSC_CGL_Tier_1_Question_Paper_2025_45_Shifts_26th_Sep_2025_Shift_2_EN.pdf,21,1,,,,C
SSC_CGL_Tier_1_Question_Paper_2025_45_Shifts_26th_Sep_2025_Shift_2_EN.pdf,22,1,,,,A
SSC_CGL_Tier_1_Question_Paper_2025_45_Shifts_26th_Sep_2025_Shift_2_EN.pdf,23,1,,,,C
SSC_CGL_Tier_1_Question_Paper_2025_45_Shifts_26th_Sep_2025_Shift_2_EN.pdf,24,1,,,,B
SSC_CGL_Tier_1_Question_Paper_2025_45_Shifts_26th_Sep_2025_Shift_2_EN.pdf,25,1,,,,A
SSC_CGL_Tier_1_Question_Paper_2025_45_Shifts_26th_Sep_2025_Shift_2_EN.pdf,26,1,,,,A
SSC_CGL_Tier_1_Question_Paper_2025_45_Shifts_26th_Sep_2025_Shift_2_EN.pdf,27,1,,,,B
SSC_CGL_Tier_1_Question_Paper_2025_45_Shifts_26th_Sep_2025_Shift_2_EN.pdf,28,1,,,,C
SSC_CGL_Tier_1_Question_Paper_2025_45_Shifts_26th_Sep_2025_Shift_2_EN.pdf,29,1,,,,B
SSC_CGL_Tier_1_Question_Paper_2025_45_Shifts_26th_Sep_2025_Shift_2_EN.pdf,30,1,,,,A
SSC_CGL_Tier_1_Question_Paper_2025_45_Shifts_26th_Sep_2025_Shift_2_EN.pdf,31,1,,,,A
SSC_CGL_Tier_1_Question_Paper_2025_45_Shifts_26th_Sep_2025_Shift_2_EN.pdf,32,1,,,,B
SSC_CGL_Tier_1_Question_Paper_2025_45_Shifts_26th_Sep_2025_Shift_2_EN.pdf,33,1,,,,C
SSC_CGL_Tier_1_Question_Paper_2025_45_Shifts_26th_Sep_2025_Shift_2_EN.pdf,34,1,,,,B
SSC_CGL_Tier_1_Question_Paper_2025_45_Shifts_26th_Sep_2025_Shift_2_EN.pdf,35,1,,,,B
SSC_CGL_Tier_1_Question_Paper_2025_45_Shifts_26th_Sep_2025_Shift_2_EN.pdf,36,1,,,,C
SSC_CGL_Tier_1_Question_Paper_2025_45_Shifts_26th_Sep_2025_Shift_2_EN.pdf,37,1,,,,C
SSC_CGL_Tier_1_Question_Paper_2025_45_Shifts_26th_Sep_2025_Shift_2_EN.pdf,38,1,,,,C
SSC_CGL_Tier_1_Question_Paper_2025_45_Shifts_26th_Sep_2025_Shift_2_EN.pdf,39,1,,,,A
SSC_CGL_Tier_1_Question_Paper_2025_45_Shifts_26th_Sep_2025_Shift_2_EN.pdf,40,1,,,,A
SSC_CGL_Tier_1_Question_Paper_2025_45_Shifts_26th_Sep_2025_Shift_2_EN.pdf,41,1,,,,B
SSC_CGL_Tier_1_Question_Paper_2025_45_Shifts_26th_Sep_2025_Shift_2_EN.pdf,42,1,,,,A
SSC_CGL_Tier_1_Question_Paper_2025_45_Shifts_26th_Sep_2025_Shift_2_EN.pdf,43,1,,,,C
SSC_CGL_Tier_1_Question_Paper_2025_45_Shifts_26th_Sep_2025_Shift_2_EN.pdf,44,1,,,,A
SSC_CGL_Tier_1_Question_Paper_2025_45_Shifts_26th_Sep_2025_Shift_2_EN.pdf,45,1,,,,B
SSC_CGL_Tier_1_Question_Paper_2025_45_Shifts_26th_Sep_2025_Shift_2_EN.pdf,46,1,,,,B
SSC_CGL_Tier_1_Question_Paper_2025_45_Shifts_26th_Sep_2025_Shift_2_EN.pdf,47,1,,,,B
SSC_CGL_Tier_1_Question_Paper_2025_45_Shifts_26th_Sep_2025_Shift_2_EN.pdf,48,1,,,,C
SSC_CGL_Tier_1_Question_Paper_2025_45_Shifts_26th_Sep_2025_Shift_2_EN.pdf,49,1,,,,C
SSC_CGL_Tier_1_Question_Paper_2025_45_Shifts_26th_Sep_2025_Shift_2_EN.pdf,50,1,,,,B
SSC_CGL_Tier_1_Question_Paper_2025_45_Shifts_26th_Sep_2025_Shift_2_EN.pdf,51,1,,,,A
SSC_CGL_Tier_1_Question_Paper_2025_45_Shifts_26th_Sep_2025_Shift_2_EN.pdf,52,1,,,,C
SSC_CGL_Tier_1_Question_Paper_2025_45_Shifts_26th_Sep_2025_Shift_2_EN.pdf,53,1,,,,A
SSC_CGL_Tier_1_Question_Paper_2025_45_Shifts_26th_Sep_2025_Shift_2_EN.pdf,54,1,,,,C
SSC_CGL_Tier_1_Question_Paper_2025_45_Shifts_26th_Sep_2025_Shift_2_EN.pdf,55,1,,,,D
SSC_CGL_Tier_1_Question_Paper_2025_45_Shifts_26th_Sep_2025_Shift_2_EN.pdf,56,1,,,,A
SSC_CGL_Tier_1_Question_Paper_2025_45_Shifts_26th_Sep_2025_Shift_2_EN.pdf,57,1,,,,A
SSC_CGL_Tier_1_Question_Paper_2025_45_Shifts_26th_Sep_2025_Shift_2_EN.pdf,58,1,,,,A
SSC_CGL_Tier_1_Question_Paper_2025_45_Shifts_26th_Sep_2025_Shift_2_EN.pdf,59,1,,,,C
SSC_CGL_Tier_1_Question_Paper_2025_45_Shifts_26th_Sep_2025_Shift_2_EN.pdf,60,1,,,,A
SSC_CGL_Tier_1_Question_Paper_2025_45_Shifts_26th_Sep_2025_Shift_2_EN.pdf,61,1,,,,B
SSC_CGL_Tier_1_Question_Paper_2025_45_Shifts_26th_Sep_2025_Shift_2_EN.pdf,62,1,,,,C
SSC_CGL_Tier_1_Question_Paper_2025_45_Shifts_26th_Sep_2025_Shift_2_EN.pdf,63,1,,,,C
SSC_CGL_Tier_1_Question_Paper_2025_45_Shifts_26th_Sep_2025_Shift_2_EN.pdf,64,1,,,,C
SSC_CGL_Tier_1_Question_Paper_2025_45_Shifts_26th_Sep_2025_Shift_2_EN.pdf,65,1,,,,A
SSC_CGL_Tier_1_Question_Paper_2025_45_Shifts_26th_Sep_2025_Shift_2_EN.pdf,66,1,,,,A
SSC_CGL_Tier_1_Question_Paper_2025_45_Shifts_26th_Sep_2025_Shift_2_EN.pdf,67,1,,,,B
SSC_CGL_Tier_1_Question_Paper_2025_45_Shifts_26th_Sep_2025_Shift_2_EN.pdf,68,1,,,,A
SSC_CGL_Tier_1_Question_Paper_2025_45_Shifts_26th_Sep_2025_Shift_2_EN.pdf,69,1,,,,B
SSC_CGL_Tier_1_Question_Paper_2025_45_Shifts_26th_Sep_2025_Shift_2_EN.pdf,70,1,,,,D
SSC_CGL_Tier_1_Question_Paper_2025_45_Shifts_26th_Sep_2025_Shift_2_EN.pdf,71,1,,,,C
SSC_CGL_Tier_1_Question_Paper_2025_45_Shifts_26th_Sep_2025_Shift_2_EN.pdf,72,1,,,,C
SSC_CGL_Tier_1_Question_Paper_2025_45_Shifts_26th_Sep_2025_Shift_2_EN.pdf,73,1,,,,B
SSC_CGL_Tier_1_Question_Paper_2025_45_Shifts_26th_Sep_2025_Shift_2_EN.pdf,74,1,,,,A
SSC_CGL_Tier_1_Question_Paper_2025_45_Shifts_26th_Sep_2025_Shift_2_EN.pdf,75,1,,,,C
SSC_CGL_Tier_1_Question_Paper_2025_45_Shifts_26th_Sep_2025_Shift_2_EN.pdf,76,1,,,,C
SSC_CGL_Tier_1_Question_Paper_2025_45_Shifts_26th_Sep_2025_Shift_2_EN.pdf,77,1,,,,B
SSC_CGL_Tier_1_Question_Paper_2025_45_Shifts_26th_Sep_2025_Shift_2_EN.pdf,78,1,,,,A
SSC_CGL_Tier_1_Question_Paper_2025_45_Shifts_26th_Sep_2025_Shift_2_EN.pdf,79,1,,,,C
SSC_CGL_Tier_1_Question_Paper_2025_45_Shifts_26th_Sep_2025_Shift_2_EN.pdf,80,1,,,,D
SSC_CGL_Tier_1_Question_Paper_2025_45_Shifts_26th_Sep_2025_Shift_2_EN.pdf,81,1,,,,B
SSC_CGL_Tier_1_Question_Paper_2025_45_Shifts_26th_Sep_2025_Shift_2_EN.pdf,82,1,,,,A
SSC_CGL_Tier_1_Question_Paper_2025_45_Shifts_26th_Sep_2025_Shift_2_EN.pdf,83,1,,,,B
SSC_CGL_Tier_1_Question_Paper_2025_45_Shifts_26th_Sep_2025_Shift_2_EN.pdf,84,1,,,,C
SSC_CGL_Tier_1_Question_Paper_2025_45_Shifts_26th_Sep_2025_Shift_2_EN.pdf,85,1,,,,B
SSC_CGL_Tier_1_Question_Paper_2025_45_Shifts_26th_Sep_2025_Shift_2_EN.pdf,86,1,,,,A
SSC_CGL_Tier_1_Question_Paper_2025_45_Shifts_26th_Sep_2025_Shift_2_EN.pdf,87,1,,,,D
SSC_CGL_Tier_1_Question_Paper_2025_45_Shifts_26th_Sep_2025_Shift_2_EN.pdf,88,1,,,,B
SSC_CGL_Tier_1_Question_Paper_2025_45_Shifts_26th_Sep_2025_Shift_2_EN.pdf,89,1,,,,B
SSC_CGL_Tier_1_Question_Paper_2025_45_Shifts_26th_Sep_2025_Shift_2_EN.pdf,90,1,,,,C
SSC_CGL_Tier_1_Question_Paper_2025_45_Shifts_26th_Sep_2025_Shift_2_EN.pdf,91,1,,,,B
SSC_CGL_Tier_1_Question_Paper_2025_45_Shifts_26th_Sep_2025_Shift_2_EN.pdf,92,1,,,,B
SSC_CGL_Tier_1_Question_Paper_2025_45_Shifts_26th_Sep_2025_Shift_2_EN.pdf,93,1,,,,C
SSC_CGL_Tier_1_Question_Paper_2025_45_Shifts_26th_Sep_2025_Shift_2_EN.pdf,94,1,,,,B
SSC_CGL_Tier_1_Question_Paper_2025_45_Shifts_26th_Sep_2025_Shift_2_EN.pdf,95,1,,,,D
SSC_CGL_Tier_1_Question_Paper_2025_45_Shifts_26th_Sep_2025_Shift_2_EN.pdf,96,1,,,,C
SSC_CGL_Tier_1_Question_Paper_2025_45_Shifts_26th_Sep_2025_Shift_2_EN.pdf,97,1,,,,A
SSC_CGL_Tier_1_Question_Paper_2025_45_Shifts_26th_Sep_2025_Shift_2_EN.pdf,98,1,,,,A
SSC_CGL_Tier_1_Question_Paper_2025_45_Shifts_26th_Sep_2025_Shift_2_EN.pdf,99,1,,,,C
SSC_CGL_Tier_1_Question_Paper_2025_45_Shifts_26th_Sep_2025_Shift_2_EN.pdf,100,1,,,,A
SSC_CGL_Tier_1_Question_Paper_2025_45_Shifts_26th_Sep_2025_Shift_3_EN.pdf,1,1,,,,C
SSC_CGL_Tier_1_Question_Paper_2025_45_Shifts_26th_Sep_2025_Shift_3_EN.pdf,2,1,,,,D
SSC_CGL_Tier_1_Question_Paper_2025_45_Shifts_26th_Sep_2025_Shift_3_EN.pdf,3,1,,,,B
SSC_CGL_Tier_1_Question_Paper_2025_45_Shifts_26th_Sep_2025_Shift_3_EN.pdf,4,1,,,,C
SSC_CGL_Tier_1_Question_Paper_2025_45_Shifts_26th_Sep_2025_Shift_3_EN.pdf,5,1,,,,C
SSC_CGL_Tier_1_Question_Paper_2025_45_Shifts_26th_Sep_2025_Shift_3_EN.pdf,6,1,,,,B
SSC_CGL_Tier_1_Question_Paper_2025_45_Shifts_26th_Sep_2025_Shift_3_EN.pdf,7,1,,,,A
SSC_CGL_Tier_1_Question_Paper_2025_45_Shifts_26th_Sep_2025_Shift_3_EN.pdf,8,1,,,,A
SSC_CGL_Tier_1_Question_Paper_2025_45_Shifts_26th_Sep_2025_Shift_3_EN.pdf,9,1,,,,B
SSC_CGL_Tier_1_Question_Paper_2025_45_Shifts_26th_Sep_2025_Shift_3_EN.pdf,10,1,,,,A
SSC_CGL_Tier_1_Question_Paper_2025_45_Shifts_26th_Sep_2025_Shift_3_EN.pdf,11,1,,,,C
SSC_CGL_Tier_1_Question_Paper_2025_45_Shifts_26th_Sep_2025_Shift_3_EN.pdf,12,1,,,,C
SSC_CGL_Tier_1_Question_Paper_2025_45_Shifts_26th_Sep_2025_Shift_3_EN.pdf,13,1,,,,A
SSC_CGL_Tier_1_Question_Paper_2025_45_Shifts_26th_Sep_2025_Shift_3_EN.pdf,14,1,,,,B
SSC_CGL_Tier_1_Question_Paper_2025_45_Shifts_26th_Sep_2025_Shift_3_EN.pdf,15,1,,,,A
SSC_CGL_Tier_1_Question_Paper_2025_45_Shifts_26th_Sep_2025_Shift_3_EN.pdf,16,1,,,,D
SSC_CGL_Tier_1_Question_Paper_2025_45_Shifts_26th_Sep_2025_Shift_3_EN.pdf,17,1,,,,D
SSC_CGL_Tier_1_Question_Paper_2025_45_Shifts_26th_Sep_2025_Shift_3_EN.pdf,18,1,,,,D
SSC_CGL_Tier_1_Question_Paper_2025_45_Shifts_26th_Sep_2025_Shift_3_EN.pdf,19,1,,,,A
SSC_CGL_Tier_1_Question_Paper_2025_45_Shifts_26th_Sep_2025_Shift_3_EN.pdf,20,1,,,,A
SSC_CGL_Tier_1_Question_Paper_2025_45_Shifts_26th_Sep_2025_Shift_3_EN.pdf,21,1,,,,D
SSC_CGL_Tier_1_Question_Paper_2025_45_Shifts_26th_Sep_2025_Shift_3_EN.pdf,22,1,,,,A
SSC_CGL_Tier_1_Question_Paper_2025_45_Shifts_26th_Sep_2025_Shift_3_EN.pdf,23,1,,,,B
SSC_CGL_Tier_1_Question_Paper_2025_45_Shifts_26th_Sep_2025_Shift_3_EN.pdf,24,1,,,,D
SSC_CGL_Tier_1_Question_Paper_2025_45_Shifts_26th_Sep_2025_Shift_3_EN.pdf,25,1,,,,A
SSC_CGL_Tier_1_Question_Paper_2025_45_Shifts_26th_Sep_2025_Shift_3_EN.pdf,26,1,,,,B
SSC_CGL_Tier_1_Question_Paper_2025_45_Shifts_26th_Sep_2025_Shift_3_EN.pdf,27,1,,,,B
SSC_CGL_Tier_1_Question_Paper_2025_45_Shifts_26th_Sep_2025_Shift_3_EN.pdf,28,1,,,,B
SSC_CGL_Tier_1_Question_Paper_2025_45_Shifts_26th_Sep_2025_Shift_3_EN.pdf,29,1,,,,D
SSC_CGL_Tier_1_Question_Paper_2025_45_Shifts_26th_Sep_2025_Shift_3_EN.pdf,30,1,,,,A
SSC_CGL_Tier_1_Question_Paper_2025_45_Shifts_26th_Sep_2025_Shift_3_EN.pdf,31,1,,,,A
SSC_CGL_Tier_1_Question_Paper_2025_45_Shifts_26th_Sep_2025_Shift_3_EN.pdf,32,1,,,,B
SSC_CGL_Tier_1_Question_Paper_2025_45_Shifts_26th_Sep_2025_Shift_3_EN.pdf,33,1,,,,B
SSC_CGL_Tier_1_Question_Paper_2025_45_Shifts_26th_Sep_2025_Shift_3_EN.pdf,34,1,,,,C
SSC_CGL_Tier_1_Question_Paper_2025_45_Shifts_26th_Sep_2025_Shift_3_EN.pdf,35,1,,,,C
SSC_CGL_Tier_1_Question_Paper_2025_45_Shifts_26th_Sep_2025_Shift_3_EN.pdf,36,1,,,,B
SSC_CGL_Tier_1_Question_Paper_2025_45_Shifts_26th_Sep_2025_Shift_3_EN.pdf,37,1,,,,C
SSC_CGL_Tier_1_Question_Paper_2025_45_Shifts_26th_Sep_2025_Shift_3_EN.pdf,38,1,,,,C
SSC_CGL_Tier_1_Question_Paper_2025_45_Shifts_26th_Sep_2025_Shift_3_EN.pdf,39,1,,,,C
SSC_CGL_Tier_1_Question_Paper_2025_45_Shifts_26th_Sep_2025_Shift_3_EN.pdf,40,1,,,,D
SSC_CGL_Tier_1_Question_Paper_2025_45_Shifts_26th_Sep_2025_Shift_3_EN.pdf,41,1,,,,C
SSC_CGL_Tier_1_Question_Paper_2025_45_Shifts_26th_Sep_2025_Shift_3_EN.pdf,42,1,,,,C
SSC_CGL_Tier_1_Question_Paper_2025_45_Shifts_26th_Sep_2025_Shift_3_EN.pdf,43,1,,,,C
SSC_CGL_Tier_1_Question_Paper_2025_45_Shifts_26th_Sep_2025_Shift_3_EN.pdf,44,1,,,,B
SSC_CGL_Tier_1_Question_Paper_2025_45_Shifts_26th_Sep_2025_Shift_3_EN.pdf,45,1,,,,C
SSC_CGL_Tier_1_Question_Paper_2025_45_Shifts_26th_Sep_2025_Shift_3_EN.pdf,46,1,,,,C
SSC_CGL_Tier_1_Question_Paper_2025_45_Shifts_26th_Sep_2025_Shift_3_EN.pdf,47,1,,,,A
SSC_CGL_Tier_1_Question_Paper_2025_45_Shifts_26th_Sep_2025_Shift_3_EN.pdf,48,1,,,,B
SSC_CGL_Tier_1_Question_Paper_2025_45_Shifts_26th_Sep_2025_Shift_3_EN.pdf,49,1,,,,B
SSC_CGL_Tier_1_Question_Paper_2025_45_Shifts_26th_Sep_2025_Shift_3_EN.pdf,50,1,,,,B
SSC_CGL_Tier_1_Question_Paper_2025_45_Shifts_26th_Sep_2025_Shift_3_EN.pdf,51,1,,,,A
SSC_CGL_Tier_1_Question_Paper_2025_45_Shifts_26th_Sep_2025_Shift_3_EN.pdf,52,1,,,,D
SSC_CGL_Tier_1_Question_Paper_2025_45_Shifts_26th_Sep_2025_Shift_3_EN.pdf,53,1,,,,D
SSC_CGL_Tier_1_Question_Paper_2025_45_Shifts_26th_Sep_2025_Shift_3_EN.pdf,54,1,,,,B
SSC_CGL_Tier_1_Question_Paper_2025_45_Shifts_26th_Sep_2025_Shift_3_EN.pdf,55,1,,,,D
SSC_CGL_Tier_1_Question_Paper_2025_45_Shifts_26th_Sep_2025_Shift_3_EN.pdf,56,1,,,,A
SSC_CGL_Tier_1_Question_Paper_2025_45_Shifts_26th_Sep_2025_Shift_3_EN.pdf,57,1,,,,D
SSC_CGL_Tier_1_Question_Paper_2025_45_Shifts_26th_Sep_2025_Shift_3_EN.pdf,58,1,,,,B
SSC_CGL_Tier_1_Question_Paper_2025_45_Shifts_26th_Sep_2025_Shift_3_EN.pdf,59,1,,,,D
SSC_CGL_Tier_1_Question_Paper_2025_45_Shifts_26th_Sep_2025_Shift_3_EN.pdf,60,1,,,,B
SSC_CGL_Tier_1_Question_Paper_2025_45_Shifts_26th_Sep_2025_Shift_3_EN.pdf,61,1,,,,D
SSC_CGL_Tier_1_Question_Paper_2025_45_Shifts_26th_Sep_2025_Shift_3_EN.pdf,62,1,,,,D
SSC_CGL_Tier_1_Question_Paper_2025_45_Shifts_26th_Sep_2025_Shift_3_EN.pdf,63,1,,,,B
SSC_CGL_Tier_1_Question_Paper_2025_45_Shifts_26th_Sep_2025_Shift_3_EN.pdf,64,1,,,,A
SSC_CGL_Tier_1_Question_Paper_2025_45_Shifts_26th_Sep_2025_Shift_3_EN.pdf,65,1,,,,A
SSC_CGL_Tier_1_Question_Paper_2025_45_Shifts_26th_Sep_2025_Shift_3_EN.pdf,66,1,,,,C
SSC_CGL_Tier_1_Question_Paper_2025_45_Shifts_26th_Sep_2025_Shift_3_EN.pdf,67,1,,,,A
SSC_CGL_Tier_1_Question_Paper_2025_45_Shifts_26th_Sep_2025_Shift_3_EN.pdf,68,1,,,,A
SSC_CGL_Tier_1_Question_Paper_2025_45_Shifts_26th_Sep_2025_Shift_3_EN.pdf,69,1,,,,A
SSC_CGL_Tier_1_Question_Paper_2025_45_Shifts_26th_Sep_2025_Shift_3_EN.pdf,70,1,,,,A
SSC_CGL_Tier_1_Question_Paper_2025_45_Shifts_26th_Sep_2025_Shift_3_EN.pdf,71,1,,,,C
SSC_CGL_Tier_1_Question_Paper_2025_45_Shifts_26th_Sep_2025_Shift_3_EN.pdf,72,1,,,,B
SSC_CGL_Tier_1_Question_Paper_2025_45_Shifts_26th_Sep_2025_Shift_3_EN.pdf,73,1,,,,A
SSC_CGL_Tier_1_Question_Paper_2025_45_Shifts_26th_Sep_2025_Shift_3_EN.pdf,74,1,,,,A
SSC_CGL_Tier_1_Question_Paper_2025_45_Shifts_26th_Sep_2025_Shift_3_EN.pdf,75,1,,,,C
SSC_CGL_Tier_1_Question_Paper_2025_45_Shifts_26th_Sep_2025_Shift_3_EN.pdf,76,1,,,,C
SSC_CGL_Tier_1_Question_Paper_2025_45_Shifts_26th_Sep_2025_Shift_3_EN.pdf,77,1,,,,B
SSC_CGL_Tier_1_Question_Paper_2025_45_Shifts_26th_Sep_2025_Shift_3_EN.pdf,78,1,,,,A
SSC_CGL_Tier_1_Question_Paper_2025_45_Shifts_26th_Sep_2025_Shift_3_EN.pdf,79,1,,,,A
SSC_CGL_Tier_1_Question_Paper_2025_45_Shifts_26th_Sep_2025_Shift_3_EN.pdf,80,1,,,,A
SSC_CGL_Tier_1_Question_Paper_2025_45_Shifts_26th_Sep_2025_Shift_3_EN.pdf,81,1,,,,A
SSC_CGL_Tier_1_Question_Paper_2025_45_Shifts_26th_Sep_2025_Shift_3_EN.pdf,82,1,,,,A
SSC_CGL_Tier_1_Question_Paper_2025_45_Shifts_26th_Sep_2025_Shift_3_EN.pdf,83,1,,,,B
SSC_CGL_Tier_1_Question_Paper_2025_45_Shifts_26th_Sep_2025_Shift_3_EN.pdf,84,1,,,,A
SSC_CGL_Tier_1_Question_Paper_2025_45_Shifts_26th_Sep_2025_Shift_3_EN.pdf,85,1,,,,C
SSC_CGL_Tier_1_Question_Paper_2025_45_Shifts_26th_Sep_2025_Shift_3_EN.pdf,86,1,,,,B
SSC_CGL_Tier_1_Question_Paper_2025_45_Shifts_26th_Sep_2025_Shift_3_EN.pdf,87,1,,,,A
SSC_CGL_Tier_1_Question_Paper_2025_45_Shifts_26th_Sep_2025_Shift_3_EN.pdf,88,1,,,,B
SSC_CGL_Tier_1_Question_Paper_2025_45_Shifts_26th_Sep_2025_Shift_3_EN.pdf,89,1,,,,C
SSC_CGL_Tier_1_Question_Paper_2025_45_Shifts_26th_Sep_2025_Shift_3_EN.pdf,90,1,,,,B
SSC_CGL_Tier_1_Question_Paper_2025_45_Shifts_26th_Sep_2025_Shift_3_EN.pdf,91,1,,,,C
SSC_CGL_Tier_1_Question_Paper_2025_45_Shifts_26th_Sep_2025_Shift_3_EN.pdf,92,1,,,,B
SSC_CGL_Tier_1_Question_Paper_2025_45_Shifts_26th_Sep_2025_Shift_3_EN.pdf,93,1,,,,B
SSC_CGL_Tier_1_Question_Paper_2025_45_Shifts_26th_Sep_2025_Shift_3_EN.pdf,94,1,,,,C
SSC_CGL_Tier_1_Question_Paper_2025_45_Shifts_26th_Sep_2025_Shift_3_EN.pdf,95,1,,,,C
SSC_CGL_Tier_1_Question_Paper_2025_45_Shifts_26th_Sep_2025_Shift_3_EN.pdf,96,1,,,,B
SSC_CGL_Tier_1_Question_Paper_2025_45_Shifts_26th_Sep_2025_Shift_3_EN.pdf,97,1,,,,C
SSC_CGL_Tier_1_Question_Paper_2025_45_Shifts_26th_Sep_2025_Shift_3_EN.pdf,98,1,,,,C
SSC_CGL_Tier_1_Question_Paper_2025_45_Shifts_26th_Sep_2025_Shift_3_EN.pdf,99,1,,,,A
SSC_CGL_Tier_1_Question_Paper_2025_45_Shifts_26th_Sep_2025_Shift_3_EN.pdf,100,1,,,,B
